seed,defense,time_s,rmia_auc,amia_row_max_auc,amia_row_ent_auc,amia_row_max_d,accuracy,dataset,model,source_csv,defense_raw,defense_key,defense_label,defense_short,family,model_label,baseline_rmia_auc,baseline_amia_row_max_auc,baseline_accuracy,rmia_auc_reduction,amia_auc_reduction,accuracy_drop,privacy_gain,tradeoff_score
1,no_defense,0.0,0.6628061225830009,0.83927562918813,,,0.93354943273906,46980_MIC,real-tabpfn,ml_privacy_meter/logs/46980_MIC/real-tabpfn/defense/defense_eval_results.csv,no_defense,no_defense,No defense,No defense,No defense,Real TabPFN,0.6628061225830009,0.83927562918813,0.93354943273906,0.0,0.0,0.0,0.0,0.0
1,label_kanon_k3,0.0,0.5258281694506539,0.6518023898773014,0.526427083524872,0.2469698740945811,0.919,46980_MIC,real-tabpfn,ml_privacy_meter/logs/46980_MIC/real-tabpfn/defense/defense_eval_results.csv,label_kanon_k3,label_kanon_k3,label k-anon k3,label k-anon k3,Label k-anon,Real TabPFN,0.6628061225830009,0.83927562918813,0.93354943273906,0.13697795313234695,0.1874732393108286,0.014549432739059953,0.16222559622158778,0.14767616348252782
1,label_kanon_k3_a30,0.0,0.5532442492428202,0.7600613624244462,0.5331254646181003,0.3824364997794643,0.9222,46980_MIC,real-tabpfn,ml_privacy_meter/logs/46980_MIC/real-tabpfn/defense/defense_eval_results.csv,label_kanon_k3_a30,label_kanon_k3_a30,label k-anon k3 a30,label k-anon k3 a30,Label k-anon,Real TabPFN,0.6628061225830009,0.83927562918813,0.93354943273906,0.10956187334018064,0.07921426676368382,0.011349432739059973,0.09438807005193223,0.08303863731287225
1,label_kanon_k3_a50,0.0,0.5821287192432667,0.8091381679008325,0.5442158822555945,0.4963039516630789,0.9238,46980_MIC,real-tabpfn,ml_privacy_meter/logs/46980_MIC/real-tabpfn/defense/defense_eval_results.csv,label_kanon_k3_a50,label_kanon_k3_a50,label k-anon k3 a50,label k-anon k3 a50,Label k-anon,Real TabPFN,0.6628061225830009,0.83927562918813,0.93354943273906,0.08067740333973417,0.03013746128729755,0.009749432739060038,0.05540743231351586,0.04565799957445582
1,label_kanon_k5,0.0,0.5200544276299026,0.5993186038997712,0.5196761661093439,0.184112765591326,0.9157,46980_MIC,real-tabpfn,ml_privacy_meter/logs/46980_MIC/real-tabpfn/defense/defense_eval_results.csv,label_kanon_k5,label_kanon_k5,label k-anon k5,label k-anon k5,Label k-anon,Real TabPFN,0.6628061225830009,0.83927562918813,0.93354943273906,0.14275169495309825,0.23995702528835883,0.017849432739060034,0.19135436012072854,0.1735049273816685
1,label_kanon_k5_a30,0.0,0.5331385986986754,0.7286288807924579,0.5291615991005781,0.331111582620863,0.9206,46980_MIC,real-tabpfn,ml_privacy_meter/logs/46980_MIC/real-tabpfn/defense/defense_eval_results.csv,label_kanon_k5_a30,label_kanon_k5_a30,label k-anon k5 a30,label k-anon k5 a30,Label k-anon,Real TabPFN,0.6628061225830009,0.83927562918813,0.93354943273906,0.12966752388432545,0.11064674839567212,0.012949432739060018,0.12015713613999879,0.10720770340093877
1,label_kanon_k5_a50,0.0,0.565049160863592,0.7856150295910835,0.5377657352852329,0.4505153650357898,0.9222,46980_MIC,real-tabpfn,ml_privacy_meter/logs/46980_MIC/real-tabpfn/defense/defense_eval_results.csv,label_kanon_k5_a50,label_kanon_k5_a50,label k-anon k5 a50,label k-anon k5 a50,Label k-anon,Real TabPFN,0.6628061225830009,0.83927562918813,0.93354943273906,0.09775696171940884,0.0536605995970465,0.011349432739059973,0.07570878065822767,0.0643593479191677
1,label_kanon_k10,0.0,0.5237542981278682,0.509074336269238,0.5165870303581138,0.1356573447763267,0.9173,46980_MIC,real-tabpfn,ml_privacy_meter/logs/46980_MIC/real-tabpfn/defense/defense_eval_results.csv,label_kanon_k10,label_kanon_k10,label k-anon k10,label k-anon k10,Label k-anon,Real TabPFN,0.6628061225830009,0.83927562918813,0.93354943273906,0.13905182445513264,0.330201292918892,0.016249432739059988,0.23462655868701232,0.21837712594795233
1,label_kanon_k10_a30,0.0,0.5325475650728022,0.5271678456692996,0.5228007638781262,0.1863668474279082,0.9206,46980_MIC,real-tabpfn,ml_privacy_meter/logs/46980_MIC/real-tabpfn/defense/defense_eval_results.csv,label_kanon_k10_a30,label_kanon_k10_a30,label k-anon k10 a30,label k-anon k10 a30,Label k-anon,Real TabPFN,0.6628061225830009,0.83927562918813,0.93354943273906,0.13025855751019866,0.3121077835188304,0.012949432739060018,0.22118317051451453,0.2082337377754545
1,label_kanon_k10_a50,0.0,0.5492252205868833,0.5793968304836756,0.5296120980642992,0.3128911471311927,0.9222,46980_MIC,real-tabpfn,ml_privacy_meter/logs/46980_MIC/real-tabpfn/defense/defense_eval_results.csv,label_kanon_k10_a50,label_kanon_k10_a50,label k-anon k10 a50,label k-anon k10 a50,Label k-anon,Real TabPFN,0.6628061225830009,0.83927562918813,0.93354943273906,0.11358090199611759,0.2598787987044544,0.011349432739059973,0.186729850350286,0.17538041761122602
1,"attn_drop_p10_l1,2,5,8,10,11",0.0,0.6668632400726052,0.8338065980367177,0.5609657752128379,0.679933936277827,0.9335,46980_MIC,real-tabpfn,ml_privacy_meter/logs/46980_MIC/real-tabpfn/defense/defense_eval_results.csv,"attn_drop_p10_l1,2,5,8,10,11",attn_drop_p10,attn drop p10,attn drop p10,Attention dropout,Real TabPFN,0.6628061225830009,0.83927562918813,0.93354943273906,-0.004057117489604356,0.005469031151412285,4.943273905999579e-05,0.0007059568309039643,0.0006565240918439685
1,"attn_drop_p30_l1,2,5,8,10,11",0.0,0.6561957398296246,0.8205227889432056,0.5534990504059745,0.6511748018163862,0.9335,46980_MIC,real-tabpfn,ml_privacy_meter/logs/46980_MIC/real-tabpfn/defense/defense_eval_results.csv,"attn_drop_p30_l1,2,5,8,10,11",attn_drop_p30,attn drop p30,attn drop p30,Attention dropout,Real TabPFN,0.6628061225830009,0.83927562918813,0.93354943273906,0.0066103827533762205,0.018752840244924407,4.943273905999579e-05,0.012681611499150314,0.012632178760090318
1,"attn_drop_p50_l1,2,5,8,10,11",0.0,0.6537554276587976,0.8041262027534286,0.5469766659924505,0.612963691216976,0.9335,46980_MIC,real-tabpfn,ml_privacy_meter/logs/46980_MIC/real-tabpfn/defense/defense_eval_results.csv,"attn_drop_p50_l1,2,5,8,10,11",attn_drop_p50,attn drop p50,attn drop p50,Attention dropout,Real TabPFN,0.6628061225830009,0.83927562918813,0.93354943273906,0.009050694924203295,0.035149426434701425,4.943273905999579e-05,0.02210006067945236,0.022050627940392364
1,"label_kanon_k3+attn_drop_p10_l1,2,5,8,10,11",95.96330666542052,0.52623926617265,0.6498427850555177,0.5263653533461697,0.2470281546175864,0.9173419773095624,46980_MIC,real-tabpfn,ml_privacy_meter/logs/46980_MIC/real-tabpfn/defense/defense_eval_results.csv,"label_kanon_k3+attn_drop_p10_l1,2,5,8,10,11",label_kanon_k3+attn_drop_p10,label k-anon k3 + attn drop p10,label k-anon k3 + attn drop p10,Label k-anon + dropout,Real TabPFN,0.6628061225830009,0.83927562918813,0.93354943273906,0.13656685641035082,0.1894328441326123,0.01620745542949764,0.16299985027148156,0.14679239484198392
1,"label_kanon_k3+attn_drop_p30_l1,2,5,8,10,11",96.01782321929932,0.5255707414713847,0.6448255662758839,0.5258084683297914,0.2406816458728983,0.9157212317666128,46980_MIC,real-tabpfn,ml_privacy_meter/logs/46980_MIC/real-tabpfn/defense/defense_eval_results.csv,"label_kanon_k3+attn_drop_p30_l1,2,5,8,10,11",label_kanon_k3+attn_drop_p30,label k-anon k3 + attn drop p30,label k-anon k3 + attn drop p30,Label k-anon + dropout,Real TabPFN,0.6628061225830009,0.83927562918813,0.93354943273906,0.13723538111161615,0.1944500629122461,0.017828200972447195,0.16584272201193112,0.14801452103948393
1,"label_kanon_k3+attn_drop_p50_l1,2,5,8,10,11",96.10718178749084,0.5236308377704636,0.6365458418814307,0.5251451972607561,0.2380345775587851,0.9157212317666128,46980_MIC,real-tabpfn,ml_privacy_meter/logs/46980_MIC/real-tabpfn/defense/defense_eval_results.csv,"label_kanon_k3+attn_drop_p50_l1,2,5,8,10,11",label_kanon_k3+attn_drop_p50,label k-anon k3 + attn drop p50,label k-anon k3 + attn drop p50,Label k-anon + dropout,Real TabPFN,0.6628061225830009,0.83927562918813,0.93354943273906,0.13917528481253727,0.20272978730669933,0.017828200972447195,0.1709525360596183,0.1531243350871711
1,"label_kanon_k3_a30+attn_drop_p10_l1,2,5,8,10,11",96.93374133110046,0.5500027581569208,0.7563496712539634,0.5338005563596532,0.3811230986766641,0.9222042139384116,46980_MIC,real-tabpfn,ml_privacy_meter/logs/46980_MIC/real-tabpfn/defense/defense_eval_results.csv,"label_kanon_k3_a30+attn_drop_p10_l1,2,5,8,10,11",label_kanon_k3_a30+attn_drop_p10,label k-anon k3 a30 + attn drop p10,label k-anon k3 a30 + attn drop...,Label k-anon + dropout,Real TabPFN,0.6628061225830009,0.83927562918813,0.93354943273906,0.11280336442608008,0.08292595793416668,0.011345218800648427,0.09786466118012338,0.08651944237947495
1,"label_kanon_k3_a30+attn_drop_p30_l1,2,5,8,10,11",96.84980511665344,0.5461268909792508,0.7443477484245672,0.5312972006020662,0.373378214239648,0.9222042139384116,46980_MIC,real-tabpfn,ml_privacy_meter/logs/46980_MIC/real-tabpfn/defense/defense_eval_results.csv,"label_kanon_k3_a30+attn_drop_p30_l1,2,5,8,10,11",label_kanon_k3_a30+attn_drop_p30,label k-anon k3 a30 + attn drop p30,label k-anon k3 a30 + attn drop...,Label k-anon + dropout,Real TabPFN,0.6628061225830009,0.83927562918813,0.93354943273906,0.11667923160375004,0.09492788076356284,0.011345218800648427,0.10580355618365644,0.09445833738300802
1,"label_kanon_k3_a30+attn_drop_p50_l1,2,5,8,10,11",96.89078402519226,0.5355079868343976,0.7269424648466334,0.529065720312381,0.3544943961068119,0.918962722852512,46980_MIC,real-tabpfn,ml_privacy_meter/logs/46980_MIC/real-tabpfn/defense/defense_eval_results.csv,"label_kanon_k3_a30+attn_drop_p50_l1,2,5,8,10,11",label_kanon_k3_a30+attn_drop_p50,label k-anon k3 a30 + attn drop p50,label k-anon k3 a30 + attn drop...,Label k-anon + dropout,Real TabPFN,0.6628061225830009,0.83927562918813,0.93354943273906,0.12729813574860327,0.11233316434149665,0.014586709886547977,0.11981565004504996,0.10522894015850198
1,"label_kanon_k3_a50+attn_drop_p10_l1,2,5,8,10,11",96.74132585525513,0.5808796681805883,0.8052031973605752,0.5428538780999714,0.494597891951578,0.9238249594813616,46980_MIC,real-tabpfn,ml_privacy_meter/logs/46980_MIC/real-tabpfn/defense/defense_eval_results.csv,"label_kanon_k3_a50+attn_drop_p10_l1,2,5,8,10,11",label_kanon_k3_a50+attn_drop_p10,label k-anon k3 a50 + attn drop p10,label k-anon k3 a50 + attn drop...,Label k-anon + dropout,Real TabPFN,0.6628061225830009,0.83927562918813,0.93354943273906,0.08192645440241253,0.03407243182755482,0.00972447325769843,0.05799944311498367,0.048274969857285244
1,"label_kanon_k3_a50+attn_drop_p30_l1,2,5,8,10,11",96.64289855957033,0.5813761364263218,0.7925708386635809,0.5408299162833704,0.4806436598312431,0.9238249594813616,46980_MIC,real-tabpfn,ml_privacy_meter/logs/46980_MIC/real-tabpfn/defense/defense_eval_results.csv,"label_kanon_k3_a50+attn_drop_p30_l1,2,5,8,10,11",label_kanon_k3_a50+attn_drop_p30,label k-anon k3 a50 + attn drop p30,label k-anon k3 a50 + attn drop...,Label k-anon + dropout,Real TabPFN,0.6628061225830009,0.83927562918813,0.93354943273906,0.08142998615667907,0.04670479052454912,0.00972447325769843,0.0640673883406141,0.054342915082915666
1,"label_kanon_k3_a50+attn_drop_p50_l1,2,5,8,10,11",96.8331310749054,0.5776920268250462,0.7707222956271391,0.5349353409213295,0.4495483636745154,0.9238249594813616,46980_MIC,real-tabpfn,ml_privacy_meter/logs/46980_MIC/real-tabpfn/defense/defense_eval_results.csv,"label_kanon_k3_a50+attn_drop_p50_l1,2,5,8,10,11",label_kanon_k3_a50+attn_drop_p50,label k-anon k3 a50 + attn drop p50,label k-anon k3 a50 + attn drop...,Label k-anon + dropout,Real TabPFN,0.6628061225830009,0.83927562918813,0.93354943273906,0.0851140957579547,0.06855333356099091,0.00972447325769843,0.07683371465947281,0.06710924140177438
1,"label_kanon_k5+attn_drop_p10_l1,2,5,8,10,11",88.40853500366211,0.5201017103199725,0.5979316449910557,0.5187134380031995,0.1828631432476841,0.9141004862236628,46980_MIC,real-tabpfn,ml_privacy_meter/logs/46980_MIC/real-tabpfn/defense/defense_eval_results.csv,"label_kanon_k5+attn_drop_p10_l1,2,5,8,10,11",label_kanon_k5+attn_drop_p10,label k-anon k5 + attn drop p10,label k-anon k5 + attn drop p10,Label k-anon + dropout,Real TabPFN,0.6628061225830009,0.83927562918813,0.93354943273906,0.14270441226302832,0.24134398419707437,0.019448946515397192,0.19202419823005135,0.17257525171465415
1,"label_kanon_k5+attn_drop_p30_l1,2,5,8,10,11",88.51517271995544,0.5180409730777615,0.5972618068817329,0.5198915650307732,0.1841097503229602,0.9124797406807132,46980_MIC,real-tabpfn,ml_privacy_meter/logs/46980_MIC/real-tabpfn/defense/defense_eval_results.csv,"label_kanon_k5+attn_drop_p30_l1,2,5,8,10,11",label_kanon_k5+attn_drop_p30,label k-anon k5 + attn drop p30,label k-anon k5 + attn drop p30,Label k-anon + dropout,Real TabPFN,0.6628061225830009,0.83927562918813,0.93354943273906,0.14476514950523933,0.24201382230639712,0.021069692058346745,0.19338948590581823,0.17231979384747148
1,"label_kanon_k5+attn_drop_p50_l1,2,5,8,10,11",88.483407497406,0.5224605911912349,0.5931416458053687,0.5218301553236369,0.1775877589210129,0.9076175040518638,46980_MIC,real-tabpfn,ml_privacy_meter/logs/46980_MIC/real-tabpfn/defense/defense_eval_results.csv,"label_kanon_k5+attn_drop_p50_l1,2,5,8,10,11",label_kanon_k5+attn_drop_p50,label k-anon k5 + attn drop p50,label k-anon k5 + attn drop p50,Label k-anon + dropout,Real TabPFN,0.6628061225830009,0.83927562918813,0.93354943273906,0.14034553139176598,0.24613398338276138,0.025931928687196182,0.19323975738726368,0.1673078287000675
1,"label_kanon_k5_a30+attn_drop_p10_l1,2,5,8,10,11",89.13981175422668,0.5329218863691886,0.7227316786143019,0.5288345604942618,0.3294842715026797,0.920583468395462,46980_MIC,real-tabpfn,ml_privacy_meter/logs/46980_MIC/real-tabpfn/defense/defense_eval_results.csv,"label_kanon_k5_a30+attn_drop_p10_l1,2,5,8,10,11",label_kanon_k5_a30+attn_drop_p10,label k-anon k5 a30 + attn drop p10,label k-anon k5 a30 + attn drop...,Label k-anon + dropout,Real TabPFN,0.6628061225830009,0.83927562918813,0.93354943273906,0.1298842362138123,0.11654395057382816,0.01296596434359798,0.12321409339382022,0.11024812905022224
1,"label_kanon_k5_a30+attn_drop_p30_l1,2,5,8,10,11",89.04828405380249,0.535085069439884,0.7086519442379475,0.5287675766833294,0.3230097168153857,0.9173419773095624,46980_MIC,real-tabpfn,ml_privacy_meter/logs/46980_MIC/real-tabpfn/defense/defense_eval_results.csv,"label_kanon_k5_a30+attn_drop_p30_l1,2,5,8,10,11",label_kanon_k5_a30+attn_drop_p30,label k-anon k5 a30 + attn drop p30,label k-anon k5 a30 + attn drop...,Label k-anon + dropout,Real TabPFN,0.6628061225830009,0.83927562918813,0.93354943273906,0.12772105314311688,0.1306236849501825,0.01620745542949764,0.1291723690466497,0.11296491361715205
1,"label_kanon_k5_a30+attn_drop_p50_l1,2,5,8,10,11",88.91863918304443,0.536160750638973,0.6951054535329364,0.5277286709098503,0.3077219733692274,0.9173419773095624,46980_MIC,real-tabpfn,ml_privacy_meter/logs/46980_MIC/real-tabpfn/defense/defense_eval_results.csv,"label_kanon_k5_a30+attn_drop_p50_l1,2,5,8,10,11",label_kanon_k5_a30+attn_drop_p50,label k-anon k5 a30 + attn drop p50,label k-anon k5 a30 + attn drop...,Label k-anon + dropout,Real TabPFN,0.6628061225830009,0.83927562918813,0.93354943273906,0.12664537194402792,0.14417017565519363,0.01620745542949764,0.13540777379961078,0.11920031837011313
1,"label_kanon_k5_a50+attn_drop_p10_l1,2,5,8,10,11",89.37204027175903,0.5632458516006504,0.7817023869878036,0.5371878357399347,0.4485677226790904,0.9222042139384116,46980_MIC,real-tabpfn,ml_privacy_meter/logs/46980_MIC/real-tabpfn/defense/defense_eval_results.csv,"label_kanon_k5_a50+attn_drop_p10_l1,2,5,8,10,11",label_kanon_k5_a50+attn_drop_p10,label k-anon k5 a50 + attn drop p10,label k-anon k5 a50 + attn drop...,Label k-anon + dropout,Real TabPFN,0.6628061225830009,0.83927562918813,0.93354943273906,0.09956027098235043,0.05757324220032645,0.011345218800648427,0.07856675659133844,0.06722153779069001
1,"label_kanon_k5_a50+attn_drop_p30_l1,2,5,8,10,11",89.44805812835693,0.5610577137768624,0.7680639577187678,0.5330335260540756,0.4358486252621594,0.9238249594813616,46980_MIC,real-tabpfn,ml_privacy_meter/logs/46980_MIC/real-tabpfn/defense/defense_eval_results.csv,"label_kanon_k5_a50+attn_drop_p30_l1,2,5,8,10,11",label_kanon_k5_a50+attn_drop_p30,label k-anon k5 a50 + attn drop p30,label k-anon k5 a50 + attn drop...,Label k-anon + dropout,Real TabPFN,0.6628061225830009,0.83927562918813,0.93354943273906,0.10174840880613845,0.07121167146936225,0.00972447325769843,0.08648004013775035,0.07675556688005192
1,"label_kanon_k5_a50+attn_drop_p50_l1,2,5,8,10,11",89.4114933013916,0.5557279038795447,0.7456230676483955,0.5308151798449653,0.4139692352189688,0.920583468395462,46980_MIC,real-tabpfn,ml_privacy_meter/logs/46980_MIC/real-tabpfn/defense/defense_eval_results.csv,"label_kanon_k5_a50+attn_drop_p50_l1,2,5,8,10,11",label_kanon_k5_a50+attn_drop_p50,label k-anon k5 a50 + attn drop p50,label k-anon k5 a50 + attn drop...,Label k-anon + dropout,Real TabPFN,0.6628061225830009,0.83927562918813,0.93354943273906,0.10707821870345613,0.09365256153973456,0.01296596434359798,0.10036539012159534,0.08739942577799736
1,"label_kanon_k10+attn_drop_p10_l1,2,5,8,10,11",80.17736601829529,0.5243571524262587,0.5103220739238591,0.5175891607059832,0.1390679793954001,0.9157212317666128,46980_MIC,real-tabpfn,ml_privacy_meter/logs/46980_MIC/real-tabpfn/defense/defense_eval_results.csv,"label_kanon_k10+attn_drop_p10_l1,2,5,8,10,11",label_kanon_k10+attn_drop_p10,label k-anon k10 + attn drop p10,label k-anon k10 + attn drop p10,Label k-anon + dropout,Real TabPFN,0.6628061225830009,0.83927562918813,0.93354943273906,0.13844897015674218,0.32895355526427095,0.017828200972447195,0.23370126271050656,0.21587306173805937
1,"label_kanon_k10+attn_drop_p30_l1,2,5,8,10,11",79.90341067314148,0.5234141254409768,0.5107121561169353,0.5170296488734899,0.1331019088171117,0.9141004862236628,46980_MIC,real-tabpfn,ml_privacy_meter/logs/46980_MIC/real-tabpfn/defense/defense_eval_results.csv,"label_kanon_k10+attn_drop_p30_l1,2,5,8,10,11",label_kanon_k10+attn_drop_p30,label k-anon k10 + attn drop p30,label k-anon k10 + attn drop p30,Label k-anon + dropout,Real TabPFN,0.6628061225830009,0.83927562918813,0.93354943273906,0.1393919971420241,0.3285634730711947,0.019448946515397192,0.2339777351066094,0.21452878859121222
1,"label_kanon_k10+attn_drop_p50_l1,2,5,8,10,11",80.28039622306824,0.5319644118952742,0.512194993813848,0.5163558705399945,0.1377879729781424,0.9124797406807132,46980_MIC,real-tabpfn,ml_privacy_meter/logs/46980_MIC/real-tabpfn/defense/defense_eval_results.csv,"label_kanon_k10+attn_drop_p50_l1,2,5,8,10,11",label_kanon_k10+attn_drop_p50,label k-anon k10 + attn drop p50,label k-anon k10 + attn drop p50,Label k-anon + dropout,Real TabPFN,0.6628061225830009,0.83927562918813,0.93354943273906,0.13084171068772665,0.327080635374282,0.021069692058346745,0.22896117303100433,0.20789148097265758
1,"label_kanon_k10_a30+attn_drop_p10_l1,2,5,8,10,11",80.53570985794067,0.5325935343548146,0.527669567547263,0.5231580108697651,0.1861081638591425,0.918962722852512,46980_MIC,real-tabpfn,ml_privacy_meter/logs/46980_MIC/real-tabpfn/defense/defense_eval_results.csv,"label_kanon_k10_a30+attn_drop_p10_l1,2,5,8,10,11",label_kanon_k10_a30+attn_drop_p10,label k-anon k10 a30 + attn drop p10,label k-anon k10 a30 + attn...,Label k-anon + dropout,Real TabPFN,0.6628061225830009,0.83927562918813,0.93354943273906,0.13021258822818627,0.311606061640867,0.014586709886547977,0.22090932493452664,0.20632261504797866
1,"label_kanon_k10_a30+attn_drop_p30_l1,2,5,8,10,11",80.64468264579773,0.5384999303893729,0.5253369548371505,0.5202606326949295,0.1756824335712676,0.918962722852512,46980_MIC,real-tabpfn,ml_privacy_meter/logs/46980_MIC/real-tabpfn/defense/defense_eval_results.csv,"label_kanon_k10_a30+attn_drop_p30_l1,2,5,8,10,11",label_kanon_k10_a30+attn_drop_p30,label k-anon k10 a30 + attn drop p30,label k-anon k10 a30 + attn...,Label k-anon + dropout,Real TabPFN,0.6628061225830009,0.83927562918813,0.93354943273906,0.12430619219362793,0.31393867435097955,0.014586709886547977,0.21912243327230374,0.20453572338575576
1,"label_kanon_k10_a30+attn_drop_p50_l1,2,5,8,10,11",80.38742208480835,0.5239815177218149,0.5251241827318363,0.5195238107746744,0.1709736051922216,0.918962722852512,46980_MIC,real-tabpfn,ml_privacy_meter/logs/46980_MIC/real-tabpfn/defense/defense_eval_results.csv,"label_kanon_k10_a30+attn_drop_p50_l1,2,5,8,10,11",label_kanon_k10_a30+attn_drop_p50,label k-anon k10 a30 + attn drop p50,label k-anon k10 a30 + attn...,Label k-anon + dropout,Real TabPFN,0.6628061225830009,0.83927562918813,0.93354943273906,0.13882460486118597,0.3141514464562938,0.014586709886547977,0.22648802565873988,0.2119013157721919
1,"label_kanon_k10_a50+attn_drop_p10_l1,2,5,8,10,11",80.83794260025024,0.5481613600603117,0.5796700193596347,0.5299378232625581,0.3132408372881285,0.9222042139384116,46980_MIC,real-tabpfn,ml_privacy_meter/logs/46980_MIC/real-tabpfn/defense/defense_eval_results.csv,"label_kanon_k10_a50+attn_drop_p10_l1,2,5,8,10,11",label_kanon_k10_a50+attn_drop_p10,label k-anon k10 a50 + attn drop p10,label k-anon k10 a50 + attn...,Label k-anon + dropout,Real TabPFN,0.6628061225830009,0.83927562918813,0.93354943273906,0.11464476252268918,0.25960560982849534,0.011345218800648427,0.18712518617559226,0.17577996737494384
1,"label_kanon_k10_a50+attn_drop_p30_l1,2,5,8,10,11",80.64004516601562,0.5618825340369697,0.5760318790403716,0.5279059809976123,0.3011911792051748,0.9222042139384116,46980_MIC,real-tabpfn,ml_privacy_meter/logs/46980_MIC/real-tabpfn/defense/defense_eval_results.csv,"label_kanon_k10_a50+attn_drop_p30_l1,2,5,8,10,11",label_kanon_k10_a50+attn_drop_p30,label k-anon k10 a50 + attn drop p30,label k-anon k10 a50 + attn...,Label k-anon + dropout,Real TabPFN,0.6628061225830009,0.83927562918813,0.93354943273906,0.10092358854603112,0.26324375014775847,0.011345218800648427,0.1820836693468948,0.17073845054624637
1,"label_kanon_k10_a50+attn_drop_p50_l1,2,5,8,10,11",80.56239819526672,0.5544447042073715,0.5753856822760837,0.5257953342492165,0.2967203589476296,0.920583468395462,46980_MIC,real-tabpfn,ml_privacy_meter/logs/46980_MIC/real-tabpfn/defense/defense_eval_results.csv,"label_kanon_k10_a50+attn_drop_p50_l1,2,5,8,10,11",label_kanon_k10_a50+attn_drop_p50,label k-anon k10 a50 + attn drop p50,label k-anon k10 a50 + attn...,Label k-anon + dropout,Real TabPFN,0.6628061225830009,0.83927562918813,0.93354943273906,0.1083614183756294,0.26388994691204637,0.01296596434359798,0.1861256826438379,0.1731597183002399
1,highrisk_label_kanon_k3,0.0,0.5362487489788252,0.5000485960981274,0.4096467195006947,-0.4955640029943339,0.919,46980_MIC,real-tabpfn,ml_privacy_meter/logs/46980_MIC/real-tabpfn/defense/defense_eval_results.csv,highrisk_label_kanon_k3,highrisk_label_kanon_k3,high-risk label k-anon k3,high-risk label k-anon k3,High-risk label k-anon,Real TabPFN,0.6628061225830009,0.83927562918813,0.93354943273906,0.12655737360417563,0.3392270330900027,0.014549432739059953,0.23289220334708916,0.2183427706080292
1,highrisk_label_kanon_k3_a30,0.0,0.5862633278082634,0.5868018251118368,0.4147703243329858,-0.1901614048260162,0.9222,46980_MIC,real-tabpfn,ml_privacy_meter/logs/46980_MIC/real-tabpfn/defense/defense_eval_results.csv,highrisk_label_kanon_k3_a30,highrisk_label_kanon_k3_a30,high-risk label k-anon k3 a30,high-risk label k-anon k3 a30,High-risk label k-anon,Real TabPFN,0.6628061225830009,0.83927562918813,0.93354943273906,0.07654279477473747,0.2524738040762933,0.011349432739059973,0.16450829942551537,0.1531588666864554
1,highrisk_label_kanon_k3_a50,0.0,0.6042320634428628,0.6472133421244113,0.4253025435460441,0.1468264061182147,0.9238,46980_MIC,real-tabpfn,ml_privacy_meter/logs/46980_MIC/real-tabpfn/defense/defense_eval_results.csv,highrisk_label_kanon_k3_a50,highrisk_label_kanon_k3_a50,high-risk label k-anon k3 a50,high-risk label k-anon k3 a50,High-risk label k-anon,Real TabPFN,0.6628061225830009,0.83927562918813,0.93354943273906,0.058574059140138024,0.19206228706371875,0.009749432739060038,0.1253181731019284,0.11556874036286835
1,highrisk_label_kanon_k5,0.0,0.4799508260023273,0.4647599484093315,0.4030520976440086,-0.5926527130231674,0.9157,46980_MIC,real-tabpfn,ml_privacy_meter/logs/46980_MIC/real-tabpfn/defense/defense_eval_results.csv,highrisk_label_kanon_k5,highrisk_label_kanon_k5,high-risk label k-anon k5,high-risk label k-anon k5,High-risk label k-anon,Real TabPFN,0.6628061225830009,0.83927562918813,0.93354943273906,0.18285529658067357,0.37451568077879854,0.017849432739060034,0.2786854886797361,0.26083605594067605
1,highrisk_label_kanon_k5_a30,0.0,0.5633220292679851,0.5569375527004983,0.4111702728473898,-0.3805722359949325,0.9206,46980_MIC,real-tabpfn,ml_privacy_meter/logs/46980_MIC/real-tabpfn/defense/defense_eval_results.csv,highrisk_label_kanon_k5_a30,highrisk_label_kanon_k5_a30,high-risk label k-anon k5 a30,high-risk label k-anon k5 a30,High-risk label k-anon,Real TabPFN,0.6628061225830009,0.83927562918813,0.93354943273906,0.09948409331501573,0.28233807648763176,0.012949432739060018,0.19091108490132375,0.17796165216226373
1,highrisk_label_kanon_k5_a50,0.0,0.6011022120418504,0.6166056807525303,0.4177990433135709,-0.0438188398786983,0.9222,46980_MIC,real-tabpfn,ml_privacy_meter/logs/46980_MIC/real-tabpfn/defense/defense_eval_results.csv,highrisk_label_kanon_k5_a50,highrisk_label_kanon_k5_a50,high-risk label k-anon k5 a50,high-risk label k-anon k5 a50,High-risk label k-anon,Real TabPFN,0.6628061225830009,0.83927562918813,0.93354943273906,0.06170391054115043,0.22266994843559973,0.011349432739059973,0.14218692948837508,0.1308374967493151
1,highrisk_label_kanon_k10,0.0,0.4536511430590324,0.403394897147015,0.3991473354890737,-0.2566107855313954,0.9173,46980_MIC,real-tabpfn,ml_privacy_meter/logs/46980_MIC/real-tabpfn/defense/defense_eval_results.csv,highrisk_label_kanon_k10,highrisk_label_kanon_k10,high-risk label k-anon k10,high-risk label k-anon k10,High-risk label k-anon,Real TabPFN,0.6628061225830009,0.83927562918813,0.93354943273906,0.20915497952396844,0.43588073204111505,0.016249432739059988,0.3225178557825418,0.3062684230434818
1,highrisk_label_kanon_k10_a30,0.0,0.5332883272172297,0.4206951080803491,0.4059678635316491,-0.1387347083852207,0.9206,46980_MIC,real-tabpfn,ml_privacy_meter/logs/46980_MIC/real-tabpfn/defense/defense_eval_results.csv,highrisk_label_kanon_k10_a30,highrisk_label_kanon_k10_a30,high-risk label k-anon k10 a30,high-risk label k-anon k10 a30,High-risk label k-anon,Real TabPFN,0.6628061225830009,0.83927562918813,0.93354943273906,0.12951779536577113,0.41858052110778093,0.012949432739060018,0.274049158236776,0.261099725497716
1,highrisk_label_kanon_k10_a50,0.0,0.5736966395141442,0.4642345851863332,0.4110389320416402,-0.0062841509827798,0.9222,46980_MIC,real-tabpfn,ml_privacy_meter/logs/46980_MIC/real-tabpfn/defense/defense_eval_results.csv,highrisk_label_kanon_k10_a50,highrisk_label_kanon_k10_a50,high-risk label k-anon k10 a50,high-risk label k-anon k10 a50,High-risk label k-anon,Real TabPFN,0.6628061225830009,0.83927562918813,0.93354943273906,0.08910948306885669,0.37504104400179683,0.011349432739059973,0.23207526353532676,0.2207258307962668
1,"attn_drop_p70_l1,2,5,8,10,11",0.0,0.6420989311485228,0.7802931001421108,0.5391435003375458,0.5619387723747301,0.9319,46980_MIC,real-tabpfn,ml_privacy_meter/logs/46980_MIC/real-tabpfn/defense/defense_eval_results.csv,"attn_drop_p70_l1,2,5,8,10,11",attn_drop_p70,attn drop p70,attn drop p70,Attention dropout,Real TabPFN,0.6628061225830009,0.83927562918813,0.93354943273906,0.02070719143447808,0.058982529046019194,0.0016494327390600416,0.039844860240248636,0.038195427501188595
1,"attn_drop_p90_l1,2,5,8,10,11",0.0,0.6260201897086599,0.7194113830449527,0.5244569714386285,0.4541471476859969,0.9303,46980_MIC,real-tabpfn,ml_privacy_meter/logs/46980_MIC/real-tabpfn/defense/defense_eval_results.csv,"attn_drop_p90_l1,2,5,8,10,11",attn_drop_p90,attn drop p90,attn drop p90,Attention dropout,Real TabPFN,0.6628061225830009,0.83927562918813,0.93354943273906,0.036785932874340954,0.11986424614317737,0.0032494327390599764,0.07832508950875916,0.07507565676969918
1,no_defense,0.0,0.8885113570394731,0.9849168218677188,,,0.9286871961102108,46980_MIC,tabdpt,ml_privacy_meter/logs/46980_MIC/tabdpt/defense/defense_eval_results.csv,no_defense,no_defense,No defense,No defense,No defense,TabDPT,0.8885113570394731,0.9849168218677188,0.9286871961102108,0.0,0.0,0.0,0.0,0.0
1,label_kanon_k3,0.0,0.5763418433419405,0.7190843444386363,0.6162668214736964,0.5316878643156759,0.9173,46980_MIC,tabdpt,ml_privacy_meter/logs/46980_MIC/tabdpt/defense/defense_eval_results.csv,label_kanon_k3,label_kanon_k3,label k-anon k3,label k-anon k3,Label k-anon,TabDPT,0.8885113570394731,0.9849168218677188,0.9286871961102108,0.31216951369753265,0.26583247742908245,0.011387196110210773,0.28900099556330755,0.2776137994530968
1,label_kanon_k3_a30,0.0,0.7626106874640454,0.835527162592037,0.5718775693545125,1.0559544174238182,0.9254,46980_MIC,tabdpt,ml_privacy_meter/logs/46980_MIC/tabdpt/defense/defense_eval_results.csv,label_kanon_k3_a30,label_kanon_k3_a30,label k-anon k3 a30,label k-anon k3 a30,Label k-anon,TabDPT,0.8885113570394731,0.9849168218677188,0.9286871961102108,0.12590066957542778,0.14938965927568182,0.003287196110210777,0.1376451644255548,0.13435796831534402
1,label_kanon_k3_a50,0.0,0.8044046452616178,0.9064459440645776,0.5428880267094662,1.440218439195459,0.9206,46980_MIC,tabdpt,ml_privacy_meter/logs/46980_MIC/tabdpt/defense/defense_eval_results.csv,label_kanon_k3_a50,label_kanon_k3_a50,label k-anon k3 a50,label k-anon k3 a50,Label k-anon,TabDPT,0.8885113570394731,0.9849168218677188,0.9286871961102108,0.08410671177785534,0.07847087780314121,0.008087196110210804,0.08128879479049828,0.07320159868028747
1,label_kanon_k5,0.0,0.5514514472443386,0.6390938535129727,0.5730373086692813,0.2705774904436265,0.9173,46980_MIC,tabdpt,ml_privacy_meter/logs/46980_MIC/tabdpt/defense/defense_eval_results.csv,label_kanon_k5,label_kanon_k5,label k-anon k5,label k-anon k5,Label k-anon,TabDPT,0.8885113570394731,0.9849168218677188,0.9286871961102108,0.33705990979513456,0.34582296835474613,0.011387196110210773,0.34144143907494034,0.33005424296472957
1,label_kanon_k5_a30,0.0,0.6780180147049166,0.8524280974758923,0.5988510306313028,0.9947611294945892,0.9254,46980_MIC,tabdpt,ml_privacy_meter/logs/46980_MIC/tabdpt/defense/defense_eval_results.csv,label_kanon_k5_a30,label_kanon_k5_a30,label k-anon k5 a30,label k-anon k5 a30,Label k-anon,TabDPT,0.8885113570394731,0.9849168218677188,0.9286871961102108,0.21049334233455652,0.13248872439182646,0.003287196110210777,0.1714910333631915,0.16820383725298071
1,label_kanon_k5_a50,0.0,0.7842950544933003,0.8777348439277205,0.5656401944894651,1.2611302918726672,0.9173,46980_MIC,tabdpt,ml_privacy_meter/logs/46980_MIC/tabdpt/defense/defense_eval_results.csv,label_kanon_k5_a50,label_kanon_k5_a50,label k-anon k5 a50,label k-anon k5 a50,Label k-anon,TabDPT,0.8885113570394731,0.9849168218677188,0.9286871961102108,0.10421630254617287,0.10718197793999829,0.011387196110210773,0.10569914024308558,0.0943119441328748
1,label_kanon_k10,0.0,0.533055853991053,0.5010914420957789,0.5253960581997379,0.2112493531955965,0.9222,46980_MIC,tabdpt,ml_privacy_meter/logs/46980_MIC/tabdpt/defense/defense_eval_results.csv,label_kanon_k10,label_kanon_k10,label k-anon k10,label k-anon k10,Label k-anon,TabDPT,0.8885113570394731,0.9849168218677188,0.9286871961102108,0.3554555030484201,0.48382537977193985,0.006487196110210758,0.41964044141018,0.4131532452999692
1,label_kanon_k10_a30,0.0,0.6744862604383105,0.8320151094462934,0.6108962959265962,0.5360695439931878,0.9238,46980_MIC,tabdpt,ml_privacy_meter/logs/46980_MIC/tabdpt/defense/defense_eval_results.csv,label_kanon_k10_a30,label_kanon_k10_a30,label k-anon k10 a30,label k-anon k10 a30,Label k-anon,TabDPT,0.8885113570394731,0.9849168218677188,0.9286871961102108,0.21402509660116265,0.15290171242142536,0.004887196110210823,0.183463404511294,0.17857620840108318
1,label_kanon_k10_a50,0.0,0.7841164309974809,0.8807478020116158,0.6184733470102892,1.045396822341054,0.9125,46980_MIC,tabdpt,ml_privacy_meter/logs/46980_MIC/tabdpt/defense/defense_eval_results.csv,label_kanon_k10_a50,label_kanon_k10_a50,label k-anon k10 a50,label k-anon k10 a50,Label k-anon,TabDPT,0.8885113570394731,0.9849168218677188,0.9286871961102108,0.1043949260419923,0.10416901985610294,0.0161871961102108,0.10428197294904762,0.08809477683883682
1,"attn_drop_p10_l0,2,6,7,8,10",0.0,0.8389367699092961,0.9782657234645602,0.6483901557439274,2.553305457192089,0.9254,46980_MIC,tabdpt,ml_privacy_meter/logs/46980_MIC/tabdpt/defense/defense_eval_results.csv,"attn_drop_p10_l0,2,6,7,8,10",attn_drop_p10,attn drop p10,attn drop p10,Attention dropout,TabDPT,0.8885113570394731,0.9849168218677188,0.9286871961102108,0.04957458713017704,0.006651098403158584,0.003287196110210777,0.02811284276666781,0.024825646656457034
1,"attn_drop_p30_l0,2,6,7,8,10",0.0,0.7408856047850082,0.9532321658886912,0.6838745012332901,2.088531346285883,0.9011,46980_MIC,tabdpt,ml_privacy_meter/logs/46980_MIC/tabdpt/defense/defense_eval_results.csv,"attn_drop_p30_l0,2,6,7,8,10",attn_drop_p30,attn drop p30,attn drop p30,Attention dropout,TabDPT,0.8885113570394731,0.9849168218677188,0.9286871961102108,0.14762575225446495,0.03168465597902759,0.027587196110210765,0.08965520411674627,0.0620680080065355
1,"attn_drop_p50_l0,2,6,7,8,10",0.0,0.628712676226526,0.8346813278030099,0.6546787535232171,1.2857825168854815,0.8914,46980_MIC,tabdpt,ml_privacy_meter/logs/46980_MIC/tabdpt/defense/defense_eval_results.csv,"attn_drop_p50_l0,2,6,7,8,10",attn_drop_p50,attn drop p50,attn drop p50,Attention dropout,TabDPT,0.8885113570394731,0.9849168218677188,0.9286871961102108,0.2597986808129471,0.15023549406470893,0.03728719611021081,0.20501708743882802,0.1677298913286172
1,"label_kanon_k3+attn_drop_p10_l0,2,6,7,8,10",16.60835552215576,0.5751847308432867,0.6934794543577566,0.5931613469262311,0.4862324522044728,0.9222042139384116,46980_MIC,tabdpt,ml_privacy_meter/logs/46980_MIC/tabdpt/defense/defense_eval_results.csv,"label_kanon_k3+attn_drop_p10_l0,2,6,7,8,10",label_kanon_k3+attn_drop_p10,label k-anon k3 + attn drop p10,label k-anon k3 + attn drop p10,Label k-anon + dropout,TabDPT,0.8885113570394731,0.9849168218677188,0.9286871961102108,0.31332662619618645,0.2914373675099622,0.006482982171799212,0.3023819968530743,0.2958990146812751
1,"label_kanon_k3+attn_drop_p30_l0,2,6,7,8,10",16.45479989051819,0.5106963952202453,0.6739411960944498,0.5882715287281745,0.4066752894054101,0.918962722852512,46980_MIC,tabdpt,ml_privacy_meter/logs/46980_MIC/tabdpt/defense/defense_eval_results.csv,"label_kanon_k3+attn_drop_p30_l0,2,6,7,8,10",label_kanon_k3+attn_drop_p30,label k-anon k3 + attn drop p30,label k-anon k3 + attn drop p30,Label k-anon + dropout,TabDPT,0.8885113570394731,0.9849168218677188,0.9286871961102108,0.3778149618192278,0.310975625773269,0.009724473257698762,0.3443952937962484,0.33467082053854963
1,"label_kanon_k3+attn_drop_p50_l0,2,6,7,8,10",16.631521940231323,0.5278770860203473,0.6608255032322973,0.5741051094200252,0.3654318457370621,0.9124797406807132,46980_MIC,tabdpt,ml_privacy_meter/logs/46980_MIC/tabdpt/defense/defense_eval_results.csv,"label_kanon_k3+attn_drop_p50_l0,2,6,7,8,10",label_kanon_k3+attn_drop_p50,label k-anon k3 + attn drop p50,label k-anon k3 + attn drop p50,Label k-anon + dropout,TabDPT,0.8885113570394731,0.9849168218677188,0.9286871961102108,0.3606342710191258,0.3240913186354215,0.01620745542949753,0.34236279482727366,0.32615533939777613
1,"label_kanon_k3_a30+attn_drop_p10_l0,2,6,7,8,10",16.595491409301758,0.7011589512699343,0.8246468902437423,0.5755892605249955,1.0171791552466107,0.9157212317666128,46980_MIC,tabdpt,ml_privacy_meter/logs/46980_MIC/tabdpt/defense/defense_eval_results.csv,"label_kanon_k3_a30+attn_drop_p10_l0,2,6,7,8,10",label_kanon_k3_a30+attn_drop_p10,label k-anon k3 a30 + attn drop p10,label k-anon k3 a30 + attn drop...,Label k-anon + dropout,TabDPT,0.8885113570394731,0.9849168218677188,0.9286871961102108,0.18735240576953882,0.1602699316239765,0.01296596434359798,0.17381116869675767,0.1608452043531597
1,"label_kanon_k3_a30+attn_drop_p30_l0,2,6,7,8,10",16.604915618896484,0.6179913262531883,0.8029835377434074,0.5717028860828655,0.9174122397953478,0.920583468395462,46980_MIC,tabdpt,ml_privacy_meter/logs/46980_MIC/tabdpt/defense/defense_eval_results.csv,"label_kanon_k3_a30+attn_drop_p30_l0,2,6,7,8,10",label_kanon_k3_a30+attn_drop_p30,label k-anon k3 a30 + attn drop p30,label k-anon k3 a30 + attn drop...,Label k-anon + dropout,TabDPT,0.8885113570394731,0.9849168218677188,0.9286871961102108,0.27052003078628484,0.18193328412431142,0.008103727714748765,0.22622665745529813,0.21812292974054937
1,"label_kanon_k3_a30+attn_drop_p50_l0,2,6,7,8,10",16.654802083969116,0.5821970164622566,0.7632608244525059,0.572694509166275,0.758086884318656,0.9076175040518638,46980_MIC,tabdpt,ml_privacy_meter/logs/46980_MIC/tabdpt/defense/defense_eval_results.csv,"label_kanon_k3_a30+attn_drop_p50_l0,2,6,7,8,10",label_kanon_k3_a30+attn_drop_p50,label k-anon k3 a30 + attn drop p50,label k-anon k3 a30 + attn drop...,Label k-anon + dropout,TabDPT,0.8885113570394731,0.9849168218677188,0.9286871961102108,0.3063143405772165,0.2216559974152129,0.021069692058346967,0.2639851689962147,0.24291547693786775
1,"label_kanon_k3_a50+attn_drop_p10_l0,2,6,7,8,10",16.606325387954712,0.7487148302157403,0.8658379937429239,0.5565973800136069,1.2572862798704671,0.9238249594813616,46980_MIC,tabdpt,ml_privacy_meter/logs/46980_MIC/tabdpt/defense/defense_eval_results.csv,"label_kanon_k3_a50+attn_drop_p10_l0,2,6,7,8,10",label_kanon_k3_a50+attn_drop_p10,label k-anon k3 a50 + attn drop p10,label k-anon k3 a50 + attn drop...,Label k-anon + dropout,TabDPT,0.8885113570394731,0.9849168218677188,0.9286871961102108,0.1397965268237329,0.11907882812479487,0.004862236628849215,0.12943767747426388,0.12457544084541466
1,"label_kanon_k3_a50+attn_drop_p30_l0,2,6,7,8,10",16.654768228530884,0.6741395207111316,0.8188994165841409,0.5674185489993143,1.120025036425751,0.9124797406807132,46980_MIC,tabdpt,ml_privacy_meter/logs/46980_MIC/tabdpt/defense/defense_eval_results.csv,"label_kanon_k3_a50+attn_drop_p30_l0,2,6,7,8,10",label_kanon_k3_a50+attn_drop_p30,label k-anon k3 a50 + attn drop p30,label k-anon k3 a50 + attn drop...,Label k-anon + dropout,TabDPT,0.8885113570394731,0.9849168218677188,0.9286871961102108,0.21437183632834156,0.1660174052835779,0.01620745542949753,0.19019462080595972,0.1739871653764622
1,"label_kanon_k3_a50+attn_drop_p50_l0,2,6,7,8,10",16.641109704971313,0.5809190704223132,0.7880816099230605,0.5651043240020069,0.9558233286081472,0.9076175040518638,46980_MIC,tabdpt,ml_privacy_meter/logs/46980_MIC/tabdpt/defense/defense_eval_results.csv,"label_kanon_k3_a50+attn_drop_p50_l0,2,6,7,8,10",label_kanon_k3_a50+attn_drop_p50,label k-anon k3 a50 + attn drop p50,label k-anon k3 a50 + attn drop...,Label k-anon + dropout,TabDPT,0.8885113570394731,0.9849168218677188,0.9286871961102108,0.30759228661716,0.19683521194465825,0.021069692058346967,0.2522137492809091,0.23114405722256215
1,"label_kanon_k5+attn_drop_p10_l0,2,6,7,8,10",15.768869161605837,0.5234154388490342,0.6297056127179929,0.5648574032871977,0.2535409261793371,0.920583468395462,46980_MIC,tabdpt,ml_privacy_meter/logs/46980_MIC/tabdpt/defense/defense_eval_results.csv,"label_kanon_k5+attn_drop_p10_l0,2,6,7,8,10",label_kanon_k5+attn_drop_p10,label k-anon k5 + attn drop p10,label k-anon k5 + attn drop p10,Label k-anon + dropout,TabDPT,0.8885113570394731,0.9849168218677188,0.9286871961102108,0.36509591819043896,0.3552112091497259,0.008103727714748765,0.36015356367008244,0.3520498359553337
1,"label_kanon_k5+attn_drop_p30_l0,2,6,7,8,10",15.854813575744627,0.5111219394308741,0.5942935046717924,0.5470423363953253,0.2067630051983635,0.9141004862236628,46980_MIC,tabdpt,ml_privacy_meter/logs/46980_MIC/tabdpt/defense/defense_eval_results.csv,"label_kanon_k5+attn_drop_p30_l0,2,6,7,8,10",label_kanon_k5+attn_drop_p30,label k-anon k5 + attn drop p30,label k-anon k5 + attn drop p30,Label k-anon + dropout,TabDPT,0.8885113570394731,0.9849168218677188,0.9286871961102108,0.377389417608599,0.39062331719592636,0.014586709886547977,0.3840063674022627,0.3694196575157147
1,"label_kanon_k5+attn_drop_p50_l0,2,6,7,8,10",15.747805833816528,0.4924098148357321,0.5933045084044981,0.5436432363425263,0.1597666578532917,0.9157212317666128,46980_MIC,tabdpt,ml_privacy_meter/logs/46980_MIC/tabdpt/defense/defense_eval_results.csv,"label_kanon_k5+attn_drop_p50_l0,2,6,7,8,10",label_kanon_k5+attn_drop_p50,label k-anon k5 + attn drop p50,label k-anon k5 + attn drop p50,Label k-anon + dropout,TabDPT,0.8885113570394731,0.9849168218677188,0.9286871961102108,0.39610154220374105,0.3916123134632207,0.01296596434359798,0.39385692783348086,0.3808909634898829
1,"label_kanon_k5_a30+attn_drop_p10_l0,2,6,7,8,10",15.825325012207031,0.6512612657576131,0.815145696355818,0.5812723771897795,0.8838645077950424,0.9254457050243112,46980_MIC,tabdpt,ml_privacy_meter/logs/46980_MIC/tabdpt/defense/defense_eval_results.csv,"label_kanon_k5_a30+attn_drop_p10_l0,2,6,7,8,10",label_kanon_k5_a30+attn_drop_p10,label k-anon k5 a30 + attn drop p10,label k-anon k5 a30 + attn drop...,Label k-anon + dropout,TabDPT,0.8885113570394731,0.9849168218677188,0.9286871961102108,0.23725009128186003,0.16977112551190077,0.0032414910858995505,0.2035106083968804,0.20026911731098085
1,"label_kanon_k5_a30+attn_drop_p30_l0,2,6,7,8,10",15.824836015701294,0.6132919522234684,0.8012971217975828,0.5881415013304824,0.7838938253566418,0.920583468395462,46980_MIC,tabdpt,ml_privacy_meter/logs/46980_MIC/tabdpt/defense/defense_eval_results.csv,"label_kanon_k5_a30+attn_drop_p30_l0,2,6,7,8,10",label_kanon_k5_a30+attn_drop_p30,label k-anon k5 a30 + attn drop p30,label k-anon k5 a30 + attn drop...,Label k-anon + dropout,TabDPT,0.8885113570394731,0.9849168218677188,0.9286871961102108,0.2752194048160047,0.18361970007013595,0.008103727714748765,0.22941955244307033,0.22131582472832156
1,"label_kanon_k5_a30+attn_drop_p50_l0,2,6,7,8,10",15.841225624084473,0.5629647822763464,0.7722497891980067,0.5658030570885946,0.6841470583269984,0.9141004862236628,46980_MIC,tabdpt,ml_privacy_meter/logs/46980_MIC/tabdpt/defense/defense_eval_results.csv,"label_kanon_k5_a30+attn_drop_p50_l0,2,6,7,8,10",label_kanon_k5_a30+attn_drop_p50,label k-anon k5 a30 + attn drop p50,label k-anon k5 a30 + attn drop...,Label k-anon + dropout,TabDPT,0.8885113570394731,0.9849168218677188,0.9286871961102108,0.32554657476312676,0.2126670326697121,0.014586709886547977,0.26910680371641943,0.25452009382987145
1,"label_kanon_k5_a50+attn_drop_p10_l0,2,6,7,8,10",15.934686660766602,0.7239925503494979,0.8503345250322442,0.5525809781737849,1.1466462897209213,0.9108589951377634,46980_MIC,tabdpt,ml_privacy_meter/logs/46980_MIC/tabdpt/defense/defense_eval_results.csv,"label_kanon_k5_a50+attn_drop_p10_l0,2,6,7,8,10",label_kanon_k5_a50+attn_drop_p10,label k-anon k5 a50 + attn drop p10,label k-anon k5 a50 + attn drop...,Label k-anon + dropout,TabDPT,0.8885113570394731,0.9849168218677188,0.9286871961102108,0.1645188066899752,0.13458229683547462,0.017828200972447417,0.14955055176272491,0.1317223507902775
1,"label_kanon_k5_a50+attn_drop_p30_l0,2,6,7,8,10",15.84745192527771,0.6564820627861587,0.8251827607312006,0.5806064793046293,1.063364219582616,0.9173419773095624,46980_MIC,tabdpt,ml_privacy_meter/logs/46980_MIC/tabdpt/defense/defense_eval_results.csv,"label_kanon_k5_a50+attn_drop_p30_l0,2,6,7,8,10",label_kanon_k5_a50+attn_drop_p30,label k-anon k5 a50 + attn drop p30,label k-anon k5 a50 + attn drop...,Label k-anon + dropout,TabDPT,0.8885113570394731,0.9849168218677188,0.9286871961102108,0.23202929425331442,0.15973406113651822,0.011345218800648427,0.19588167769491632,0.1845364588942679
1,"label_kanon_k5_a50+attn_drop_p50_l0,2,6,7,8,10",15.713314533233644,0.5878538649658908,0.7919390893879256,0.566895812592431,0.8863334976449834,0.9092382495948136,46980_MIC,tabdpt,ml_privacy_meter/logs/46980_MIC/tabdpt/defense/defense_eval_results.csv,"label_kanon_k5_a50+attn_drop_p50_l0,2,6,7,8,10",label_kanon_k5_a50+attn_drop_p50,label k-anon k5 a50 + attn drop p50,label k-anon k5 a50 + attn drop...,Label k-anon + dropout,TabDPT,0.8885113570394731,0.9849168218677188,0.9286871961102108,0.3006574920735824,0.19297773247979322,0.019448946515397192,0.2468176122766878,0.2273686657612906
1,"label_kanon_k10+attn_drop_p10_l0,2,6,7,8,10",14.946942567825316,0.5254591017864976,0.5042987845721836,0.5327498299136565,0.2080946309231441,0.9173419773095624,46980_MIC,tabdpt,ml_privacy_meter/logs/46980_MIC/tabdpt/defense/defense_eval_results.csv,"label_kanon_k10+attn_drop_p10_l0,2,6,7,8,10",label_kanon_k10+attn_drop_p10,label k-anon k10 + attn drop p10,label k-anon k10 + attn drop p10,Label k-anon + dropout,TabDPT,0.8885113570394731,0.9849168218677188,0.9286871961102108,0.3630522552529756,0.4806180372955352,0.011345218800648427,0.4218351462742554,0.41048992747360696
1,"label_kanon_k10+attn_drop_p30_l0,2,6,7,8,10",14.961772680282593,0.5115842590671125,0.509884709040713,0.5053416305698353,0.1921624622048774,0.9108589951377634,46980_MIC,tabdpt,ml_privacy_meter/logs/46980_MIC/tabdpt/defense/defense_eval_results.csv,"label_kanon_k10+attn_drop_p30_l0,2,6,7,8,10",label_kanon_k10+attn_drop_p30,label k-anon k10 + attn drop p30,label k-anon k10 + attn drop p30,Label k-anon + dropout,TabDPT,0.8885113570394731,0.9849168218677188,0.9286871961102108,0.3769270979723607,0.47503211282700575,0.017828200972447417,0.4259796053996832,0.4081514044272358
1,"label_kanon_k10+attn_drop_p50_l0,2,6,7,8,10",15.0526762008667,0.5229951482706356,0.4731053432066595,0.5105295923969435,0.086031666187009,0.9027552674230146,46980_MIC,tabdpt,ml_privacy_meter/logs/46980_MIC/tabdpt/defense/defense_eval_results.csv,"label_kanon_k10+attn_drop_p50_l0,2,6,7,8,10",label_kanon_k10+attn_drop_p50,label k-anon k10 + attn drop p50,label k-anon k10 + attn drop p50,Label k-anon + dropout,TabDPT,0.8885113570394731,0.9849168218677188,0.9286871961102108,0.3655162087688375,0.5118114786610592,0.025931928687196182,0.4386638437149484,0.4127319150277522
1,"label_kanon_k10_a30+attn_drop_p10_l0,2,6,7,8,10",15.014413833618164,0.6322129086997523,0.8040657859827838,0.5856814880387928,0.5393141620552325,0.9270664505672608,46980_MIC,tabdpt,ml_privacy_meter/logs/46980_MIC/tabdpt/defense/defense_eval_results.csv,"label_kanon_k10_a30+attn_drop_p10_l0,2,6,7,8,10",label_kanon_k10_a30+attn_drop_p10,label k-anon k10 a30 + attn drop p10,label k-anon k10 a30 + attn...,Label k-anon + dropout,TabDPT,0.8885113570394731,0.9849168218677188,0.9286871961102108,0.2562984483397208,0.180851035884935,0.0016207455429499973,0.2185747421123279,0.21695399656937792
1,"label_kanon_k10_a30+attn_drop_p30_l0,2,6,7,8,10",15.060701847076416,0.570323807622495,0.7212646018140791,0.5537472845288411,0.5372108061909284,0.9173419773095624,46980_MIC,tabdpt,ml_privacy_meter/logs/46980_MIC/tabdpt/defense/defense_eval_results.csv,"label_kanon_k10_a30+attn_drop_p30_l0,2,6,7,8,10",label_kanon_k10_a30+attn_drop_p30,label k-anon k10 a30 + attn drop p30,label k-anon k10 a30 + attn...,Label k-anon + dropout,TabDPT,0.8885113570394731,0.9849168218677188,0.9286871961102108,0.31818754941697813,0.26365222005363964,0.011345218800648427,0.2909198847353089,0.27957466593466046
1,"label_kanon_k10_a30+attn_drop_p50_l0,2,6,7,8,10",15.102636337280272,0.5918794606621153,0.6532103633149369,0.5469425173829556,0.4703473215685753,0.9141004862236628,46980_MIC,tabdpt,ml_privacy_meter/logs/46980_MIC/tabdpt/defense/defense_eval_results.csv,"label_kanon_k10_a30+attn_drop_p50_l0,2,6,7,8,10",label_kanon_k10_a30+attn_drop_p50,label k-anon k10 a30 + attn drop p50,label k-anon k10 a30 + attn...,Label k-anon + dropout,TabDPT,0.8885113570394731,0.9849168218677188,0.9286871961102108,0.2966318963773579,0.3317064585527819,0.014586709886547977,0.3141691774650699,0.2995824675785219
1,"label_kanon_k10_a50+attn_drop_p10_l0,2,6,7,8,10",15.007859230041504,0.7126039890829523,0.8708788538675927,0.5947032879857311,1.096533383279797,0.9173419773095624,46980_MIC,tabdpt,ml_privacy_meter/logs/46980_MIC/tabdpt/defense/defense_eval_results.csv,"label_kanon_k10_a50+attn_drop_p10_l0,2,6,7,8,10",label_kanon_k10_a50+attn_drop_p10,label k-anon k10 a50 + attn drop p10,label k-anon k10 a50 + attn...,Label k-anon + dropout,TabDPT,0.8885113570394731,0.9849168218677188,0.9286871961102108,0.17590736795652084,0.11403796800012611,0.011345218800648427,0.14497266797832348,0.13362744917767505
1,"label_kanon_k10_a50+attn_drop_p30_l0,2,6,7,8,10",14.970121145248411,0.6485635256075168,0.8536705814982835,0.6136886014568322,1.0514262434370976,0.9092382495948136,46980_MIC,tabdpt,ml_privacy_meter/logs/46980_MIC/tabdpt/defense/defense_eval_results.csv,"label_kanon_k10_a50+attn_drop_p30_l0,2,6,7,8,10",label_kanon_k10_a50+attn_drop_p30,label k-anon k10 a50 + attn drop p30,label k-anon k10 a50 + attn...,Label k-anon + dropout,TabDPT,0.8885113570394731,0.9849168218677188,0.9286871961102108,0.2399478314319563,0.13124624036943533,0.019448946515397192,0.18559703590069582,0.16614808938529863
1,"label_kanon_k10_a50+attn_drop_p50_l0,2,6,7,8,10",15.03117299079895,0.6104208422097828,0.7815040623711218,0.5976768438279016,0.9303154947402028,0.9043760129659644,46980_MIC,tabdpt,ml_privacy_meter/logs/46980_MIC/tabdpt/defense/defense_eval_results.csv,"label_kanon_k10_a50+attn_drop_p50_l0,2,6,7,8,10",label_kanon_k10_a50+attn_drop_p50,label k-anon k10 a50 + attn drop p50,label k-anon k10 a50 + attn...,Label k-anon + dropout,TabDPT,0.8885113570394731,0.9849168218677188,0.9286871961102108,0.2780905148296904,0.20341275949659698,0.024311183144246407,0.24075163716314368,0.21644045401889728
1,highrisk_label_kanon_k3,0.0,0.7887527614404408,0.1317532158796287,0.1956583983251421,-1.450169790717149,0.9238,46980_MIC,tabdpt,ml_privacy_meter/logs/46980_MIC/tabdpt/defense/defense_eval_results.csv,highrisk_label_kanon_k3,highrisk_label_kanon_k3,high-risk label k-anon k3,high-risk label k-anon k3,High-risk label k-anon,TabDPT,0.8885113570394731,0.9849168218677188,0.9286871961102108,0.09975859559903233,0.85316360598809,0.004887196110210823,0.4764611007935612,0.47157390468335036
1,highrisk_label_kanon_k3_a30,0.0,0.8909214608249778,0.5648468960227377,0.1884556685378353,0.4975066802348361,0.9222,46980_MIC,tabdpt,ml_privacy_meter/logs/46980_MIC/tabdpt/defense/defense_eval_results.csv,highrisk_label_kanon_k3_a30,highrisk_label_kanon_k3_a30,high-risk label k-anon k3 a30,high-risk label k-anon k3 a30,High-risk label k-anon,TabDPT,0.8885113570394731,0.9849168218677188,0.9286871961102108,-0.002410103785504658,0.42006992584498104,0.006487196110210758,0.2088299110297382,0.20234271491952743
1,highrisk_label_kanon_k3_a50,0.0,0.8967306646632817,0.8733244196706499,0.2294129854027828,1.1051677300117548,0.9222,46980_MIC,tabdpt,ml_privacy_meter/logs/46980_MIC/tabdpt/defense/defense_eval_results.csv,highrisk_label_kanon_k3_a50,highrisk_label_kanon_k3_a50,high-risk label k-anon k3 a50,high-risk label k-anon k3 a50,High-risk label k-anon,TabDPT,0.8885113570394731,0.9849168218677188,0.9286871961102108,-0.008219307623808514,0.1115924021970689,0.006487196110210758,0.05168654728663019,0.04519935117641943
1,highrisk_label_kanon_k5,0.0,0.7802681453890182,0.0226589158079166,0.1013346852680271,-3.7616847869683143,0.9222,46980_MIC,tabdpt,ml_privacy_meter/logs/46980_MIC/tabdpt/defense/defense_eval_results.csv,highrisk_label_kanon_k5,highrisk_label_kanon_k5,high-risk label k-anon k5,high-risk label k-anon k5,High-risk label k-anon,TabDPT,0.8885113570394731,0.9849168218677188,0.9286871961102108,0.10824321165045492,0.9622579060598022,0.006487196110210758,0.5352505588551286,0.5287633627449179
1,highrisk_label_kanon_k5_a30,0.0,0.8708775404595352,0.2480581261869925,0.1364893653349584,-0.262231589611816,0.9238,46980_MIC,tabdpt,ml_privacy_meter/logs/46980_MIC/tabdpt/defense/defense_eval_results.csv,highrisk_label_kanon_k5_a30,highrisk_label_kanon_k5_a30,high-risk label k-anon k5 a30,high-risk label k-anon k5 a30,High-risk label k-anon,TabDPT,0.8885113570394731,0.9849168218677188,0.9286871961102108,0.0176338165799379,0.7368586956807263,0.004887196110210823,0.3772462561303321,0.37235906002012126
1,highrisk_label_kanon_k5_a50,0.0,0.8959583807254741,0.7624491382729734,0.1883138204676258,0.8171889141466216,0.9206,46980_MIC,tabdpt,ml_privacy_meter/logs/46980_MIC/tabdpt/defense/defense_eval_results.csv,highrisk_label_kanon_k5_a50,highrisk_label_kanon_k5_a50,high-risk label k-anon k5 a50,high-risk label k-anon k5 a50,High-risk label k-anon,TabDPT,0.8885113570394731,0.9849168218677188,0.9286871961102108,-0.00744702368600092,0.22246768359474534,0.008087196110210804,0.10751032995437221,0.0994231338441614
1,highrisk_label_kanon_k10,0.0,0.780084268260969,0.0427934613293265,0.0888389210090126,-0.6263171061728996,0.9254,46980_MIC,tabdpt,ml_privacy_meter/logs/46980_MIC/tabdpt/defense/defense_eval_results.csv,highrisk_label_kanon_k10,highrisk_label_kanon_k10,high-risk label k-anon k10,high-risk label k-anon k10,High-risk label k-anon,TabDPT,0.8885113570394731,0.9849168218677188,0.9286871961102108,0.10842708877850415,0.9421233605383923,0.003287196110210777,0.5252752246584482,0.5219880285482374
1,highrisk_label_kanon_k10_a30,0.0,0.8581466761582289,0.1835619101156061,0.1413016924576229,-0.1766682021898264,0.9238,46980_MIC,tabdpt,ml_privacy_meter/logs/46980_MIC/tabdpt/defense/defense_eval_results.csv,highrisk_label_kanon_k10_a30,highrisk_label_kanon_k10_a30,high-risk label k-anon k10 a30,high-risk label k-anon k10 a30,High-risk label k-anon,TabDPT,0.8885113570394731,0.9849168218677188,0.9286871961102108,0.03036468088124422,0.8013549117521127,0.004887196110210823,0.41585979631667847,0.41097260020646764
1,highrisk_label_kanon_k10_a50,0.0,0.8941616385028198,0.6388626936948534,0.1823273065415601,0.5809905658958144,0.919,46980_MIC,tabdpt,ml_privacy_meter/logs/46980_MIC/tabdpt/defense/defense_eval_results.csv,highrisk_label_kanon_k10_a50,highrisk_label_kanon_k10_a50,high-risk label k-anon k10 a50,high-risk label k-anon k10 a50,High-risk label k-anon,TabDPT,0.8885113570394731,0.9849168218677188,0.9286871961102108,-0.005650281463346674,0.3460541281728654,0.009687196110210738,0.17020192335475937,0.16051472724454863
1,"attn_drop_p70_l0,2,6,7,8,10",0.0,0.5481193310024719,0.7793579536051738,0.6254291560827867,1.09400241287855,0.8509,46980_MIC,tabdpt,ml_privacy_meter/logs/46980_MIC/tabdpt/defense/defense_eval_results.csv,"attn_drop_p70_l0,2,6,7,8,10",attn_drop_p70,attn drop p70,attn drop p70,Attention dropout,TabDPT,0.8885113570394731,0.9849168218677188,0.9286871961102108,0.34039202603700125,0.205558868262545,0.07778719611021079,0.2729754471497731,0.19518825103956233
1,"attn_drop_p90_l0,2,6,7,8,10",0.0,0.459812340256745,0.7603529390132102,0.6470018834271545,0.9022126692705306,0.6467,46980_MIC,tabdpt,ml_privacy_meter/logs/46980_MIC/tabdpt/defense/defense_eval_results.csv,"attn_drop_p90_l0,2,6,7,8,10",attn_drop_p90,attn drop p90,attn drop p90,Attention dropout,TabDPT,0.8885113570394731,0.9849168218677188,0.9286871961102108,0.42869901678272815,0.22456388285450857,0.2819871961102107,0.32663144981861836,0.04464425370840763
1,no_defense,0.0,0.8834140203683323,0.967553567347625,,,0.9303079416531604,46980_MIC,tabicl,ml_privacy_meter/logs/46980_MIC/tabicl/defense/defense_eval_results.csv,no_defense,no_defense,No defense,No defense,No defense,TabICL,0.8834140203683323,0.967553567347625,0.9303079416531604,0.0,0.0,0.0,0.0,0.0
1,label_kanon_k3,0.0,0.609096926887827,0.7986151425441764,0.607552359012212,0.5110547865500462,0.9271,46980_MIC,tabicl,ml_privacy_meter/logs/46980_MIC/tabicl/defense/defense_eval_results.csv,label_kanon_k3,label_kanon_k3,label k-anon k3,label k-anon k3,Label k-anon,TabICL,0.8834140203683323,0.967553567347625,0.9303079416531604,0.27431709348050526,0.16893842480344856,0.0032079416531604066,0.2216277591419769,0.2184198174888165
1,label_kanon_k3_a30,0.0,0.6785683326810074,0.925500868162726,0.6914279109719481,1.5742764891322103,0.9271,46980_MIC,tabicl,ml_privacy_meter/logs/46980_MIC/tabicl/defense/defense_eval_results.csv,label_kanon_k3_a30,label_kanon_k3_a30,label k-anon k3 a30,label k-anon k3 a30,Label k-anon,TabICL,0.8834140203683323,0.967553567347625,0.9303079416531604,0.20484568768732492,0.042052699184898956,0.0032079416531604066,0.12344919343611194,0.12024125178295153
1,label_kanon_k3_a50,0.0,0.7165849289052219,0.9460635847108796,0.721288243159114,1.9983622906393137,0.9271,46980_MIC,tabicl,ml_privacy_meter/logs/46980_MIC/tabicl/defense/defense_eval_results.csv,label_kanon_k3_a50,label_kanon_k3_a50,label k-anon k3 a50,label k-anon k3 a50,Label k-anon,TabICL,0.8834140203683323,0.967553567347625,0.9303079416531604,0.16682909146311042,0.021489982636745397,0.0032079416531604066,0.09415953704992791,0.0909515953967675
1,label_kanon_k5,0.0,0.5796109159970475,0.6545526663496974,0.5499226402654135,0.1928398570618084,0.9271,46980_MIC,tabicl,ml_privacy_meter/logs/46980_MIC/tabicl/defense/defense_eval_results.csv,label_kanon_k5,label_kanon_k5,label k-anon k5,label k-anon k5,Label k-anon,TabICL,0.8834140203683323,0.967553567347625,0.9303079416531604,0.30380310437128477,0.31300090099792754,0.0032079416531604066,0.30840200268460616,0.30519406103144575
1,label_kanon_k5_a30,0.0,0.6310466023446961,0.8996135953494847,0.6469243923517622,1.175581256980546,0.9271,46980_MIC,tabicl,ml_privacy_meter/logs/46980_MIC/tabicl/defense/defense_eval_results.csv,label_kanon_k5_a30,label_kanon_k5_a30,label k-anon k5 a30,label k-anon k5 a30,Label k-anon,TabICL,0.8834140203683323,0.967553567347625,0.9303079416531604,0.25236741802363616,0.06793997199814028,0.0032079416531604066,0.16015369501088822,0.1569457533577278
1,label_kanon_k5_a50,0.0,0.6885975166080449,0.9413825983939644,0.7114455631762409,1.852294953478001,0.9271,46980_MIC,tabicl,ml_privacy_meter/logs/46980_MIC/tabicl/defense/defense_eval_results.csv,label_kanon_k5_a50,label_kanon_k5_a50,label k-anon k5 a50,label k-anon k5 a50,Label k-anon,TabICL,0.8834140203683323,0.967553567347625,0.9303079416531604,0.19481650376028736,0.026170968953660556,0.0032079416531604066,0.11049373635697396,0.10728579470381355
1,label_kanon_k10,0.0,0.5673344908836346,0.5316071649036352,0.5440109905986251,0.2019108302083175,0.9206,46980_MIC,tabicl,ml_privacy_meter/logs/46980_MIC/tabicl/defense/defense_eval_results.csv,label_kanon_k10,label_kanon_k10,label k-anon k10,label k-anon k10,Label k-anon,TabICL,0.8834140203683323,0.967553567347625,0.9303079416531604,0.31607952948469764,0.43594640244398974,0.009707941653160468,0.3760129659643437,0.3663050243111832
1,label_kanon_k10_a30,0.0,0.6223715421249366,0.8107562866276672,0.7217295482664327,0.7854036048458133,0.9271,46980_MIC,tabicl,ml_privacy_meter/logs/46980_MIC/tabicl/defense/defense_eval_results.csv,label_kanon_k10_a30,label_kanon_k10_a30,label k-anon k10 a30,label k-anon k10 a30,Label k-anon,TabICL,0.8834140203683323,0.967553567347625,0.9303079416531604,0.26104247824339566,0.1567972807199578,0.0032079416531604066,0.20891987948167673,0.20571193782851632
1,label_kanon_k10_a50,0.0,0.8013641056085151,0.9819564001061234,0.8722474250635033,2.657195099856529,0.9238,46980_MIC,tabicl,ml_privacy_meter/logs/46980_MIC/tabicl/defense/defense_eval_results.csv,label_kanon_k10_a50,label_kanon_k10_a50,label k-anon k10 a50,label k-anon k10 a50,Label k-anon,TabICL,0.8834140203683323,0.967553567347625,0.9303079416531604,0.08204991475981716,-0.014402832758498407,0.006507941653160487,0.033823541000659374,0.027315599347498887
1,"attn_drop_p10_l5,7,16,17,19,21",0.0,0.5763497237902855,0.4986826517183318,0.4923099958233624,-0.0038118134919949,0.9238,46980_MIC,tabicl,ml_privacy_meter/logs/46980_MIC/tabicl/defense/defense_eval_results.csv,"attn_drop_p10_l5,7,16,17,19,21",attn_drop_p10,attn drop p10,attn drop p10,Attention dropout,TabICL,0.8834140203683323,0.967553567347625,0.9303079416531604,0.3070642965780468,0.4688709156292932,0.006507941653160487,0.38796760610367,0.3814596644505095
1,"attn_drop_p30_l5,7,16,17,19,21",0.0,0.4742716495617157,0.501078308015204,0.5112559070527386,-0.0357209579200032,0.8784,46980_MIC,tabicl,ml_privacy_meter/logs/46980_MIC/tabicl/defense/defense_eval_results.csv,"attn_drop_p30_l5,7,16,17,19,21",attn_drop_p30,attn drop p30,attn drop p30,Attention dropout,TabICL,0.8834140203683323,0.967553567347625,0.9303079416531604,0.4091423708066166,0.46647525933242096,0.05190794165316048,0.43780881506951874,0.38590087341635826
1,"attn_drop_p50_l5,7,16,17,19,21",0.0,0.5030155849000102,0.5190010743677911,0.5087328501742893,0.0371401787417101,0.8784,46980_MIC,tabicl,ml_privacy_meter/logs/46980_MIC/tabicl/defense/defense_eval_results.csv,"attn_drop_p50_l5,7,16,17,19,21",attn_drop_p50,attn drop p50,attn drop p50,Attention dropout,TabICL,0.8834140203683323,0.967553567347625,0.9303079416531604,0.3803984354683221,0.4485524929798339,0.05190794165316048,0.414475464224078,0.3625675225709175
1,"label_kanon_k3+attn_drop_p10_l5,7,16,17,19,21",32.50133943557739,0.5198705505018533,0.4900167853549748,0.4905355815376856,-0.0168846397380858,0.8784440842787682,46980_MIC,tabicl,ml_privacy_meter/logs/46980_MIC/tabicl/defense/defense_eval_results.csv,"label_kanon_k3+attn_drop_p10_l5,7,16,17,19,21",label_kanon_k3+attn_drop_p10,label k-anon k3 + attn drop p10,label k-anon k3 + attn drop p10,Label k-anon + dropout,TabICL,0.8834140203683323,0.967553567347625,0.9303079416531604,0.363543469866479,0.4775367819926502,0.05186385737439225,0.4205401259295646,0.3686762685551723
1,"label_kanon_k3+attn_drop_p30_l5,7,16,17,19,21",32.45415449142456,0.5136082208837135,0.4992999535053548,0.5042029057839864,0.0056088970433695,0.8784440842787682,46980_MIC,tabicl,ml_privacy_meter/logs/46980_MIC/tabicl/defense/defense_eval_results.csv,"label_kanon_k3+attn_drop_p30_l5,7,16,17,19,21",label_kanon_k3+attn_drop_p30,label k-anon k3 + attn drop p30,label k-anon k3 + attn drop p30,Label k-anon + dropout,TabICL,0.8834140203683323,0.967553567347625,0.9303079416531604,0.3698057994846188,0.4682536138422702,0.05186385737439225,0.4190297066634445,0.36716584928905227
1,"label_kanon_k3+attn_drop_p50_l5,7,16,17,19,21",32.533026933670044,0.5115658713543076,0.4831148260128346,0.4808820323150918,-0.0674451718215121,0.8784440842787682,46980_MIC,tabicl,ml_privacy_meter/logs/46980_MIC/tabicl/defense/defense_eval_results.csv,"label_kanon_k3+attn_drop_p50_l5,7,16,17,19,21",label_kanon_k3+attn_drop_p50,label k-anon k3 + attn drop p50,label k-anon k3 + attn drop p50,Label k-anon + dropout,TabICL,0.8834140203683323,0.967553567347625,0.9303079416531604,0.37184814901402463,0.48443874133479037,0.05186385737439225,0.4281434451744075,0.37627958780001525
1,"label_kanon_k3_a30+attn_drop_p10_l5,7,16,17,19,21",32.46164846420288,0.5090756496772956,0.5032638190228769,0.5134374778362389,-0.0132518519407166,0.8833063209076175,46980_MIC,tabicl,ml_privacy_meter/logs/46980_MIC/tabicl/defense/defense_eval_results.csv,"label_kanon_k3_a30+attn_drop_p10_l5,7,16,17,19,21",label_kanon_k3_a30+attn_drop_p10,label k-anon k3 a30 + attn drop p10,label k-anon k3 a30 + attn drop...,Label k-anon + dropout,TabICL,0.8834140203683323,0.967553567347625,0.9303079416531604,0.3743383706910367,0.4642897483247481,0.04700162074554293,0.4193140595078924,0.3723124387623495
1,"label_kanon_k3_a30+attn_drop_p30_l5,7,16,17,19,21",32.53232002258301,0.516240290630935,0.5107686326634077,0.5135701320500461,0.0117111823686329,0.8784440842787682,46980_MIC,tabicl,ml_privacy_meter/logs/46980_MIC/tabicl/defense/defense_eval_results.csv,"label_kanon_k3_a30+attn_drop_p30_l5,7,16,17,19,21",label_kanon_k3_a30+attn_drop_p30,label k-anon k3 a30 + attn drop p30,label k-anon k3 a30 + attn drop...,Label k-anon + dropout,TabICL,0.8834140203683323,0.967553567347625,0.9303079416531604,0.36717372973739726,0.4567849346842173,0.05186385737439225,0.4119793322108073,0.36011547483641504
1,"label_kanon_k3_a30+attn_drop_p50_l5,7,16,17,19,21",32.50444054603577,0.506287284371232,0.5114502914452479,0.5147810942790572,0.0245039298237732,0.8784440842787682,46980_MIC,tabicl,ml_privacy_meter/logs/46980_MIC/tabicl/defense/defense_eval_results.csv,"label_kanon_k3_a30+attn_drop_p50_l5,7,16,17,19,21",label_kanon_k3_a30+attn_drop_p50,label k-anon k3 a30 + attn drop p50,label k-anon k3 a30 + attn drop...,Label k-anon + dropout,TabICL,0.8834140203683323,0.967553567347625,0.9303079416531604,0.3771267359971002,0.4561032759023771,0.05186385737439225,0.41661500594973866,0.3647511485753464
1,"label_kanon_k3_a50+attn_drop_p10_l5,7,16,17,19,21",32.3897078037262,0.5291865538536706,0.4942078704664437,0.4886902432169041,-0.0087101919392128,0.9124797406807132,46980_MIC,tabicl,ml_privacy_meter/logs/46980_MIC/tabicl/defense/defense_eval_results.csv,"label_kanon_k3_a50+attn_drop_p10_l5,7,16,17,19,21",label_kanon_k3_a50+attn_drop_p10,label k-anon k3 a50 + attn drop p10,label k-anon k3 a50 + attn drop...,Label k-anon + dropout,TabICL,0.8834140203683323,0.967553567347625,0.9303079416531604,0.35422746651466164,0.4733456968811813,0.017828200972447195,0.4137865816979215,0.3959583807254743
1,"label_kanon_k3_a50+attn_drop_p30_l5,7,16,17,19,21",32.6850152015686,0.5082665903138783,0.4869985736388496,0.499064853463063,-0.0518799217118393,0.8784440842787682,46980_MIC,tabicl,ml_privacy_meter/logs/46980_MIC/tabicl/defense/defense_eval_results.csv,"label_kanon_k3_a50+attn_drop_p30_l5,7,16,17,19,21",label_kanon_k3_a50+attn_drop_p30,label k-anon k3 a50 + attn drop p30,label k-anon k3 a50 + attn drop...,Label k-anon + dropout,TabICL,0.8834140203683323,0.967553567347625,0.9303079416531604,0.37514743005445395,0.4805549937087754,0.05186385737439225,0.4278512118816147,0.3759873545072224
1,"label_kanon_k3_a50+attn_drop_p50_l5,7,16,17,19,21",32.50024151802063,0.4842942664484658,0.5085975691443672,0.5049042656866892,0.0220660796884388,0.8784440842787682,46980_MIC,tabicl,ml_privacy_meter/logs/46980_MIC/tabicl/defense/defense_eval_results.csv,"label_kanon_k3_a50+attn_drop_p50_l5,7,16,17,19,21",label_kanon_k3_a50+attn_drop_p50,label k-anon k3 a50 + attn drop p50,label k-anon k3 a50 + attn drop...,Label k-anon + dropout,TabICL,0.8834140203683323,0.967553567347625,0.9303079416531604,0.3991197539198665,0.45895599820325783,0.05186385737439225,0.4290378760615622,0.37717401868716993
1,"label_kanon_k5+attn_drop_p10_l5,7,16,17,19,21",31.349679470062256,0.5016378198476972,0.5085910021040797,0.5009128185999595,-0.0037822364278481,0.8784440842787682,46980_MIC,tabicl,ml_privacy_meter/logs/46980_MIC/tabicl/defense/defense_eval_results.csv,"label_kanon_k5+attn_drop_p10_l5,7,16,17,19,21",label_kanon_k5+attn_drop_p10,label k-anon k5 + attn drop p10,label k-anon k5 + attn drop p10,Label k-anon + dropout,TabICL,0.8834140203683323,0.967553567347625,0.9303079416531604,0.3817762005206351,0.4589625652435453,0.05186385737439225,0.4203693828820902,0.36850552550769794
1,"label_kanon_k5+attn_drop_p30_l5,7,16,17,19,21",31.43230104446411,0.5023969697049298,0.5095497899860516,0.4934014379191413,0.012636421121283,0.8784440842787682,46980_MIC,tabicl,ml_privacy_meter/logs/46980_MIC/tabicl/defense/defense_eval_results.csv,"label_kanon_k5+attn_drop_p30_l5,7,16,17,19,21",label_kanon_k5+attn_drop_p30,label k-anon k5 + attn drop p30,label k-anon k5 + attn drop p30,Label k-anon + dropout,TabICL,0.8834140203683323,0.967553567347625,0.9303079416531604,0.3810170506634025,0.4580037773615734,0.05186385737439225,0.41951041401248795,0.3676465566380957
1,"label_kanon_k5+attn_drop_p50_l5,7,16,17,19,21",31.36224865913391,0.5166461337207011,0.4918345421065488,0.4860542332455101,-0.0183807838591238,0.8784440842787682,46980_MIC,tabicl,ml_privacy_meter/logs/46980_MIC/tabicl/defense/defense_eval_results.csv,"label_kanon_k5+attn_drop_p50_l5,7,16,17,19,21",label_kanon_k5+attn_drop_p50,label k-anon k5 + attn drop p50,label k-anon k5 + attn drop p50,Label k-anon + dropout,TabICL,0.8834140203683323,0.967553567347625,0.9303079416531604,0.36676788664763116,0.4757190252410762,0.05186385737439225,0.42124345594435364,0.3693795985699614
1,"label_kanon_k5_a30+attn_drop_p10_l5,7,16,17,19,21",31.452150106430054,0.5234574679068741,0.5016667148249622,0.5164661968168243,-0.017292827119478,0.8784440842787682,46980_MIC,tabicl,ml_privacy_meter/logs/46980_MIC/tabicl/defense/defense_eval_results.csv,"label_kanon_k5_a30+attn_drop_p10_l5,7,16,17,19,21",label_kanon_k5_a30+attn_drop_p10,label k-anon k5 a30 + attn drop p10,label k-anon k5 a30 + attn drop...,Label k-anon + dropout,TabICL,0.8834140203683323,0.967553567347625,0.9303079416531604,0.3599565524614582,0.4658868525226628,0.05186385737439225,0.4129217024920605,0.36105784511766825
1,"label_kanon_k5_a30+attn_drop_p30_l5,7,16,17,19,21",31.375447034835812,0.5355447622600075,0.5054309423177449,0.5015248667547526,-0.0010052526523275,0.8784440842787682,46980_MIC,tabicl,ml_privacy_meter/logs/46980_MIC/tabicl/defense/defense_eval_results.csv,"label_kanon_k5_a30+attn_drop_p30_l5,7,16,17,19,21",label_kanon_k5_a30+attn_drop_p30,label k-anon k5 a30 + attn drop p30,label k-anon k5 a30 + attn drop...,Label k-anon + dropout,TabICL,0.8834140203683323,0.967553567347625,0.9303079416531604,0.3478692581083248,0.4621226250298801,0.05186385737439225,0.40499594156910246,0.3531320841947102
1,"label_kanon_k5_a30+attn_drop_p50_l5,7,16,17,19,21",31.465854167938232,0.5233812902395394,0.4895439584542764,0.4905513424343756,-0.0422315425117219,0.8784440842787682,46980_MIC,tabicl,ml_privacy_meter/logs/46980_MIC/tabicl/defense/defense_eval_results.csv,"label_kanon_k5_a30+attn_drop_p50_l5,7,16,17,19,21",label_kanon_k5_a30+attn_drop_p50,label k-anon k5 a30 + attn drop p50,label k-anon k5 a30 + attn drop...,Label k-anon + dropout,TabICL,0.8834140203683323,0.967553567347625,0.9303079416531604,0.3600327301287929,0.4780096088933486,0.05186385737439225,0.4190211695110707,0.36715731213667846
1,"label_kanon_k5_a50+attn_drop_p10_l5,7,16,17,19,21",31.32020711898804,0.5188014363430516,0.5105742482708983,0.5101907331181096,-0.0056417741600436,0.8962722852512156,46980_MIC,tabicl,ml_privacy_meter/logs/46980_MIC/tabicl/defense/defense_eval_results.csv,"label_kanon_k5_a50+attn_drop_p10_l5,7,16,17,19,21",label_kanon_k5_a50+attn_drop_p10,label k-anon k5 a50 + attn drop p10,label k-anon k5 a50 + attn drop...,Label k-anon + dropout,TabICL,0.8834140203683323,0.967553567347625,0.9303079416531604,0.36461258402528063,0.45697931907672673,0.034035656401944836,0.4107959515510037,0.37676029514905884
1,"label_kanon_k5_a50+attn_drop_p30_l5,7,16,17,19,21",31.406955242156982,0.5257651258638942,0.4932372619119544,0.5101881063019945,-0.0137331110948687,0.8784440842787682,46980_MIC,tabicl,ml_privacy_meter/logs/46980_MIC/tabicl/defense/defense_eval_results.csv,"label_kanon_k5_a50+attn_drop_p30_l5,7,16,17,19,21",label_kanon_k5_a50+attn_drop_p30,label k-anon k5 a50 + attn drop p30,label k-anon k5 a50 + attn drop...,Label k-anon + dropout,TabICL,0.8834140203683323,0.967553567347625,0.9303079416531604,0.35764889450443804,0.4743163054356706,0.05186385737439225,0.4159825999700543,0.36411874259566207
1,"label_kanon_k5_a50+attn_drop_p50_l5,7,16,17,19,21",31.42646026611328,0.5076716164638327,0.491206733055066,0.502177630559328,-0.0286547415243117,0.8784440842787682,46980_MIC,tabicl,ml_privacy_meter/logs/46980_MIC/tabicl/defense/defense_eval_results.csv,"label_kanon_k5_a50+attn_drop_p50_l5,7,16,17,19,21",label_kanon_k5_a50+attn_drop_p50,label k-anon k5 a50 + attn drop p50,label k-anon k5 a50 + attn drop...,Label k-anon + dropout,TabICL,0.8834140203683323,0.967553567347625,0.9303079416531604,0.37574240390449953,0.476346834292559,0.05186385737439225,0.42604461909852925,0.374180761724137
1,"label_kanon_k10+attn_drop_p10_l5,7,16,17,19,21",30.16715741157532,0.5416770644804552,0.5251228693237787,0.523804207634053,0.0455271958070804,0.8784440842787682,46980_MIC,tabicl,ml_privacy_meter/logs/46980_MIC/tabicl/defense/defense_eval_results.csv,"label_kanon_k10+attn_drop_p10_l5,7,16,17,19,21",label_kanon_k10+attn_drop_p10,label k-anon k10 + attn drop p10,label k-anon k10 + attn drop p10,Label k-anon + dropout,TabICL,0.8834140203683323,0.967553567347625,0.9303079416531604,0.3417369558878771,0.44243069802384627,0.05186385737439225,0.3920838269558617,0.34021996958146944
1,"label_kanon_k10+attn_drop_p30_l5,7,16,17,19,21",30.2822539806366,0.507592811980383,0.4945690576822551,0.4962095043460672,-0.0216596113998986,0.8784440842787682,46980_MIC,tabicl,ml_privacy_meter/logs/46980_MIC/tabicl/defense/defense_eval_results.csv,"label_kanon_k10+attn_drop_p30_l5,7,16,17,19,21",label_kanon_k10+attn_drop_p30,label k-anon k10 + attn drop p30,label k-anon k10 + attn drop p30,Label k-anon + dropout,TabICL,0.8834140203683323,0.967553567347625,0.9303079416531604,0.3758212083879493,0.47298450966536987,0.05186385737439225,0.4244028590266596,0.37253900165226733
1,"label_kanon_k10+attn_drop_p50_l5,7,16,17,19,21",30.344701528549194,0.4811039982768086,0.5100725263929349,0.505902455810386,0.0027520312658179,0.8784440842787682,46980_MIC,tabicl,ml_privacy_meter/logs/46980_MIC/tabicl/defense/defense_eval_results.csv,"label_kanon_k10+attn_drop_p50_l5,7,16,17,19,21",label_kanon_k10+attn_drop_p50,label k-anon k10 + attn drop p50,label k-anon k10 + attn drop p50,Label k-anon + dropout,TabICL,0.8834140203683323,0.967553567347625,0.9303079416531604,0.40231002209152367,0.4574810409546901,0.05186385737439225,0.4298955315231069,0.37803167414871464
1,"label_kanon_k10_a30+attn_drop_p10_l5,7,16,17,19,21",30.323182106018063,0.5254827431315325,0.5067679917202756,0.5136489365334959,0.0119857855318435,0.8784440842787682,46980_MIC,tabicl,ml_privacy_meter/logs/46980_MIC/tabicl/defense/defense_eval_results.csv,"label_kanon_k10_a30+attn_drop_p10_l5,7,16,17,19,21",label_kanon_k10_a30+attn_drop_p10,label k-anon k10 a30 + attn drop p10,label k-anon k10 a30 + attn...,Label k-anon + dropout,TabICL,0.8834140203683323,0.967553567347625,0.9303079416531604,0.35793127723679974,0.46078557562734934,0.05186385737439225,0.40935842643207454,0.3574945690576823
1,"label_kanon_k10_a30+attn_drop_p30_l5,7,16,17,19,21",30.390795946121216,0.5349773699791693,0.4848734794018214,0.4889923270701281,-0.0117707935768102,0.8784440842787682,46980_MIC,tabicl,ml_privacy_meter/logs/46980_MIC/tabicl/defense/defense_eval_results.csv,"label_kanon_k10_a30+attn_drop_p30_l5,7,16,17,19,21",label_kanon_k10_a30+attn_drop_p30,label k-anon k10 a30 + attn drop p30,label k-anon k10 a30 + attn...,Label k-anon + dropout,TabICL,0.8834140203683323,0.967553567347625,0.9303079416531604,0.34843665038916294,0.4826800879458036,0.05186385737439225,0.41555836916748323,0.363694511793091
1,"label_kanon_k10_a30+attn_drop_p50_l5,7,16,17,19,21",30.25603151321411,0.5152815027489631,0.5034319352542365,0.5020686176905558,-0.0013951910336271,0.8784440842787682,46980_MIC,tabicl,ml_privacy_meter/logs/46980_MIC/tabicl/defense/defense_eval_results.csv,"label_kanon_k10_a30+attn_drop_p50_l5,7,16,17,19,21",label_kanon_k10_a30+attn_drop_p50,label k-anon k10 a30 + attn drop p50,label k-anon k10 a30 + attn...,Label k-anon + dropout,TabICL,0.8834140203683323,0.967553567347625,0.9303079416531604,0.36813251761936916,0.4641216320933885,0.05186385737439225,0.41612707485637884,0.3642632174819866
1,"label_kanon_k10_a50+attn_drop_p10_l5,7,16,17,19,21",30.21244692802429,0.5271573384048396,0.4936155234325131,0.4870300954322294,-0.0119817842408283,0.893030794165316,46980_MIC,tabicl,ml_privacy_meter/logs/46980_MIC/tabicl/defense/defense_eval_results.csv,"label_kanon_k10_a50+attn_drop_p10_l5,7,16,17,19,21",label_kanon_k10_a50+attn_drop_p10,label k-anon k10 a50 + attn drop p10,label k-anon k10 a50 + attn...,Label k-anon + dropout,TabICL,0.8834140203683323,0.967553567347625,0.9303079416531604,0.3562566819634927,0.4739380439151119,0.037277147487844386,0.41509736293930233,0.37782021545145794
1,"label_kanon_k10_a50+attn_drop_p30_l5,7,16,17,19,21",30.27912926673889,0.5040899526910417,0.5151606692076734,0.5161614861474852,0.0063921027971172,0.8784440842787682,46980_MIC,tabicl,ml_privacy_meter/logs/46980_MIC/tabicl/defense/defense_eval_results.csv,"label_kanon_k10_a50+attn_drop_p30_l5,7,16,17,19,21",label_kanon_k10_a50+attn_drop_p30,label k-anon k10 a50 + attn drop p30,label k-anon k10 a50 + attn...,Label k-anon + dropout,TabICL,0.8834140203683323,0.967553567347625,0.9303079416531604,0.37932406767729054,0.45239289813995154,0.05186385737439225,0.41585848290862104,0.3639946255342288
1,"label_kanon_k10_a50+attn_drop_p50_l5,7,16,17,19,21",30.338761568069454,0.5011689331711712,0.5011676197631137,0.5031456122977023,0.0013216316544426,0.8784440842787682,46980_MIC,tabicl,ml_privacy_meter/logs/46980_MIC/tabicl/defense/defense_eval_results.csv,"label_kanon_k10_a50+attn_drop_p50_l5,7,16,17,19,21",label_kanon_k10_a50+attn_drop_p50,label k-anon k10 a50 + attn drop p50,label k-anon k10 a50 + attn...,Label k-anon + dropout,TabICL,0.8834140203683323,0.967553567347625,0.9303079416531604,0.3822450871971611,0.46638594758451124,0.05186385737439225,0.42431551739083617,0.3724516600164439
1,highrisk_label_kanon_k3,0.0,0.6392921781296543,0.0707532920572961,0.0807719687198737,-2.5652674145497056,0.9287,46980_MIC,tabicl,ml_privacy_meter/logs/46980_MIC/tabicl/defense/defense_eval_results.csv,highrisk_label_kanon_k3,highrisk_label_kanon_k3,high-risk label k-anon k3,high-risk label k-anon k3,High-risk label k-anon,TabICL,0.8834140203683323,0.967553567347625,0.9303079416531604,0.24412184223867794,0.8968002752903289,0.0016079416531604718,0.5704610587645034,0.5688531171113429
1,highrisk_label_kanon_k3_a30,0.0,0.7911116423117033,0.3479874648334993,0.0966405648705373,-0.2646710687707458,0.9271,46980_MIC,tabicl,ml_privacy_meter/logs/46980_MIC/tabicl/defense/defense_eval_results.csv,highrisk_label_kanon_k3_a30,highrisk_label_kanon_k3_a30,high-risk label k-anon k3 a30,high-risk label k-anon k3 a30,High-risk label k-anon,TabICL,0.8834140203683323,0.967553567347625,0.9303079416531604,0.092302378056629,0.6195661025141257,0.0032079416531604066,0.35593424028537735,0.35272629863221694
1,highrisk_label_kanon_k3_a50,0.0,0.8184476042123623,0.7551308285766072,0.1590405816821605,0.9056685295749456,0.9271,46980_MIC,tabicl,ml_privacy_meter/logs/46980_MIC/tabicl/defense/defense_eval_results.csv,highrisk_label_kanon_k3_a50,highrisk_label_kanon_k3_a50,high-risk label k-anon k3 a50,high-risk label k-anon k3 a50,High-risk label k-anon,TabICL,0.8834140203683323,0.967553567347625,0.9303079416531604,0.06496641615596999,0.2124227387710178,0.0032079416531604066,0.1386945774634939,0.1354866358103335
1,highrisk_label_kanon_k5,0.0,0.3171841056610514,0.0299194355497532,0.0616303596899306,-3.224008896524528,0.9254,46980_MIC,tabicl,ml_privacy_meter/logs/46980_MIC/tabicl/defense/defense_eval_results.csv,highrisk_label_kanon_k5,highrisk_label_kanon_k5,high-risk label k-anon k5,high-risk label k-anon k5,High-risk label k-anon,TabICL,0.8834140203683323,0.967553567347625,0.9303079416531604,0.5662299147072809,0.9376341317978718,0.004907941653160441,0.7519320232525764,0.7470240815994159
1,highrisk_label_kanon_k5_a30,0.0,0.767065767595071,0.1474536957989329,0.0871367441664981,-1.3682527290362287,0.9271,46980_MIC,tabicl,ml_privacy_meter/logs/46980_MIC/tabicl/defense/defense_eval_results.csv,highrisk_label_kanon_k5_a30,highrisk_label_kanon_k5_a30,high-risk label k-anon k5 a30,high-risk label k-anon k5 a30,High-risk label k-anon,TabICL,0.8834140203683323,0.967553567347625,0.9303079416531604,0.11634825277326133,0.8200998715486921,0.0032079416531604066,0.46822406216097673,0.4650161205078163
1,highrisk_label_kanon_k5_a50,0.0,0.8018894688315135,0.5777038474975635,0.1154354341733015,0.4176444974940045,0.9271,46980_MIC,tabicl,ml_privacy_meter/logs/46980_MIC/tabicl/defense/defense_eval_results.csv,highrisk_label_kanon_k5_a50,highrisk_label_kanon_k5_a50,high-risk label k-anon k5 a50,high-risk label k-anon k5 a50,High-risk label k-anon,TabICL,0.8834140203683323,0.967553567347625,0.9303079416531604,0.08152455153681881,0.38984971985006145,0.0032079416531604066,0.23568713569344013,0.23247919404027972
1,highrisk_label_kanon_k10,0.0,0.2304610850326644,0.1286667069445137,0.0702095411214928,-0.8401354631582036,0.9222,46980_MIC,tabicl,ml_privacy_meter/logs/46980_MIC/tabicl/defense/defense_eval_results.csv,highrisk_label_kanon_k10,highrisk_label_kanon_k10,high-risk label k-anon k10,high-risk label k-anon k10,High-risk label k-anon,TabICL,0.8834140203683323,0.967553567347625,0.9303079416531604,0.6529529353356679,0.8388868604031112,0.008107941653160422,0.7459198978693895,0.7378119562162291
1,highrisk_label_kanon_k10_a30,0.0,0.6953458072074581,0.4888557326321485,0.1408209851085794,0.247884182467021,0.9271,46980_MIC,tabicl,ml_privacy_meter/logs/46980_MIC/tabicl/defense/defense_eval_results.csv,highrisk_label_kanon_k10_a30,highrisk_label_kanon_k10_a30,high-risk label k-anon k10 a30,high-risk label k-anon k10 a30,High-risk label k-anon,TabICL,0.8834140203683323,0.967553567347625,0.9303079416531604,0.1880682131608742,0.4786978347154765,0.0032079416531604066,0.3333830239381753,0.3301750822850149
1,highrisk_label_kanon_k10_a50,0.0,0.8838224902742133,0.9835403702234632,0.3066742143849704,2.4176028146802926,0.9238,46980_MIC,tabicl,ml_privacy_meter/logs/46980_MIC/tabicl/defense/defense_eval_results.csv,highrisk_label_kanon_k10_a50,highrisk_label_kanon_k10_a50,high-risk label k-anon k10 a50,high-risk label k-anon k10 a50,High-risk label k-anon,TabICL,0.8834140203683323,0.967553567347625,0.9303079416531604,-0.00040846990588105925,-0.015986802875838202,0.006507941653160487,-0.00819763639085963,-0.014705578044020118
1,"attn_drop_p70_l5,7,16,17,19,21",0.0,0.5000262681611499,0.487818140266727,0.4883750252831051,-0.0610699909729951,0.8784,46980_MIC,tabicl,ml_privacy_meter/logs/46980_MIC/tabicl/defense/defense_eval_results.csv,"attn_drop_p70_l5,7,16,17,19,21",attn_drop_p70,attn drop p70,attn drop p70,Attention dropout,TabICL,0.8834140203683323,0.967553567347625,0.9303079416531604,0.38338775220718235,0.479735427080898,0.05190794165316048,0.4315615896440402,0.3796536479908797
1,"attn_drop_p90_l5,7,16,17,19,21",0.0,0.502161869662638,0.5067916330653105,0.506318806164612,0.0426166127048548,0.8784,46980_MIC,tabicl,ml_privacy_meter/logs/46980_MIC/tabicl/defense/defense_eval_results.csv,"attn_drop_p90_l5,7,16,17,19,21",attn_drop_p90,attn drop p90,attn drop p90,Attention dropout,TabICL,0.8834140203683323,0.967553567347625,0.9303079416531604,0.3812521507056943,0.4607619342823145,0.05190794165316048,0.4210070424940044,0.3690991008408439
1,no_defense,0.0,0.6626997365303436,0.8194247798071391,,,0.93354943273906,46980_MIC,tabpfn,ml_privacy_meter/logs/46980_MIC/tabpfn/defense/defense_eval_results.csv,no_defense,no_defense,No defense,No defense,No defense,TabPFN,0.6626997365303436,0.8194247798071391,0.93354943273906,0.0,0.0,0.0,0.0,0.0
1,label_kanon_k3,0.0,0.5205114936339111,0.6419518294460833,0.5266175276932089,0.2329004144266413,0.919,46980_MIC,tabpfn,ml_privacy_meter/logs/46980_MIC/tabpfn/defense/defense_eval_results.csv,label_kanon_k3,label_kanon_k3,label k-anon k3,label k-anon k3,Label k-anon,TabPFN,0.6626997365303436,0.8194247798071391,0.93354943273906,0.1421882428964325,0.17747295036105581,0.014549432739059953,0.15983059662874416,0.1452811638896842
1,label_kanon_k3_a30,0.0,0.5602013717233753,0.7377833349532033,0.5320353359303789,0.3544080644183713,0.9206,46980_MIC,tabpfn,ml_privacy_meter/logs/46980_MIC/tabpfn/defense/defense_eval_results.csv,label_kanon_k3_a30,label_kanon_k3_a30,label k-anon k3 a30,label k-anon k3 a30,Label k-anon,TabPFN,0.6626997365303436,0.8194247798071391,0.93354943273906,0.10249836480696839,0.08164144485393587,0.012949432739060018,0.09206990483045213,0.07912047209139211
1,label_kanon_k3_a50,0.0,0.5822863282101662,0.7817220881086662,0.5413487124660812,0.4557223732295546,0.9238,46980_MIC,tabpfn,ml_privacy_meter/logs/46980_MIC/tabpfn/defense/defense_eval_results.csv,label_kanon_k3_a50,label_kanon_k3_a50,label k-anon k3 a50,label k-anon k3 a50,Label k-anon,TabPFN,0.6626997365303436,0.8194247798071391,0.93354943273906,0.0804134083201774,0.03770269169847296,0.009749432739060038,0.05905805000932518,0.04930861727026514
1,label_kanon_k5,0.0,0.5133468526802718,0.5920147416920374,0.5198758041340832,0.1718298974332127,0.9125,46980_MIC,tabpfn,ml_privacy_meter/logs/46980_MIC/tabpfn/defense/defense_eval_results.csv,label_kanon_k5,label_kanon_k5,label k-anon k5,label k-anon k5,Label k-anon,TabPFN,0.6626997365303436,0.8194247798071391,0.93354943273906,0.14935288385007184,0.22741003811510174,0.021049432739060014,0.1883814609825868,0.16733202824352678
1,label_kanon_k5_a30,0.0,0.5299128685094657,0.6904888242108389,0.5270693400649874,0.3012800883979152,0.9206,46980_MIC,tabpfn,ml_privacy_meter/logs/46980_MIC/tabpfn/defense/defense_eval_results.csv,label_kanon_k5_a30,label_kanon_k5_a30,label k-anon k5 a30,label k-anon k5 a30,Label k-anon,TabPFN,0.6626997365303436,0.8194247798071391,0.93354943273906,0.1327868680208779,0.12893595559630022,0.012949432739060018,0.13086141180858907,0.11791197906952905
1,label_kanon_k5_a50,0.0,0.5647825390279204,0.7536755724489018,0.5351809482280812,0.4107167798784754,0.9222,46980_MIC,tabpfn,ml_privacy_meter/logs/46980_MIC/tabpfn/defense/defense_eval_results.csv,label_kanon_k5_a50,label_kanon_k5_a50,label k-anon k5 a50,label k-anon k5 a50,Label k-anon,TabPFN,0.6626997365303436,0.8194247798071391,0.93354943273906,0.09791719750242323,0.0657492073582373,0.011349432739059973,0.08183320243033027,0.07048376969127029
1,label_kanon_k10,0.0,0.5142018813257015,0.5070516878606947,0.519782552162001,0.1282757476394754,0.9141,46980_MIC,tabpfn,ml_privacy_meter/logs/46980_MIC/tabpfn/defense/defense_eval_results.csv,label_kanon_k10,label_kanon_k10,label k-anon k10,label k-anon k10,Label k-anon,TabPFN,0.6626997365303436,0.8194247798071391,0.93354943273906,0.1484978552046421,0.31237309194644447,0.01944943273905997,0.23043547357554328,0.2109860408364833
1,label_kanon_k10_a30,0.0,0.5325015957907899,0.5264034421798371,0.5237122690700283,0.1812627385446485,0.919,46980_MIC,tabpfn,ml_privacy_meter/logs/46980_MIC/tabpfn/defense/defense_eval_results.csv,label_kanon_k10_a30,label_kanon_k10_a30,label k-anon k10 a30,label k-anon k10 a30,Label k-anon,TabPFN,0.6626997365303436,0.8194247798071391,0.93354943273906,0.1301981407395537,0.293021337627302,0.014549432739059953,0.21160973918342785,0.1970603064443679
1,label_kanon_k10_a50,0.0,0.5534294397789272,0.5814877761112089,0.5308808502478402,0.3167763995779539,0.9222,46980_MIC,tabpfn,ml_privacy_meter/logs/46980_MIC/tabpfn/defense/defense_eval_results.csv,label_kanon_k10_a50,label_kanon_k10_a50,label k-anon k10 a50,label k-anon k10 a50,Label k-anon,TabPFN,0.6626997365303436,0.8194247798071391,0.93354943273906,0.10927029675141642,0.23793700369593018,0.011349432739059973,0.1736036502236733,0.16225421748461333
1,"attn_drop_p10_l1,5,8,10,11,20",0.0,0.6607309378521575,0.8146374074375671,0.5553824775604234,0.6346361774455058,0.9335,46980_MIC,tabpfn,ml_privacy_meter/logs/46980_MIC/tabpfn/defense/defense_eval_results.csv,"attn_drop_p10_l1,5,8,10,11,20",attn_drop_p10,attn drop p10,attn drop p10,Attention dropout,TabPFN,0.6626997365303436,0.8194247798071391,0.93354943273906,0.001968798678186112,0.004787372369572052,4.943273905999579e-05,0.003378085523879082,0.003328652784819086
1,"attn_drop_p30_l1,5,8,10,11,20",0.0,0.6590655364352529,0.8001780981325964,0.5491831915290434,0.6067913566281388,0.9335,46980_MIC,tabpfn,ml_privacy_meter/logs/46980_MIC/tabpfn/defense/defense_eval_results.csv,"attn_drop_p30_l1,5,8,10,11,20",attn_drop_p30,attn drop p30,attn drop p30,Attention dropout,TabPFN,0.6626997365303436,0.8194247798071391,0.93354943273906,0.003634200095090745,0.019246681674542687,4.943273905999579e-05,0.011440440884816716,0.01139100814575672
1,"attn_drop_p50_l1,5,8,10,11,20",0.0,0.6523724089742546,0.7808421047101439,0.5454990819277677,0.5684516695689626,0.9335,46980_MIC,tabpfn,ml_privacy_meter/logs/46980_MIC/tabpfn/defense/defense_eval_results.csv,"attn_drop_p50_l1,5,8,10,11,20",attn_drop_p50,attn drop p50,attn drop p50,Attention dropout,TabPFN,0.6626997365303436,0.8194247798071391,0.93354943273906,0.010327327556089005,0.0385826750969952,4.943273905999579e-05,0.024455001326542103,0.024405568587482107
1,"label_kanon_k3+attn_drop_p10_l1,5,8,10,11,20",95.76625418663023,0.5219457352326965,0.6398635106346651,0.5263653533461697,0.2318926763073283,0.9173419773095624,46980_MIC,tabpfn,ml_privacy_meter/logs/46980_MIC/tabpfn/defense/defense_eval_results.csv,"label_kanon_k3+attn_drop_p10_l1,5,8,10,11,20",label_kanon_k3+attn_drop_p10,label k-anon k3 + attn drop p10,label k-anon k3 + attn drop p10,Label k-anon + dropout,TabPFN,0.6626997365303436,0.8194247798071391,0.93354943273906,0.14075400129764715,0.17956126917247406,0.01620745542949764,0.1601576352350606,0.14395017980556296
1,"label_kanon_k3+attn_drop_p30_l1,5,8,10,11,20",95.67753481864928,0.52244220347843,0.6350393628394831,0.5259174811985636,0.2277944364708132,0.9173419773095624,46980_MIC,tabpfn,ml_privacy_meter/logs/46980_MIC/tabpfn/defense/defense_eval_results.csv,"label_kanon_k3+attn_drop_p30_l1,5,8,10,11,20",label_kanon_k3+attn_drop_p30,label k-anon k3 + attn drop p30,label k-anon k3 + attn drop p30,Label k-anon + dropout,TabPFN,0.6626997365303436,0.8194247798071391,0.93354943273906,0.14025753305191369,0.18438541696765598,0.01620745542949764,0.16232147500978483,0.1461140195802872
1,"label_kanon_k3+attn_drop_p50_l1,5,8,10,11,20",95.76879715919496,0.5208648004013775,0.62750959444586,0.5271350104678622,0.217100458190347,0.9141004862236628,46980_MIC,tabpfn,ml_privacy_meter/logs/46980_MIC/tabpfn/defense/defense_eval_results.csv,"label_kanon_k3+attn_drop_p50_l1,5,8,10,11,20",label_kanon_k3+attn_drop_p50,label k-anon k3 + attn drop p50,label k-anon k3 + attn drop p50,Label k-anon + dropout,TabPFN,0.6626997365303436,0.8194247798071391,0.93354943273906,0.14183493612896614,0.19191518536127916,0.019448946515397192,0.16687506074512265,0.14742611422972546
1,"label_kanon_k3_a30+attn_drop_p10_l1,5,8,10,11,20",96.3398380279541,0.5536829275340238,0.7340086001959605,0.5320077543611714,0.3522084927596395,0.9222042139384116,46980_MIC,tabpfn,ml_privacy_meter/logs/46980_MIC/tabpfn/defense/defense_eval_results.csv,"label_kanon_k3_a30+attn_drop_p10_l1,5,8,10,11,20",label_kanon_k3_a30+attn_drop_p10,label k-anon k3 a30 + attn drop p10,label k-anon k3 a30 + attn drop...,Label k-anon + dropout,TabPFN,0.6626997365303436,0.8194247798071391,0.93354943273906,0.10901680899631983,0.08541617961117864,0.011345218800648427,0.09721649430374923,0.08587127550310081
1,"label_kanon_k3_a30+attn_drop_p30_l1,5,8,10,11,20",96.452476978302,0.5517325165686426,0.7246203594009808,0.5322454812195783,0.3423153390757626,0.9222042139384116,46980_MIC,tabpfn,ml_privacy_meter/logs/46980_MIC/tabpfn/defense/defense_eval_results.csv,"label_kanon_k3_a30+attn_drop_p30_l1,5,8,10,11,20",label_kanon_k3_a30+attn_drop_p30,label k-anon k3 a30 + attn drop p30,label k-anon k3 a30 + attn drop...,Label k-anon + dropout,TabPFN,0.6626997365303436,0.8194247798071391,0.93354943273906,0.110967219961701,0.09480442040615833,0.011345218800648427,0.10288582018392967,0.09154060138328124
1,"label_kanon_k3_a30+attn_drop_p50_l1,5,8,10,11,20",96.5898051261902,0.5573788578078169,0.7063167047117199,0.5274016323035339,0.3231558758400925,0.9222042139384116,46980_MIC,tabpfn,ml_privacy_meter/logs/46980_MIC/tabpfn/defense/defense_eval_results.csv,"label_kanon_k3_a30+attn_drop_p50_l1,5,8,10,11,20",label_kanon_k3_a30+attn_drop_p50,label k-anon k3 a30 + attn drop p50,label k-anon k3 a30 + attn drop...,Label k-anon + dropout,TabPFN,0.6626997365303436,0.8194247798071391,0.93354943273906,0.10532087872252671,0.1131080750954192,0.011345218800648427,0.10921447690897296,0.09786925810832453
1,"label_kanon_k3_a50+attn_drop_p10_l1,5,8,10,11,20",96.5477578639984,0.5819855577649997,0.7756830378603007,0.5406420989311485,0.4502624433245357,0.9222042139384116,46980_MIC,tabpfn,ml_privacy_meter/logs/46980_MIC/tabpfn/defense/defense_eval_results.csv,"label_kanon_k3_a50+attn_drop_p10_l1,5,8,10,11,20",label_kanon_k3_a50+attn_drop_p10,label k-anon k3 a50 + attn drop p10,label k-anon k3 a50 + attn drop...,Label k-anon + dropout,TabPFN,0.6626997365303436,0.8194247798071391,0.93354943273906,0.08071417876534392,0.04374174194683844,0.011345218800648427,0.06222796035609118,0.050882741555442756
1,"label_kanon_k3_a50+attn_drop_p30_l1,5,8,10,11,20",96.42842316627502,0.5799432082355939,0.7654226941151439,0.5382871582840587,0.4352998345365584,0.9222042139384116,46980_MIC,tabpfn,ml_privacy_meter/logs/46980_MIC/tabpfn/defense/defense_eval_results.csv,"label_kanon_k3_a50+attn_drop_p30_l1,5,8,10,11,20",label_kanon_k3_a50+attn_drop_p30,label k-anon k3 a50 + attn drop p30,label k-anon k3 a50 + attn drop...,Label k-anon + dropout,TabPFN,0.6626997365303436,0.8194247798071391,0.93354943273906,0.08275652829474978,0.05400208569199527,0.011345218800648427,0.06837930699337252,0.0570340881927241
1,"label_kanon_k3_a50+attn_drop_p50_l1,5,8,10,11,20",96.5992214679718,0.5809479653995782,0.747876875875058,0.5356616555771245,0.4129587702327577,0.9222042139384116,46980_MIC,tabpfn,ml_privacy_meter/logs/46980_MIC/tabpfn/defense/defense_eval_results.csv,"label_kanon_k3_a50+attn_drop_p50_l1,5,8,10,11,20",label_kanon_k3_a50+attn_drop_p50,label k-anon k3 a50 + attn drop p50,label k-anon k3 a50 + attn drop...,Label k-anon + dropout,TabPFN,0.6626997365303436,0.8194247798071391,0.93354943273906,0.08175177113076548,0.0715479039320811,0.011345218800648427,0.07664983753142329,0.06530461873077487
1,"label_kanon_k5+attn_drop_p10_l1,5,8,10,11,20",87.95478320121765,0.5137960382359353,0.5909311800446033,0.5196118091145265,0.1716407906923211,0.9108589951377634,46980_MIC,tabpfn,ml_privacy_meter/logs/46980_MIC/tabpfn/defense/defense_eval_results.csv,"label_kanon_k5+attn_drop_p10_l1,5,8,10,11,20",label_kanon_k5+attn_drop_p10,label k-anon k5 + attn drop p10,label k-anon k5 + attn drop p10,Label k-anon + dropout,TabPFN,0.6626997365303436,0.8194247798071391,0.93354943273906,0.1489036982944083,0.2284935997625358,0.02269043760129663,0.18869864902847205,0.16600821142717542
1,"label_kanon_k5+attn_drop_p30_l1,5,8,10,11,20",88.04669547080994,0.5144501154485682,0.5892684054438138,0.519022088896711,0.1695436552915075,0.905996758508914,46980_MIC,tabpfn,ml_privacy_meter/logs/46980_MIC/tabpfn/defense/defense_eval_results.csv,"label_kanon_k5+attn_drop_p30_l1,5,8,10,11,20",label_kanon_k5+attn_drop_p30,label k-anon k5 + attn drop p30,label k-anon k5 + attn drop p30,Label k-anon + dropout,TabPFN,0.6626997365303436,0.8194247798071391,0.93354943273906,0.14824962108177542,0.23015637436332537,0.027552674230145957,0.1892029977225504,0.16165032349240444
1,"label_kanon_k5+attn_drop_p50_l1,5,8,10,11,20",88.03857564926147,0.5195435118955369,0.5874112464505148,0.5199217734160955,0.1641366814667532,0.9076175040518638,46980_MIC,tabpfn,ml_privacy_meter/logs/46980_MIC/tabpfn/defense/defense_eval_results.csv,"label_kanon_k5+attn_drop_p50_l1,5,8,10,11,20",label_kanon_k5+attn_drop_p50,label k-anon k5 + attn drop p50,label k-anon k5 + attn drop p50,Label k-anon + dropout,TabPFN,0.6626997365303436,0.8194247798071391,0.93354943273906,0.1431562246348067,0.23201353335662434,0.025931928687196182,0.18758487899571552,0.16165295030851934
1,"label_kanon_k5_a30+attn_drop_p10_l1,5,8,10,11,20",88.70328378677368,0.5259253616469086,0.68624520277707,0.5268211059421207,0.2984811004101373,0.920583468395462,46980_MIC,tabpfn,ml_privacy_meter/logs/46980_MIC/tabpfn/defense/defense_eval_results.csv,"label_kanon_k5_a30+attn_drop_p10_l1,5,8,10,11,20",label_kanon_k5_a30+attn_drop_p10,label k-anon k5 a30 + attn drop p10,label k-anon k5 a30 + attn drop...,Label k-anon + dropout,TabPFN,0.6626997365303436,0.8194247798071391,0.93354943273906,0.13677437488343502,0.1331795770300691,0.01296596434359798,0.13497697595675207,0.12201101161315409
1,"label_kanon_k5_a30+attn_drop_p30_l1,5,8,10,11,20",88.84053874015808,0.5274476015855463,0.6792999009690325,0.5259201080146787,0.2909919530169591,0.918962722852512,46980_MIC,tabpfn,ml_privacy_meter/logs/46980_MIC/tabpfn/defense/defense_eval_results.csv,"label_kanon_k5_a30+attn_drop_p30_l1,5,8,10,11,20",label_kanon_k5_a30+attn_drop_p30,label k-anon k5 a30 + attn drop p30,label k-anon k5 a30 + attn drop...,Label k-anon + dropout,TabPFN,0.6626997365303436,0.8194247798071391,0.93354943273906,0.13525213494479738,0.14012487883810665,0.014586709886547977,0.137688506891452,0.12310179700490403
1,"label_kanon_k5_a30+attn_drop_p50_l1,5,8,10,11,20",88.58805179595947,0.5243111831442464,0.6649693056536963,0.5251872263185959,0.2769904649589907,0.9173419773095624,46980_MIC,tabpfn,ml_privacy_meter/logs/46980_MIC/tabpfn/defense/defense_eval_results.csv,"label_kanon_k5_a30+attn_drop_p50_l1,5,8,10,11,20",label_kanon_k5_a30+attn_drop_p50,label k-anon k5 a30 + attn drop p50,label k-anon k5 a30 + attn drop...,Label k-anon + dropout,TabPFN,0.6626997365303436,0.8194247798071391,0.93354943273906,0.13838855338609723,0.15445547415344285,0.01620745542949764,0.14642201376977004,0.1302145583402724
1,"label_kanon_k5_a50+attn_drop_p10_l1,5,8,10,11,20",88.76439714431763,0.5630291392711636,0.7491416878344266,0.5341131474773372,0.4064848252499457,0.9222042139384116,46980_MIC,tabpfn,ml_privacy_meter/logs/46980_MIC/tabpfn/defense/defense_eval_results.csv,"label_kanon_k5_a50+attn_drop_p10_l1,5,8,10,11,20",label_kanon_k5_a50+attn_drop_p10,label k-anon k5 a50 + attn drop p10,label k-anon k5 a50 + attn drop...,Label k-anon + dropout,TabPFN,0.6626997365303436,0.8194247798071391,0.93354943273906,0.09967059725918004,0.07028309197271254,0.011345218800648427,0.08497684461594629,0.07363162581529786
1,"label_kanon_k5_a50+attn_drop_p30_l1,5,8,10,11,20",88.64811754226685,0.5669365282422134,0.7386935267370478,0.5342628759958916,0.3938640627997515,0.9222042139384116,46980_MIC,tabpfn,ml_privacy_meter/logs/46980_MIC/tabpfn/defense/defense_eval_results.csv,"label_kanon_k5_a50+attn_drop_p30_l1,5,8,10,11,20",label_kanon_k5_a50+attn_drop_p30,label k-anon k5 a50 + attn drop p30,label k-anon k5 a50 + attn drop...,Label k-anon + dropout,TabPFN,0.6626997365303436,0.8194247798071391,0.93354943273906,0.09576320828813023,0.08073125307009132,0.011345218800648427,0.08824723067911078,0.07690201187846235
1,"label_kanon_k5_a50+attn_drop_p50_l1,5,8,10,11,20",88.64066791534424,0.5577085232302483,0.7210689040135124,0.5286428029178672,0.3730382134588656,0.9222042139384116,46980_MIC,tabpfn,ml_privacy_meter/logs/46980_MIC/tabpfn/defense/defense_eval_results.csv,"label_kanon_k5_a50+attn_drop_p50_l1,5,8,10,11,20",label_kanon_k5_a50+attn_drop_p50,label k-anon k5 a50 + attn drop p50,label k-anon k5 a50 + attn drop...,Label k-anon + dropout,TabPFN,0.6626997365303436,0.8194247798071391,0.93354943273906,0.10499121330009531,0.0983558757936267,0.011345218800648427,0.101673544546861,0.09032832574621258
1,"label_kanon_k10+attn_drop_p10_l1,5,8,10,11,20",79.79757952690125,0.5115330361528703,0.5064869223959715,0.5190916995237582,0.1255939142091213,0.9108589951377634,46980_MIC,tabpfn,ml_privacy_meter/logs/46980_MIC/tabpfn/defense/defense_eval_results.csv,"label_kanon_k10+attn_drop_p10_l1,5,8,10,11,20",label_kanon_k10+attn_drop_p10,label k-anon k10 + attn drop p10,label k-anon k10 + attn drop p10,Label k-anon + dropout,TabPFN,0.6626997365303436,0.8194247798071391,0.93354943273906,0.15116670037747337,0.31293785741116764,0.02269043760129663,0.2320522788943205,0.20936184129302388
1,"label_kanon_k10+attn_drop_p30_l1,5,8,10,11,20",79.67744636535645,0.5150647904194763,0.5070227928834298,0.5208674272174925,0.1261716582782511,0.9124797406807132,46980_MIC,tabpfn,ml_privacy_meter/logs/46980_MIC/tabpfn/defense/defense_eval_results.csv,"label_kanon_k10+attn_drop_p30_l1,5,8,10,11,20",label_kanon_k10+attn_drop_p30,label k-anon k10 + attn drop p30,label k-anon k10 + attn drop p30,Label k-anon + dropout,TabPFN,0.6626997365303436,0.8194247798071391,0.93354943273906,0.14763494611086736,0.31240198692370935,0.021069692058346745,0.23001846651728836,0.2089487744589416
1,"label_kanon_k10+attn_drop_p50_l1,5,8,10,11,20",79.5257728099823,0.5177270685520201,0.508493809907825,0.5193596347674874,0.1259742300778253,0.905996758508914,46980_MIC,tabpfn,ml_privacy_meter/logs/46980_MIC/tabpfn/defense/defense_eval_results.csv,"label_kanon_k10+attn_drop_p50_l1,5,8,10,11,20",label_kanon_k10+attn_drop_p50,label k-anon k10 + attn drop p50,label k-anon k10 + attn drop p50,Label k-anon + dropout,TabPFN,0.6626997365303436,0.8194247798071391,0.93354943273906,0.14497266797832353,0.3109309698993141,0.027552674230145957,0.22795181893881883,0.20039914470867287
1,"label_kanon_k10_a30+attn_drop_p10_l1,5,8,10,11,20",80.05520129203796,0.5323886426978451,0.5250191100872366,0.5231225488522127,0.1774102435027396,0.918962722852512,46980_MIC,tabpfn,ml_privacy_meter/logs/46980_MIC/tabpfn/defense/defense_eval_results.csv,"label_kanon_k10_a30+attn_drop_p10_l1,5,8,10,11,20",label_kanon_k10_a30+attn_drop_p10,label k-anon k10 a30 + attn drop p10,label k-anon k10 a30 + attn...,Label k-anon + dropout,TabPFN,0.6626997365303436,0.8194247798071391,0.93354943273906,0.1303110938324985,0.29440566971990256,0.014586709886547977,0.21235838177620053,0.19777167188965256
1,"label_kanon_k10_a30+attn_drop_p30_l1,5,8,10,11,20",80.39033555984497,0.5270509523521825,0.5284024492433457,0.5240077858829648,0.1823066120427914,0.918962722852512,46980_MIC,tabpfn,ml_privacy_meter/logs/46980_MIC/tabpfn/defense/defense_eval_results.csv,"label_kanon_k10_a30+attn_drop_p30_l1,5,8,10,11,20",label_kanon_k10_a30+attn_drop_p30,label k-anon k10 a30 + attn drop p30,label k-anon k10 a30 + attn...,Label k-anon + dropout,TabPFN,0.6626997365303436,0.8194247798071391,0.93354943273906,0.13564878417816117,0.29102233056379345,0.014586709886547977,0.2133355573709773,0.19874884748442934
1,"label_kanon_k10_a30+attn_drop_p50_l1,5,8,10,11,20",80.54448986053467,0.5324792678538124,0.5292929399063278,0.5231461901972476,0.1832452573844206,0.918962722852512,46980_MIC,tabpfn,ml_privacy_meter/logs/46980_MIC/tabpfn/defense/defense_eval_results.csv,"label_kanon_k10_a30+attn_drop_p50_l1,5,8,10,11,20",label_kanon_k10_a30+attn_drop_p50,label k-anon k10 a30 + attn drop p50,label k-anon k10 a30 + attn...,Label k-anon + dropout,TabPFN,0.6626997365303436,0.8194247798071391,0.93354943273906,0.13022046867653125,0.2901318399008114,0.014586709886547977,0.2101761542886713,0.19558944440212334
1,"label_kanon_k10_a50+attn_drop_p10_l1,5,8,10,11,20",80.33778929710388,0.551179571776437,0.5797803456364645,0.5295569349258843,0.3121260122986493,0.9222042139384116,46980_MIC,tabpfn,ml_privacy_meter/logs/46980_MIC/tabpfn/defense/defense_eval_results.csv,"label_kanon_k10_a50+attn_drop_p10_l1,5,8,10,11,20",label_kanon_k10_a50+attn_drop_p10,label k-anon k10 a50 + attn drop p10,label k-anon k10 a50 + attn...,Label k-anon + dropout,TabPFN,0.6626997365303436,0.8194247798071391,0.93354943273906,0.11152016475390669,0.2396444341706746,0.011345218800648427,0.17558229946229065,0.16423708066164222
1,"label_kanon_k10_a50+attn_drop_p30_l1,5,8,10,11,20",80.37195467948914,0.5520188395251767,0.5788294382028374,0.5290066169497937,0.3055181244803123,0.9222042139384116,46980_MIC,tabpfn,ml_privacy_meter/logs/46980_MIC/tabpfn/defense/defense_eval_results.csv,"label_kanon_k10_a50+attn_drop_p30_l1,5,8,10,11,20",label_kanon_k10_a50+attn_drop_p30,label k-anon k10 a50 + attn drop p30,label k-anon k10 a50 + attn...,Label k-anon + dropout,TabPFN,0.6626997365303436,0.8194247798071391,0.93354943273906,0.11068089700516692,0.24059534160430174,0.011345218800648427,0.17563811930473433,0.1642929005040859
1,"label_kanon_k10_a50+attn_drop_p50_l1,5,8,10,11,20",80.6470205783844,0.5390266070204288,0.5801769948698281,0.5286283554292349,0.3015999636470114,0.9222042139384116,46980_MIC,tabpfn,ml_privacy_meter/logs/46980_MIC/tabpfn/defense/defense_eval_results.csv,"label_kanon_k10_a50+attn_drop_p50_l1,5,8,10,11,20",label_kanon_k10_a50+attn_drop_p50,label k-anon k10 a50 + attn drop p50,label k-anon k10 a50 + attn...,Label k-anon + dropout,TabPFN,0.6626997365303436,0.8194247798071391,0.93354943273906,0.12367312950991483,0.23924778493731103,0.011345218800648427,0.18146045722361293,0.1701152384229645
1,highrisk_label_kanon_k3,0.0,0.5661314091029686,0.5172594952835516,0.4303184489176204,-0.4276905973326462,0.919,46980_MIC,tabpfn,ml_privacy_meter/logs/46980_MIC/tabpfn/defense/defense_eval_results.csv,highrisk_label_kanon_k3,highrisk_label_kanon_k3,high-risk label k-anon k3,high-risk label k-anon k3,High-risk label k-anon,TabPFN,0.6626997365303436,0.8194247798071391,0.93354943273906,0.09656832742737509,0.3021652845235875,0.014549432739059953,0.1993668059754813,0.18481737323642133
1,highrisk_label_kanon_k3_a30,0.0,0.6139447160280439,0.591075654930928,0.4336308640386247,-0.1522217048251996,0.9206,46980_MIC,tabpfn,ml_privacy_meter/logs/46980_MIC/tabpfn/defense/defense_eval_results.csv,highrisk_label_kanon_k3_a30,highrisk_label_kanon_k3_a30,high-risk label k-anon k3 a30,high-risk label k-anon k3 a30,High-risk label k-anon,TabPFN,0.6626997365303436,0.8194247798071391,0.93354943273906,0.04875502050229974,0.22834912487621117,0.012949432739060018,0.13855207268925546,0.12560263995019544
1,highrisk_label_kanon_k3_a50,0.0,0.6326134981572885,0.6424719390368516,0.4433789786413581,0.1421373741742873,0.9238,46980_MIC,tabpfn,ml_privacy_meter/logs/46980_MIC/tabpfn/defense/defense_eval_results.csv,highrisk_label_kanon_k3_a50,highrisk_label_kanon_k3_a50,high-risk label k-anon k3 a50,high-risk label k-anon k3 a50,High-risk label k-anon,TabPFN,0.6626997365303436,0.8194247798071391,0.93354943273906,0.03008623837305513,0.1769528407702875,0.009749432739060038,0.10351953957167132,0.09377010683261128
1,highrisk_label_kanon_k5,0.0,0.5280911715337191,0.482988738839315,0.4238157656249589,-0.5236640597129695,0.9125,46980_MIC,tabpfn,ml_privacy_meter/logs/46980_MIC/tabpfn/defense/defense_eval_results.csv,highrisk_label_kanon_k5,highrisk_label_kanon_k5,high-risk label k-anon k5,high-risk label k-anon k5,High-risk label k-anon,TabPFN,0.6626997365303436,0.8194247798071391,0.93354943273906,0.13460856499662455,0.33643604096782415,0.021049432739060014,0.23552230298222435,0.21447287024316433
1,highrisk_label_kanon_k5_a30,0.0,0.5824216092400883,0.5508183845606256,0.4292834833683137,-0.3284478752442726,0.9206,46980_MIC,tabpfn,ml_privacy_meter/logs/46980_MIC/tabpfn/defense/defense_eval_results.csv,highrisk_label_kanon_k5_a30,highrisk_label_kanon_k5_a30,high-risk label k-anon k5 a30,high-risk label k-anon k5 a30,High-risk label k-anon,TabPFN,0.6626997365303436,0.8194247798071391,0.93354943273906,0.0802781272902553,0.26860639524651353,0.012949432739060018,0.1744422612683844,0.1614928285293244
1,highrisk_label_kanon_k5_a50,0.0,0.6020202842740399,0.6099729700621768,0.4353947710598415,-0.0337523341265364,0.9222,46980_MIC,tabpfn,ml_privacy_meter/logs/46980_MIC/tabpfn/defense/defense_eval_results.csv,highrisk_label_kanon_k5_a50,highrisk_label_kanon_k5_a50,high-risk label k-anon k5 a50,high-risk label k-anon k5 a50,High-risk label k-anon,TabPFN,0.6626997365303436,0.8194247798071391,0.93354943273906,0.06067945225630378,0.20945180974496236,0.011349432739059973,0.13506563100063307,0.1237161982615731
1,highrisk_label_kanon_k10,0.0,0.4872179127844512,0.4141201873445252,0.4210431612155854,-0.3131694805453223,0.9141,46980_MIC,tabpfn,ml_privacy_meter/logs/46980_MIC/tabpfn/defense/defense_eval_results.csv,highrisk_label_kanon_k10,highrisk_label_kanon_k10,high-risk label k-anon k10,high-risk label k-anon k10,High-risk label k-anon,TabPFN,0.6626997365303436,0.8194247798071391,0.93354943273906,0.17548182374589244,0.4053045924626139,0.01944943273905997,0.2903932081042532,0.2709437753651932
1,highrisk_label_kanon_k10_a30,0.0,0.5623146452878859,0.426902274560074,0.4254063027825863,-0.2112126634692533,0.919,46980_MIC,tabpfn,ml_privacy_meter/logs/46980_MIC/tabpfn/defense/defense_eval_results.csv,highrisk_label_kanon_k10_a30,highrisk_label_kanon_k10_a30,high-risk label k-anon k10 a30,high-risk label k-anon k10 a30,High-risk label k-anon,TabPFN,0.6626997365303436,0.8194247798071391,0.93354943273906,0.10038509124245776,0.3925225052470651,0.014549432739059953,0.24645379824476144,0.23190436550570148
1,highrisk_label_kanon_k10_a50,0.0,0.5944695013514969,0.4739905802374116,0.4310762853667955,-0.0422129492106289,0.9222,46980_MIC,tabpfn,ml_privacy_meter/logs/46980_MIC/tabpfn/defense/defense_eval_results.csv,highrisk_label_kanon_k10_a50,highrisk_label_kanon_k10_a50,high-risk label k-anon k10 a50,high-risk label k-anon k10 a50,High-risk label k-anon,TabPFN,0.6626997365303436,0.8194247798071391,0.93354943273906,0.06823023517884674,0.34543419956972754,0.011349432739059973,0.20683221737428714,0.19548278463522717
1,"attn_drop_p70_l1,5,8,10,11,20",0.0,0.6367034508483302,0.7579861776936029,0.5390975310555335,0.5164952735376461,0.9335,46980_MIC,tabpfn,ml_privacy_meter/logs/46980_MIC/tabpfn/defense/defense_eval_results.csv,"attn_drop_p70_l1,5,8,10,11,20",attn_drop_p70,attn drop p70,attn drop p70,Attention dropout,TabPFN,0.6626997365303436,0.8194247798071391,0.93354943273906,0.025996285682013398,0.061438602113536245,4.943273905999579e-05,0.04371744389777482,0.043668011158714826
1,"attn_drop_p90_l1,5,8,10,11,20",0.0,0.6054180709187815,0.7146371447559555,0.5258951532615862,0.4548655918041391,0.9319,46980_MIC,tabpfn,ml_privacy_meter/logs/46980_MIC/tabpfn/defense/defense_eval_results.csv,"attn_drop_p90_l1,5,8,10,11,20",attn_drop_p90,attn drop p90,attn drop p90,Attention dropout,TabPFN,0.6626997365303436,0.8194247798071391,0.93354943273906,0.057281665611562116,0.1047876350511836,0.0016494327390600416,0.08103465033137286,0.07938521759231282
1,no_defense,0.0,0.9365118611245592,0.923661733176568,,,0.5900131406044679,credit_rating,real-tabpfn,ml_privacy_meter/logs/credit_rating/real-tabpfn/defense/defense_eval_results.csv,no_defense,no_defense,No defense,No defense,No defense,Real TabPFN,0.9365118611245592,0.923661733176568,0.5900131406044679,0.0,0.0,0.0,0.0,0.0
1,label_kanon_k3,0.0,0.5687417871222076,0.5785721695829588,0.5388590151462757,0.2577047411341708,0.4087,credit_rating,real-tabpfn,ml_privacy_meter/logs/credit_rating/real-tabpfn/defense/defense_eval_results.csv,label_kanon_k3,label_kanon_k3,label k-anon k3,label k-anon k3,Label k-anon,Real TabPFN,0.9365118611245592,0.923661733176568,0.5900131406044679,0.3677700740023516,0.3450895635936092,0.18131314060446785,0.3564298187979804,0.17511667819351256
1,label_kanon_k3_a30,0.0,0.6258636489383775,0.6968393388201121,0.5641667819351269,0.4672578968832403,0.4389,credit_rating,real-tabpfn,ml_privacy_meter/logs/credit_rating/real-tabpfn/defense/defense_eval_results.csv,label_kanon_k3_a30,label_kanon_k3_a30,label k-anon k3 a30,label k-anon k3 a30,Label k-anon,Real TabPFN,0.9365118611245592,0.923661733176568,0.5900131406044679,0.31064821218618166,0.2268223943564559,0.15111314060446784,0.2687353032713188,0.11762216266685094
1,label_kanon_k3_a50,0.0,0.702441385987966,0.8006846946538488,0.5979156580676396,0.7301969246012185,0.4744,credit_rating,real-tabpfn,ml_privacy_meter/logs/credit_rating/real-tabpfn/defense/defense_eval_results.csv,label_kanon_k3_a50,label_kanon_k3_a50,label k-anon k3 a50,label k-anon k3 a50,Label k-anon,Real TabPFN,0.9365118611245592,0.923661733176568,0.5900131406044679,0.23407047513659318,0.12297703852271913,0.11561314060446787,0.17852375682965615,0.06291061622518829
1,label_kanon_k5,0.0,0.5498158586347603,0.514966456878069,0.5260866934089494,0.1488265818866537,0.4047,credit_rating,real-tabpfn,ml_privacy_meter/logs/credit_rating/real-tabpfn/defense/defense_eval_results.csv,label_kanon_k5,label_kanon_k5,label k-anon k5,label k-anon k5,Label k-anon,Real TabPFN,0.9365118611245592,0.923661733176568,0.5900131406044679,0.38669600248979885,0.408695276298499,0.18531314060446785,0.3976956393941489,0.21238249878968107
1,label_kanon_k5_a30,0.0,0.5870962722179958,0.5330209558060723,0.541263227055813,0.2125921947982924,0.4244,credit_rating,real-tabpfn,ml_privacy_meter/logs/credit_rating/real-tabpfn/defense/defense_eval_results.csv,label_kanon_k5_a30,label_kanon_k5_a30,label k-anon k5 a30,label k-anon k5 a30,Label k-anon,Real TabPFN,0.9365118611245592,0.923661733176568,0.5900131406044679,0.34941558890656343,0.39064077737049563,0.16561314060446786,0.37002818313852953,0.20441504253406168
1,label_kanon_k5_a50,0.0,0.6452019503423474,0.6630602047167855,0.5732260183968463,0.4257881538013846,0.4612,credit_rating,real-tabpfn,ml_privacy_meter/logs/credit_rating/real-tabpfn/defense/defense_eval_results.csv,label_kanon_k5_a50,label_kanon_k5_a50,label k-anon k5 a50,label k-anon k5 a50,Label k-anon,Real TabPFN,0.9365118611245592,0.923661733176568,0.5900131406044679,0.2913099107822118,0.26060152845978246,0.12881314060446786,0.27595571962099713,0.14714257901652927
1,label_kanon_k10,0.0,0.5321054360605851,0.513629919081541,0.5233297600110658,0.1348456880485811,0.3982,credit_rating,real-tabpfn,ml_privacy_meter/logs/credit_rating/real-tabpfn/defense/defense_eval_results.csv,label_kanon_k10,label_kanon_k10,label k-anon k10,label k-anon k10,Label k-anon,Real TabPFN,0.9365118611245592,0.923661733176568,0.5900131406044679,0.40440642506397406,0.410031814095027,0.19181314060446786,0.4072191195795005,0.21540597897503266
1,label_kanon_k10_a30,0.0,0.5661387371187496,0.5143664845424996,0.5351952071374231,0.160375960655862,0.4087,credit_rating,real-tabpfn,ml_privacy_meter/logs/credit_rating/real-tabpfn/defense/defense_eval_results.csv,label_kanon_k10_a30,label_kanon_k10_a30,label k-anon k10 a30,label k-anon k10 a30,Label k-anon,Real TabPFN,0.9365118611245592,0.923661733176568,0.5900131406044679,0.3703731240058096,0.4092952486340684,0.18131314060446785,0.389834186319939,0.20852104571547114
1,label_kanon_k10_a50,0.0,0.6122942457984646,0.5791946192682759,0.5611530880420499,0.2985367584151582,0.4428,credit_rating,real-tabpfn,ml_privacy_meter/logs/credit_rating/real-tabpfn/defense/defense_eval_results.csv,label_kanon_k10_a50,label_kanon_k10_a50,label k-anon k10 a50,label k-anon k10 a50,Label k-anon,Real TabPFN,0.9365118611245592,0.923661733176568,0.5900131406044679,0.3242176153260946,0.3444671139082921,0.14721314060446783,0.33434236461719335,0.18712922401272553
1,"attn_drop_p10_l1,4,5,7,8,11",0.0,0.934617712151601,0.917700912926205,0.7457967355972059,1.4522615930591178,0.594,credit_rating,real-tabpfn,ml_privacy_meter/logs/credit_rating/real-tabpfn/defense/defense_eval_results.csv,"attn_drop_p10_l1,4,5,7,8,11",attn_drop_p10,attn drop p10,attn drop p10,Attention dropout,Real TabPFN,0.9365118611245592,0.923661733176568,0.5900131406044679,0.0018941489729581429,0.00596082025036293,-0.003986859395532116,0.003927484611660537,0.007914344007192653
1,"attn_drop_p30_l1,4,5,7,8,11",0.0,0.927441385987966,0.9041444774880696,0.7253267860847915,1.340922527942748,0.5887,credit_rating,real-tabpfn,ml_privacy_meter/logs/credit_rating/real-tabpfn/defense/defense_eval_results.csv,"attn_drop_p30_l1,4,5,7,8,11",attn_drop_p30,attn drop p30,attn drop p30,Attention dropout,Real TabPFN,0.9365118611245592,0.923661733176568,0.5900131406044679,0.009070475136593203,0.01951725568849838,0.001313140604467855,0.014293865412545792,0.012980724808077937
1,"attn_drop_p50_l1,4,5,7,8,11",0.0,0.91544885538419,0.8934245106853863,0.7088802821771908,1.2427846717545747,0.5756,credit_rating,real-tabpfn,ml_privacy_meter/logs/credit_rating/real-tabpfn/defense/defense_eval_results.csv,"attn_drop_p50_l1,4,5,7,8,11",attn_drop_p50,attn drop p50,attn drop p50,Attention dropout,Real TabPFN,0.9365118611245592,0.923661733176568,0.5900131406044679,0.021063005740369234,0.03023722249118166,0.014413140604467856,0.025650114115775446,0.01123697351130759
1,"label_kanon_k3+attn_drop_p10_l1,4,5,7,8,11",69.9149522781372,0.5686216197524033,0.5794920118957051,0.5394287295110312,0.2592495322402033,0.4073587385019711,credit_rating,real-tabpfn,ml_privacy_meter/logs/credit_rating/real-tabpfn/defense/defense_eval_results.csv,"label_kanon_k3+attn_drop_p10_l1,4,5,7,8,11",label_kanon_k3+attn_drop_p10,label k-anon k3 + attn drop p10,label k-anon k3 + attn drop p10,Label k-anon + dropout,Real TabPFN,0.9365118611245592,0.923661733176568,0.5900131406044679,0.36789024137215587,0.3441697212808629,0.18265440210249678,0.35602998132650937,0.1733755792240126
1,"label_kanon_k3+attn_drop_p30_l1,4,5,7,8,11",69.88484716415405,0.5664439103672454,0.5807377757797911,0.5420516633238813,0.2593807029228243,0.4099868593955322,credit_rating,real-tabpfn,ml_privacy_meter/logs/credit_rating/real-tabpfn/defense/defense_eval_results.csv,"label_kanon_k3+attn_drop_p30_l1,4,5,7,8,11",label_kanon_k3+attn_drop_p30,label k-anon k3 + attn drop p30,label k-anon k3 + attn drop p30,Label k-anon + dropout,Real TabPFN,0.9365118611245592,0.923661733176568,0.5900131406044679,0.3700679507573138,0.34292395739677684,0.18002628120893566,0.3564959540770453,0.17646967286810966
1,"label_kanon_k3+attn_drop_p50_l1,4,5,7,8,11",69.83786392211914,0.5685541877031606,0.5746801300228231,0.5384812227678263,0.2536135838739197,0.4191852825229961,credit_rating,real-tabpfn,ml_privacy_meter/logs/credit_rating/real-tabpfn/defense/defense_eval_results.csv,"label_kanon_k3+attn_drop_p50_l1,4,5,7,8,11",label_kanon_k3+attn_drop_p50,label k-anon k3 + attn drop p50,label k-anon k3 + attn drop p50,Label k-anon + dropout,Real TabPFN,0.9365118611245592,0.923661733176568,0.5900131406044679,0.3679576734213986,0.3489816031537448,0.17082785808147177,0.3584696382875717,0.18764178020609995
1,"label_kanon_k3_a30+attn_drop_p10_l1,4,5,7,8,11",71.04834818840027,0.6234637595960993,0.6952105954768656,0.5650157341448232,0.465108102209051,0.4388961892247043,credit_rating,real-tabpfn,ml_privacy_meter/logs/credit_rating/real-tabpfn/defense/defense_eval_results.csv,"label_kanon_k3_a30+attn_drop_p10_l1,4,5,7,8,11",label_kanon_k3_a30+attn_drop_p10,label k-anon k3 a30 + attn drop p10,label k-anon k3 a30 + attn drop...,Label k-anon + dropout,Real TabPFN,0.9365118611245592,0.923661733176568,0.5900131406044679,0.31304810152845985,0.22845113769970238,0.15111695137976355,0.2707496196140811,0.11963266823431756
1,"label_kanon_k3_a30+attn_drop_p30_l1,4,5,7,8,11",71.02145981788635,0.6239651773981603,0.6914136523964313,0.5608799017912719,0.458225977513631,0.4362680683311432,credit_rating,real-tabpfn,ml_privacy_meter/logs/credit_rating/real-tabpfn/defense/defense_eval_results.csv,"label_kanon_k3_a30+attn_drop_p30_l1,4,5,7,8,11",label_kanon_k3_a30+attn_drop_p30,label k-anon k3 a30 + attn drop p30,label k-anon k3 a30 + attn drop...,Label k-anon + dropout,Real TabPFN,0.9365118611245592,0.923661733176568,0.5900131406044679,0.31254668372639893,0.2322480807801367,0.15374507227332468,0.2723973822532678,0.11865230997994314
1,"label_kanon_k3_a30+attn_drop_p50_l1,4,5,7,8,11",70.86822438240051,0.6176403969845771,0.6825783249187358,0.5600525624178712,0.4447790290011133,0.4323258869908016,credit_rating,real-tabpfn,ml_privacy_meter/logs/credit_rating/real-tabpfn/defense/defense_eval_results.csv,"label_kanon_k3_a30+attn_drop_p50_l1,4,5,7,8,11",label_kanon_k3_a30+attn_drop_p50,label k-anon k3 a30 + attn drop p50,label k-anon k3 a30 + attn drop...,Label k-anon + dropout,Real TabPFN,0.9365118611245592,0.923661733176568,0.5900131406044679,0.31887146413998213,0.24108340825783214,0.15768725361366626,0.27997743619890714,0.12229018258524088
1,"label_kanon_k3_a50+attn_drop_p10_l1,4,5,7,8,11",70.93040490150452,0.7018249878968117,0.7974929109896951,0.5968695967909261,0.721452872337647,0.480946123521682,credit_rating,real-tabpfn,ml_privacy_meter/logs/credit_rating/real-tabpfn/defense/defense_eval_results.csv,"label_kanon_k3_a50+attn_drop_p10_l1,4,5,7,8,11",label_kanon_k3_a50+attn_drop_p10,label k-anon k3 a50 + attn drop p10,label k-anon k3 a50 + attn drop...,Label k-anon + dropout,Real TabPFN,0.9365118611245592,0.923661733176568,0.5900131406044679,0.2346868732277475,0.12616882218687286,0.10906701708278588,0.18042784770731018,0.07136083062452431
1,"label_kanon_k3_a50+attn_drop_p30_l1,4,5,7,8,11",71.13527965545654,0.6930199183899302,0.7904523134379972,0.5949823639255827,0.7039463198490931,0.4743758212877792,credit_rating,real-tabpfn,ml_privacy_meter/logs/credit_rating/real-tabpfn/defense/defense_eval_results.csv,"label_kanon_k3_a50+attn_drop_p30_l1,4,5,7,8,11",label_kanon_k3_a50+attn_drop_p30,label k-anon k3 a50 + attn drop p30,label k-anon k3 a50 + attn drop...,Label k-anon + dropout,Real TabPFN,0.9365118611245592,0.923661733176568,0.5900131406044679,0.24349194273462904,0.1332094197385708,0.11563731931668864,0.18835068123659993,0.07271336191991129
1,"label_kanon_k3_a50+attn_drop_p50_l1,4,5,7,8,11",71.09959173202515,0.6818642368075247,0.7785064665606196,0.588689570509717,0.6713579878394419,0.4704336399474376,credit_rating,real-tabpfn,ml_privacy_meter/logs/credit_rating/real-tabpfn/defense/defense_eval_results.csv,"label_kanon_k3_a50+attn_drop_p50_l1,4,5,7,8,11",label_kanon_k3_a50+attn_drop_p50,label k-anon k3 a50 + attn drop p50,label k-anon k3 a50 + attn drop...,Label k-anon + dropout,Real TabPFN,0.9365118611245592,0.923661733176568,0.5900131406044679,0.25464762431703447,0.14515526661594835,0.11957950065703027,0.1999014454664914,0.08032194480946114
1,"label_kanon_k5+attn_drop_p10_l1,4,5,7,8,11",57.40522027015686,0.5498513036862853,0.5150667404384812,0.5259656615256934,0.1486200679827092,0.4060446780551905,credit_rating,real-tabpfn,ml_privacy_meter/logs/credit_rating/real-tabpfn/defense/defense_eval_results.csv,"label_kanon_k5+attn_drop_p10_l1,4,5,7,8,11",label_kanon_k5+attn_drop_p10,label k-anon k5 + attn drop p10,label k-anon k5 + attn drop p10,Label k-anon + dropout,Real TabPFN,0.9365118611245592,0.923661733176568,0.5900131406044679,0.3866605574382739,0.40859499273808675,0.18396846254927735,0.3976277750881803,0.21365931253890297
1,"label_kanon_k5+attn_drop_p30_l1,4,5,7,8,11",57.47737503051758,0.5483349470917769,0.5152517463171727,0.5259665260391452,0.1498287198594484,0.4113009198423127,credit_rating,real-tabpfn,ml_privacy_meter/logs/credit_rating/real-tabpfn/defense/defense_eval_results.csv,"label_kanon_k5+attn_drop_p30_l1,4,5,7,8,11",label_kanon_k5+attn_drop_p30,label k-anon k5 + attn drop p30,label k-anon k5 + attn drop p30,Label k-anon + dropout,Real TabPFN,0.9365118611245592,0.923661733176568,0.5900131406044679,0.3881769140327823,0.4084099868593952,0.17871222076215515,0.39829345044608877,0.21958122968393362
1,"label_kanon_k5+attn_drop_p50_l1,4,5,7,8,11",57.69299077987671,0.5491259769002006,0.5141624593678678,0.5265111695137976,0.1451926736217676,0.40473061760841,credit_rating,real-tabpfn,ml_privacy_meter/logs/credit_rating/real-tabpfn/defense/defense_eval_results.csv,"label_kanon_k5+attn_drop_p50_l1,4,5,7,8,11",label_kanon_k5+attn_drop_p50,label k-anon k5 + attn drop p50,label k-anon k5 + attn drop p50,Label k-anon + dropout,Real TabPFN,0.9365118611245592,0.923661733176568,0.5900131406044679,0.3873858842243586,0.4094992738087002,0.18528252299605785,0.3984425790165294,0.21316005602047156
1,"label_kanon_k5_a30+attn_drop_p10_l1,4,5,7,8,11",58.44271278381348,0.5854666643612975,0.5332872259492357,0.541364375129677,0.2129747793360259,0.4257555847568988,credit_rating,real-tabpfn,ml_privacy_meter/logs/credit_rating/real-tabpfn/defense/defense_eval_results.csv,"label_kanon_k5_a30+attn_drop_p10_l1,4,5,7,8,11",label_kanon_k5_a30+attn_drop_p10,label k-anon k5 a30 + attn drop p10,label k-anon k5 a30 + attn drop...,Label k-anon + dropout,Real TabPFN,0.9365118611245592,0.923661733176568,0.5900131406044679,0.35104519676326174,0.39037450722733225,0.16425755584756907,0.370709851995297,0.20645229614772792
1,"label_kanon_k5_a30+attn_drop_p30_l1,4,5,7,8,11",58.63231635093689,0.5858695276298499,0.5291894321875648,0.53785445051525,0.206114395517479,0.4244415243101183,credit_rating,real-tabpfn,ml_privacy_meter/logs/credit_rating/real-tabpfn/defense/defense_eval_results.csv,"label_kanon_k5_a30+attn_drop_p30_l1,4,5,7,8,11",label_kanon_k5_a30+attn_drop_p30,label k-anon k5 a30 + attn drop p30,label k-anon k5 a30 + attn drop...,Label k-anon + dropout,Real TabPFN,0.9365118611245592,0.923661733176568,0.5900131406044679,0.3506423334947093,0.3944723009890032,0.16557161629434958,0.37255731724185626,0.20698570094750668
1,"label_kanon_k5_a30+attn_drop_p50_l1,4,5,7,8,11",58.64554858207703,0.5848295179472992,0.5312262258800747,0.5386826544021026,0.2120731461263129,0.4218134034165571,credit_rating,real-tabpfn,ml_privacy_meter/logs/credit_rating/real-tabpfn/defense/defense_eval_results.csv,"label_kanon_k5_a30+attn_drop_p50_l1,4,5,7,8,11",label_kanon_k5_a30+attn_drop_p50,label k-anon k5 a30 + attn drop p50,label k-anon k5 a30 + attn drop...,Label k-anon + dropout,Real TabPFN,0.9365118611245592,0.923661733176568,0.5900131406044679,0.35168234317726,0.39243550729649324,0.16819973718791076,0.3720589252368766,0.20385918804896586
1,"label_kanon_k5_a50+attn_drop_p10_l1,4,5,7,8,11",58.50553107261658,0.6487040943357079,0.659831246974203,0.5719197385711322,0.4230397018852739,0.4586070959264126,credit_rating,real-tabpfn,ml_privacy_meter/logs/credit_rating/real-tabpfn/defense/defense_eval_results.csv,"label_kanon_k5_a50+attn_drop_p10_l1,4,5,7,8,11",label_kanon_k5_a50+attn_drop_p10,label k-anon k5 a50 + attn drop p10,label k-anon k5 a50 + attn drop...,Label k-anon + dropout,Real TabPFN,0.9365118611245592,0.923661733176568,0.5900131406044679,0.28780776678885134,0.26383048620236493,0.13140604467805528,0.27581912649560814,0.14441308181755286
1,"label_kanon_k5_a50+attn_drop_p30_l1,4,5,7,8,11",58.43381094932556,0.6401333079742721,0.6545361020817484,0.5702590082301682,0.4163709673910319,0.457293035479632,credit_rating,real-tabpfn,ml_privacy_meter/logs/credit_rating/real-tabpfn/defense/defense_eval_results.csv,"label_kanon_k5_a50+attn_drop_p30_l1,4,5,7,8,11",label_kanon_k5_a50+attn_drop_p30,label k-anon k5 a50 + attn drop p30,label k-anon k5 a50 + attn drop...,Label k-anon + dropout,Real TabPFN,0.9365118611245592,0.923661733176568,0.5900131406044679,0.29637855315028705,0.2691256310948196,0.13272010512483584,0.2827520921225533,0.15003198699771747
1,"label_kanon_k5_a50+attn_drop_p50_l1,4,5,7,8,11",58.43109893798828,0.6420490697835258,0.6418320769071167,0.5676516356594509,0.4023195077559557,0.4559789750328515,credit_rating,real-tabpfn,ml_privacy_meter/logs/credit_rating/real-tabpfn/defense/defense_eval_results.csv,"label_kanon_k5_a50+attn_drop_p50_l1,4,5,7,8,11",label_kanon_k5_a50+attn_drop_p50,label k-anon k5 a50 + attn drop p50,label k-anon k5 a50 + attn drop...,Label k-anon + dropout,Real TabPFN,0.9365118611245592,0.923661733176568,0.5900131406044679,0.29446279134103337,0.2818296562694512,0.13403416557161635,0.2881462238052423,0.15411205823362595
1,"label_kanon_k10+attn_drop_p10_l1,4,5,7,8,11",50.10115170478821,0.5315227539940521,0.5126028771007677,0.5221920603084584,0.1315168910330483,0.4021024967148489,credit_rating,real-tabpfn,ml_privacy_meter/logs/credit_rating/real-tabpfn/defense/defense_eval_results.csv,"label_kanon_k10+attn_drop_p10_l1,4,5,7,8,11",label_kanon_k10+attn_drop_p10,label k-anon k10 + attn drop p10,label k-anon k10 + attn drop p10,Label k-anon + dropout,Real TabPFN,0.9365118611245592,0.923661733176568,0.5900131406044679,0.40498910713050706,0.4110588560758003,0.18791064388961898,0.4080239816031537,0.2201133377135347
1,"label_kanon_k10+attn_drop_p30_l1,4,5,7,8,11",49.917243003845215,0.5330036655370357,0.5134967840099592,0.5225102012587316,0.1335116308412387,0.3994743758212877,credit_rating,real-tabpfn,ml_privacy_meter/logs/credit_rating/real-tabpfn/defense/defense_eval_results.csv,"label_kanon_k10+attn_drop_p30_l1,4,5,7,8,11",label_kanon_k10+attn_drop_p30,label k-anon k10 + attn drop p30,label k-anon k10 + attn drop p30,Label k-anon + dropout,Real TabPFN,0.9365118611245592,0.923661733176568,0.5900131406044679,0.4035081955875235,0.4101649491666087,0.19053876478318016,0.4068365723770661,0.21629780759388595
1,"label_kanon_k10+attn_drop_p50_l1,4,5,7,8,11",49.93209433555603,0.533959817414759,0.5123625423611592,0.5232873988519262,0.1316510467584311,0.3994743758212877,credit_rating,real-tabpfn,ml_privacy_meter/logs/credit_rating/real-tabpfn/defense/defense_eval_results.csv,"label_kanon_k10+attn_drop_p50_l1,4,5,7,8,11",label_kanon_k10+attn_drop_p50,label k-anon k10 + attn drop p50,label k-anon k10 + attn drop p50,Label k-anon + dropout,Real TabPFN,0.9365118611245592,0.923661733176568,0.5900131406044679,0.40255204370980024,0.4112991908154088,0.19053876478318016,0.4069256172626045,0.21638685247942435
1,"label_kanon_k10_a30+attn_drop_p10_l1,4,5,7,8,11",50.75867795944214,0.5660592018811812,0.5154263780344422,0.5349349885884225,0.1618845167073045,0.4086727989487516,credit_rating,real-tabpfn,ml_privacy_meter/logs/credit_rating/real-tabpfn/defense/defense_eval_results.csv,"label_kanon_k10_a30+attn_drop_p10_l1,4,5,7,8,11",label_kanon_k10_a30+attn_drop_p10,label k-anon k10 a30 + attn drop p10,label k-anon k10 a30 + attn...,Label k-anon + dropout,Real TabPFN,0.9365118611245592,0.923661733176568,0.5900131406044679,0.370452659243378,0.4082353551421257,0.18134034165571628,0.38934400719275186,0.2080036655370356
1,"label_kanon_k10_a30+attn_drop_p30_l1,4,5,7,8,11",50.85953879356384,0.5667196901583789,0.5132149526246628,0.5330365170482053,0.1572287867718221,0.4099868593955322,credit_rating,real-tabpfn,ml_privacy_meter/logs/credit_rating/real-tabpfn/defense/defense_eval_results.csv,"label_kanon_k10_a30+attn_drop_p30_l1,4,5,7,8,11",label_kanon_k10_a30+attn_drop_p30,label k-anon k10 a30 + attn drop p30,label k-anon k10 a30 + attn...,Label k-anon + dropout,Real TabPFN,0.9365118611245592,0.923661733176568,0.5900131406044679,0.36979217096618033,0.4104467805519052,0.18002628120893566,0.39011947575904277,0.2100931945501071
1,"label_kanon_k10_a30+attn_drop_p50_l1,4,5,7,8,11",50.93904948234558,0.5660367245314337,0.517048205270074,0.534693789335362,0.1656360783112765,0.4086727989487516,credit_rating,real-tabpfn,ml_privacy_meter/logs/credit_rating/real-tabpfn/defense/defense_eval_results.csv,"label_kanon_k10_a30+attn_drop_p50_l1,4,5,7,8,11",label_kanon_k10_a30+attn_drop_p50,label k-anon k10 a30 + attn drop p50,label k-anon k10 a30 + attn...,Label k-anon + dropout,Real TabPFN,0.9365118611245592,0.923661733176568,0.5900131406044679,0.3704751365931255,0.40661352790649397,0.18134034165571628,0.3885443322498097,0.20720399059409345
1,"label_kanon_k10_a50+attn_drop_p10_l1,4,5,7,8,11",50.911651849746704,0.611810982778892,0.5770195034234733,0.5609257210042188,0.2967181135389206,0.4454664914586071,credit_rating,real-tabpfn,ml_privacy_meter/logs/credit_rating/real-tabpfn/defense/defense_eval_results.csv,"label_kanon_k10_a50+attn_drop_p10_l1,4,5,7,8,11",label_kanon_k10_a50+attn_drop_p10,label k-anon k10 a50 + attn drop p10,label k-anon k10 a50 + attn...,Label k-anon + dropout,Real TabPFN,0.9365118611245592,0.923661733176568,0.5900131406044679,0.3247008783456672,0.34664222975309467,0.14454664914586074,0.3356715540493809,0.1911249049035202
1,"label_kanon_k10_a50+attn_drop_p30_l1,4,5,7,8,11",50.68993544578552,0.6094551836226572,0.5762362542361159,0.5609438757867073,0.296434137336542,0.4441524310118265,credit_rating,real-tabpfn,ml_privacy_meter/logs/credit_rating/real-tabpfn/defense/defense_eval_results.csv,"label_kanon_k10_a50+attn_drop_p30_l1,4,5,7,8,11",label_kanon_k10_a50+attn_drop_p30,label k-anon k10 a50 + attn drop p30,label k-anon k10 a50 + attn...,Label k-anon + dropout,Real TabPFN,0.9365118611245592,0.923661733176568,0.5900131406044679,0.32705667750190204,0.34742547894045206,0.14586070959264136,0.33724107822117705,0.1913803686285357
1,"label_kanon_k10_a50+attn_drop_p50_l1,4,5,7,8,11",50.81823396682739,0.6063619544920119,0.5678496092399198,0.5536076146344837,0.280832699090782,0.4388961892247043,credit_rating,real-tabpfn,ml_privacy_meter/logs/credit_rating/real-tabpfn/defense/defense_eval_results.csv,"label_kanon_k10_a50+attn_drop_p50_l1,4,5,7,8,11",label_kanon_k10_a50+attn_drop_p50,label k-anon k10 a50 + attn drop p50,label k-anon k10 a50 + attn...,Label k-anon + dropout,Real TabPFN,0.9365118611245592,0.923661733176568,0.5900131406044679,0.3301499066325473,0.3558121239366482,0.15111695137976355,0.34298101528459773,0.19186406390483418
1,highrisk_label_kanon_k3,0.0,0.3868040666712774,0.1480738640293243,0.1361288816653987,-1.7435160518299884,0.4888,credit_rating,real-tabpfn,ml_privacy_meter/logs/credit_rating/real-tabpfn/defense/defense_eval_results.csv,highrisk_label_kanon_k3,highrisk_label_kanon_k3,high-risk label k-anon k3,high-risk label k-anon k3,High-risk label k-anon,Real TabPFN,0.9365118611245592,0.923661733176568,0.5900131406044679,0.5497077944532818,0.7755878691472436,0.10121314060446784,0.6626478318002627,0.5614346911957948
1,highrisk_label_kanon_k3_a30,0.0,0.4553210802960094,0.1806798533785185,0.1500397676187841,-1.2885873020576029,0.502,credit_rating,real-tabpfn,ml_privacy_meter/logs/credit_rating/real-tabpfn/defense/defense_eval_results.csv,highrisk_label_kanon_k3_a30,highrisk_label_kanon_k3_a30,high-risk label k-anon k3 a30,high-risk label k-anon k3 a30,High-risk label k-anon,Real TabPFN,0.9365118611245592,0.923661733176568,0.5900131406044679,0.4811907808285498,0.7429818797980494,0.08801314060446785,0.6120863303132996,0.5240731897088318
1,highrisk_label_kanon_k3_a50,0.0,0.5626763607441732,0.2514420084376513,0.1729727159554602,-0.5897716095118336,0.5243,credit_rating,real-tabpfn,ml_privacy_meter/logs/credit_rating/real-tabpfn/defense/defense_eval_results.csv,highrisk_label_kanon_k3_a50,highrisk_label_kanon_k3_a50,high-risk label k-anon k3 a50,high-risk label k-anon k3 a50,High-risk label k-anon,Real TabPFN,0.9365118611245592,0.923661733176568,0.5900131406044679,0.37383550038038604,0.6722197247389167,0.06571314060446787,0.5230276125596514,0.4573144719551835
1,highrisk_label_kanon_k5,0.0,0.3674484749982709,0.2182014662148143,0.1387232865343384,-0.7860195841051851,0.4849,credit_rating,real-tabpfn,ml_privacy_meter/logs/credit_rating/real-tabpfn/defense/defense_eval_results.csv,highrisk_label_kanon_k5,highrisk_label_kanon_k5,high-risk label k-anon k5,high-risk label k-anon k5,High-risk label k-anon,Real TabPFN,0.9365118611245592,0.923661733176568,0.5900131406044679,0.5690633861262884,0.7054602669617537,0.10511314060446786,0.6372618265440211,0.5321486859395532
1,highrisk_label_kanon_k5_a30,0.0,0.4220027318625078,0.1970018673490559,0.1407125319869977,-0.9300270571067848,0.4954,credit_rating,real-tabpfn,ml_privacy_meter/logs/credit_rating/real-tabpfn/defense/defense_eval_results.csv,highrisk_label_kanon_k5_a30,highrisk_label_kanon_k5_a30,high-risk label k-anon k5 a30,high-risk label k-anon k5 a30,High-risk label k-anon,Real TabPFN,0.9365118611245592,0.923661733176568,0.5900131406044679,0.5145091292620514,0.7266598658275121,0.09461314060446785,0.6205844975447817,0.5259713569403139
1,highrisk_label_kanon_k5_a50,0.0,0.4962359084307352,0.2185766650529082,0.159622899232312,-0.7323112823386623,0.5085,credit_rating,real-tabpfn,ml_privacy_meter/logs/credit_rating/real-tabpfn/defense/defense_eval_results.csv,highrisk_label_kanon_k5_a50,highrisk_label_kanon_k5_a50,high-risk label k-anon k5 a50,high-risk label k-anon k5 a50,High-risk label k-anon,Real TabPFN,0.9365118611245592,0.923661733176568,0.5900131406044679,0.440275952693824,0.7050850681236598,0.0815131406044679,0.5726805104087419,0.491167369804274
1,highrisk_label_kanon_k10,0.0,0.3521197869838854,0.507880904626876,0.1415294971989764,0.1281307703248832,0.4875,credit_rating,real-tabpfn,ml_privacy_meter/logs/credit_rating/real-tabpfn/defense/defense_eval_results.csv,highrisk_label_kanon_k10,highrisk_label_kanon_k10,high-risk label k-anon k10,high-risk label k-anon k10,High-risk label k-anon,Real TabPFN,0.9365118611245592,0.923661733176568,0.5900131406044679,0.5843920741406738,0.415780828549692,0.10251314060446787,0.5000864513451829,0.39757331074071506
1,highrisk_label_kanon_k10_a30,0.0,0.3910220278027526,0.2607804827443115,0.1425824745833045,-0.536770137966005,0.4862,credit_rating,real-tabpfn,ml_privacy_meter/logs/credit_rating/real-tabpfn/defense/defense_eval_results.csv,highrisk_label_kanon_k10_a30,highrisk_label_kanon_k10_a30,high-risk label k-anon k10 a30,high-risk label k-anon k10 a30,High-risk label k-anon,Real TabPFN,0.9365118611245592,0.923661733176568,0.5900131406044679,0.5454898333218066,0.6628812504322565,0.10381314060446784,0.6041855418770316,0.5003724012725637
1,highrisk_label_kanon_k10_a50,0.0,0.4496559236461719,0.2119372017428591,0.144975447817968,-0.8015033536879517,0.502,credit_rating,real-tabpfn,ml_privacy_meter/logs/credit_rating/real-tabpfn/defense/defense_eval_results.csv,highrisk_label_kanon_k10_a50,highrisk_label_kanon_k10_a50,high-risk label k-anon k10 a50,high-risk label k-anon k10 a50,High-risk label k-anon,Real TabPFN,0.9365118611245592,0.923661733176568,0.5900131406044679,0.4868559374783873,0.7117245314337088,0.08801314060446785,0.599290234456048,0.5112770938515802
1,"attn_drop_p70_l1,4,5,7,8,11",0.0,0.8979623417940383,0.8765526661594855,0.6832932775433985,1.1175688333225768,0.5756,credit_rating,real-tabpfn,ml_privacy_meter/logs/credit_rating/real-tabpfn/defense/defense_eval_results.csv,"attn_drop_p70_l1,4,5,7,8,11",attn_drop_p70,attn drop p70,attn drop p70,Attention dropout,Real TabPFN,0.9365118611245592,0.923661733176568,0.5900131406044679,0.038549519330520865,0.04710906701708251,0.014413140604467856,0.042829293173801686,0.02841615256933383
1,"attn_drop_p90_l1,4,5,7,8,11",0.0,0.8352211425409779,0.8118905180164603,0.6178098416211356,0.8435342009964879,0.5296,credit_rating,real-tabpfn,ml_privacy_meter/logs/credit_rating/real-tabpfn/defense/defense_eval_results.csv,"attn_drop_p90_l1,4,5,7,8,11",attn_drop_p90,attn drop p90,attn drop p90,Attention dropout,Real TabPFN,0.9365118611245592,0.923661733176568,0.5900131406044679,0.1012907185835813,0.11177121516010768,0.060413140604467896,0.10653096687184449,0.046117826267376594
1,no_defense,0.0,0.9794219863061068,0.98093574936026,,,0.5611038107752957,credit_rating,tabdpt,ml_privacy_meter/logs/credit_rating/tabdpt/defense/defense_eval_results.csv,no_defense,no_defense,No defense,No defense,No defense,TabDPT,0.9794219863061068,0.98093574936026,0.5611038107752957,0.0,0.0,0.0,0.0,0.0
1,label_kanon_k3,0.0,0.6790952002213155,0.6911024275537728,0.6340540493810083,0.467187003626167,0.3758,credit_rating,tabdpt,ml_privacy_meter/logs/credit_rating/tabdpt/defense/defense_eval_results.csv,label_kanon_k3,label_kanon_k3,label k-anon k3,label k-anon k3,Label k-anon,TabDPT,0.9794219863061068,0.98093574936026,0.5611038107752957,0.30032678608479124,0.28983332180648713,0.18530381077529567,0.2950800539456392,0.10977624317034351
1,label_kanon_k3_a30,0.0,0.8921934435299814,0.939646586900892,0.8199771768448716,1.977918373581629,0.4862,credit_rating,tabdpt,ml_privacy_meter/logs/credit_rating/tabdpt/defense/defense_eval_results.csv,label_kanon_k3_a30,label_kanon_k3_a30,label k-anon k3 a30,label k-anon k3 a30,Label k-anon,TabDPT,0.9794219863061068,0.98093574936026,0.5611038107752957,0.08722854277612535,0.04128916245936798,0.07490381077529568,0.06425885261774666,-0.010644958157549012
1,label_kanon_k3_a50,0.0,0.8844897641607304,0.96750466837264,0.880130022823155,2.619299487910953,0.5335,credit_rating,tabdpt,ml_privacy_meter/logs/credit_rating/tabdpt/defense/defense_eval_results.csv,label_kanon_k3_a50,label_kanon_k3_a50,label k-anon k3 a50,label k-anon k3 a50,Label k-anon,TabDPT,0.9794219863061068,0.98093574936026,0.5611038107752957,0.09493222214537633,0.013431080987619914,0.027603810775295723,0.054181651566498124,0.0265778407912024
1,label_kanon_k5,0.0,0.5951518085621412,0.5645808838785532,0.5661828273047929,0.2175975101115099,0.3535,credit_rating,tabdpt,ml_privacy_meter/logs/credit_rating/tabdpt/defense/defense_eval_results.csv,label_kanon_k5,label_kanon_k5,label k-anon k5,label k-anon k5,Label k-anon,TabDPT,0.9794219863061068,0.98093574936026,0.5611038107752957,0.38427017774396555,0.41635486548170675,0.20760381077529572,0.40031252161283615,0.19270871083754043
1,label_kanon_k5_a30,0.0,0.8808786914724394,0.8924908361574106,0.7261307835949927,0.8363228051853642,0.4915,credit_rating,tabdpt,ml_privacy_meter/logs/credit_rating/tabdpt/defense/defense_eval_results.csv,label_kanon_k5_a30,label_kanon_k5_a30,label k-anon k5 a30,label k-anon k5 a30,Label k-anon,TabDPT,0.9794219863061068,0.98093574936026,0.5611038107752957,0.09854329483366742,0.0884449132028493,0.0696038107752957,0.09349410401825836,0.023890293242962657
1,label_kanon_k5_a50,0.0,0.8966309910782211,0.9587263987827652,0.8754201535375892,1.957284221320684,0.502,credit_rating,tabdpt,ml_privacy_meter/logs/credit_rating/tabdpt/defense/defense_eval_results.csv,label_kanon_k5_a50,label_kanon_k5_a50,label k-anon k5 a50,label k-anon k5 a50,Label k-anon,TabDPT,0.9794219863061068,0.98093574936026,0.5611038107752957,0.08279099522788569,0.022209350577494735,0.059103810775295695,0.05250017290269021,-0.006603637872605483
1,label_kanon_k10,0.0,0.5411906079258593,0.508904488553842,0.5215125527353206,0.172059261958714,0.3246,credit_rating,tabdpt,ml_privacy_meter/logs/credit_rating/tabdpt/defense/defense_eval_results.csv,label_kanon_k10,label_kanon_k10,label k-anon k10,label k-anon k10,Label k-anon,TabDPT,0.9794219863061068,0.98093574936026,0.5611038107752957,0.4382313783802475,0.472031260806418,0.2365038107752957,0.45513131959333275,0.21862750881803705
1,label_kanon_k10_a30,0.0,0.789247181686147,0.8159502731862507,0.6489971643958781,0.4846586998948028,0.4218,credit_rating,tabdpt,ml_privacy_meter/logs/credit_rating/tabdpt/defense/defense_eval_results.csv,label_kanon_k10_a30,label_kanon_k10_a30,label k-anon k10 a30,label k-anon k10 a30,Label k-anon,TabDPT,0.9794219863061068,0.98093574936026,0.5611038107752957,0.19017480461995973,0.16498547617400927,0.1393038107752957,0.1775801403969845,0.03827632962168881
1,label_kanon_k10_a50,0.0,0.910793450446089,0.9599246144270004,0.8580313299674944,1.668438874268002,0.5204,credit_rating,tabdpt,ml_privacy_meter/logs/credit_rating/tabdpt/defense/defense_eval_results.csv,label_kanon_k10_a50,label_kanon_k10_a50,label k-anon k10 a50,label k-anon k10 a50,Label k-anon,TabDPT,0.9794219863061068,0.98093574936026,0.5611038107752957,0.06862853586001783,0.021011134933259568,0.04070381077529572,0.044819835396638696,0.004116024621342973
1,"attn_drop_p10_l6,7,8,10,12,14",0.0,0.9378414828134726,0.9496611107268828,0.8357580053945638,2.31758772178763,0.5558,credit_rating,tabdpt,ml_privacy_meter/logs/credit_rating/tabdpt/defense/defense_eval_results.csv,"attn_drop_p10_l6,7,8,10,12,14",attn_drop_p10,attn drop p10,attn drop p10,Attention dropout,TabDPT,0.9794219863061068,0.98093574936026,0.5611038107752957,0.0415805034926342,0.031274638633377205,0.005303810775295736,0.036427571063005704,0.031123760287709967
1,"attn_drop_p30_l6,7,8,10,12,14",0.0,0.79130904626876,0.8404453973303824,0.6994614081195103,1.2571496077966835,0.41,credit_rating,tabdpt,ml_privacy_meter/logs/credit_rating/tabdpt/defense/defense_eval_results.csv,"attn_drop_p30_l6,7,8,10,12,14",attn_drop_p30,attn drop p30,attn drop p30,Attention dropout,TabDPT,0.9794219863061068,0.98093574936026,0.5611038107752957,0.1881129400373468,0.14049035202987759,0.15110381077529572,0.1643016460336122,0.01319783525831647
1,"attn_drop_p50_l6,7,8,10,12,14",0.0,0.6337903727782005,0.7343626806833115,0.6509812227678262,0.7707127684172983,0.3141,credit_rating,tabdpt,ml_privacy_meter/logs/credit_rating/tabdpt/defense/defense_eval_results.csv,"attn_drop_p50_l6,7,8,10,12,14",attn_drop_p50,attn drop p50,attn drop p50,Attention dropout,TabDPT,0.9794219863061068,0.98093574936026,0.5611038107752957,0.3456316135279063,0.2465730686769485,0.2470038107752957,0.2961023411024274,0.049098530327131684
1,"label_kanon_k3+attn_drop_p10_l6,7,8,10,12,14",18.80120062828064,0.6432810014523825,0.6554723701500795,0.602294418701155,0.4628359044876129,0.3534822601839684,credit_rating,tabdpt,ml_privacy_meter/logs/credit_rating/tabdpt/defense/defense_eval_results.csv,"label_kanon_k3+attn_drop_p10_l6,7,8,10,12,14",label_kanon_k3+attn_drop_p10,label k-anon k3 + attn drop p10,label k-anon k3 + attn drop p10,Label k-anon + dropout,TabDPT,0.9794219863061068,0.98093574936026,0.5611038107752957,0.33614098485372423,0.3254633792101804,0.2076215505913273,0.33080218203195233,0.12318063144062502
1,"label_kanon_k3+attn_drop_p30_l6,7,8,10,12,14",18.9860155582428,0.5899751020125874,0.6192077598727437,0.5629607856698251,0.4183813470235871,0.316688567674113,credit_rating,tabdpt,ml_privacy_meter/logs/credit_rating/tabdpt/defense/defense_eval_results.csv,"label_kanon_k3+attn_drop_p30_l6,7,8,10,12,14",label_kanon_k3+attn_drop_p30,label k-anon k3 + attn drop p30,label k-anon k3 + attn drop p30,Label k-anon + dropout,TabDPT,0.9794219863061068,0.98093574936026,0.5611038107752957,0.38944688429351937,0.3617279894875163,0.24441524310118268,0.3755874368905178,0.13117219378933515
1,"label_kanon_k3+attn_drop_p50_l6,7,8,10,12,14",18.88178753852844,0.5567475274915278,0.6078342209004771,0.5715315720312608,0.3845018170353001,0.2890932982917214,credit_rating,tabdpt,ml_privacy_meter/logs/credit_rating/tabdpt/defense/defense_eval_results.csv,"label_kanon_k3+attn_drop_p50_l6,7,8,10,12,14",label_kanon_k3+attn_drop_p50,label k-anon k3 + attn drop p50,label k-anon k3 + attn drop p50,Label k-anon + dropout,TabDPT,0.9794219863061068,0.98093574936026,0.5611038107752957,0.422674458814579,0.37310152845978284,0.2720105124835743,0.3978879936371809,0.12587748115360664
1,"label_kanon_k3_a30+attn_drop_p10_l6,7,8,10,12,14",18.976036071777344,0.8377386057127049,0.8590324365447126,0.7040666712774051,1.3371627256714065,0.4480946123521682,credit_rating,tabdpt,ml_privacy_meter/logs/credit_rating/tabdpt/defense/defense_eval_results.csv,"label_kanon_k3_a30+attn_drop_p10_l6,7,8,10,12,14",label_kanon_k3_a30+attn_drop_p10,label k-anon k3 a30 + attn drop p10,label k-anon k3 a30 + attn drop...,Label k-anon + dropout,TabDPT,0.9794219863061068,0.98093574936026,0.5611038107752957,0.1416833805934019,0.12190331281554734,0.11300919842312751,0.13179334670447462,0.018784148281347113
1,"label_kanon_k3_a30+attn_drop_p30_l6,7,8,10,12,14",18.73432922363281,0.7380973787952142,0.757663047237015,0.6166488000553288,0.865497711239764,0.3902759526938239,credit_rating,tabdpt,ml_privacy_meter/logs/credit_rating/tabdpt/defense/defense_eval_results.csv,"label_kanon_k3_a30+attn_drop_p30_l6,7,8,10,12,14",label_kanon_k3_a30+attn_drop_p30,label k-anon k3 a30 + attn drop p30,label k-anon k3 a30 + attn drop...,Label k-anon + dropout,TabDPT,0.9794219863061068,0.98093574936026,0.5611038107752957,0.24132460751089257,0.2232727021232449,0.17082785808147177,0.23229865481706874,0.061470796735596966
1,"label_kanon_k3_a30+attn_drop_p50_l6,7,8,10,12,14",18.9245765209198,0.6283119510339581,0.6799156234871016,0.5728378518569749,0.6390033735212503,0.3403416557161629,credit_rating,tabdpt,ml_privacy_meter/logs/credit_rating/tabdpt/defense/defense_eval_results.csv,"label_kanon_k3_a30+attn_drop_p50_l6,7,8,10,12,14",label_kanon_k3_a30+attn_drop_p50,label k-anon k3 a30 + attn drop p50,label k-anon k3 a30 + attn drop...,Label k-anon + dropout,TabDPT,0.9794219863061068,0.98093574936026,0.5611038107752957,0.3511100352721487,0.3010201258731584,0.22076215505913277,0.32606508057265354,0.10530292551352077
1,"label_kanon_k3_a50+attn_drop_p10_l6,7,8,10,12,14",18.75199246406555,0.859942769209489,0.9089321529843004,0.7727124974064598,1.7024022325603123,0.5032851511169514,credit_rating,tabdpt,ml_privacy_meter/logs/credit_rating/tabdpt/defense/defense_eval_results.csv,"label_kanon_k3_a50+attn_drop_p10_l6,7,8,10,12,14",label_kanon_k3_a50+attn_drop_p10,label k-anon k3 a50 + attn drop p10,label k-anon k3 a50 + attn drop...,Label k-anon + dropout,TabDPT,0.9794219863061068,0.98093574936026,0.5611038107752957,0.1194792170966178,0.07200359637595954,0.05781865965834432,0.09574140673628867,0.03792274707794435
1,"label_kanon_k3_a50+attn_drop_p30_l6,7,8,10,12,14",18.87556743621826,0.7738968808354657,0.8122224911819628,0.6564613735389723,1.086009682899199,0.442838370565046,credit_rating,tabdpt,ml_privacy_meter/logs/credit_rating/tabdpt/defense/defense_eval_results.csv,"label_kanon_k3_a50+attn_drop_p30_l6,7,8,10,12,14",label_kanon_k3_a50+attn_drop_p30,label k-anon k3 a50 + attn drop p30,label k-anon k3 a50 + attn drop...,Label k-anon + dropout,TabDPT,0.9794219863061068,0.98093574936026,0.5611038107752957,0.20552510547064107,0.1687132581782972,0.1182654402102497,0.18711918182446913,0.06885374161421942
1,"label_kanon_k3_a50+attn_drop_p50_l6,7,8,10,12,14",18.91851258277893,0.696555778407912,0.7274604052839062,0.6141685109620305,0.7742980456312478,0.3705650459921156,credit_rating,tabdpt,ml_privacy_meter/logs/credit_rating/tabdpt/defense/defense_eval_results.csv,"label_kanon_k3_a50+attn_drop_p50_l6,7,8,10,12,14",label_kanon_k3_a50+attn_drop_p50,label k-anon k3 a50 + attn drop p50,label k-anon k3 a50 + attn drop...,Label k-anon + dropout,TabDPT,0.9794219863061068,0.98093574936026,0.5611038107752957,0.2828662078981947,0.25347534407635375,0.1905387647831801,0.26817077598727423,0.07763201120409413
1,"label_kanon_k5+attn_drop_p10_l6,7,8,10,12,14",17.75447702407837,0.5718695967909261,0.5492997441040183,0.5495556400857597,0.2208920807000954,0.2969776609724047,credit_rating,tabdpt,ml_privacy_meter/logs/credit_rating/tabdpt/defense/defense_eval_results.csv,"label_kanon_k5+attn_drop_p10_l6,7,8,10,12,14",label_kanon_k5+attn_drop_p10,label k-anon k5 + attn drop p10,label k-anon k5 + attn drop p10,Label k-anon + dropout,TabDPT,0.9794219863061068,0.98093574936026,0.5611038107752957,0.4075523895151807,0.4316360052562417,0.264126149802891,0.4195941973857112,0.15546804758282018
1,"label_kanon_k5+attn_drop_p30_l6,7,8,10,12,14",17.653470277786255,0.5656390483435922,0.5321028425202297,0.5368991631509786,0.1863996049403675,0.3114323258869908,credit_rating,tabdpt,ml_privacy_meter/logs/credit_rating/tabdpt/defense/defense_eval_results.csv,"label_kanon_k5+attn_drop_p30_l6,7,8,10,12,14",label_kanon_k5+attn_drop_p30,label k-anon k5 + attn drop p30,label k-anon k5 + attn drop p30,Label k-anon + dropout,TabDPT,0.9794219863061068,0.98093574936026,0.5611038107752957,0.41378293796251453,0.4488329068400303,0.24967148488830487,0.4313079224012724,0.18163643751296754
1,"label_kanon_k5+attn_drop_p50_l6,7,8,10,12,14",17.683804512023926,0.5316109343661387,0.5315581990455771,0.5204638979182517,0.1069479336627821,0.2825229960578186,credit_rating,tabdpt,ml_privacy_meter/logs/credit_rating/tabdpt/defense/defense_eval_results.csv,"label_kanon_k5+attn_drop_p50_l6,7,8,10,12,14",label_kanon_k5+attn_drop_p50,label k-anon k5 + attn drop p50,label k-anon k5 + attn drop p50,Label k-anon + dropout,TabDPT,0.9794219863061068,0.98093574936026,0.5611038107752957,0.44781105193996806,0.44937755031468285,0.2785808147174771,0.44859430112732546,0.17001348640984837
1,"label_kanon_k5_a30+attn_drop_p10_l6,7,8,10,12,14",17.65275740623474,0.7986453074209834,0.8055536344145515,0.6562720450930217,0.7922494386117409,0.4323258869908016,credit_rating,tabdpt,ml_privacy_meter/logs/credit_rating/tabdpt/defense/defense_eval_results.csv,"label_kanon_k5_a30+attn_drop_p10_l6,7,8,10,12,14",label_kanon_k5_a30+attn_drop_p10,label k-anon k5 a30 + attn drop p10,label k-anon k5 a30 + attn drop...,Label k-anon + dropout,TabDPT,0.9794219863061068,0.98093574936026,0.5611038107752957,0.1807766788851234,0.17538211494570843,0.1287779237844941,0.1780793969154159,0.049301473130921813
1,"label_kanon_k5_a30+attn_drop_p30_l6,7,8,10,12,14",17.647053241729736,0.7093886160868663,0.7162390206791618,0.6030301196486617,0.6395926983236233,0.3771353482260184,credit_rating,tabdpt,ml_privacy_meter/logs/credit_rating/tabdpt/defense/defense_eval_results.csv,"label_kanon_k5_a30+attn_drop_p30_l6,7,8,10,12,14",label_kanon_k5_a30+attn_drop_p30,label k-anon k5 a30 + attn drop p30,label k-anon k5 a30 + attn drop...,Label k-anon + dropout,TabDPT,0.9794219863061068,0.98093574936026,0.5611038107752957,0.27003337021924045,0.26469672868109817,0.1839684625492773,0.2673650494501693,0.08339658690089202
1,"label_kanon_k5_a30+attn_drop_p50_l6,7,8,10,12,14",17.64901828765869,0.6154964036240403,0.6456929939829864,0.564556677501902,0.4188433625718286,0.3390275952693823,credit_rating,tabdpt,ml_privacy_meter/logs/credit_rating/tabdpt/defense/defense_eval_results.csv,"label_kanon_k5_a30+attn_drop_p50_l6,7,8,10,12,14",label_kanon_k5_a30+attn_drop_p50,label k-anon k5 a30 + attn drop p50,label k-anon k5 a30 + attn drop...,Label k-anon + dropout,TabDPT,0.9794219863061068,0.98093574936026,0.5611038107752957,0.36392558268206643,0.33524275537727355,0.2220762155059134,0.34958416902967,0.1275079535237566
1,"label_kanon_k5_a50+attn_drop_p10_l6,7,8,10,12,14",17.6286780834198,0.8647598381630819,0.9018811812711808,0.7596142540977938,1.631519971446436,0.4743758212877792,credit_rating,tabdpt,ml_privacy_meter/logs/credit_rating/tabdpt/defense/defense_eval_results.csv,"label_kanon_k5_a50+attn_drop_p10_l6,7,8,10,12,14",label_kanon_k5_a50+attn_drop_p10,label k-anon k5 a50 + attn drop p10,label k-anon k5 a50 + attn drop...,Label k-anon + dropout,TabDPT,0.9794219863061068,0.98093574936026,0.5611038107752957,0.11466214814302489,0.07905456808907918,0.08672798948751648,0.09685835811605203,0.010130368628535558
1,"label_kanon_k5_a50+attn_drop_p30_l6,7,8,10,12,14",17.527746200561523,0.7775952693823915,0.811745279756553,0.6552942803790027,1.082131080700051,0.4402102496714848,credit_rating,tabdpt,ml_privacy_meter/logs/credit_rating/tabdpt/defense/defense_eval_results.csv,"label_kanon_k5_a50+attn_drop_p30_l6,7,8,10,12,14",label_kanon_k5_a50+attn_drop_p30,label k-anon k5 a50 + attn drop p30,label k-anon k5 a50 + attn drop...,Label k-anon + dropout,TabDPT,0.9794219863061068,0.98093574936026,0.5611038107752957,0.20182671692371523,0.16919046960370698,0.12089356110381089,0.1855085932637111,0.06461503215990022
1,"label_kanon_k5_a50+attn_drop_p50_l6,7,8,10,12,14",17.672979593276978,0.6588258178297255,0.7444705719620998,0.615923473269244,0.8692287555708199,0.3679369250985545,credit_rating,tabdpt,ml_privacy_meter/logs/credit_rating/tabdpt/defense/defense_eval_results.csv,"label_kanon_k5_a50+attn_drop_p50_l6,7,8,10,12,14",label_kanon_k5_a50+attn_drop_p50,label k-anon k5 a50 + attn drop p50,label k-anon k5 a50 + attn drop...,Label k-anon + dropout,TabDPT,0.9794219863061068,0.98093574936026,0.5611038107752957,0.3205961684763813,0.2364651773981602,0.19316688567674117,0.27853067293727074,0.08536378726052957
1,"label_kanon_k10+attn_drop_p10_l6,7,8,10,12,14",16.848158836364746,0.5387379832630196,0.5084255481015285,0.4963387855315029,0.14999177631669,0.3258869908015768,credit_rating,tabdpt,ml_privacy_meter/logs/credit_rating/tabdpt/defense/defense_eval_results.csv,"label_kanon_k10+attn_drop_p10_l6,7,8,10,12,14",label_kanon_k10+attn_drop_p10,label k-anon k10 + attn drop p10,label k-anon k10 + attn drop p10,Label k-anon + dropout,TabDPT,0.9794219863061068,0.98093574936026,0.5611038107752957,0.4406840030430872,0.47251020125873144,0.2352168199737189,0.4565971021509093,0.2213802821771904
1,"label_kanon_k10+attn_drop_p30_l6,7,8,10,12,14",16.785232067108154,0.5315469603707034,0.501924406943772,0.5006094819835396,0.0940902778814715,0.316688567674113,credit_rating,tabdpt,ml_privacy_meter/logs/credit_rating/tabdpt/defense/defense_eval_results.csv,"label_kanon_k10+attn_drop_p30_l6,7,8,10,12,14",label_kanon_k10+attn_drop_p30,label k-anon k10 + attn drop p30,label k-anon k10 + attn drop p30,Label k-anon + dropout,TabDPT,0.9794219863061068,0.98093574936026,0.5611038107752957,0.4478750259354034,0.4790113424164879,0.24441524310118268,0.46344318417594565,0.21902794107476298
1,"label_kanon_k10+attn_drop_p50_l6,7,8,10,12,14",16.787367343902588,0.5127524379279341,0.4969984092952486,0.5159848537243239,0.0466355868210317,0.2772667542706964,credit_rating,tabdpt,ml_privacy_meter/logs/credit_rating/tabdpt/defense/defense_eval_results.csv,"label_kanon_k10+attn_drop_p50_l6,7,8,10,12,14",label_kanon_k10+attn_drop_p50,label k-anon k10 + attn drop p50,label k-anon k10 + attn drop p50,Label k-anon + dropout,TabDPT,0.9794219863061068,0.98093574936026,0.5611038107752957,0.46666954837817265,0.4839373400650114,0.2838370565045993,0.475303444221592,0.1914663877169927
1,"label_kanon_k10_a30+attn_drop_p10_l6,7,8,10,12,14",16.83228039741516,0.7346678539318072,0.7467805519053876,0.6073742997441041,0.5159522970232234,0.4073587385019711,credit_rating,tabdpt,ml_privacy_meter/logs/credit_rating/tabdpt/defense/defense_eval_results.csv,"label_kanon_k10_a30+attn_drop_p10_l6,7,8,10,12,14",label_kanon_k10_a30+attn_drop_p10,label k-anon k10 a30 + attn drop p10,label k-anon k10 a30 + attn...,Label k-anon + dropout,TabDPT,0.9794219863061068,0.98093574936026,0.5611038107752957,0.24475413237429955,0.23415519745487234,0.15374507227332462,0.23945466491458595,0.08570959264126132
1,"label_kanon_k10_a30+attn_drop_p30_l6,7,8,10,12,14",16.833744764328003,0.6530819904557714,0.6637820734490628,0.5744864790096135,0.4499094898984114,0.3653088042049934,credit_rating,tabdpt,ml_privacy_meter/logs/credit_rating/tabdpt/defense/defense_eval_results.csv,"label_kanon_k10_a30+attn_drop_p30_l6,7,8,10,12,14",label_kanon_k10_a30+attn_drop_p30,label k-anon k10 a30 + attn drop p30,label k-anon k10 a30 + attn...,Label k-anon + dropout,TabDPT,0.9794219863061068,0.98093574936026,0.5611038107752957,0.32633999585033535,0.31715367591119714,0.1957950065703023,0.32174683588076625,0.12595182931046395
1,"label_kanon_k10_a30+attn_drop_p50_l6,7,8,10,12,14",16.90216875076294,0.5879132374299744,0.6220364478871291,0.5584609931530535,0.3450450600840903,0.3416557161629435,credit_rating,tabdpt,ml_privacy_meter/logs/credit_rating/tabdpt/defense/defense_eval_results.csv,"label_kanon_k10_a30+attn_drop_p50_l6,7,8,10,12,14",label_kanon_k10_a30+attn_drop_p50,label k-anon k10 a30 + attn drop p50,label k-anon k10 a30 + attn...,Label k-anon + dropout,TabDPT,0.9794219863061068,0.98093574936026,0.5611038107752957,0.3915087488761324,0.35889930147313087,0.2194480946123522,0.37520402517463164,0.15575593056227943
1,"label_kanon_k10_a50+attn_drop_p10_l6,7,8,10,12,14",16.840984344482422,0.8539084653157203,0.9038315236185076,0.7528390621758075,1.542020610845365,0.4862023653088042,credit_rating,tabdpt,ml_privacy_meter/logs/credit_rating/tabdpt/defense/defense_eval_results.csv,"label_kanon_k10_a50+attn_drop_p10_l6,7,8,10,12,14",label_kanon_k10_a50+attn_drop_p10,label k-anon k10 a50 + attn drop p10,label k-anon k10 a50 + attn...,Label k-anon + dropout,TabDPT,0.9794219863061068,0.98093574936026,0.5611038107752957,0.12551352099038648,0.07710422574175235,0.07490144546649152,0.10130887336606942,0.026407427899577895
1,"label_kanon_k10_a50+attn_drop_p30_l6,7,8,10,12,14",16.831461191177368,0.7637812089356111,0.8114427000484128,0.6438749221937893,1.084074909311918,0.4323258869908016,credit_rating,tabdpt,ml_privacy_meter/logs/credit_rating/tabdpt/defense/defense_eval_results.csv,"label_kanon_k10_a50+attn_drop_p30_l6,7,8,10,12,14",label_kanon_k10_a50+attn_drop_p30,label k-anon k10 a50 + attn drop p30,label k-anon k10 a50 + attn...,Label k-anon + dropout,TabDPT,0.9794219863061068,0.98093574936026,0.5611038107752957,0.2156407773704957,0.16949304931184717,0.1287779237844941,0.19256691334117143,0.06378898955667733
1,"label_kanon_k10_a50+attn_drop_p50_l6,7,8,10,12,14",16.835325479507446,0.6643578394079812,0.7210076768794522,0.6065625216128363,0.7813502724785003,0.3561103810775295,credit_rating,tabdpt,ml_privacy_meter/logs/credit_rating/tabdpt/defense/defense_eval_results.csv,"label_kanon_k10_a50+attn_drop_p50_l6,7,8,10,12,14",label_kanon_k10_a50+attn_drop_p50,label k-anon k10 a50 + attn drop p50,label k-anon k10 a50 + attn...,Label k-anon + dropout,TabDPT,0.9794219863061068,0.98093574936026,0.5611038107752957,0.31506414689812556,0.25992807248080774,0.20499342969776618,0.28749610968946665,0.08250267999170047
1,highrisk_label_kanon_k3,0.0,0.5146223805242409,0.1794608894114392,0.3435636973511308,-0.963251737791374,0.5453,credit_rating,tabdpt,ml_privacy_meter/logs/credit_rating/tabdpt/defense/defense_eval_results.csv,highrisk_label_kanon_k3,highrisk_label_kanon_k3,high-risk label k-anon k3,high-risk label k-anon k3,High-risk label k-anon,TabDPT,0.9794219863061068,0.98093574936026,0.5611038107752957,0.46479960578186585,0.8014748599488207,0.01580381077529569,0.6331372328653433,0.6173334220900476
1,highrisk_label_kanon_k3_a30,0.0,0.965553461511861,0.8700307766788851,0.7398532056158793,1.4923356392565466,0.5637,credit_rating,tabdpt,ml_privacy_meter/logs/credit_rating/tabdpt/defense/defense_eval_results.csv,highrisk_label_kanon_k3_a30,highrisk_label_kanon_k3_a30,high-risk label k-anon k3 a30,high-risk label k-anon k3 a30,High-risk label k-anon,TabDPT,0.9794219863061068,0.98093574936026,0.5611038107752957,0.013868524794245718,0.11090497268137489,-0.0025961892247042817,0.062386748737810305,0.06498293796251459
1,highrisk_label_kanon_k3_a50,0.0,0.969544920118957,0.9664672522304448,0.878003319731655,2.5024805153519574,0.5637,credit_rating,tabdpt,ml_privacy_meter/logs/credit_rating/tabdpt/defense/defense_eval_results.csv,highrisk_label_kanon_k3_a50,highrisk_label_kanon_k3_a50,high-risk label k-anon k3 a50,high-risk label k-anon k3 a50,High-risk label k-anon,TabDPT,0.9794219863061068,0.98093574936026,0.5611038107752957,0.009877066187149786,0.014468497129815128,-0.0025961892247042817,0.012172781658482457,0.014768970883186738
1,highrisk_label_kanon_k5,0.0,0.4134172487723908,0.0951518085621412,0.1138425893906909,-0.7110769009229138,0.5322,credit_rating,tabdpt,ml_privacy_meter/logs/credit_rating/tabdpt/defense/defense_eval_results.csv,highrisk_label_kanon_k5,highrisk_label_kanon_k5,high-risk label k-anon k5,high-risk label k-anon k5,High-risk label k-anon,TabDPT,0.9794219863061068,0.98093574936026,0.5611038107752957,0.566004737533716,0.8857839407981187,0.02890381077529569,0.7258943391659174,0.6969905283906217
1,highrisk_label_kanon_k5_a30,0.0,0.9039283491251124,0.4802839062175808,0.2027474237499135,0.0821814461430958,0.5598,credit_rating,tabdpt,ml_privacy_meter/logs/credit_rating/tabdpt/defense/defense_eval_results.csv,highrisk_label_kanon_k5_a30,highrisk_label_kanon_k5_a30,high-risk label k-anon k5 a30,high-risk label k-anon k5 a30,High-risk label k-anon,TabDPT,0.9794219863061068,0.98093574936026,0.5611038107752957,0.07549363718099433,0.5006518431426792,0.0013038107752957329,0.28807274016183676,0.286768929386541
1,highrisk_label_kanon_k5_a50,0.0,0.9706878069022756,0.92689501348641,0.7199987896811674,1.6081287667487656,0.565,credit_rating,tabdpt,ml_privacy_meter/logs/credit_rating/tabdpt/defense/defense_eval_results.csv,highrisk_label_kanon_k5_a50,highrisk_label_kanon_k5_a50,high-risk label k-anon k5 a50,high-risk label k-anon k5 a50,High-risk label k-anon,TabDPT,0.9794219863061068,0.98093574936026,0.5611038107752957,0.008734179403831144,0.05404073587384994,-0.0038961892247042496,0.031387457638840544,0.03528364686354479
1,highrisk_label_kanon_k10,0.0,0.3542257417525417,0.08708416902967,0.0736150494501694,-0.7493189955656603,0.523,credit_rating,tabdpt,ml_privacy_meter/logs/credit_rating/tabdpt/defense/defense_eval_results.csv,highrisk_label_kanon_k10,highrisk_label_kanon_k10,high-risk label k-anon k10,high-risk label k-anon k10,High-risk label k-anon,TabDPT,0.9794219863061068,0.98093574936026,0.5611038107752957,0.625196244553565,0.89385158033059,0.03810381077529568,0.7595239124420775,0.7214201016667818
1,highrisk_label_kanon_k10_a30,0.0,0.700085586831731,0.1759181132858427,0.1063230513866795,-0.4246146085809986,0.5493,credit_rating,tabdpt,ml_privacy_meter/logs/credit_rating/tabdpt/defense/defense_eval_results.csv,highrisk_label_kanon_k10_a30,highrisk_label_kanon_k10_a30,high-risk label k-anon k10 a30,high-risk label k-anon k10 a30,High-risk label k-anon,TabDPT,0.9794219863061068,0.98093574936026,0.5611038107752957,0.2793363994743757,0.8050176360744172,0.011803810775295687,0.5421770177743965,0.5303732069991008
1,highrisk_label_kanon_k10_a50,0.0,0.9707163358461856,0.8341794038315237,0.3883904488553842,0.9781424451871712,0.565,credit_rating,tabdpt,ml_privacy_meter/logs/credit_rating/tabdpt/defense/defense_eval_results.csv,highrisk_label_kanon_k10_a50,highrisk_label_kanon_k10_a50,high-risk label k-anon k10 a50,high-risk label k-anon k10 a50,High-risk label k-anon,TabDPT,0.9794219863061068,0.98093574936026,0.5611038107752957,0.008705650459921221,0.1467563455287363,-0.0038961892247042496,0.07773099799432875,0.081627187219033
1,"attn_drop_p70_l6,7,8,10,12,14",0.0,0.5773722249118195,0.6498685939553218,0.574011861124559,0.5626525453222058,0.2326,credit_rating,tabdpt,ml_privacy_meter/logs/credit_rating/tabdpt/defense/defense_eval_results.csv,"attn_drop_p70_l6,7,8,10,12,14",attn_drop_p70,attn drop p70,attn drop p70,Attention dropout,TabDPT,0.9794219863061068,0.98093574936026,0.5611038107752957,0.4020497613942873,0.33106715540493814,0.32850381077529567,0.3665584583996127,0.03805464762431704
1,"attn_drop_p90_l6,7,8,10,12,14",0.0,0.4820864167646448,0.5961995988657584,0.5140379694308044,0.3204451756771574,0.1524,credit_rating,tabdpt,ml_privacy_meter/logs/credit_rating/tabdpt/defense/defense_eval_results.csv,"attn_drop_p90_l6,7,8,10,12,14",attn_drop_p90,attn drop p90,attn drop p90,Attention dropout,TabDPT,0.9794219863061068,0.98093574936026,0.5611038107752957,0.49733556954146196,0.3847361504945016,0.4087038107752957,0.4410358600179818,0.03233204924268607
1,no_defense,0.0,0.9818901722110795,0.9664828134725776,,,0.5834428383705651,credit_rating,tabicl,ml_privacy_meter/logs/credit_rating/tabicl/defense/defense_eval_results.csv,no_defense,no_defense,No defense,No defense,No defense,TabICL,0.9818901722110795,0.9664828134725776,0.5834428383705651,0.0,0.0,0.0,0.0,0.0
1,label_kanon_k3,0.0,0.5817855660834083,0.6323120547755723,0.5798473269244069,0.3191638923774573,0.3745,credit_rating,tabicl,ml_privacy_meter/logs/credit_rating/tabicl/defense/defense_eval_results.csv,label_kanon_k3,label_kanon_k3,label k-anon k3,label k-anon k3,Label k-anon,TabICL,0.9818901722110795,0.9664828134725776,0.5834428383705651,0.4001046061276713,0.3341707586970053,0.2089428383705651,0.3671376824123383,0.1581948440417732
1,label_kanon_k3_a30,0.0,0.6720692993982986,0.7887578670724116,0.6037027111141849,0.8139928977742918,0.456,credit_rating,tabicl,ml_privacy_meter/logs/credit_rating/tabicl/defense/defense_eval_results.csv,label_kanon_k3_a30,label_kanon_k3_a30,label k-anon k3 a30,label k-anon k3 a30,Label k-anon,TabICL,0.9818901722110795,0.9664828134725776,0.5834428383705651,0.3098208728127809,0.177724946400166,0.12744283837056508,0.24377290960647346,0.11633007123590838
1,label_kanon_k3_a50,0.0,0.8384959194965074,0.8854606127671346,0.6714675980358255,1.321145630896685,0.4954,credit_rating,tabicl,ml_privacy_meter/logs/credit_rating/tabicl/defense/defense_eval_results.csv,label_kanon_k3_a50,label_kanon_k3_a50,label k-anon k3 a50,label k-anon k3 a50,Label k-anon,TabICL,0.9818901722110795,0.9664828134725776,0.5834428383705651,0.14339425271457218,0.08102220070544297,0.08804283837056509,0.11220822671000757,0.024165388339442484
1,label_kanon_k5,0.0,0.565108237084169,0.5340168753025797,0.5634379970952348,0.1702123401955043,0.3719,credit_rating,tabicl,ml_privacy_meter/logs/credit_rating/tabicl/defense/defense_eval_results.csv,label_kanon_k5,label_kanon_k5,label k-anon k5,label k-anon k5,Label k-anon,TabICL,0.9818901722110795,0.9664828134725776,0.5834428383705651,0.41678193512691053,0.4324659381699979,0.2115428383705651,0.4246239366484542,0.21308109827788912
1,label_kanon_k5_a30,0.0,0.7098148212186182,0.7113752679991701,0.6180173248495746,0.5022227546250316,0.4455,credit_rating,tabicl,ml_privacy_meter/logs/credit_rating/tabicl/defense/defense_eval_results.csv,label_kanon_k5_a30,label_kanon_k5_a30,label k-anon k5 a30,label k-anon k5 a30,Label k-anon,TabICL,0.9818901722110795,0.9664828134725776,0.5834428383705651,0.2720753509924614,0.2551075454734075,0.1379428383705651,0.26359144823293446,0.12564860986236936
1,label_kanon_k5_a50,0.0,0.8818694238882356,0.8982640569887267,0.7322887129123729,1.2498869261209913,0.4941,credit_rating,tabicl,ml_privacy_meter/logs/credit_rating/tabicl/defense/defense_eval_results.csv,label_kanon_k5_a50,label_kanon_k5_a50,label k-anon k5 a50,label k-anon k5 a50,Label k-anon,TabICL,0.9818901722110795,0.9664828134725776,0.5834428383705651,0.10002074832284391,0.0682187564838509,0.08934283837056511,0.0841197524033474,-0.005223085967217711
1,label_kanon_k10,0.0,0.5207267100076077,0.5025416695483782,0.5430026281208936,0.1264923493333163,0.3601,credit_rating,tabicl,ml_privacy_meter/logs/credit_rating/tabicl/defense/defense_eval_results.csv,label_kanon_k10,label_kanon_k10,label k-anon k10,label k-anon k10,Label k-anon,TabICL,0.9818901722110795,0.9664828134725776,0.5834428383705651,0.4611634622034718,0.4639411439241994,0.22334283837056512,0.4625523030638356,0.23920946469327048
1,label_kanon_k10_a30,0.0,0.6338016114530742,0.6377792378449408,0.5936881872881941,0.3162190719234203,0.3929,credit_rating,tabicl,ml_privacy_meter/logs/credit_rating/tabicl/defense/defense_eval_results.csv,label_kanon_k10_a30,label_kanon_k10_a30,label k-anon k10 a30,label k-anon k10 a30,Label k-anon,TabICL,0.9818901722110795,0.9664828134725776,0.5834428383705651,0.3480885607580053,0.32870357562763675,0.19054283837056507,0.33839606819282103,0.14785322982225596
1,label_kanon_k10_a50,0.0,0.8291505290822326,0.8513244346082025,0.6939786638080088,0.9538504425073296,0.4757,credit_rating,tabicl,ml_privacy_meter/logs/credit_rating/tabicl/defense/defense_eval_results.csv,label_kanon_k10_a50,label_kanon_k10_a50,label k-anon k10 a50,label k-anon k10 a50,Label k-anon,TabICL,0.9818901722110795,0.9664828134725776,0.5834428383705651,0.1527396431288469,0.11515837886437508,0.10774283837056509,0.133949010996611,0.02620617262604591
1,"attn_drop_p10_l5,9,10,17,21,22",0.0,0.7103179680475828,0.6592814164188394,0.5810446780551906,0.5331571634933243,0.4757,credit_rating,tabicl,ml_privacy_meter/logs/credit_rating/tabicl/defense/defense_eval_results.csv,"attn_drop_p10_l5,9,10,17,21,22",attn_drop_p10,attn drop p10,attn drop p10,Attention dropout,TabICL,0.9818901722110795,0.9664828134725776,0.5834428383705651,0.2715722041634967,0.30720139705373817,0.10774283837056509,0.28938680060861743,0.18164396223805235
1,"attn_drop_p30_l5,9,10,17,21,22",0.0,0.5461183346012863,0.5240230997994328,0.5192457984646242,0.1482327972674579,0.3916,credit_rating,tabicl,ml_privacy_meter/logs/credit_rating/tabicl/defense/defense_eval_results.csv,"attn_drop_p30_l5,9,10,17,21,22",attn_drop_p30,attn drop p30,attn drop p30,Attention dropout,TabICL,0.9818901722110795,0.9664828134725776,0.5834428383705651,0.4357718376097932,0.44245971367314474,0.1918428383705651,0.439115775641469,0.24727293727090388
1,"attn_drop_p50_l5,9,10,17,21,22",0.0,0.5125510062936579,0.5246939622380524,0.533022684832976,0.092701329396447,0.3495,credit_rating,tabicl,ml_privacy_meter/logs/credit_rating/tabicl/defense/defense_eval_results.csv,"attn_drop_p50_l5,9,10,17,21,22",attn_drop_p50,attn drop p50,attn drop p50,Attention dropout,TabICL,0.9818901722110795,0.9664828134725776,0.5834428383705651,0.46933916591742164,0.44178885123452516,0.23394283837056512,0.4555640085759734,0.22162117020540828
1,"label_kanon_k3+attn_drop_p10_l5,9,10,17,21,22",36.62104940414429,0.5134077391244207,0.5736703783110866,0.5469370288401687,0.265670012272134,0.354796320630749,credit_rating,tabicl,ml_privacy_meter/logs/credit_rating/tabicl/defense/defense_eval_results.csv,"label_kanon_k3+attn_drop_p10_l5,9,10,17,21,22",label_kanon_k3+attn_drop_p10,label k-anon k3 + attn drop p10,label k-anon k3 + attn drop p10,Label k-anon + dropout,TabICL,0.9818901722110795,0.9664828134725776,0.5834428383705651,0.4684824330866588,0.392812435161491,0.2286465177398161,0.4306474341240749,0.20200091638425882
1,"label_kanon_k3+attn_drop_p30_l5,9,10,17,21,22",36.56999778747559,0.5113363648938377,0.5079587108375406,0.4945734490628674,0.0503962296355474,0.3324572930354796,credit_rating,tabicl,ml_privacy_meter/logs/credit_rating/tabicl/defense/defense_eval_results.csv,"label_kanon_k3+attn_drop_p30_l5,9,10,17,21,22",label_kanon_k3+attn_drop_p30,label k-anon k3 + attn drop p30,label k-anon k3 + attn drop p30,Label k-anon + dropout,TabICL,0.9818901722110795,0.9664828134725776,0.5834428383705651,0.47055380731724183,0.45852410263503696,0.2509855453350855,0.4645389549761394,0.2135534096410539
1,"label_kanon_k3+attn_drop_p50_l5,9,10,17,21,22",36.652249574661255,0.5084367867764022,0.4812314129607857,0.4661447887129124,-0.0179866178734033,0.2772667542706964,credit_rating,tabicl,ml_privacy_meter/logs/credit_rating/tabicl/defense/defense_eval_results.csv,"label_kanon_k3+attn_drop_p50_l5,9,10,17,21,22",label_kanon_k3+attn_drop_p50,label k-anon k3 + attn drop p50,label k-anon k3 + attn drop p50,Label k-anon + dropout,TabICL,0.9818901722110795,0.9664828134725776,0.5834428383705651,0.4734533854346773,0.4852514005117919,0.3061760840998687,0.4793523929732346,0.17317630887336594
1,"label_kanon_k3_a30+attn_drop_p10_l5,9,10,17,21,22",36.73443388938904,0.5417110450238606,0.5952123245037693,0.5543467736357978,0.3507464625331994,0.354796320630749,credit_rating,tabicl,ml_privacy_meter/logs/credit_rating/tabicl/defense/defense_eval_results.csv,"label_kanon_k3_a30+attn_drop_p10_l5,9,10,17,21,22",label_kanon_k3_a30+attn_drop_p10,label k-anon k3 a30 + attn drop p10,label k-anon k3 a30 + attn drop...,Label k-anon + dropout,TabICL,0.9818901722110795,0.9664828134725776,0.5834428383705651,0.44017912718721897,0.3712704889688083,0.2286465177398161,0.40572480807801364,0.17707829033819755
1,"label_kanon_k3_a30+attn_drop_p30_l5,9,10,17,21,22",36.795506715774536,0.4996637042672384,0.5042222836987343,0.5203169306314406,0.0144601270452086,0.3495400788436268,credit_rating,tabicl,ml_privacy_meter/logs/credit_rating/tabicl/defense/defense_eval_results.csv,"label_kanon_k3_a30+attn_drop_p30_l5,9,10,17,21,22",label_kanon_k3_a30+attn_drop_p30,label k-anon k3 a30 + attn drop p30,label k-anon k3 a30 + attn drop...,Label k-anon + dropout,TabICL,0.9818901722110795,0.9664828134725776,0.5834428383705651,0.48222646794384116,0.46226052977384324,0.2339027595269383,0.4722434988588422,0.23834073933190392
1,"label_kanon_k3_a30+attn_drop_p50_l5,9,10,17,21,22",36.85900402069092,0.5096998409295248,0.490097862922747,0.5023289992392282,-0.0394865131013098,0.3561103810775295,credit_rating,tabicl,ml_privacy_meter/logs/credit_rating/tabicl/defense/defense_eval_results.csv,"label_kanon_k3_a30+attn_drop_p50_l5,9,10,17,21,22",label_kanon_k3_a30+attn_drop_p50,label k-anon k3 a30 + attn drop p50,label k-anon k3 a30 + attn drop...,Label k-anon + dropout,TabICL,0.9818901722110795,0.9664828134725776,0.5834428383705651,0.47219033128155474,0.4763849505498306,0.22733245729303558,0.47428764091569264,0.24695518362265706
1,"label_kanon_k3_a50+attn_drop_p10_l5,9,10,17,21,22",36.774250507354736,0.5839286949304932,0.6077927242547894,0.5524517601493879,0.3921400241048441,0.3731931668856767,credit_rating,tabicl,ml_privacy_meter/logs/credit_rating/tabicl/defense/defense_eval_results.csv,"label_kanon_k3_a50+attn_drop_p10_l5,9,10,17,21,22",label_kanon_k3_a50+attn_drop_p10,label k-anon k3 a50 + attn drop p10,label k-anon k3 a50 + attn drop...,Label k-anon + dropout,TabICL,0.9818901722110795,0.9664828134725776,0.5834428383705651,0.3979614772805864,0.3586900892177882,0.21024967148488838,0.3783257832491873,0.16807611176429893
1,"label_kanon_k3_a50+attn_drop_p30_l5,9,10,17,21,22",36.71137475967407,0.5421363856421606,0.5245703368144408,0.527628120893561,0.106068594970633,0.3534822601839684,credit_rating,tabicl,ml_privacy_meter/logs/credit_rating/tabicl/defense/defense_eval_results.csv,"label_kanon_k3_a50+attn_drop_p30_l5,9,10,17,21,22",label_kanon_k3_a50+attn_drop_p30,label k-anon k3 a50 + attn drop p30,label k-anon k3 a50 + attn drop...,Label k-anon + dropout,TabICL,0.9818901722110795,0.9664828134725776,0.5834428383705651,0.43975378656891895,0.4419124766581368,0.2299605781865967,0.4408331316135279,0.21087255342693118
1,"label_kanon_k3_a50+attn_drop_p50_l5,9,10,17,21,22",36.77140164375305,0.5014238536551628,0.4833235355142126,0.5066775019019296,-0.0659993589312399,0.3495400788436268,credit_rating,tabicl,ml_privacy_meter/logs/credit_rating/tabicl/defense/defense_eval_results.csv,"label_kanon_k3_a50+attn_drop_p50_l5,9,10,17,21,22",label_kanon_k3_a50+attn_drop_p50,label k-anon k3 a50 + attn drop p50,label k-anon k3 a50 + attn drop...,Label k-anon + dropout,TabICL,0.9818901722110795,0.9664828134725776,0.5834428383705651,0.4804663185559167,0.483159277958365,0.2339027595269383,0.48181279825714085,0.24791003873020256
1,"label_kanon_k5+attn_drop_p10_l5,9,10,17,21,22",34.612250566482544,0.5170404246490076,0.515331281554741,0.5312253613666229,0.0988794387329828,0.3823915900131406,credit_rating,tabicl,ml_privacy_meter/logs/credit_rating/tabicl/defense/defense_eval_results.csv,"label_kanon_k5+attn_drop_p10_l5,9,10,17,21,22",label_kanon_k5+attn_drop_p10,label k-anon k5 + attn drop p10,label k-anon k5 + attn drop p10,Label k-anon + dropout,TabICL,0.9818901722110795,0.9664828134725776,0.5834428383705651,0.464849747562072,0.45115153191783663,0.2010512483574245,0.4580006397399543,0.2569493913825298
1,"label_kanon_k5+attn_drop_p30_l5,9,10,17,21,22",34.58761978149414,0.5098684210526315,0.5025157341448233,0.4872077944532816,0.0248776914969845,0.2417871222076215,credit_rating,tabicl,ml_privacy_meter/logs/credit_rating/tabicl/defense/defense_eval_results.csv,"label_kanon_k5+attn_drop_p30_l5,9,10,17,21,22",label_kanon_k5+attn_drop_p30,label k-anon k5 + attn drop p30,label k-anon k5 + attn drop p30,Label k-anon + dropout,TabICL,0.9818901722110795,0.9664828134725776,0.5834428383705651,0.472021751158448,0.4639670793277543,0.3416557161629436,0.46799441524310115,0.12633869908015755
1,"label_kanon_k5+attn_drop_p50_l5,9,10,17,21,22",34.72185492515564,0.5110346496991492,0.5034995504530051,0.4826673698042741,0.0011946207611807,0.2391590013140604,credit_rating,tabicl,ml_privacy_meter/logs/credit_rating/tabicl/defense/defense_eval_results.csv,"label_kanon_k5+attn_drop_p50_l5,9,10,17,21,22",label_kanon_k5+attn_drop_p50,label k-anon k5 + attn drop p50,label k-anon k5 + attn drop p50,Label k-anon + dropout,TabICL,0.9818901722110795,0.9664828134725776,0.5834428383705651,0.4708555225119303,0.4629832630195725,0.34428383705650467,0.4669193927657514,0.12263555570924672
1,"label_kanon_k5_a30+attn_drop_p10_l5,9,10,17,21,22",34.937859296798706,0.5450299121654333,0.5340410816792309,0.5332630195725846,0.1644297101940901,0.3534822601839684,credit_rating,tabicl,ml_privacy_meter/logs/credit_rating/tabicl/defense/defense_eval_results.csv,"label_kanon_k5_a30+attn_drop_p10_l5,9,10,17,21,22",label_kanon_k5_a30+attn_drop_p10,label k-anon k5 a30 + attn drop p10,label k-anon k5 a30 + attn drop...,Label k-anon + dropout,TabICL,0.9818901722110795,0.9664828134725776,0.5834428383705651,0.43686026004564626,0.43244173179334666,0.2299605781865967,0.43465099591949646,0.20469041773289975
1,"label_kanon_k5_a30+attn_drop_p30_l5,9,10,17,21,22",34.88883209228516,0.5134993775503147,0.4935611038107753,0.507065668441801,-0.0176460901058753,0.3613666228646517,credit_rating,tabicl,ml_privacy_meter/logs/credit_rating/tabicl/defense/defense_eval_results.csv,"label_kanon_k5_a30+attn_drop_p30_l5,9,10,17,21,22",label_kanon_k5_a30+attn_drop_p30,label k-anon k5 a30 + attn drop p30,label k-anon k5 a30 + attn drop...,Label k-anon + dropout,TabICL,0.9818901722110795,0.9664828134725776,0.5834428383705651,0.46839079466076483,0.4729217096618023,0.2220762155059134,0.4706562521612836,0.2485800366553702
1,"label_kanon_k5_a30+attn_drop_p50_l5,9,10,17,21,22",34.91104340553284,0.510109620305692,0.5051438550383844,0.4912243239504806,0.0182072240901782,0.3350854139290407,credit_rating,tabicl,ml_privacy_meter/logs/credit_rating/tabicl/defense/defense_eval_results.csv,"label_kanon_k5_a30+attn_drop_p50_l5,9,10,17,21,22",label_kanon_k5_a30+attn_drop_p50,label k-anon k5 a30 + attn drop p50,label k-anon k5 a30 + attn drop...,Label k-anon + dropout,TabICL,0.9818901722110795,0.9664828134725776,0.5834428383705651,0.4717805519053876,0.46133895843419315,0.24835742444152442,0.46655975516979037,0.21820233072826595
1,"label_kanon_k5_a50+attn_drop_p10_l5,9,10,17,21,22",34.98856568336487,0.5549268621619752,0.5647105608963277,0.5393025105470641,0.3109318460948783,0.3600525624178712,credit_rating,tabicl,ml_privacy_meter/logs/credit_rating/tabicl/defense/defense_eval_results.csv,"label_kanon_k5_a50+attn_drop_p10_l5,9,10,17,21,22",label_kanon_k5_a50+attn_drop_p10,label k-anon k5 a50 + attn drop p10,label k-anon k5 a50 + attn drop...,Label k-anon + dropout,TabICL,0.9818901722110795,0.9664828134725776,0.5834428383705651,0.42696331004910437,0.40177225257624993,0.2233902759526939,0.41436778131267715,0.19097750535998326
1,"label_kanon_k5_a50+attn_drop_p30_l5,9,10,17,21,22",34.836883544921875,0.5054896604191161,0.5267947299259976,0.5204820527007401,0.1191961292157138,0.3495400788436268,credit_rating,tabicl,ml_privacy_meter/logs/credit_rating/tabicl/defense/defense_eval_results.csv,"label_kanon_k5_a50+attn_drop_p30_l5,9,10,17,21,22",label_kanon_k5_a50+attn_drop_p30,label k-anon k5 a50 + attn drop p30,label k-anon k5 a50 + attn drop...,Label k-anon + dropout,TabICL,0.9818901722110795,0.9664828134725776,0.5834428383705651,0.4764005117919634,0.43968808354657996,0.2339027595269383,0.4580442976692717,0.2241415381423334
1,"label_kanon_k5_a50+attn_drop_p50_l5,9,10,17,21,22",35.119733572006226,0.4981827927242547,0.4967978421744242,0.4960076768794522,-0.0358205553294225,0.3469119579500657,credit_rating,tabicl,ml_privacy_meter/logs/credit_rating/tabicl/defense/defense_eval_results.csv,"label_kanon_k5_a50+attn_drop_p50_l5,9,10,17,21,22",label_kanon_k5_a50+attn_drop_p50,label k-anon k5 a50 + attn drop p50,label k-anon k5 a50 + attn drop...,Label k-anon + dropout,TabICL,0.9818901722110795,0.9664828134725776,0.5834428383705651,0.48370737948682485,0.4696849712981534,0.2365308804204994,0.4766961753924891,0.24016529497198968
1,"label_kanon_k10+attn_drop_p10_l5,9,10,17,21,22",33.626856327056885,0.5144641745625561,0.5085517670654955,0.5192760564354382,0.0747654956151293,0.3061760840998686,credit_rating,tabicl,ml_privacy_meter/logs/credit_rating/tabicl/defense/defense_eval_results.csv,"label_kanon_k10+attn_drop_p10_l5,9,10,17,21,22",label_kanon_k10+attn_drop_p10,label k-anon k10 + attn drop p10,label k-anon k10 + attn drop p10,Label k-anon + dropout,TabICL,0.9818901722110795,0.9664828134725776,0.5834428383705651,0.46742599764852344,0.45793104640708204,0.2772667542706965,0.46267852202780274,0.18541176775710622
1,"label_kanon_k10+attn_drop_p30_l5,9,10,17,21,22",33.55198001861572,0.5085422574175253,0.4773065218894806,0.4799017912718722,-0.0696908417584012,0.228646517739816,credit_rating,tabicl,ml_privacy_meter/logs/credit_rating/tabicl/defense/defense_eval_results.csv,"label_kanon_k10+attn_drop_p30_l5,9,10,17,21,22",label_kanon_k10+attn_drop_p30,label k-anon k10 + attn drop p30,label k-anon k10 + attn drop p30,Label k-anon + dropout,TabICL,0.9818901722110795,0.9664828134725776,0.5834428383705651,0.4733479147935542,0.489176291583097,0.35479632063074906,0.48126210318832563,0.12646578255757657
1,"label_kanon_k10+attn_drop_p50_l5,9,10,17,21,22",34.08736515045166,0.5112438619544919,0.5029851649491666,0.4938239159001314,0.0142842924144949,0.2220762155059132,credit_rating,tabicl,ml_privacy_meter/logs/credit_rating/tabicl/defense/defense_eval_results.csv,"label_kanon_k10+attn_drop_p50_l5,9,10,17,21,22",label_kanon_k10+attn_drop_p50,label k-anon k10 + attn drop p50,label k-anon k10 + attn drop p50,Label k-anon + dropout,TabICL,0.9818901722110795,0.9664828134725776,0.5834428383705651,0.47064631025658765,0.463497648523411,0.36136662286465193,0.46707197938999934,0.1057053565253474
1,"label_kanon_k10_a30+attn_drop_p10_l5,9,10,17,21,22",33.85359287261963,0.5178504737533716,0.5170654955391106,0.5363035133826682,0.103508327684783,0.3600525624178712,credit_rating,tabicl,ml_privacy_meter/logs/credit_rating/tabicl/defense/defense_eval_results.csv,"label_kanon_k10_a30+attn_drop_p10_l5,9,10,17,21,22",label_kanon_k10_a30+attn_drop_p10,label k-anon k10 a30 + attn drop p10,label k-anon k10 a30 + attn...,Label k-anon + dropout,TabICL,0.9818901722110795,0.9664828134725776,0.5834428383705651,0.464039698457708,0.44941731793346695,0.2233902759526939,0.45672850819558747,0.23333823224289357
1,"label_kanon_k10_a30+attn_drop_p30_l5,9,10,17,21,22",33.79744076728821,0.5113986098623694,0.5314527284044539,0.5169885538418978,0.1048545862957923,0.3416557161629435,credit_rating,tabicl,ml_privacy_meter/logs/credit_rating/tabicl/defense/defense_eval_results.csv,"label_kanon_k10_a30+attn_drop_p30_l5,9,10,17,21,22",label_kanon_k10_a30+attn_drop_p30,label k-anon k10 a30 + attn drop p30,label k-anon k10 a30 + attn...,Label k-anon + dropout,TabICL,0.9818901722110795,0.9664828134725776,0.5834428383705651,0.47049156234871015,0.4350300850681237,0.2417871222076216,0.4527608237084169,0.2109737015007953
1,"label_kanon_k10_a30+attn_drop_p50_l5,9,10,17,21,22",33.94279909133911,0.5073717062037486,0.4948042741545058,0.4866078221177121,-0.0162872922148719,0.3127463863337713,credit_rating,tabicl,ml_privacy_meter/logs/credit_rating/tabicl/defense/defense_eval_results.csv,"label_kanon_k10_a30+attn_drop_p50_l5,9,10,17,21,22",label_kanon_k10_a30+attn_drop_p50,label k-anon k10 a30 + attn drop p50,label k-anon k10 a30 + attn...,Label k-anon + dropout,TabICL,0.9818901722110795,0.9664828134725776,0.5834428383705651,0.47451846600733094,0.4716785393180718,0.2706964520367938,0.47309850266270137,0.20240205062590755
1,"label_kanon_k10_a50+attn_drop_p10_l5,9,10,17,21,22",33.73983955383301,0.564307697627775,0.5727920326440279,0.5435758005394564,0.2911672340313291,0.3587385019710907,credit_rating,tabicl,ml_privacy_meter/logs/credit_rating/tabicl/defense/defense_eval_results.csv,"label_kanon_k10_a50+attn_drop_p10_l5,9,10,17,21,22",label_kanon_k10_a50+attn_drop_p10,label k-anon k10 a50 + attn drop p10,label k-anon k10 a50 + attn...,Label k-anon + dropout,TabICL,0.9818901722110795,0.9664828134725776,0.5834428383705651,0.41758247458330455,0.3936907808285497,0.2247043363994744,0.4056366277059271,0.18093229130645272
1,"label_kanon_k10_a50+attn_drop_p30_l5,9,10,17,21,22",33.846089124679565,0.5052251193028564,0.494544920118957,0.5112283007123591,-0.0059250093557498,0.3495400788436268,credit_rating,tabicl,ml_privacy_meter/logs/credit_rating/tabicl/defense/defense_eval_results.csv,"label_kanon_k10_a50+attn_drop_p30_l5,9,10,17,21,22",label_kanon_k10_a50+attn_drop_p30,label k-anon k10 a50 + attn drop p30,label k-anon k10 a50 + attn...,Label k-anon + dropout,TabICL,0.9818901722110795,0.9664828134725776,0.5834428383705651,0.47666505290822314,0.4719378933536206,0.2339027595269383,0.47430147313092186,0.24039871360398357
1,"label_kanon_k10_a50+attn_drop_p50_l5,9,10,17,21,22",33.87185215950012,0.5019157618092537,0.5239401065080573,0.5179507573137838,0.0786350921242461,0.3587385019710907,credit_rating,tabicl,ml_privacy_meter/logs/credit_rating/tabicl/defense/defense_eval_results.csv,"label_kanon_k10_a50+attn_drop_p50_l5,9,10,17,21,22",label_kanon_k10_a50+attn_drop_p50,label k-anon k10 a50 + attn drop p50,label k-anon k10 a50 + attn...,Label k-anon + dropout,TabICL,0.9818901722110795,0.9664828134725776,0.5834428383705651,0.47997441040182587,0.44254270696452025,0.2247043363994744,0.46125855868317306,0.23655422228369866
1,highrisk_label_kanon_k3,0.0,0.3931668856767412,0.0840428107061345,0.0827564146898125,-2.263829189132968,0.5138,credit_rating,tabicl,ml_privacy_meter/logs/credit_rating/tabicl/defense/defense_eval_results.csv,highrisk_label_kanon_k3,highrisk_label_kanon_k3,high-risk label k-anon k3,high-risk label k-anon k3,High-risk label k-anon,TabICL,0.9818901722110795,0.9664828134725776,0.5834428383705651,0.5887232865343384,0.8824400027664431,0.06964283837056506,0.7355816446503907,0.6659388062798256
1,highrisk_label_kanon_k3_a30,0.0,0.4756812366000414,0.120324711252507,0.1137172349401756,-1.7804381385605483,0.544,credit_rating,tabicl,ml_privacy_meter/logs/credit_rating/tabicl/defense/defense_eval_results.csv,highrisk_label_kanon_k3_a30,highrisk_label_kanon_k3_a30,high-risk label k-anon k3 a30,high-risk label k-anon k3 a30,High-risk label k-anon,TabICL,0.9818901722110795,0.9664828134725776,0.5834428383705651,0.5062089356110382,0.8461581022200706,0.03944283837056506,0.6761835189155544,0.6367406805449893
1,highrisk_label_kanon_k3_a50,0.0,0.6501374576388408,0.207652673075593,0.1483418631993913,-1.0459588678814429,0.5664,credit_rating,tabicl,ml_privacy_meter/logs/credit_rating/tabicl/defense/defense_eval_results.csv,highrisk_label_kanon_k3_a50,highrisk_label_kanon_k3_a50,high-risk label k-anon k3 a50,high-risk label k-anon k3 a50,High-risk label k-anon,TabICL,0.9818901722110795,0.9664828134725776,0.5834428383705651,0.33175271457223876,0.7588301403969846,0.017042838370565083,0.5452914274846117,0.5282485891140466
1,highrisk_label_kanon_k5,0.0,0.3797790303617124,0.1079967494294211,0.0844318417594577,-1.499352083558934,0.5125,credit_rating,tabicl,ml_privacy_meter/logs/credit_rating/tabicl/defense/defense_eval_results.csv,highrisk_label_kanon_k5,highrisk_label_kanon_k5,high-risk label k-anon k5,high-risk label k-anon k5,High-risk label k-anon,TabICL,0.9818901722110795,0.9664828134725776,0.5834428383705651,0.6021111418493672,0.8584860640431565,0.07094283837056514,0.7302986029462619,0.6593557645756968
1,highrisk_label_kanon_k5_a30,0.0,0.5239003388892731,0.1516788851234525,0.1244761048481914,-1.1125573906686368,0.5401,credit_rating,tabicl,ml_privacy_meter/logs/credit_rating/tabicl/defense/defense_eval_results.csv,highrisk_label_kanon_k5_a30,highrisk_label_kanon_k5_a30,high-risk label k-anon k5 a30,high-risk label k-anon k5 a30,High-risk label k-anon,TabICL,0.9818901722110795,0.9664828134725776,0.5834428383705651,0.4579898333218064,0.8148039283491251,0.04334283837056507,0.6363968808354658,0.5930540424649007
1,highrisk_label_kanon_k5_a50,0.0,0.7409675634552875,0.3037848398921087,0.1788107752956635,-0.4814251877114286,0.565,credit_rating,tabicl,ml_privacy_meter/logs/credit_rating/tabicl/defense/defense_eval_results.csv,highrisk_label_kanon_k5_a50,highrisk_label_kanon_k5_a50,high-risk label k-anon k5 a50,high-risk label k-anon k5 a50,High-risk label k-anon,TabICL,0.9818901722110795,0.9664828134725776,0.5834428383705651,0.24092260875579208,0.6626979735804689,0.01844283837056515,0.4518102911681305,0.43336745279756533
1,highrisk_label_kanon_k10,0.0,0.3495054983055536,0.1093972612213846,0.0828506466560619,-1.6001609666647725,0.5138,credit_rating,tabicl,ml_privacy_meter/logs/credit_rating/tabicl/defense/defense_eval_results.csv,highrisk_label_kanon_k10,highrisk_label_kanon_k10,high-risk label k-anon k10,high-risk label k-anon k10,High-risk label k-anon,TabICL,0.9818901722110795,0.9664828134725776,0.5834428383705651,0.6323846739055259,0.857085552251193,0.06964283837056506,0.7447351130783595,0.6750922747077944
1,highrisk_label_kanon_k10_a30,0.0,0.4506215851718653,0.1313801092745003,0.1007936233487793,-1.209091664820434,0.5164,credit_rating,tabicl,ml_privacy_meter/logs/credit_rating/tabicl/defense/defense_eval_results.csv,highrisk_label_kanon_k10_a30,highrisk_label_kanon_k10_a30,high-risk label k-anon k10 a30,high-risk label k-anon k10 a30,High-risk label k-anon,TabICL,0.9818901722110795,0.9664828134725776,0.5834428383705651,0.5312685870392142,0.8351027041980773,0.06704283837056513,0.6831856456186458,0.6161428072480807
1,highrisk_label_kanon_k10_a50,0.0,0.6538911750466837,0.2216889134794937,0.149534027249464,-0.7678763726546645,0.5572,credit_rating,tabicl,ml_privacy_meter/logs/credit_rating/tabicl/defense/defense_eval_results.csv,highrisk_label_kanon_k10_a50,highrisk_label_kanon_k10_a50,high-risk label k-anon k10 a50,high-risk label k-anon k10 a50,High-risk label k-anon,TabICL,0.9818901722110795,0.9664828134725776,0.5834428383705651,0.32799899716439584,0.7447938999930839,0.02624283837056507,0.5363964485787398,0.5101536102081747
1,"attn_drop_p70_l5,9,10,17,21,22",0.0,0.5045559858911405,0.5125544643474652,0.5073570094750675,0.0331772437793923,0.3141,credit_rating,tabicl,ml_privacy_meter/logs/credit_rating/tabicl/defense/defense_eval_results.csv,"attn_drop_p70_l5,9,10,17,21,22",attn_drop_p70,attn drop p70,attn drop p70,Attention dropout,TabICL,0.9818901722110795,0.9664828134725776,0.5834428383705651,0.47733418631993907,0.4539283491251124,0.2693428383705651,0.4656312677225257,0.1962884293519606
1,"attn_drop_p90_l5,9,10,17,21,22",0.0,0.5170516633238813,0.4810948198353966,0.4780776678885123,-0.0826879382571508,0.23,credit_rating,tabicl,ml_privacy_meter/logs/credit_rating/tabicl/defense/defense_eval_results.csv,"attn_drop_p90_l5,9,10,17,21,22",attn_drop_p90,attn drop p90,attn drop p90,Attention dropout,TabICL,0.9818901722110795,0.9664828134725776,0.5834428383705651,0.46483850888719824,0.485387993637181,0.3534428383705651,0.4751132512621896,0.1216704128916245
1,no_defense,0.0,0.9376703091500104,0.9241579638979184,,,0.5847568988173456,credit_rating,tabpfn,ml_privacy_meter/logs/credit_rating/tabpfn/defense/defense_eval_results.csv,no_defense,no_defense,No defense,No defense,No defense,TabPFN,0.9376703091500104,0.9241579638979184,0.5847568988173456,0.0,0.0,0.0,0.0,0.0
1,label_kanon_k3,0.0,0.5751452382599074,0.5787398851926137,0.5395177743965697,0.2575751194546093,0.4087,credit_rating,tabpfn,ml_privacy_meter/logs/credit_rating/tabpfn/defense/defense_eval_results.csv,label_kanon_k3,label_kanon_k3,label k-anon k3,label k-anon k3,Label k-anon,TabPFN,0.9376703091500104,0.9241579638979184,0.5847568988173456,0.362525070890103,0.3454180787053047,0.1760568988173456,0.35397157479770386,0.17791467598035826
1,label_kanon_k3_a30,0.0,0.6324927380870047,0.6986409848537243,0.5620029047651981,0.4683817747362487,0.4455,credit_rating,tabpfn,ml_privacy_meter/logs/credit_rating/tabpfn/defense/defense_eval_results.csv,label_kanon_k3_a30,label_kanon_k3_a30,label k-anon k3 a30,label k-anon k3 a30,Label k-anon,TabPFN,0.9376703091500104,0.9241579638979184,0.5847568988173456,0.3051775710630057,0.2255169790441941,0.1392568988173456,0.2653472750535999,0.1260903762362543
1,label_kanon_k3_a50,0.0,0.7208114323258871,0.8016520852064458,0.5946279134103326,0.7310363398371547,0.4796,credit_rating,tabpfn,ml_privacy_meter/logs/credit_rating/tabpfn/defense/defense_eval_results.csv,label_kanon_k3_a50,label_kanon_k3_a50,label k-anon k3 a50,label k-anon k3 a50,Label k-anon,TabPFN,0.9376703091500104,0.9241579638979184,0.5847568988173456,0.2168588768241233,0.12250587869147256,0.10515689881734558,0.16968237775779793,0.06452547894045235
1,label_kanon_k5,0.0,0.5496481430251055,0.5152552043709799,0.5265976208589807,0.1462425223989581,0.4008,credit_rating,tabpfn,ml_privacy_meter/logs/credit_rating/tabpfn/defense/defense_eval_results.csv,label_kanon_k5,label_kanon_k5,label k-anon k5,label k-anon k5,Label k-anon,TabPFN,0.9376703091500104,0.9241579638979184,0.5847568988173456,0.3880221661249049,0.40890275952693844,0.18395689881734562,0.3984624628259217,0.21450556400857607
1,label_kanon_k5_a30,0.0,0.5941662632270558,0.5314181478663809,0.540377100767688,0.2062839786964619,0.4244,credit_rating,tabpfn,ml_privacy_meter/logs/credit_rating/tabpfn/defense/defense_eval_results.csv,label_kanon_k5_a30,label_kanon_k5_a30,label k-anon k5 a30,label k-anon k5 a30,Label k-anon,TabPFN,0.9376703091500104,0.9241579638979184,0.5847568988173456,0.3435040459229546,0.3927398160315375,0.1603568988173456,0.36812193097724605,0.20776503215990044
1,label_kanon_k5_a50,0.0,0.6549406943772045,0.66109170758697,0.569641745625562,0.424230280331743,0.4612,credit_rating,tabpfn,ml_privacy_meter/logs/credit_rating/tabpfn/defense/defense_eval_results.csv,label_kanon_k5_a50,label_kanon_k5_a50,label k-anon k5 a50,label k-anon k5 a50,Label k-anon,TabPFN,0.9376703091500104,0.9241579638979184,0.5847568988173456,0.2827296147728059,0.2630662563109484,0.1235568988173456,0.27289793554187713,0.14934103672453153
1,label_kanon_k10,0.0,0.5310170136247321,0.5122311363164811,0.5237940037346981,0.1296196036819027,0.3903,credit_rating,tabpfn,ml_privacy_meter/logs/credit_rating/tabpfn/defense/defense_eval_results.csv,label_kanon_k10,label_kanon_k10,label k-anon k10,label k-anon k10,Label k-anon,TabPFN,0.9376703091500104,0.9241579638979184,0.5847568988173456,0.4066532955252783,0.4119268275814373,0.19445689881734562,0.4092900615533578,0.21483316273601216
1,label_kanon_k10_a30,0.0,0.5703618853309358,0.5125518708071097,0.5342615326094474,0.1546017728061552,0.4087,credit_rating,tabpfn,ml_privacy_meter/logs/credit_rating/tabpfn/defense/defense_eval_results.csv,label_kanon_k10_a30,label_kanon_k10_a30,label k-anon k10 a30,label k-anon k10 a30,Label k-anon,TabPFN,0.9376703091500104,0.9241579638979184,0.5847568988173456,0.3673084238190746,0.41160609309080864,0.1760568988173456,0.3894572584549416,0.21340035963759602
1,label_kanon_k10_a50,0.0,0.6214330174977523,0.5771388062798257,0.5579474721626667,0.292280829477477,0.4507,credit_rating,tabpfn,ml_privacy_meter/logs/credit_rating/tabpfn/defense/defense_eval_results.csv,label_kanon_k10_a50,label_kanon_k10_a50,label k-anon k10 a50,label k-anon k10 a50,Label k-anon,TabPFN,0.9376703091500104,0.9241579638979184,0.5847568988173456,0.3162372916522581,0.34701915761809266,0.13405689881734562,0.3316282246351754,0.19757132581782977
1,"attn_drop_p10_l2,4,5,7,8,11",0.0,0.937434296977661,0.9224756207206584,0.7486193720174287,1.5054443772378971,0.5821,credit_rating,tabpfn,ml_privacy_meter/logs/credit_rating/tabpfn/defense/defense_eval_results.csv,"attn_drop_p10_l2,4,5,7,8,11",attn_drop_p10,attn drop p10,attn drop p10,Attention dropout,TabPFN,0.9376703091500104,0.9241579638979184,0.5847568988173456,0.00023601217234936467,0.001682343177260015,0.0026568988173456543,0.0009591776748046899,-0.0016977211425409644
1,"attn_drop_p30_l2,4,5,7,8,11",0.0,0.9363942872951104,0.9176741130091984,0.7397295801922679,1.4699217295125142,0.5808,credit_rating,tabpfn,ml_privacy_meter/logs/credit_rating/tabpfn/defense/defense_eval_results.csv,"attn_drop_p30_l2,4,5,7,8,11",attn_drop_p30,attn drop p30,attn drop p30,Attention dropout,TabPFN,0.9376703091500104,0.9241579638979184,0.5847568988173456,0.0012760218548999447,0.006483850888719944,0.003956898817345622,0.0038799363718099444,-7.696244553567766e-05
1,"attn_drop_p50_l2,4,5,7,8,11",0.0,0.931548689397607,0.9112386748737812,0.7283638218410677,1.4275284358168003,0.5742,credit_rating,tabpfn,ml_privacy_meter/logs/credit_rating/tabpfn/defense/defense_eval_results.csv,"attn_drop_p50_l2,4,5,7,8,11",attn_drop_p50,attn drop p50,attn drop p50,Attention dropout,TabPFN,0.9376703091500104,0.9241579638979184,0.5847568988173456,0.006121619752403329,0.012919289024137193,0.010556898817345561,0.00952045438827026,-0.0010364444290753005
1,"label_kanon_k3+attn_drop_p10_l2,4,5,7,8,11",70.26504921913147,0.5745919496507366,0.578347396085483,0.5395731032574868,0.2579218874886388,0.4113009198423127,credit_rating,tabpfn,ml_privacy_meter/logs/credit_rating/tabpfn/defense/defense_eval_results.csv,"label_kanon_k3+attn_drop_p10_l2,4,5,7,8,11",label_kanon_k3+attn_drop_p10,label k-anon k3 + attn drop p10,label k-anon k3 + attn drop p10,Label k-anon + dropout,TabPFN,0.9376703091500104,0.9241579638979184,0.5847568988173456,0.3630783594992738,0.34581056781243535,0.1734559789750329,0.3544444636558546,0.18098848468082168
1,"label_kanon_k3+attn_drop_p30_l2,4,5,7,8,11",70.30287146568298,0.5735095788090463,0.5783188671415727,0.5406943772045093,0.2614489457465703,0.4113009198423127,credit_rating,tabpfn,ml_privacy_meter/logs/credit_rating/tabpfn/defense/defense_eval_results.csv,"label_kanon_k3+attn_drop_p30_l2,4,5,7,8,11",label_kanon_k3+attn_drop_p30,label k-anon k3 + attn drop p30,label k-anon k3 + attn drop p30,Label k-anon + dropout,TabPFN,0.9376703091500104,0.9241579638979184,0.5847568988173456,0.3641607303409641,0.3458390967563457,0.1734559789750329,0.3549999135486549,0.181543934573622
1,"label_kanon_k3+attn_drop_p50_l2,4,5,7,8,11",70.47316288948059,0.5741199253060378,0.5785972404730617,0.5403969845770801,0.2599174321511638,0.4126149802890933,credit_rating,tabpfn,ml_privacy_meter/logs/credit_rating/tabpfn/defense/defense_eval_results.csv,"label_kanon_k3+attn_drop_p50_l2,4,5,7,8,11",label_kanon_k3+attn_drop_p50,label k-anon k3 + attn drop p50,label k-anon k3 + attn drop p50,Label k-anon + dropout,TabPFN,0.9376703091500104,0.9241579638979184,0.5847568988173456,0.36355038384397254,0.34556072342485666,0.17214191852825228,0.3545555536344146,0.18241363510616232
1,"label_kanon_k3_a30+attn_drop_p10_l2,4,5,7,8,11",71.52978038787842,0.6306487308942528,0.6978732969084999,0.5615118611245591,0.468446585107105,0.4454664914586071,credit_rating,tabpfn,ml_privacy_meter/logs/credit_rating/tabpfn/defense/defense_eval_results.csv,"label_kanon_k3_a30+attn_drop_p10_l2,4,5,7,8,11",label_kanon_k3_a30+attn_drop_p10,label k-anon k3 a30 + attn drop p10,label k-anon k3 a30 + attn drop...,Label k-anon + dropout,TabPFN,0.9376703091500104,0.9241579638979184,0.5847568988173456,0.3070215782557576,0.22628466698941851,0.1392904073587385,0.26665312262258806,0.12736271526384957
1,"label_kanon_k3_a30+attn_drop_p30_l2,4,5,7,8,11",71.26170539855957,0.6316109343661387,0.694266546787468,0.560539283491251,0.4684554911906416,0.442838370565046,credit_rating,tabpfn,ml_privacy_meter/logs/credit_rating/tabpfn/defense/defense_eval_results.csv,"label_kanon_k3_a30+attn_drop_p30_l2,4,5,7,8,11",label_kanon_k3_a30+attn_drop_p30,label k-anon k3 a30 + attn drop p30,label k-anon k3 a30 + attn drop...,Label k-anon + dropout,TabPFN,0.9376703091500104,0.9241579638979184,0.5847568988173456,0.3060593747838717,0.22989141711045036,0.14191852825229961,0.267975395947161,0.1260568676948614
1,"label_kanon_k3_a30+attn_drop_p50_l2,4,5,7,8,11",71.30114674568176,0.6296588629919082,0.6909502731862508,0.5601822394356457,0.4704131265424413,0.4441524310118265,credit_rating,tabpfn,ml_privacy_meter/logs/credit_rating/tabpfn/defense/defense_eval_results.csv,"label_kanon_k3_a30+attn_drop_p50_l2,4,5,7,8,11",label_kanon_k3_a30+attn_drop_p50,label k-anon k3 a30 + attn drop p50,label k-anon k3 a30 + attn drop...,Label k-anon + dropout,TabPFN,0.9376703091500104,0.9241579638979184,0.5847568988173456,0.30801144615810216,0.23320769071166758,0.1406044678055191,0.2706095684348849,0.13000510062936577
1,"label_kanon_k3_a50+attn_drop_p10_l2,4,5,7,8,11",71.27941536903381,0.7194074624801162,0.8005066048827719,0.5936760840998686,0.7302745672260889,0.4770039421813403,credit_rating,tabpfn,ml_privacy_meter/logs/credit_rating/tabpfn/defense/defense_eval_results.csv,"label_kanon_k3_a50+attn_drop_p10_l2,4,5,7,8,11",label_kanon_k3_a50+attn_drop_p10,label k-anon k3 a50 + attn drop p10,label k-anon k3 a50 + attn drop...,Label k-anon + dropout,TabPFN,0.9376703091500104,0.9241579638979184,0.5847568988173456,0.21826284666989415,0.12365135901514646,0.10775295663600531,0.1709571028425203,0.06320414620651499
1,"label_kanon_k3_a50+attn_drop_p30_l2,4,5,7,8,11",71.25292706489563,0.7175357908569058,0.7970208866449962,0.5924700878345668,0.726824148405236,0.4770039421813403,credit_rating,tabpfn,ml_privacy_meter/logs/credit_rating/tabpfn/defense/defense_eval_results.csv,"label_kanon_k3_a50+attn_drop_p30_l2,4,5,7,8,11",label_kanon_k3_a50+attn_drop_p30,label k-anon k3 a50 + attn drop p30,label k-anon k3 a50 + attn drop...,Label k-anon + dropout,TabPFN,0.9376703091500104,0.9241579638979184,0.5847568988173456,0.2201345182931046,0.12713707725292223,0.10775295663600531,0.1736357977730134,0.0658828411370081
1,"label_kanon_k3_a50+attn_drop_p50_l2,4,5,7,8,11",71.41716146469116,0.7107752956636005,0.7904938100836849,0.5896733868178988,0.7183037226304113,0.4796320630749014,credit_rating,tabpfn,ml_privacy_meter/logs/credit_rating/tabpfn/defense/defense_eval_results.csv,"label_kanon_k3_a50+attn_drop_p50_l2,4,5,7,8,11",label_kanon_k3_a50+attn_drop_p50,label k-anon k3 a50 + attn drop p50,label k-anon k3 a50 + attn drop...,Label k-anon + dropout,TabPFN,0.9376703091500104,0.9241579638979184,0.5847568988173456,0.22689501348640984,0.13366415381423347,0.10512483574244419,0.18027958365032165,0.07515474790787746
1,"label_kanon_k5+attn_drop_p10_l2,4,5,7,8,11",57.94064831733704,0.5495781174355073,0.5148869216405008,0.5263590151462757,0.1448774160411975,0.4007884362680683,credit_rating,tabpfn,ml_privacy_meter/logs/credit_rating/tabpfn/defense/defense_eval_results.csv,"label_kanon_k5+attn_drop_p10_l2,4,5,7,8,11",label_kanon_k5+attn_drop_p10,label k-anon k5 + attn drop p10,label k-anon k5 + attn drop p10,Label k-anon + dropout,TabPFN,0.9376703091500104,0.9241579638979184,0.5847568988173456,0.38809219171450304,0.4092710422574176,0.1839684625492773,0.39868161698596033,0.21471315443668304
1,"label_kanon_k5+attn_drop_p30_l2,4,5,7,8,11",57.89259934425354,0.5485251400511792,0.5152309979943288,0.5263702538211494,0.1452978676462157,0.4007884362680683,credit_rating,tabpfn,ml_privacy_meter/logs/credit_rating/tabpfn/defense/defense_eval_results.csv,"label_kanon_k5+attn_drop_p30_l2,4,5,7,8,11",label_kanon_k5+attn_drop_p30,label k-anon k5 + attn drop p30,label k-anon k5 + attn drop p30,Label k-anon + dropout,TabPFN,0.9376703091500104,0.9241579638979184,0.5847568988173456,0.3891451690988311,0.40892696590358957,0.1839684625492773,0.39903606750121035,0.21506760495193306
1,"label_kanon_k5+attn_drop_p50_l2,4,5,7,8,11",57.89217734336853,0.5494233695276298,0.516572722871568,0.5276039145169098,0.1466535250692528,0.4007884362680683,credit_rating,tabpfn,ml_privacy_meter/logs/credit_rating/tabpfn/defense/defense_eval_results.csv,"label_kanon_k5+attn_drop_p50_l2,4,5,7,8,11",label_kanon_k5+attn_drop_p50,label k-anon k5 + attn drop p50,label k-anon k5 + attn drop p50,Label k-anon + dropout,TabPFN,0.9376703091500104,0.9241579638979184,0.5847568988173456,0.38824693962238055,0.4075852410263504,0.1839684625492773,0.3979160903243655,0.2139476277750882
1,"label_kanon_k5_a30+attn_drop_p10_l2,4,5,7,8,11",58.70521092414856,0.5931616985960302,0.5316420568504046,0.5407237706618715,0.2078112765280257,0.4231274638633377,credit_rating,tabpfn,ml_privacy_meter/logs/credit_rating/tabpfn/defense/defense_eval_results.csv,"label_kanon_k5_a30+attn_drop_p10_l2,4,5,7,8,11",label_kanon_k5_a30+attn_drop_p10,label k-anon k5 a30 + attn drop p10,label k-anon k5 a30 + attn drop...,Label k-anon + dropout,TabPFN,0.9376703091500104,0.9241579638979184,0.5847568988173456,0.3445086105539802,0.3925159070475138,0.1616294349540079,0.368512258800747,0.20688282384673912
1,"label_kanon_k5_a30+attn_drop_p30_l2,4,5,7,8,11",58.77986907958984,0.593729683933882,0.5299536620789819,0.5388814924960232,0.2046125076287708,0.4244415243101183,credit_rating,tabpfn,ml_privacy_meter/logs/credit_rating/tabpfn/defense/defense_eval_results.csv,"label_kanon_k5_a30+attn_drop_p30_l2,4,5,7,8,11",label_kanon_k5_a30+attn_drop_p30,label k-anon k5 a30 + attn drop p30,label k-anon k5 a30 + attn drop...,Label k-anon + dropout,TabPFN,0.9376703091500104,0.9241579638979184,0.5847568988173456,0.34394062521612834,0.3942043018189365,0.16031537450722733,0.3690724635175324,0.2087570890103051
1,"label_kanon_k5_a30+attn_drop_p50_l2,4,5,7,8,11",58.652188301086426,0.5935844456739746,0.5296649145860709,0.5385858288954977,0.2027815788993452,0.4283837056504599,credit_rating,tabpfn,ml_privacy_meter/logs/credit_rating/tabpfn/defense/defense_eval_results.csv,"label_kanon_k5_a30+attn_drop_p50_l2,4,5,7,8,11",label_kanon_k5_a30+attn_drop_p50,label k-anon k5 a30 + attn drop p50,label k-anon k5 a30 + attn drop...,Label k-anon + dropout,TabPFN,0.9376703091500104,0.9241579638979184,0.5847568988173456,0.34408586347603576,0.3944930493118475,0.1563731931668857,0.3692894563939416,0.21291626322705592
1,"label_kanon_k5_a50+attn_drop_p10_l2,4,5,7,8,11",58.729451417922974,0.6537882979459161,0.6593626806833115,0.5689855799156235,0.4232635259457672,0.4612352168199737,credit_rating,tabpfn,ml_privacy_meter/logs/credit_rating/tabpfn/defense/defense_eval_results.csv,"label_kanon_k5_a50+attn_drop_p10_l2,4,5,7,8,11",label_kanon_k5_a50+attn_drop_p10,label k-anon k5 a50 + attn drop p10,label k-anon k5 a50 + attn drop...,Label k-anon + dropout,TabPFN,0.9376703091500104,0.9241579638979184,0.5847568988173456,0.2838820112040943,0.2647952832146069,0.1235216819973719,0.2743386472093506,0.15081696521197868
1,"label_kanon_k5_a50+attn_drop_p30_l2,4,5,7,8,11",58.77221965789795,0.6523514765889757,0.6564008575973441,0.567923957396777,0.4227817355461805,0.4612352168199737,credit_rating,tabpfn,ml_privacy_meter/logs/credit_rating/tabpfn/defense/defense_eval_results.csv,"label_kanon_k5_a50+attn_drop_p30_l2,4,5,7,8,11",label_kanon_k5_a50+attn_drop_p30,label k-anon k5 a50 + attn drop p30,label k-anon k5 a50 + attn drop...,Label k-anon + dropout,TabPFN,0.9376703091500104,0.9241579638979184,0.5847568988173456,0.28531883256103463,0.26775710630057425,0.1235216819973719,0.27653796943080444,0.15301628743343254
1,"label_kanon_k5_a50+attn_drop_p50_l2,4,5,7,8,11",58.5729386806488,0.6501391866657444,0.6506449270350647,0.5662960785669825,0.4185668722289822,0.4612352168199737,credit_rating,tabpfn,ml_privacy_meter/logs/credit_rating/tabpfn/defense/defense_eval_results.csv,"label_kanon_k5_a50+attn_drop_p50_l2,4,5,7,8,11",label_kanon_k5_a50+attn_drop_p50,label k-anon k5 a50 + attn drop p50,label k-anon k5 a50 + attn drop...,Label k-anon + dropout,TabPFN,0.9376703091500104,0.9241579638979184,0.5847568988173456,0.28753112248426593,0.27351303686285366,0.1235216819973719,0.2805220796735598,0.1570003976761879
1,"label_kanon_k10+attn_drop_p10_l2,4,5,7,8,11",50.08678722381592,0.5305398021993223,0.5120461304377896,0.5236435783940798,0.128646321591227,0.392904073587385,credit_rating,tabpfn,ml_privacy_meter/logs/credit_rating/tabpfn/defense/defense_eval_results.csv,"label_kanon_k10+attn_drop_p10_l2,4,5,7,8,11",label_kanon_k10+attn_drop_p10,label k-anon k10 + attn drop p10,label k-anon k10 + attn drop p10,Label k-anon + dropout,TabPFN,0.9376703091500104,0.9241579638979184,0.5847568988173456,0.4071305069506881,0.4121118334601288,0.1918528252299606,0.40962117020540845,0.21776834497544784
1,"label_kanon_k10+attn_drop_p30_l2,4,5,7,8,11",50.16347336769104,0.5301317518500589,0.5119977176844872,0.5233392696590359,0.1269660435311735,0.3915900131406045,credit_rating,tabpfn,ml_privacy_meter/logs/credit_rating/tabpfn/defense/defense_eval_results.csv,"label_kanon_k10+attn_drop_p30_l2,4,5,7,8,11",label_kanon_k10+attn_drop_p30,label k-anon k10 + attn drop p30,label k-anon k10 + attn drop p30,Label k-anon + dropout,TabPFN,0.9376703091500104,0.9241579638979184,0.5847568988173456,0.4075385572999515,0.41216024621343117,0.19316688567674112,0.4098494017566913,0.2166825160799502
1,"label_kanon_k10+attn_drop_p50_l2,4,5,7,8,11",50.09978461265564,0.5303245383498167,0.5128622311363165,0.5237101459298708,0.1288660205095332,0.392904073587385,credit_rating,tabpfn,ml_privacy_meter/logs/credit_rating/tabpfn/defense/defense_eval_results.csv,"label_kanon_k10+attn_drop_p50_l2,4,5,7,8,11",label_kanon_k10+attn_drop_p50,label k-anon k10 + attn drop p50,label k-anon k10 + attn drop p50,Label k-anon + dropout,TabPFN,0.9376703091500104,0.9241579638979184,0.5847568988173456,0.40734577080019363,0.4112957327616019,0.1918528252299606,0.4093207517808978,0.21746792655093716
1,"label_kanon_k10_a30+attn_drop_p10_l2,4,5,7,8,11",50.99924826622009,0.5704033819766234,0.5120616916799225,0.5341456878069023,0.1541433407504319,0.4086727989487516,credit_rating,tabpfn,ml_privacy_meter/logs/credit_rating/tabpfn/defense/defense_eval_results.csv,"label_kanon_k10_a30+attn_drop_p10_l2,4,5,7,8,11",label_kanon_k10_a30+attn_drop_p10,label k-anon k10 a30 + attn drop p10,label k-anon k10 a30 + attn...,Label k-anon + dropout,TabPFN,0.9376703091500104,0.9241579638979184,0.5847568988173456,0.36726692717338694,0.41209627221799583,0.17608409986859402,0.3896815996956914,0.21359749982709736
1,"label_kanon_k10_a30+attn_drop_p30_l2,4,5,7,8,11",51.06943726539612,0.5700325057057888,0.5122000138322153,0.5334290061553357,0.1535464542877925,0.4152431011826544,credit_rating,tabpfn,ml_privacy_meter/logs/credit_rating/tabpfn/defense/defense_eval_results.csv,"label_kanon_k10_a30+attn_drop_p30_l2,4,5,7,8,11",label_kanon_k10_a30+attn_drop_p30,label k-anon k10 a30 + attn drop p30,label k-anon k10 a30 + attn...,Label k-anon + dropout,TabPFN,0.9376703091500104,0.9241579638979184,0.5847568988173456,0.3676378034442216,0.4119579500657031,0.1695137976346912,0.38979787675496236,0.22028407912027115
1,"label_kanon_k10_a30+attn_drop_p50_l2,4,5,7,8,11",51.061434745788574,0.5707682066532956,0.5133792101805104,0.5335880766304724,0.153820123810405,0.40473061760841,credit_rating,tabpfn,ml_privacy_meter/logs/credit_rating/tabpfn/defense/defense_eval_results.csv,"label_kanon_k10_a30+attn_drop_p50_l2,4,5,7,8,11",label_kanon_k10_a30+attn_drop_p50,label k-anon k10 a30 + attn drop p50,label k-anon k10 a30 + attn...,Label k-anon + dropout,TabPFN,0.9376703091500104,0.9241579638979184,0.5847568988173456,0.36690210249671473,0.410778753717408,0.1800262812089356,0.3888404281070614,0.20881414689812577
1,"label_kanon_k10_a50+attn_drop_p10_l2,4,5,7,8,11",51.13512110710144,0.6224384466422297,0.5771924061138392,0.5579275883532748,0.2925241221410067,0.4507227332457293,credit_rating,tabpfn,ml_privacy_meter/logs/credit_rating/tabpfn/defense/defense_eval_results.csv,"label_kanon_k10_a50+attn_drop_p10_l2,4,5,7,8,11",label_kanon_k10_a50+attn_drop_p10,label k-anon k10 a50 + attn drop p10,label k-anon k10 a50 + attn...,Label k-anon + dropout,TabPFN,0.9376703091500104,0.9241579638979184,0.5847568988173456,0.3152318625077807,0.3469655577840792,0.1340341655716163,0.33109871014592995,0.19706454457431366
1,"label_kanon_k10_a50+attn_drop_p30_l2,4,5,7,8,11",51.04469203948975,0.6185861747008783,0.5750933674527976,0.5562167162321046,0.2905698425565534,0.4507227332457293,credit_rating,tabpfn,ml_privacy_meter/logs/credit_rating/tabpfn/defense/defense_eval_results.csv,"label_kanon_k10_a50+attn_drop_p30_l2,4,5,7,8,11",label_kanon_k10_a50+attn_drop_p30,label k-anon k10 a50 + attn drop p30,label k-anon k10 a50 + attn...,Label k-anon + dropout,TabPFN,0.9376703091500104,0.9241579638979184,0.5847568988173456,0.3190841344491321,0.3490645964451208,0.1340341655716163,0.33407436544712643,0.20004019987551014
1,"label_kanon_k10_a50+attn_drop_p50_l2,4,5,7,8,11",50.89594388008118,0.6199936026004564,0.5718756483850889,0.5541029808423819,0.2897215426104972,0.4507227332457293,credit_rating,tabpfn,ml_privacy_meter/logs/credit_rating/tabpfn/defense/defense_eval_results.csv,"label_kanon_k10_a50+attn_drop_p50_l2,4,5,7,8,11",label_kanon_k10_a50+attn_drop_p50,label k-anon k10 a50 + attn drop p50,label k-anon k10 a50 + attn...,Label k-anon + dropout,TabPFN,0.9376703091500104,0.9241579638979184,0.5847568988173456,0.31767670654955393,0.3522823155128295,0.1340341655716163,0.3349795110311917,0.20094534545957543
1,highrisk_label_kanon_k3,0.0,0.3988536551628743,0.155940936440971,0.1431150148696313,-1.7156775823642836,0.4809,credit_rating,tabpfn,ml_privacy_meter/logs/credit_rating/tabpfn/defense/defense_eval_results.csv,highrisk_label_kanon_k3,highrisk_label_kanon_k3,high-risk label k-anon k3,high-risk label k-anon k3,High-risk label k-anon,TabPFN,0.9376703091500104,0.9241579638979184,0.5847568988173456,0.5388166539871361,0.7682170274569473,0.10385689881734561,0.6535168407220417,0.5496599419046961
1,highrisk_label_kanon_k3_a30,0.0,0.4688861608686631,0.1886472093505775,0.1550470295317795,-1.2609657067087128,0.502,credit_rating,tabpfn,ml_privacy_meter/logs/credit_rating/tabpfn/defense/defense_eval_results.csv,highrisk_label_kanon_k3_a30,highrisk_label_kanon_k3_a30,high-risk label k-anon k3 a30,high-risk label k-anon k3 a30,High-risk label k-anon,TabPFN,0.9376703091500104,0.9241579638979184,0.5847568988173456,0.4687841482813473,0.7355107545473409,0.0827568988173456,0.6021474514143441,0.5193905525969985
1,highrisk_label_kanon_k3_a50,0.0,0.5820587523341864,0.2583036517048205,0.1764039698457707,-0.5839330149557883,0.5217,credit_rating,tabpfn,ml_privacy_meter/logs/credit_rating/tabpfn/defense/defense_eval_results.csv,highrisk_label_kanon_k3_a50,highrisk_label_kanon_k3_a50,high-risk label k-anon k3 a50,high-risk label k-anon k3 a50,High-risk label k-anon,TabPFN,0.9376703091500104,0.9241579638979184,0.5847568988173456,0.355611556815824,0.6658543121930979,0.06305689881734555,0.5107329345044609,0.44767603568711534
1,highrisk_label_kanon_k5,0.0,0.3819161076146344,0.2132875717546165,0.1442449339511722,-0.8424126084614663,0.4757,credit_rating,tabpfn,ml_privacy_meter/logs/credit_rating/tabpfn/defense/defense_eval_results.csv,highrisk_label_kanon_k5,highrisk_label_kanon_k5,high-risk label k-anon k5,high-risk label k-anon k5,High-risk label k-anon,TabPFN,0.9376703091500104,0.9241579638979184,0.5847568988173456,0.555754201535376,0.7108703921433019,0.1090568988173456,0.633312296839339,0.5242553980219934
1,highrisk_label_kanon_k5_a30,0.0,0.4371308527560689,0.1991700670862438,0.1452296147728058,-0.9216142266015488,0.4901,credit_rating,tabpfn,ml_privacy_meter/logs/credit_rating/tabpfn/defense/defense_eval_results.csv,highrisk_label_kanon_k5_a30,highrisk_label_kanon_k5_a30,high-risk label k-anon k5 a30,high-risk label k-anon k5 a30,High-risk label k-anon,TabPFN,0.9376703091500104,0.9241579638979184,0.5847568988173456,0.5005394563939415,0.7249878968116745,0.09465689881734562,0.612763676602808,0.5181067777854623
1,highrisk_label_kanon_k5_a50,0.0,0.5126262189639671,0.2235700947506743,0.1627619475759043,-0.7147067662027539,0.5085,credit_rating,tabpfn,ml_privacy_meter/logs/credit_rating/tabpfn/defense/defense_eval_results.csv,highrisk_label_kanon_k5_a50,highrisk_label_kanon_k5_a50,high-risk label k-anon k5 a50,high-risk label k-anon k5 a50,High-risk label k-anon,TabPFN,0.9376703091500104,0.9241579638979184,0.5847568988173456,0.4250440901860433,0.700587869147244,0.07625689881734565,0.5628159796666437,0.486559080849298
1,highrisk_label_kanon_k10,0.0,0.3663704267238398,0.463254720243447,0.1472715955460267,0.0142311712117878,0.4744,credit_rating,tabpfn,ml_privacy_meter/logs/credit_rating/tabpfn/defense/defense_eval_results.csv,highrisk_label_kanon_k10,highrisk_label_kanon_k10,high-risk label k-anon k10,high-risk label k-anon k10,High-risk label k-anon,TabPFN,0.9376703091500104,0.9241579638979184,0.5847568988173456,0.5712998824261706,0.4609032436544714,0.11035689881734562,0.516101563040321,0.40574466422297534
1,highrisk_label_kanon_k10_a30,0.0,0.4052605643543813,0.2582872259492358,0.1472396085483089,-0.5512002270105798,0.4783,credit_rating,tabpfn,ml_privacy_meter/logs/credit_rating/tabpfn/defense/defense_eval_results.csv,highrisk_label_kanon_k10_a30,highrisk_label_kanon_k10_a30,high-risk label k-anon k10 a30,high-risk label k-anon k10 a30,High-risk label k-anon,TabPFN,0.9376703091500104,0.9241579638979184,0.5847568988173456,0.5324097447956291,0.6658707379486826,0.1064568988173456,0.5991402413721558,0.4926833425548102
1,highrisk_label_kanon_k10_a50,0.0,0.4634570163911751,0.2150701984922885,0.14873348779307,-0.7884422658967792,0.4993,credit_rating,tabpfn,ml_privacy_meter/logs/credit_rating/tabpfn/defense/defense_eval_results.csv,highrisk_label_kanon_k10_a50,highrisk_label_kanon_k10_a50,high-risk label k-anon k10 a50,high-risk label k-anon k10 a50,High-risk label k-anon,TabPFN,0.9376703091500104,0.9241579638979184,0.5847568988173456,0.4742132927588353,0.7090877654056299,0.08545689881734558,0.5916505290822326,0.5061936302648871
1,"attn_drop_p70_l2,4,5,7,8,11",0.0,0.9218730548447334,0.8962808631302303,0.7010642160592019,1.310444053512532,0.5677,credit_rating,tabpfn,ml_privacy_meter/logs/credit_rating/tabpfn/defense/defense_eval_results.csv,"attn_drop_p70_l2,4,5,7,8,11",attn_drop_p70,attn drop p70,attn drop p70,Attention dropout,TabPFN,0.9376703091500104,0.9241579638979184,0.5847568988173456,0.01579725430527701,0.027877100767688123,0.017056898817345623,0.021837177536482566,0.004780278719136943
1,"attn_drop_p90_l2,4,5,7,8,11",0.0,0.8811449616156027,0.8378916245936787,0.6304594024483021,0.9693002613384596,0.5427,credit_rating,tabpfn,ml_privacy_meter/logs/credit_rating/tabpfn/defense/defense_eval_results.csv,"attn_drop_p90_l2,4,5,7,8,11",attn_drop_p90,attn drop p90,attn drop p90,Attention dropout,TabPFN,0.9376703091500104,0.9241579638979184,0.5847568988173456,0.05652534753440763,0.08626633930423966,0.042056898817345645,0.07139584341932365,0.029338944601978
1,no_defense,0.0,0.7240915807651906,0.8835137109909925,,,0.7811934900542495,dropout_success,real-tabpfn,ml_privacy_meter/logs/dropout_success/real-tabpfn/defense/defense_eval_results.csv,no_defense,no_defense,No defense,No defense,No defense,Real TabPFN,0.7240915807651906,0.8835137109909925,0.7811934900542495,0.0,0.0,0.0,0.0,0.0
1,label_kanon_k3,0.0,0.5381321892641049,0.5517301830736033,0.5165275638643002,0.0880706401935668,0.7306,dropout_success,real-tabpfn,ml_privacy_meter/logs/dropout_success/real-tabpfn/defense/defense_eval_results.csv,label_kanon_k3,label_kanon_k3,label k-anon k3,label k-anon k3,Label k-anon,Real TabPFN,0.7240915807651906,0.8835137109909925,0.7811934900542495,0.18595939150108576,0.3317835279173892,0.05059349005424951,0.2588714597092375,0.20827796965498796
1,label_kanon_k3_a30,0.0,0.5722805919889721,0.6268958365806399,0.5225140528892218,0.313328754140711,0.7456,dropout_success,real-tabpfn,ml_privacy_meter/logs/dropout_success/real-tabpfn/defense/defense_eval_results.csv,label_kanon_k3_a30,label_kanon_k3_a30,label k-anon k3 a30,label k-anon k3 a30,Label k-anon,Real TabPFN,0.7240915807651906,0.8835137109909925,0.7811934900542495,0.15181098877621857,0.25661787441035266,0.0355934900542495,0.20421443159328562,0.16862094153903612
1,label_kanon_k3_a50,0.0,0.5968007990463183,0.7140617182620526,0.5317104249166418,0.6317987381793101,0.7619,dropout_success,real-tabpfn,ml_privacy_meter/logs/dropout_success/real-tabpfn/defense/defense_eval_results.csv,label_kanon_k3_a50,label_kanon_k3_a50,label k-anon k3 a50,label k-anon k3 a50,Label k-anon,Real TabPFN,0.7240915807651906,0.8835137109909925,0.7811934900542495,0.12729078171887231,0.16945199272893996,0.019293490054249518,0.14837138722390614,0.12907789716965662
1,label_kanon_k5,0.0,0.5276096445094087,0.5336281070137825,0.5148128043611826,0.0401744790656925,0.7179,dropout_success,real-tabpfn,ml_privacy_meter/logs/dropout_success/real-tabpfn/defense/defense_eval_results.csv,label_kanon_k5,label_kanon_k5,label k-anon k5,label k-anon k5,Label k-anon,Real TabPFN,0.7240915807651906,0.8835137109909925,0.7811934900542495,0.19648193625578192,0.34988560397721,0.06329349005424956,0.27318377011649597,0.20989028006224641
1,label_kanon_k5_a30,0.0,0.5544408437946561,0.5896828848507838,0.5181874597833578,0.1957859599693708,0.7378,dropout_success,real-tabpfn,ml_privacy_meter/logs/dropout_success/real-tabpfn/defense/defense_eval_results.csv,label_kanon_k5_a30,label_kanon_k5_a30,label k-anon k5 a30,label k-anon k5 a30,Label k-anon,Real TabPFN,0.7240915807651906,0.8835137109909925,0.7811934900542495,0.16965073697053457,0.2938308261402087,0.04339349005424953,0.23174078155537164,0.18834729150112212
1,label_kanon_k5_a50,0.0,0.5831394032804063,0.673001048948127,0.5258868916364281,0.4756007220888897,0.7559,dropout_success,real-tabpfn,ml_privacy_meter/logs/dropout_success/real-tabpfn/defense/defense_eval_results.csv,label_kanon_k5_a50,label_kanon_k5_a50,label k-anon k5 a50,label k-anon k5 a50,Label k-anon,Real TabPFN,0.7240915807651906,0.8835137109909925,0.7811934900542495,0.1409521774847844,0.21051266204286556,0.025293490054249523,0.17573241976382498,0.15043892970957545
1,label_kanon_k10,0.0,0.5237201434010553,0.5280965134010662,0.5139386203661618,0.0150689477007404,0.6992,dropout_success,real-tabpfn,ml_privacy_meter/logs/dropout_success/real-tabpfn/defense/defense_eval_results.csv,label_kanon_k10,label_kanon_k10,label k-anon k10,label k-anon k10,Label k-anon,Real TabPFN,0.7240915807651906,0.8835137109909925,0.7811934900542495,0.20037143736413532,0.3554171975899263,0.0819934900542495,0.2778943174770308,0.1959008274227813
1,label_kanon_k10_a30,0.0,0.5472262824907776,0.5763341388470146,0.5154653540100012,0.1532019202656742,0.7318,dropout_success,real-tabpfn,ml_privacy_meter/logs/dropout_success/real-tabpfn/defense/defense_eval_results.csv,label_kanon_k10_a30,label_kanon_k10_a30,label k-anon k10 a30,label k-anon k10 a30,Label k-anon,Real TabPFN,0.7240915807651906,0.8835137109909925,0.7811934900542495,0.176865298274413,0.30717957214397795,0.049393490054249534,0.24202243520919547,0.19262894515494594
1,label_kanon_k10_a50,0.0,0.5769834184808891,0.6516718314736032,0.5223621788618241,0.3971408221222871,0.7462,dropout_success,real-tabpfn,ml_privacy_meter/logs/dropout_success/real-tabpfn/defense/defense_eval_results.csv,label_kanon_k10_a50,label_kanon_k10_a50,label k-anon k10 a50,label k-anon k10 a50,Label k-anon,Real TabPFN,0.7240915807651906,0.8835137109909925,0.7811934900542495,0.14710816228430157,0.23184187951738933,0.034993490054249565,0.18947502090084545,0.15448153084659588
1,"attn_drop_p10_l1,2,4,5,7,10",0.0,0.7247824622558525,0.8797528304704353,0.5757971297262162,1.3796918340543711,0.7824,dropout_success,real-tabpfn,ml_privacy_meter/logs/dropout_success/real-tabpfn/defense/defense_eval_results.csv,"attn_drop_p10_l1,2,4,5,7,10",attn_drop_p10,attn drop p10,attn drop p10,Attention dropout,Real TabPFN,0.7240915807651906,0.8835137109909925,0.7811934900542495,-0.0006908814906618765,0.0037608805205572304,-0.0012065099457504447,0.001534999514947677,0.0027415094606981216
1,"attn_drop_p30_l1,2,4,5,7,10",0.0,0.7207803272994292,0.8693022260445065,0.5723399972604541,1.3268335366308266,0.7812,dropout_success,real-tabpfn,ml_privacy_meter/logs/dropout_success/real-tabpfn/defense/defense_eval_results.csv,"attn_drop_p30_l1,2,4,5,7,10",attn_drop_p30,attn drop p30,attn drop p30,Attention dropout,Real TabPFN,0.7240915807651906,0.8835137109909925,0.7811934900542495,0.0033112534657614434,0.014211484946486053,-6.509945750465818e-06,0.008761369206123748,0.008767879151874214
1,"attn_drop_p50_l1,2,4,5,7,10",0.0,0.6842117501810316,0.8536210510482032,0.5670411197112504,1.2481134371983869,0.7848,dropout_success,real-tabpfn,ml_privacy_meter/logs/dropout_success/real-tabpfn/defense/defense_eval_results.csv,"attn_drop_p50_l1,2,4,5,7,10",attn_drop_p50,attn drop p50,attn drop p50,Attention dropout,Real TabPFN,0.7240915807651906,0.8835137109909925,0.7811934900542495,0.039879830584159004,0.029892659942789335,-0.0036065099457505134,0.03488624526347417,0.03849275520922468
1,"label_kanon_k3+attn_drop_p10_l1,2,4,5,7,10",275.5153787136078,0.5391611539664737,0.5514467817784594,0.5165589923412617,0.0874091859562925,0.731163351416516,dropout_success,real-tabpfn,ml_privacy_meter/logs/dropout_success/real-tabpfn/defense/defense_eval_results.csv,"label_kanon_k3+attn_drop_p10_l1,2,4,5,7,10",label_kanon_k3+attn_drop_p10,label k-anon k3 + attn drop p10,label k-anon k3 + attn drop p10,Label k-anon + dropout,Real TabPFN,0.7240915807651906,0.8835137109909925,0.7811934900542495,0.18493042679871696,0.3320669292125331,0.050030138637733534,0.25849867800562504,0.2084685393678915
1,"label_kanon_k3+attn_drop_p30_l1,2,4,5,7,10",275.5912764072418,0.5382853349639808,0.5502479579665013,0.5158523057783707,0.0852930015266198,0.731163351416516,dropout_success,real-tabpfn,ml_privacy_meter/logs/dropout_success/real-tabpfn/defense/defense_eval_results.csv,"label_kanon_k3+attn_drop_p30_l1,2,4,5,7,10",label_kanon_k3+attn_drop_p30,label k-anon k3 + attn drop p30,label k-anon k3 + attn drop p30,Label k-anon + dropout,Real TabPFN,0.7240915807651906,0.8835137109909925,0.7811934900542495,0.18580624580120986,0.33326575302449124,0.050030138637733534,0.25953599941285055,0.20950586077511701
1,"label_kanon_k3+attn_drop_p50_l1,2,4,5,7,10",275.3942041397095,0.5403401760212712,0.5492384316862995,0.5164211067111244,0.0824490819278399,0.729957805907173,dropout_success,real-tabpfn,ml_privacy_meter/logs/dropout_success/real-tabpfn/defense/defense_eval_results.csv,"label_kanon_k3+attn_drop_p50_l1,2,4,5,7,10",label_kanon_k3+attn_drop_p50,label k-anon k3 + attn drop p50,label k-anon k3 + attn drop p50,Label k-anon + dropout,Real TabPFN,0.7240915807651906,0.8835137109909925,0.7811934900542495,0.1837514047439195,0.33427527930469303,0.05123568414707658,0.25901334202430626,0.20777765787722968
1,"label_kanon_k3_a30+attn_drop_p10_l1,2,4,5,7,10",276.1069197654724,0.5725329281421483,0.6256334291447712,0.5226699236015508,0.3102295703828909,0.7468354430379747,dropout_success,real-tabpfn,ml_privacy_meter/logs/dropout_success/real-tabpfn/defense/defense_eval_results.csv,"label_kanon_k3_a30+attn_drop_p10_l1,2,4,5,7,10",label_kanon_k3_a30+attn_drop_p10,label k-anon k3 a30 + attn drop p10,label k-anon k3 a30 + attn drop...,Label k-anon + dropout,Real TabPFN,0.7240915807651906,0.8835137109909925,0.7811934900542495,0.15155865262304236,0.25788028184622136,0.03435804701627487,0.20471946723463186,0.17036142021835698
1,"label_kanon_k3_a30+attn_drop_p30_l1,2,4,5,7,10",276.4331576824188,0.5733051966714154,0.6223517874810021,0.5220675141818731,0.3000174851800667,0.7462326702833032,dropout_success,real-tabpfn,ml_privacy_meter/logs/dropout_success/real-tabpfn/defense/defense_eval_results.csv,"label_kanon_k3_a30+attn_drop_p30_l1,2,4,5,7,10",label_kanon_k3_a30+attn_drop_p30,label k-anon k3 a30 + attn drop p30,label k-anon k3 a30 + attn drop...,Label k-anon + dropout,Real TabPFN,0.7240915807651906,0.8835137109909925,0.7811934900542495,0.1507863840937752,0.26116192350999046,0.03496081977094634,0.20597415380188283,0.1710133340309365
1,"label_kanon_k3_a30+attn_drop_p50_l1,2,4,5,7,10",276.4294548034668,0.568868513062438,0.6166981133103777,0.5215910003375382,0.2858574227650435,0.7456298975286317,dropout_success,real-tabpfn,ml_privacy_meter/logs/dropout_success/real-tabpfn/defense/defense_eval_results.csv,"label_kanon_k3_a30+attn_drop_p50_l1,2,4,5,7,10",label_kanon_k3_a30+attn_drop_p50,label k-anon k3 a30 + attn drop p50,label k-anon k3 a30 + attn drop...,Label k-anon + dropout,Real TabPFN,0.7240915807651906,0.8835137109909925,0.7811934900542495,0.15522306770275263,0.2668155976806148,0.035563592525617804,0.21101933269168371,0.1754557401660659
1,"label_kanon_k3_a50+attn_drop_p10_l1,2,4,5,7,10",276.16881823539734,0.5976635379890354,0.7117854245260568,0.5314135802267284,0.6236380892467847,0.7625075346594334,dropout_success,real-tabpfn,ml_privacy_meter/logs/dropout_success/real-tabpfn/defense/defense_eval_results.csv,"label_kanon_k3_a50+attn_drop_p10_l1,2,4,5,7,10",label_kanon_k3_a50+attn_drop_p10,label k-anon k3 a50 + attn drop p10,label k-anon k3 a50 + attn drop...,Label k-anon + dropout,Real TabPFN,0.7240915807651906,0.8835137109909925,0.7811934900542495,0.12642804277615527,0.17172828646493576,0.0186859553948161,0.14907816462054552,0.13039220922572942
1,"label_kanon_k3_a50+attn_drop_p30_l1,2,4,5,7,10",276.1746678352356,0.5926934786091973,0.7057665986866893,0.5311565207186331,0.6022689025709926,0.7631103074141049,dropout_success,real-tabpfn,ml_privacy_meter/logs/dropout_success/real-tabpfn/defense/defense_eval_results.csv,"label_kanon_k3_a50+attn_drop_p30_l1,2,4,5,7,10",label_kanon_k3_a50+attn_drop_p30,label k-anon k3 a50 + attn drop p30,label k-anon k3 a50 + attn drop...,Label k-anon + dropout,Real TabPFN,0.7240915807651906,0.8835137109909925,0.7811934900542495,0.13139810215599335,0.17774711230430318,0.018083182640144635,0.15457260723014826,0.13648942459000363
1,"label_kanon_k3_a50+attn_drop_p50_l1,2,4,5,7,10",276.6470470428467,0.5980563031173052,0.6962028949805633,0.5292639087360629,0.570489715118127,0.7613019891500904,dropout_success,real-tabpfn,ml_privacy_meter/logs/dropout_success/real-tabpfn/defense/defense_eval_results.csv,"label_kanon_k3_a50+attn_drop_p50_l1,2,4,5,7,10",label_kanon_k3_a50+attn_drop_p50,label k-anon k3 a50 + attn drop p50,label k-anon k3 a50 + attn drop...,Label k-anon + dropout,Real TabPFN,0.7240915807651906,0.8835137109909925,0.7811934900542495,0.12603527764788547,0.1873108160104292,0.019891500904159143,0.15667304682915734,0.1367815459249982
1,"label_kanon_k5+attn_drop_p10_l1,2,4,5,7,10",228.7533583641052,0.5267365505193693,0.5333784958730595,0.5147969992889534,0.039133347938128,0.7179023508137432,dropout_success,real-tabpfn,ml_privacy_meter/logs/dropout_success/real-tabpfn/defense/defense_eval_results.csv,"label_kanon_k5+attn_drop_p10_l1,2,4,5,7,10",label_kanon_k5+attn_drop_p10,label k-anon k5 + attn drop p10,label k-anon k5 + attn drop p10,Label k-anon + dropout,Real TabPFN,0.7240915807651906,0.8835137109909925,0.7811934900542495,0.19735503024582135,0.350135215117933,0.06329113924050633,0.2737451226818772,0.21045398344137084
1,"label_kanon_k5+attn_drop_p30_l1,2,4,5,7,10",228.44625210762024,0.5277898586663208,0.5331521381719381,0.5150633238393899,0.0386505700737749,0.7185051235684147,dropout_success,real-tabpfn,ml_privacy_meter/logs/dropout_success/real-tabpfn/defense/defense_eval_results.csv,"label_kanon_k5+attn_drop_p30_l1,2,4,5,7,10",label_kanon_k5+attn_drop_p30,label k-anon k5 + attn drop p30,label k-anon k5 + attn drop p30,Label k-anon + dropout,Real TabPFN,0.7240915807651906,0.8835137109909925,0.7811934900542495,0.19630172209886987,0.35036157281905445,0.06268836648583487,0.27333164745896216,0.2106432809731273
1,"label_kanon_k5+attn_drop_p50_l1,2,4,5,7,10",228.26969957351685,0.5269392914458952,0.5321518769340776,0.5147771975317927,0.0344359407701334,0.7179023508137432,dropout_success,real-tabpfn,ml_privacy_meter/logs/dropout_success/real-tabpfn/defense/defense_eval_results.csv,"label_kanon_k5+attn_drop_p50_l1,2,4,5,7,10",label_kanon_k5+attn_drop_p50,label k-anon k5 + attn drop p50,label k-anon k5 + attn drop p50,Label k-anon + dropout,Real TabPFN,0.7240915807651906,0.8835137109909925,0.7811934900542495,0.1971522893192954,0.3513618340569149,0.06329113924050633,0.27425706168810515,0.21096592244759882
1,"label_kanon_k5_a30+attn_drop_p10_l1,2,4,5,7,10",229.6914808750153,0.5563476258419835,0.5888348609753146,0.5181238761594473,0.1935700382584574,0.7377938517179023,dropout_success,real-tabpfn,ml_privacy_meter/logs/dropout_success/real-tabpfn/defense/defense_eval_results.csv,"label_kanon_k5_a30+attn_drop_p10_l1,2,4,5,7,10",label_kanon_k5_a30+attn_drop_p10,label k-anon k5 a30 + attn drop p10,label k-anon k5 a30 + attn drop...,Label k-anon + dropout,Real TabPFN,0.7240915807651906,0.8835137109909925,0.7811934900542495,0.16774395492320715,0.29467885001567795,0.04339963833634719,0.23121140246944255,0.18781176413309536
1,"label_kanon_k5_a30+attn_drop_p30_l1,2,4,5,7,10",229.7902204990387,0.5566359321595433,0.5869491523576262,0.5179839921868443,0.1874316861364277,0.7377938517179023,dropout_success,real-tabpfn,ml_privacy_meter/logs/dropout_success/real-tabpfn/defense/defense_eval_results.csv,"label_kanon_k5_a30+attn_drop_p30_l1,2,4,5,7,10",label_kanon_k5_a30+attn_drop_p30,label k-anon k5 a30 + attn drop p30,label k-anon k5 a30 + attn drop...,Label k-anon + dropout,Real TabPFN,0.7240915807651906,0.8835137109909925,0.7811934900542495,0.16745564860564732,0.2965645586333663,0.04339963833634719,0.2320101036195068,0.1886104652831596
1,"label_kanon_k5_a30+attn_drop_p50_l1,2,4,5,7,10",229.8014781475067,0.555033261502005,0.5831886351720627,0.5179049668256984,0.1795251366683749,0.7371910789632309,dropout_success,real-tabpfn,ml_privacy_meter/logs/dropout_success/real-tabpfn/defense/defense_eval_results.csv,"label_kanon_k5_a30+attn_drop_p50_l1,2,4,5,7,10",label_kanon_k5_a30+attn_drop_p50,label k-anon k5 a30 + attn drop p50,label k-anon k5 a30 + attn drop...,Label k-anon + dropout,Real TabPFN,0.7240915807651906,0.8835137109909925,0.7811934900542495,0.1690583192631856,0.30032507581892987,0.044002411091018656,0.23469169754105773,0.19068928645003907
1,"label_kanon_k5_a50+attn_drop_p10_l1,2,4,5,7,10",230.0044460296631,0.5818858975518852,0.6710103365172378,0.5255424500623301,0.4693227750071911,0.755877034358047,dropout_success,real-tabpfn,ml_privacy_meter/logs/dropout_success/real-tabpfn/defense/defense_eval_results.csv,"label_kanon_k5_a50+attn_drop_p10_l1,2,4,5,7,10",label_kanon_k5_a50+attn_drop_p10,label k-anon k5 a50 + attn drop p10,label k-anon k5 a50 + attn drop...,Label k-anon + dropout,Real TabPFN,0.7240915807651906,0.8835137109909925,0.7811934900542495,0.1422056832133054,0.21250337447375467,0.025316455696202556,0.17735452884353003,0.15203807314732748
1,"label_kanon_k5_a50+attn_drop_p30_l1,2,4,5,7,10",230.1027095317841,0.5838037613165226,0.666710993535907,0.5253377107933384,0.4551683137511981,0.754671488848704,dropout_success,real-tabpfn,ml_privacy_meter/logs/dropout_success/real-tabpfn/defense/defense_eval_results.csv,"label_kanon_k5_a50+attn_drop_p30_l1,2,4,5,7,10",label_kanon_k5_a50+attn_drop_p30,label k-anon k5 a50 + attn drop p30,label k-anon k5 a50 + attn drop...,Label k-anon + dropout,Real TabPFN,0.7240915807651906,0.8835137109909925,0.7811934900542495,0.14028781944866808,0.2168027174550855,0.026522001205545487,0.1785452684518768,0.1520232672463313
1,"label_kanon_k5_a50+attn_drop_p50_l1,2,4,5,7,10",229.72180438041687,0.5815576243850101,0.6582307547812161,0.524002273023721,0.4279910189165894,0.7540687160940326,dropout_success,real-tabpfn,ml_privacy_meter/logs/dropout_success/real-tabpfn/defense/defense_eval_results.csv,"label_kanon_k5_a50+attn_drop_p50_l1,2,4,5,7,10",label_kanon_k5_a50+attn_drop_p50,label k-anon k5 a50 + attn drop p50,label k-anon k5 a50 + attn drop...,Label k-anon + dropout,Real TabPFN,0.7240915807651906,0.8835137109909925,0.7811934900542495,0.14253395638018052,0.22528295620977645,0.027124773960216952,0.18390845629497848,0.15678368233476153
1,"label_kanon_k10+attn_drop_p10_l1,2,4,5,7,10",192.83515000343323,0.5235846194483775,0.5278743340523733,0.5141135661656641,0.0143376944771889,0.6998191681735986,dropout_success,real-tabpfn,ml_privacy_meter/logs/dropout_success/real-tabpfn/defense/defense_eval_results.csv,"label_kanon_k10+attn_drop_p10_l1,2,4,5,7,10",label_kanon_k10+attn_drop_p10,label k-anon k10 + attn drop p10,label k-anon k10 + attn drop p10,Label k-anon + dropout,Real TabPFN,0.7240915807651906,0.8835137109909925,0.7811934900542495,0.20050696131681311,0.35563937693861924,0.08137432188065097,0.2780731691277162,0.1966988472470652
1,"label_kanon_k10+attn_drop_p30_l1,2,4,5,7,10",192.79274225234985,0.5229300714570932,0.5272176060511263,0.5135117017484769,0.0128999531271234,0.6992163954189271,dropout_success,real-tabpfn,ml_privacy_meter/logs/dropout_success/real-tabpfn/defense/defense_eval_results.csv,"label_kanon_k10+attn_drop_p30_l1,2,4,5,7,10",label_kanon_k10+attn_drop_p30,label k-anon k10 + attn drop p30,label k-anon k10 + attn drop p30,Label k-anon + dropout,Real TabPFN,0.7240915807651906,0.8835137109909925,0.7811934900542495,0.2011615093080974,0.3562961049398662,0.08197709463532243,0.2787288071239818,0.19675171248865936
1,"label_kanon_k10+attn_drop_p50_l1,2,4,5,7,10",192.471971988678,0.5269156746713,0.5267443622217354,0.5130235611843413,0.012859017883125,0.6992163954189271,dropout_success,real-tabpfn,ml_privacy_meter/logs/dropout_success/real-tabpfn/defense/defense_eval_results.csv,"label_kanon_k10+attn_drop_p50_l1,2,4,5,7,10",label_kanon_k10+attn_drop_p50,label k-anon k10 + attn drop p50,label k-anon k10 + attn drop p50,Label k-anon + dropout,Real TabPFN,0.7240915807651906,0.8835137109909925,0.7811934900542495,0.19717590609389068,0.35676934876925714,0.08197709463532243,0.2769726274315739,0.19499553279625148
1,"label_kanon_k10_a30+attn_drop_p10_l1,2,4,5,7,10",195.4710555076599,0.5452610035094527,0.5755615069827535,0.5156819016662906,0.151333349119688,0.7329716696805304,dropout_success,real-tabpfn,ml_privacy_meter/logs/dropout_success/real-tabpfn/defense/defense_eval_results.csv,"label_kanon_k10_a30+attn_drop_p10_l1,2,4,5,7,10",label_kanon_k10_a30+attn_drop_p10,label k-anon k10 a30 + attn drop p10,label k-anon k10 a30 + attn...,Label k-anon + dropout,Real TabPFN,0.7240915807651906,0.8835137109909925,0.7811934900542495,0.17883057725573792,0.30795220400823897,0.04822182037371914,0.24339139063198845,0.1951695702582693
1,"label_kanon_k10_a30+attn_drop_p30_l1,2,4,5,7,10",194.8403787612915,0.5455900033463154,0.5749725409578454,0.5155267576239491,0.1487839904511862,0.7329716696805304,dropout_success,real-tabpfn,ml_privacy_meter/logs/dropout_success/real-tabpfn/defense/defense_eval_results.csv,"label_kanon_k10_a30+attn_drop_p30_l1,2,4,5,7,10",label_kanon_k10_a30+attn_drop_p30,label k-anon k10 a30 + attn drop p30,label k-anon k10 a30 + attn...,Label k-anon + dropout,Real TabPFN,0.7240915807651906,0.8835137109909925,0.7811934900542495,0.1785015774188753,0.30854117003314707,0.04822182037371914,0.24352137372601118,0.19529955335229204
1,"label_kanon_k10_a30+attn_drop_p50_l1,2,4,5,7,10",195.27619767189023,0.5427837855218999,0.5723534406552238,0.5155996062902007,0.142697472828215,0.7323688969258589,dropout_success,real-tabpfn,ml_privacy_meter/logs/dropout_success/real-tabpfn/defense/defense_eval_results.csv,"label_kanon_k10_a30+attn_drop_p50_l1,2,4,5,7,10",label_kanon_k10_a30+attn_drop_p50,label k-anon k10 a30 + attn drop p50,label k-anon k10 a30 + attn...,Label k-anon + dropout,Real TabPFN,0.7240915807651906,0.8835137109909925,0.7811934900542495,0.18130779524329077,0.31116027033576876,0.0488245931283906,0.24623403278952977,0.19740943966113916
1,"label_kanon_k10_a50+attn_drop_p10_l1,2,4,5,7,10",195.5143716335297,0.5785573856739191,0.650154544539602,0.5221220144309393,0.3926280868794046,0.7456298975286317,dropout_success,real-tabpfn,ml_privacy_meter/logs/dropout_success/real-tabpfn/defense/defense_eval_results.csv,"label_kanon_k10_a50+attn_drop_p10_l1,2,4,5,7,10",label_kanon_k10_a50+attn_drop_p10,label k-anon k10 a50 + attn drop p10,label k-anon k10 a50 + attn...,Label k-anon + dropout,Real TabPFN,0.7240915807651906,0.8835137109909925,0.7811934900542495,0.14553419509127152,0.23335916645139054,0.035563592525617804,0.18944668077133103,0.15388308824571323
1,"label_kanon_k10_a50+attn_drop_p30_l1,2,4,5,7,10",194.98257994651797,0.5752639356228524,0.6464450759206636,0.5217706694919596,0.3824468651016006,0.7468354430379747,dropout_success,real-tabpfn,ml_privacy_meter/logs/dropout_success/real-tabpfn/defense/defense_eval_results.csv,"label_kanon_k10_a50+attn_drop_p30_l1,2,4,5,7,10",label_kanon_k10_a50+attn_drop_p30,label k-anon k10 a50 + attn drop p30,label k-anon k10 a50 + attn...,Label k-anon + dropout,Real TabPFN,0.7240915807651906,0.8835137109909925,0.7811934900542495,0.14882764514233826,0.23706863507032894,0.03435804701627487,0.1929481401063336,0.15859009309005873
1,"label_kanon_k10_a50+attn_drop_p50_l1,2,4,5,7,10",195.6917352676392,0.5713433693725314,0.6409251090277484,0.5214672847721581,0.3666849863951724,0.7474382157926461,dropout_success,real-tabpfn,ml_privacy_meter/logs/dropout_success/real-tabpfn/defense/defense_eval_results.csv,"label_kanon_k10_a50+attn_drop_p50_l1,2,4,5,7,10",label_kanon_k10_a50+attn_drop_p50,label k-anon k10 a50 + attn drop p50,label k-anon k10 a50 + attn...,Label k-anon + dropout,Real TabPFN,0.7240915807651906,0.8835137109909925,0.7811934900542495,0.15274821139265926,0.24258860196324417,0.03375527426160341,0.1976684066779517,0.1639131324163483
1,highrisk_label_kanon_k3,0.0,0.5493579688992513,0.3381925755400702,0.313976479872513,-0.7785147393607503,0.7342,dropout_success,real-tabpfn,ml_privacy_meter/logs/dropout_success/real-tabpfn/defense/defense_eval_results.csv,highrisk_label_kanon_k3,highrisk_label_kanon_k3,high-risk label k-anon k3,high-risk label k-anon k3,High-risk label k-anon,Real TabPFN,0.7240915807651906,0.8835137109909925,0.7811934900542495,0.1747336118659394,0.5453211354509223,0.046993490054249576,0.36002737365843085,0.3130338836041813
1,highrisk_label_kanon_k3_a30,0.0,0.5717657463027939,0.3984009990258988,0.3248734413382936,-0.4925766932991396,0.7462,dropout_success,real-tabpfn,ml_privacy_meter/logs/dropout_success/real-tabpfn/defense/defense_eval_results.csv,highrisk_label_kanon_k3_a30,highrisk_label_kanon_k3_a30,high-risk label k-anon k3 a30,high-risk label k-anon k3 a30,High-risk label k-anon,Real TabPFN,0.7240915807651906,0.8835137109909925,0.7811934900542495,0.15232583446239678,0.4851127119650937,0.034993490054249565,0.31871927321374527,0.2837257831594957
1,highrisk_label_kanon_k3_a50,0.0,0.5842136031894999,0.5100816377397511,0.3552987503819559,0.0704097870913094,0.7607,dropout_success,real-tabpfn,ml_privacy_meter/logs/dropout_success/real-tabpfn/defense/defense_eval_results.csv,highrisk_label_kanon_k3_a50,highrisk_label_kanon_k3_a50,high-risk label k-anon k3 a50,high-risk label k-anon k3 a50,High-risk label k-anon,Real TabPFN,0.7240915807651906,0.8835137109909925,0.7811934900542495,0.13987797757569076,0.3734320732512414,0.020493490054249497,0.2566550254134661,0.23616153535921658
1,highrisk_label_kanon_k5,0.0,0.5256254721084075,0.3303094778476471,0.3140496918737585,-0.8313553393252443,0.7251,dropout_success,real-tabpfn,ml_privacy_meter/logs/dropout_success/real-tabpfn/defense/defense_eval_results.csv,highrisk_label_kanon_k5,highrisk_label_kanon_k5,high-risk label k-anon k5,high-risk label k-anon k5,High-risk label k-anon,Real TabPFN,0.7240915807651906,0.8835137109909925,0.7811934900542495,0.19846610865678316,0.5532042331433454,0.05609349005424957,0.3758351709000643,0.3197416808458147
1,highrisk_label_kanon_k5_a30,0.0,0.5645757101109953,0.364603032902527,0.3172221513718984,-0.7346797315005065,0.739,dropout_success,real-tabpfn,ml_privacy_meter/logs/dropout_success/real-tabpfn/defense/defense_eval_results.csv,highrisk_label_kanon_k5_a30,highrisk_label_kanon_k5_a30,high-risk label k-anon k5 a30,high-risk label k-anon k5 a30,High-risk label k-anon,Real TabPFN,0.7240915807651906,0.8835137109909925,0.7811934900542495,0.15951587065419537,0.5189106780884656,0.04219349005424955,0.3392132743713305,0.2970197843170809
1,highrisk_label_kanon_k5_a50,0.0,0.5739366728905951,0.4391884404245061,0.3323357971079261,-0.3909548084930753,0.7535,dropout_success,real-tabpfn,ml_privacy_meter/logs/dropout_success/real-tabpfn/defense/defense_eval_results.csv,highrisk_label_kanon_k5_a50,highrisk_label_kanon_k5_a50,high-risk label k-anon k5 a50,high-risk label k-anon k5 a50,High-risk label k-anon,Real TabPFN,0.7240915807651906,0.8835137109909925,0.7811934900542495,0.1501549078745955,0.4443252705664864,0.027693490054249592,0.29724008922054096,0.26954659916629137
1,highrisk_label_kanon_k10,0.0,0.511041205458309,0.3288134460107816,0.3147769068637976,-0.8357482631945409,0.7107,dropout_success,real-tabpfn,ml_privacy_meter/logs/dropout_success/real-tabpfn/defense/defense_eval_results.csv,highrisk_label_kanon_k10,highrisk_label_kanon_k10,high-risk label k-anon k10,high-risk label k-anon k10,High-risk label k-anon,Real TabPFN,0.7240915807651906,0.8835137109909925,0.7811934900542495,0.21305037530688165,0.5547002649802109,0.07049349005424954,0.38387532014354625,0.3133818300892967
1,highrisk_label_kanon_k10_a30,0.0,0.5500989906190538,0.3542085637331362,0.3159924440854694,-0.7901439364496737,0.7354,dropout_success,real-tabpfn,ml_privacy_meter/logs/dropout_success/real-tabpfn/defense/defense_eval_results.csv,highrisk_label_kanon_k10_a30,highrisk_label_kanon_k10_a30,high-risk label k-anon k10 a30,high-risk label k-anon k10 a30,High-risk label k-anon,Real TabPFN,0.7240915807651906,0.8835137109909925,0.7811934900542495,0.17399259014613688,0.5293051472578563,0.045793490054249486,0.3516488687019966,0.3058553786477471
1,highrisk_label_kanon_k10_a50,0.0,0.5720035490562192,0.4160694347706502,0.3233637844391616,-0.5550637436221877,0.7468,dropout_success,real-tabpfn,ml_privacy_meter/logs/dropout_success/real-tabpfn/defense/defense_eval_results.csv,highrisk_label_kanon_k10_a50,highrisk_label_kanon_k10_a50,high-risk label k-anon k10 a50,high-risk label k-anon k10 a50,High-risk label k-anon,Real TabPFN,0.7240915807651906,0.8835137109909925,0.7811934900542495,0.15208803170897145,0.4674442762203423,0.03439349005424952,0.3097661539646569,0.2753726639104074
1,"attn_drop_p70_l1,2,4,5,7,10",0.0,0.6799500123715565,0.8277428794516257,0.5596432559030128,1.131033728708425,0.7836,dropout_success,real-tabpfn,ml_privacy_meter/logs/dropout_success/real-tabpfn/defense/defense_eval_results.csv,"attn_drop_p70_l1,2,4,5,7,10",attn_drop_p70,attn drop p70,attn drop p70,Attention dropout,Real TabPFN,0.7240915807651906,0.8835137109909925,0.7811934900542495,0.044141568393634145,0.055770831539366794,-0.0024065099457504235,0.04995619996650047,0.05236270991225089
1,"attn_drop_p90_l1,2,4,5,7,10",0.0,0.6457874395819323,0.7633562852048902,0.541922318251661,0.8673013338138315,0.7812,dropout_success,real-tabpfn,ml_privacy_meter/logs/dropout_success/real-tabpfn/defense/defense_eval_results.csv,"attn_drop_p90_l1,2,4,5,7,10",attn_drop_p90,attn drop p90,attn drop p90,Attention dropout,Real TabPFN,0.7240915807651906,0.8835137109909925,0.7811934900542495,0.07830414118325835,0.12015742578610233,-6.509945750465818e-06,0.09923078348468034,0.0992372934304308
1,no_defense,0.0,0.9727229886773916,0.9991915796388522,,,0.7739602169981917,dropout_success,tabdpt,ml_privacy_meter/logs/dropout_success/tabdpt/defense/defense_eval_results.csv,no_defense,no_defense,No defense,No defense,No defense,TabDPT,0.9727229886773916,0.9991915796388522,0.7739602169981917,0.0,0.0,0.0,0.0,0.0
1,label_kanon_k3,0.0,0.6083058016241801,0.7195464416605718,0.5887389405369582,0.7145581339707351,0.7601,dropout_success,tabdpt,ml_privacy_meter/logs/dropout_success/tabdpt/defense/defense_eval_results.csv,label_kanon_k3,label_kanon_k3,label k-anon k3,label k-anon k3,Label k-anon,TabDPT,0.9727229886773916,0.9991915796388522,0.7739602169981917,0.36441718705321147,0.2796451379782804,0.013860216998191732,0.32203116251574593,0.3081709455175542
1,label_kanon_k3_a30,0.0,0.828794915926099,0.9609803650136014,0.731475637843665,2.4450198288094134,0.7535,dropout_success,tabdpt,ml_privacy_meter/logs/dropout_success/tabdpt/defense/defense_eval_results.csv,label_kanon_k3_a30,label_kanon_k3_a30,label k-anon k3 a30,label k-anon k3 a30,Label k-anon,TabDPT,0.9727229886773916,0.9991915796388522,0.7739602169981917,0.1439280727512926,0.03821121462525079,0.020460216998191783,0.0910696436882717,0.07060942669007991
1,label_kanon_k3_a50,0.0,0.8195278752423898,0.9833788773748028,0.8638977996796112,3.2207305218096898,0.7408,dropout_success,tabdpt,ml_privacy_meter/logs/dropout_success/tabdpt/defense/defense_eval_results.csv,label_kanon_k3_a50,label_kanon_k3_a50,label k-anon k3 a50,label k-anon k3 a50,Label k-anon,TabDPT,0.9727229886773916,0.9991915796388522,0.7739602169981917,0.1531951134350018,0.015812702264049405,0.033160216998191716,0.0845039078495256,0.05134369085133389
1,label_kanon_k5,0.0,0.553399707369996,0.5739172344684282,0.5402126454384564,0.2341534325049032,0.7456,dropout_success,tabdpt,ml_privacy_meter/logs/dropout_success/tabdpt/defense/defense_eval_results.csv,label_kanon_k5,label_kanon_k5,label k-anon k5,label k-anon k5,Label k-anon,TabDPT,0.9727229886773916,0.9991915796388522,0.7739602169981917,0.4193232813073956,0.42527434517042395,0.02836021699819169,0.4222988132389098,0.3939385962407181
1,label_kanon_k5_a30,0.0,0.7464183344651218,0.9430279829712156,0.6317906856167665,2.16409054795733,0.7643,dropout_success,tabdpt,ml_privacy_meter/logs/dropout_success/tabdpt/defense/defense_eval_results.csv,label_kanon_k5_a30,label_kanon_k5_a30,label k-anon k5 a30,label k-anon k5 a30,Label k-anon,TabDPT,0.9727229886773916,0.9991915796388522,0.7739602169981917,0.22630465421226975,0.056163596667636595,0.00966021699819175,0.14123412543995317,0.13157390844176142
1,label_kanon_k5_a50,0.0,0.838303937715662,0.9875753965528956,0.8354771914640984,3.158661540468563,0.7498,dropout_success,tabdpt,ml_privacy_meter/logs/dropout_success/tabdpt/defense/defense_eval_results.csv,label_kanon_k5_a50,label_kanon_k5_a50,label k-anon k5 a50,label k-anon k5 a50,Label k-anon,TabDPT,0.9727229886773916,0.9991915796388522,0.7739602169981917,0.13441905096172957,0.011616183085956577,0.024160216998191708,0.07301761702384307,0.048857400025651365
1,label_kanon_k10,0.0,0.5250615761980699,0.5337779826987142,0.5227874624720368,0.1121884408300822,0.7288,dropout_success,tabdpt,ml_privacy_meter/logs/dropout_success/tabdpt/defense/defense_eval_results.csv,label_kanon_k10,label_kanon_k10,label k-anon k10,label k-anon k10,Label k-anon,TabDPT,0.9727229886773916,0.9991915796388522,0.7739602169981917,0.4476614124793217,0.46541359694013795,0.04516021699819173,0.4565375047097298,0.4113772877115381
1,label_kanon_k10_a30,0.0,0.6744245954537345,0.8976656089984998,0.5747258364970728,1.7108748409648349,0.7571,dropout_success,tabdpt,ml_privacy_meter/logs/dropout_success/tabdpt/defense/defense_eval_results.csv,label_kanon_k10_a30,label_kanon_k10_a30,label k-anon k10 a30,label k-anon k10 a30,Label k-anon,TabDPT,0.9727229886773916,0.9991915796388522,0.7739602169981917,0.29829839322365714,0.1015259706403524,0.016860216998191735,0.19991218193200477,0.18305196493381304
1,label_kanon_k10_a50,0.0,0.8529835798016263,0.982842958258986,0.7566520278997675,3.0655485987734896,0.7595,dropout_success,tabdpt,ml_privacy_meter/logs/dropout_success/tabdpt/defense/defense_eval_results.csv,label_kanon_k10_a50,label_kanon_k10_a50,label k-anon k10 a50,label k-anon k10 a50,Label k-anon,TabDPT,0.9727229886773916,0.9991915796388522,0.7739602169981917,0.11973940887576529,0.016348621379866146,0.014460216998191777,0.06804401512781572,0.05358379812962394
1,"attn_drop_p10_l0,6,7,8,10,14",0.0,0.8926010825202804,0.9849822747023288,0.8177188303083879,3.092839932149076,0.7709,dropout_success,tabdpt,ml_privacy_meter/logs/dropout_success/tabdpt/defense/defense_eval_results.csv,"attn_drop_p10_l0,6,7,8,10,14",attn_drop_p10,attn drop p10,attn drop p10,Attention dropout,TabDPT,0.9727229886773916,0.9991915796388522,0.7739602169981917,0.08012190615711123,0.014209304936523393,0.0030602169981917005,0.04716560554681731,0.04410538854862561
1,"attn_drop_p30_l0,6,7,8,10,14",0.0,0.8212068462486206,0.9624525984083748,0.8240632043021772,2.312250558021898,0.7486,dropout_success,tabdpt,ml_privacy_meter/logs/dropout_success/tabdpt/defense/defense_eval_results.csv,"attn_drop_p30_l0,6,7,8,10,14",attn_drop_p30,attn drop p30,attn drop p30,Attention dropout,TabDPT,0.9727229886773916,0.9991915796388522,0.7739602169981917,0.15151614242877098,0.03673898123047736,0.025360216998191687,0.09412756182962417,0.06876734483143249
1,"attn_drop_p50_l0,6,7,8,10,14",0.0,0.6634177251523373,0.8638950746671579,0.7036527156929107,1.4039807857883242,0.7209,dropout_success,tabdpt,ml_privacy_meter/logs/dropout_success/tabdpt/defense/defense_eval_results.csv,"attn_drop_p50_l0,6,7,8,10,14",attn_drop_p50,attn drop p50,attn drop p50,Attention dropout,TabDPT,0.9727229886773916,0.9991915796388522,0.7739602169981917,0.3093052635250543,0.13529650497169432,0.053060216998191745,0.2223008842483743,0.16924066725018255
1,"label_kanon_k3+attn_drop_p10_l0,6,7,8,10,14",52.15355157852173,0.6051558688956542,0.6747325218609582,0.5741157970425259,0.5367163178317053,0.7516576250753466,dropout_success,tabdpt,ml_privacy_meter/logs/dropout_success/tabdpt/defense/defense_eval_results.csv,"label_kanon_k3+attn_drop_p10_l0,6,7,8,10,14",label_kanon_k3+attn_drop_p10,label k-anon k3 + attn drop p10,label k-anon k3 + attn drop p10,Label k-anon + dropout,TabDPT,0.9727229886773916,0.9991915796388522,0.7739602169981917,0.3675671197817374,0.32445905777789397,0.022302591922845116,0.3460130887798157,0.32371049685697056
1,"label_kanon_k3+attn_drop_p30_l0,6,7,8,10,14",51.82452416419983,0.5663202630836024,0.6552325144125908,0.5584329870387508,0.502850695981469,0.7408077154912598,dropout_success,tabdpt,ml_privacy_meter/logs/dropout_success/tabdpt/defense/defense_eval_results.csv,"label_kanon_k3+attn_drop_p30_l0,6,7,8,10,14",label_kanon_k3+attn_drop_p30,label k-anon k3 + attn drop p30,label k-anon k3 + attn drop p30,Label k-anon + dropout,TabDPT,0.9727229886773916,0.9991915796388522,0.7739602169981917,0.4064027255937892,0.3439590652262614,0.03315250150693194,0.3751808954100253,0.34202839390309336
1,"label_kanon_k3+attn_drop_p50_l0,6,7,8,10,14",51.97105813026428,0.5559272472541866,0.6239330213739076,0.5489797371707322,0.4282913282511927,0.731163351416516,dropout_success,tabdpt,ml_privacy_meter/logs/dropout_success/tabdpt/defense/defense_eval_results.csv,"label_kanon_k3+attn_drop_p50_l0,6,7,8,10,14",label_kanon_k3+attn_drop_p50,label k-anon k3 + attn drop p50,label k-anon k3 + attn drop p50,Label k-anon + dropout,TabDPT,0.9727229886773916,0.9991915796388522,0.7739602169981917,0.41679574142320497,0.3752585582649446,0.042796865581675725,0.3960271498440748,0.35323028426239905
1,"label_kanon_k3_a30+attn_drop_p10_l0,6,7,8,10,14",52.24163603782654,0.7671754809919482,0.9342756063061874,0.6972195062931437,2.029646336405398,0.755877034358047,dropout_success,tabdpt,ml_privacy_meter/logs/dropout_success/tabdpt/defense/defense_eval_results.csv,"label_kanon_k3_a30+attn_drop_p10_l0,6,7,8,10,14",label_kanon_k3_a30+attn_drop_p10,label k-anon k3 a30 + attn drop p10,label k-anon k3 a30 + attn drop...,Label k-anon + dropout,TabDPT,0.9727229886773916,0.9991915796388522,0.7739602169981917,0.2055475076854434,0.06491597333266474,0.018083182640144746,0.13523174050905407,0.11714855786890932
1,"label_kanon_k3_a30+attn_drop_p30_l0,6,7,8,10,14",51.47793388366699,0.677171226339171,0.8858228865439249,0.6458312214486821,1.6117749700368025,0.7456298975286317,dropout_success,tabdpt,ml_privacy_meter/logs/dropout_success/tabdpt/defense/defense_eval_results.csv,"label_kanon_k3_a30+attn_drop_p30_l0,6,7,8,10,14",label_kanon_k3_a30+attn_drop_p30,label k-anon k3 a30 + attn drop p30,label k-anon k3 a30 + attn drop...,Label k-anon + dropout,TabDPT,0.9727229886773916,0.9991915796388522,0.7739602169981917,0.29555176233822056,0.11336869309492725,0.028330319469559995,0.2044602277165739,0.1761299082470139
1,"label_kanon_k3_a30+attn_drop_p50_l0,6,7,8,10,14",52.23536109924317,0.6275403928595953,0.8395370966845319,0.6129039876378901,1.334102840173777,0.7353827606992164,dropout_success,tabdpt,ml_privacy_meter/logs/dropout_success/tabdpt/defense/defense_eval_results.csv,"label_kanon_k3_a30+attn_drop_p50_l0,6,7,8,10,14",label_kanon_k3_a30+attn_drop_p50,label k-anon k3 a30 + attn drop p50,label k-anon k3 a30 + attn drop...,Label k-anon + dropout,TabDPT,0.9727229886773916,0.9991915796388522,0.7739602169981917,0.3451825958177963,0.15965448295432028,0.038577456298975354,0.2524185393860583,0.21384108308708294
1,"label_kanon_k3_a50+attn_drop_p10_l0,6,7,8,10,14",51.39622402191162,0.7955755607803128,0.9545664123685044,0.7705029028649328,2.3158094287301907,0.733574442435202,dropout_success,tabdpt,ml_privacy_meter/logs/dropout_success/tabdpt/defense/defense_eval_results.csv,"label_kanon_k3_a50+attn_drop_p10_l0,6,7,8,10,14",label_kanon_k3_a50+attn_drop_p10,label k-anon k3 a50 + attn drop p10,label k-anon k3 a50 + attn drop...,Label k-anon + dropout,TabDPT,0.9727229886773916,0.9991915796388522,0.7739602169981917,0.17714742789707882,0.04462516727034782,0.04038577456298975,0.11088629758371332,0.07050052302072357
1,"label_kanon_k3_a50+attn_drop_p30_l0,6,7,8,10,14",52.38716650009155,0.7379375507079402,0.9134025559163472,0.7076392272446017,1.7920255037893753,0.7263411693791441,dropout_success,tabdpt,ml_privacy_meter/logs/dropout_success/tabdpt/defense/defense_eval_results.csv,"label_kanon_k3_a50+attn_drop_p30_l0,6,7,8,10,14",label_kanon_k3_a50+attn_drop_p30,label k-anon k3 a50 + attn drop p30,label k-anon k3 a50 + attn drop...,Label k-anon + dropout,TabDPT,0.9727229886773916,0.9991915796388522,0.7739602169981917,0.2347854379694514,0.08578902372250496,0.04761904761904767,0.16028723084597818,0.11266818322693051
1,"label_kanon_k3_a50+attn_drop_p50_l0,6,7,8,10,14",51.45765972137451,0.6791935489145187,0.8878991643658478,0.6850270739070612,1.5573000119883016,0.7341772151898734,dropout_success,tabdpt,ml_privacy_meter/logs/dropout_success/tabdpt/defense/defense_eval_results.csv,"label_kanon_k3_a50+attn_drop_p50_l0,6,7,8,10,14",label_kanon_k3_a50+attn_drop_p50,label k-anon k3 a50 + attn drop p50,label k-anon k3 a50 + attn drop...,Label k-anon + dropout,TabDPT,0.9727229886773916,0.9991915796388522,0.7739602169981917,0.29352943976287293,0.11129241527300437,0.039783001808318286,0.20241092751793865,0.16262792570962037
1,"label_kanon_k5+attn_drop_p10_l0,6,7,8,10,14",47.283955097198486,0.5477051580125721,0.5730933723700451,0.5391744156937464,0.2375004286045539,0.7377938517179023,dropout_success,tabdpt,ml_privacy_meter/logs/dropout_success/tabdpt/defense/defense_eval_results.csv,"label_kanon_k5+attn_drop_p10_l0,6,7,8,10,14",label_kanon_k5+attn_drop_p10,label k-anon k5 + attn drop p10,label k-anon k5 + attn drop p10,Label k-anon + dropout,TabDPT,0.9727229886773916,0.9991915796388522,0.7739602169981917,0.42501783066481946,0.4260982072688071,0.03616636528028938,0.4255580189668133,0.3893916536865239
1,"label_kanon_k5+attn_drop_p30_l0,6,7,8,10,14",46.131492614746094,0.532332999428474,0.565557804599167,0.5335783301196353,0.208316607841855,0.7389993972272453,dropout_success,tabdpt,ml_privacy_meter/logs/dropout_success/tabdpt/defense/defense_eval_results.csv,"label_kanon_k5+attn_drop_p30_l0,6,7,8,10,14",label_kanon_k5+attn_drop_p30,label k-anon k5 + attn drop p30,label k-anon k5 + attn drop p30,Label k-anon + dropout,TabDPT,0.9727229886773916,0.9991915796388522,0.7739602169981917,0.4403899892489176,0.43363377503968514,0.03496081977094645,0.43701188214430137,0.4020510623733549
1,"label_kanon_k5+attn_drop_p50_l0,6,7,8,10,14",47.582807302474976,0.5183451471706559,0.5535081628656376,0.5255037548854932,0.1843984674323763,0.7094635322483424,dropout_success,tabdpt,ml_privacy_meter/logs/dropout_success/tabdpt/defense/defense_eval_results.csv,"label_kanon_k5+attn_drop_p50_l0,6,7,8,10,14",label_kanon_k5+attn_drop_p50,label k-anon k5 + attn drop p50,label k-anon k5 + attn drop p50,Label k-anon + dropout,TabDPT,0.9727229886773916,0.9991915796388522,0.7739602169981917,0.45437784150673566,0.44568341677321455,0.06449668474984938,0.4500306291399751,0.3855339443901257
1,"label_kanon_k5_a30+attn_drop_p10_l0,6,7,8,10,14",46.61575865745544,0.6802415887040604,0.9038924441218028,0.608911117723808,1.703700315689601,0.7564798071127184,dropout_success,tabdpt,ml_privacy_meter/logs/dropout_success/tabdpt/defense/defense_eval_results.csv,"label_kanon_k5_a30+attn_drop_p10_l0,6,7,8,10,14",label_kanon_k5_a30+attn_drop_p10,label k-anon k5 a30 + attn drop p10,label k-anon k5 a30 + attn drop...,Label k-anon + dropout,TabDPT,0.9727229886773916,0.9991915796388522,0.7739602169981917,0.2924813999733312,0.09529913551704938,0.01748040988547328,0.1938902677451903,0.17640985785971702
1,"label_kanon_k5_a30+attn_drop_p30_l0,6,7,8,10,14",47.52565288543701,0.6431865060289992,0.8606167030183327,0.5888586594174069,1.4633195160852193,0.7516576250753466,dropout_success,tabdpt,ml_privacy_meter/logs/dropout_success/tabdpt/defense/defense_eval_results.csv,"label_kanon_k5_a30+attn_drop_p30_l0,6,7,8,10,14",label_kanon_k5_a30+attn_drop_p30,label k-anon k5 a30 + attn drop p30,label k-anon k5 a30 + attn drop...,Label k-anon + dropout,TabDPT,0.9727229886773916,0.9991915796388522,0.7739602169981917,0.3295364826483924,0.13857487662051948,0.022302591922845116,0.23405567963445595,0.21175308771161083
1,"label_kanon_k5_a30+attn_drop_p50_l0,6,7,8,10,14",47.67263197898865,0.6207800002979347,0.8137562988662858,0.5665909476539641,1.224479211199268,0.7498493068113321,dropout_success,tabdpt,ml_privacy_meter/logs/dropout_success/tabdpt/defense/defense_eval_results.csv,"label_kanon_k5_a30+attn_drop_p50_l0,6,7,8,10,14",label_kanon_k5_a30+attn_drop_p50,label k-anon k5 a30 + attn drop p50,label k-anon k5 a30 + attn drop...,Label k-anon + dropout,TabDPT,0.9727229886773916,0.9991915796388522,0.7739602169981917,0.3519429883794569,0.18543528077256644,0.024110910186859624,0.2686891345760117,0.24457822438915205
1,"label_kanon_k5_a50+attn_drop_p10_l0,6,7,8,10,14",46.38242483139038,0.7910380517105631,0.9616318246574386,0.7585017663530722,2.3993543692522965,0.7389993972272453,dropout_success,tabdpt,ml_privacy_meter/logs/dropout_success/tabdpt/defense/defense_eval_results.csv,"label_kanon_k5_a50+attn_drop_p10_l0,6,7,8,10,14",label_kanon_k5_a50+attn_drop_p10,label k-anon k5 a50 + attn drop p10,label k-anon k5 a50 + attn drop...,Label k-anon + dropout,TabDPT,0.9727229886773916,0.9991915796388522,0.7739602169981917,0.18168493696682853,0.03755975498141362,0.03496081977094645,0.10962234597412107,0.07466152620317462
1,"label_kanon_k5_a50+attn_drop_p30_l0,6,7,8,10,14",47.48724317550659,0.7305075317527534,0.92624335959882,0.6992768906953906,1.8892423165511243,0.7377938517179023,dropout_success,tabdpt,ml_privacy_meter/logs/dropout_success/tabdpt/defense/defense_eval_results.csv,"label_kanon_k5_a50+attn_drop_p30_l0,6,7,8,10,14",label_kanon_k5_a50+attn_drop_p30,label k-anon k5 a50 + attn drop p30,label k-anon k5 a50 + attn drop...,Label k-anon + dropout,TabDPT,0.9727229886773916,0.9991915796388522,0.7739602169981917,0.2422154569246382,0.07294822004003221,0.03616636528028938,0.1575818384823352,0.12141547320204582
1,"label_kanon_k5_a50+attn_drop_p50_l0,6,7,8,10,14",47.15121364593506,0.6854567175371991,0.8863006720607379,0.6559495560228044,1.553339119675787,0.72875226039783,dropout_success,tabdpt,ml_privacy_meter/logs/dropout_success/tabdpt/defense/defense_eval_results.csv,"label_kanon_k5_a50+attn_drop_p50_l0,6,7,8,10,14",label_kanon_k5_a50+attn_drop_p50,label k-anon k5 a50 + attn drop p50,label k-anon k5 a50 + attn drop...,Label k-anon + dropout,TabDPT,0.9727229886773916,0.9991915796388522,0.7739602169981917,0.28726627114019254,0.11289090757811426,0.0452079566003617,0.2000785893591534,0.1548706327587917
1,"label_kanon_k10+attn_drop_p10_l0,6,7,8,10,14",44.235512495040894,0.52224627499881,0.5339245883687022,0.5270693653736664,0.1101801414193742,0.7185051235684147,dropout_success,tabdpt,ml_privacy_meter/logs/dropout_success/tabdpt/defense/defense_eval_results.csv,"label_kanon_k10+attn_drop_p10_l0,6,7,8,10,14",label_kanon_k10+attn_drop_p10,label k-anon k10 + attn drop p10,label k-anon k10 + attn drop p10,Label k-anon + dropout,TabDPT,0.9727229886773916,0.9991915796388522,0.7739602169981917,0.45047671367858155,0.46526699127015003,0.05545509342977706,0.4578718524743658,0.40241675904458873
1,"label_kanon_k10+attn_drop_p30_l0,6,7,8,10,14",44.30881118774414,0.5208163701308115,0.5259148684309487,0.5165976875180986,0.1061914365592067,0.7106690777576854,dropout_success,tabdpt,ml_privacy_meter/logs/dropout_success/tabdpt/defense/defense_eval_results.csv,"label_kanon_k10+attn_drop_p30_l0,6,7,8,10,14",label_kanon_k10+attn_drop_p30,label k-anon k10 + attn drop p30,label k-anon k10 + attn drop p30,Label k-anon + dropout,TabDPT,0.9727229886773916,0.9991915796388522,0.7739602169981917,0.4519066185465801,0.4732767112079035,0.06329113924050633,0.4625916648772418,0.39930052563673546
1,"label_kanon_k10+attn_drop_p50_l0,6,7,8,10,14",43.655614137649536,0.5069346116911755,0.5319456843251107,0.5301588028257289,0.1256988387590956,0.6817359855334539,dropout_success,tabdpt,ml_privacy_meter/logs/dropout_success/tabdpt/defense/defense_eval_results.csv,"label_kanon_k10+attn_drop_p50_l0,6,7,8,10,14",label_kanon_k10+attn_drop_p50,label k-anon k10 + attn drop p50,label k-anon k10 + attn drop p50,Label k-anon + dropout,TabDPT,0.9727229886773916,0.9991915796388522,0.7739602169981917,0.4657883769862161,0.4672458953137415,0.0922242314647378,0.4665171361499788,0.374292904685241
1,"label_kanon_k10_a30+attn_drop_p10_l0,6,7,8,10,14",44.04537391662598,0.6478212072095837,0.8726888715214762,0.5651081775443714,1.5135769380738833,0.7576853526220615,dropout_success,tabdpt,ml_privacy_meter/logs/dropout_success/tabdpt/defense/defense_eval_results.csv,"label_kanon_k10_a30+attn_drop_p10_l0,6,7,8,10,14",label_kanon_k10_a30+attn_drop_p10,label k-anon k10 a30 + attn drop p10,label k-anon k10 a30 + attn...,Label k-anon + dropout,TabDPT,0.9727229886773916,0.9991915796388522,0.7739602169981917,0.3249017814678079,0.12650270811737596,0.016274864376130238,0.22570224479259193,0.2094273804164617
1,"label_kanon_k10_a30+attn_drop_p30_l0,6,7,8,10,14",44.03157019615173,0.6132259024423742,0.8341913489211312,0.5567761794671402,1.284324227434582,0.7619047619047619,dropout_success,tabdpt,ml_privacy_meter/logs/dropout_success/tabdpt/defense/defense_eval_results.csv,"label_kanon_k10_a30+attn_drop_p30_l0,6,7,8,10,14",label_kanon_k10_a30+attn_drop_p30,label k-anon k10 a30 + attn drop p30,label k-anon k10 a30 + attn...,Label k-anon + dropout,TabDPT,0.9727229886773916,0.9991915796388522,0.7739602169981917,0.3594970862350174,0.16500023071772096,0.012055455093429868,0.2622486584763692,0.2501932033829393
1,"label_kanon_k10_a30+attn_drop_p50_l0,6,7,8,10,14",42.30078339576721,0.573519927652736,0.782697878595972,0.5439261107423261,1.0708258556868653,0.7450271247739603,dropout_success,tabdpt,ml_privacy_meter/logs/dropout_success/tabdpt/defense/defense_eval_results.csv,"label_kanon_k10_a30+attn_drop_p50_l0,6,7,8,10,14",label_kanon_k10_a30+attn_drop_p50,label k-anon k10 a30 + attn drop p50,label k-anon k10 a30 + attn...,Label k-anon + dropout,TabDPT,0.9727229886773916,0.9991915796388522,0.7739602169981917,0.39920306102465564,0.21649370104288024,0.02893309222423146,0.30784838103376794,0.2789152888095365
1,"label_kanon_k10_a50+attn_drop_p10_l0,6,7,8,10,14",44.01759624481201,0.8009133151738503,0.9660964850609368,0.7189865424351656,2.513378991019708,0.7540687160940326,dropout_success,tabdpt,ml_privacy_meter/logs/dropout_success/tabdpt/defense/defense_eval_results.csv,"label_kanon_k10_a50+attn_drop_p10_l0,6,7,8,10,14",label_kanon_k10_a50+attn_drop_p10,label k-anon k10 a50 + attn drop p10,label k-anon k10 a50 + attn...,Label k-anon + dropout,TabDPT,0.9727229886773916,0.9991915796388522,0.7739602169981917,0.17180967350354126,0.033095094577915374,0.019891500904159143,0.10245238404072832,0.08256088313656917
1,"label_kanon_k10_a50+attn_drop_p30_l0,6,7,8,10,14",43.39763951301575,0.7080973926717512,0.9393691995839089,0.6757013546218573,2.0263848194399734,0.7504520795660036,dropout_success,tabdpt,ml_privacy_meter/logs/dropout_success/tabdpt/defense/defense_eval_results.csv,"label_kanon_k10_a50+attn_drop_p30_l0,6,7,8,10,14",label_kanon_k10_a50+attn_drop_p30,label k-anon k10 a50 + attn drop p30,label k-anon k10 a50 + attn...,Label k-anon + dropout,TabDPT,0.9727229886773916,0.9991915796388522,0.7739602169981917,0.2646255960056404,0.059822380054943336,0.02350813743218816,0.16222398803029187,0.1387158505981037
1,"label_kanon_k10_a50+attn_drop_p50_l0,6,7,8,10,14",43.92048358917236,0.6625918647114883,0.9021215493621472,0.6369447741709513,1.710460251982587,0.7486437613019892,dropout_success,tabdpt,ml_privacy_meter/logs/dropout_success/tabdpt/defense/defense_eval_results.csv,"label_kanon_k10_a50+attn_drop_p50_l0,6,7,8,10,14",label_kanon_k10_a50+attn_drop_p50,label k-anon k10 a50 + attn drop p50,label k-anon k10 a50 + attn...,Label k-anon + dropout,TabDPT,0.9727229886773916,0.9991915796388522,0.7739602169981917,0.31013112396590325,0.09707003027670502,0.025316455696202556,0.20360057712130414,0.17828412142510158
1,highrisk_label_kanon_k3,148.3120312690735,0.6901063154525283,0.0197726903611949,0.0284376849602202,-2.613258804803487,0.7709463532248343,dropout_success,tabdpt,ml_privacy_meter/logs/dropout_success/tabdpt/defense/defense_eval_results.csv,highrisk_label_kanon_k3,highrisk_label_kanon_k3,high-risk label k-anon k3,high-risk label k-anon k3,High-risk label k-anon,TabDPT,0.9727229886773916,0.9991915796388522,0.7739602169981917,0.2826166732248633,0.9794188892776573,0.003013863773357439,0.6310177812512603,0.6280039174779029
1,highrisk_label_kanon_k3_a30,148.71290636062622,0.965585817727187,0.8297295951975835,0.1843836076330868,1.3046620210718856,0.7679324894514767,dropout_success,tabdpt,ml_privacy_meter/logs/dropout_success/tabdpt/defense/defense_eval_results.csv,highrisk_label_kanon_k3_a30,highrisk_label_kanon_k3_a30,high-risk label k-anon k3 a30,high-risk label k-anon k3 a30,High-risk label k-anon,TabDPT,0.9727229886773916,0.9991915796388522,0.7739602169981917,0.007137170950204608,0.1694619844412687,0.006027727546714989,0.08829957769573665,0.08227185014902166
1,highrisk_label_kanon_k3_a50,148.74665570259094,0.988368375176808,0.992235531183044,0.6789840862906077,3.439974672084616,0.7691380349608198,dropout_success,tabdpt,ml_privacy_meter/logs/dropout_success/tabdpt/defense/defense_eval_results.csv,highrisk_label_kanon_k3_a50,highrisk_label_kanon_k3_a50,high-risk label k-anon k3 a50,high-risk label k-anon k3 a50,High-risk label k-anon,TabDPT,0.9727229886773916,0.9991915796388522,0.7739602169981917,-0.01564538649941638,0.006956048455808217,0.004822182037371947,-0.004344669021804082,-0.009166851059176029
1,highrisk_label_kanon_k5,143.77209496498108,0.6797074862632122,0.0056098923038744,0.0065193197932914,-4.249742366248136,0.7691380349608198,dropout_success,tabdpt,ml_privacy_meter/logs/dropout_success/tabdpt/defense/defense_eval_results.csv,highrisk_label_kanon_k5,highrisk_label_kanon_k5,high-risk label k-anon k5,high-risk label k-anon k5,High-risk label k-anon,TabDPT,0.9727229886773916,0.9991915796388522,0.7739602169981917,0.2930155024141794,0.9935816873349778,0.004822182037371947,0.6432985948745786,0.6384764128372067
1,highrisk_label_kanon_k5_a30,143.89303708076477,0.8560058002798406,0.1571734499493329,0.0121669989365184,-1.3456666881780377,0.7685352622061483,dropout_success,tabdpt,ml_privacy_meter/logs/dropout_success/tabdpt/defense/defense_eval_results.csv,highrisk_label_kanon_k5_a30,highrisk_label_kanon_k5_a30,high-risk label k-anon k5 a30,high-risk label k-anon k5 a30,High-risk label k-anon,TabDPT,0.9727229886773916,0.9991915796388522,0.7739602169981917,0.11671718839755096,0.8420181296895193,0.005424954792043413,0.4793676590435351,0.4739427042514917
1,highrisk_label_kanon_k5_a50,143.9990873336792,0.9876936620933692,0.9611511324606752,0.2750447719546078,2.412150377329055,0.7691380349608198,dropout_success,tabdpt,ml_privacy_meter/logs/dropout_success/tabdpt/defense/defense_eval_results.csv,highrisk_label_kanon_k5_a50,highrisk_label_kanon_k5_a50,high-risk label k-anon k5 a50,high-risk label k-anon k5 a50,High-risk label k-anon,TabDPT,0.9727229886773916,0.9991915796388522,0.7739602169981917,-0.014970673415977576,0.038040447178177006,0.004822182037371947,0.011534886881099715,0.006712704843727768
1,highrisk_label_kanon_k10,140.48802161216736,0.6239141279542314,0.0058119065604129,0.0064915246662677,-5.164060424067896,0.7697408077154912,dropout_success,tabdpt,ml_privacy_meter/logs/dropout_success/tabdpt/defense/defense_eval_results.csv,highrisk_label_kanon_k10,highrisk_label_kanon_k10,high-risk label k-anon k10,high-risk label k-anon k10,High-risk label k-anon,TabDPT,0.9727229886773916,0.9991915796388522,0.7739602169981917,0.3488088607231602,0.9933796730784393,0.0042194092827004814,0.6710942669007998,0.6668748576180993
1,highrisk_label_kanon_k10_a30,140.90513038635254,0.761827553218585,0.0085434590436078,0.0067849176737404,-3.235608870524347,0.7709463532248343,dropout_success,tabdpt,ml_privacy_meter/logs/dropout_success/tabdpt/defense/defense_eval_results.csv,highrisk_label_kanon_k10_a30,highrisk_label_kanon_k10_a30,high-risk label k-anon k10 a30,high-risk label k-anon k10 a30,High-risk label k-anon,TabDPT,0.9727229886773916,0.9991915796388522,0.7739602169981917,0.21089543545880662,0.9906481205952444,0.003013863773357439,0.6007717780270255,0.5977579142536681
1,highrisk_label_kanon_k10_a50,140.89771628379822,0.9845219292652168,0.798599416265999,0.0529749687622739,1.166350955436293,0.7691380349608198,dropout_success,tabdpt,ml_privacy_meter/logs/dropout_success/tabdpt/defense/defense_eval_results.csv,highrisk_label_kanon_k10_a50,highrisk_label_kanon_k10_a50,high-risk label k-anon k10 a50,high-risk label k-anon k10 a50,High-risk label k-anon,TabDPT,0.9727229886773916,0.9991915796388522,0.7739602169981917,-0.011798940587825157,0.20059216337285324,0.004822182037371947,0.09439661139251404,0.0895744293551421
1,"attn_drop_p70_l0,6,7,8,10,14",0.0,0.5697319786751426,0.7440704637353526,0.62750569436769,0.889740118328413,0.689,dropout_success,tabdpt,ml_privacy_meter/logs/dropout_success/tabdpt/defense/defense_eval_results.csv,"attn_drop_p70_l0,6,7,8,10,14",attn_drop_p70,attn drop p70,attn drop p70,Attention dropout,TabDPT,0.9727229886773916,0.9991915796388522,0.7739602169981917,0.402991010002249,0.2551211159034996,0.08496021699819178,0.3290560629528743,0.24409584595468253
1,"attn_drop_p90_l0,6,7,8,10,14",0.0,0.5237423068356756,0.6216650843427688,0.5343271635418041,0.4294239469737628,0.6118,dropout_success,tabdpt,ml_privacy_meter/logs/dropout_success/tabdpt/defense/defense_eval_results.csv,"attn_drop_p90_l0,6,7,8,10,14",attn_drop_p90,attn drop p90,attn drop p90,Attention dropout,TabDPT,0.9727229886773916,0.9991915796388522,0.7739602169981917,0.448980681841716,0.3775264952960834,0.16216021699819172,0.4132535885688997,0.251093371570708
1,no_defense,0.0,0.8808232153620943,0.9923488917011016,,,0.783001808318264,dropout_success,tabicl,ml_privacy_meter/logs/dropout_success/tabicl/defense/defense_eval_results.csv,no_defense,no_defense,No defense,No defense,No defense,TabICL,0.8808232153620943,0.9923488917011016,0.783001808318264,0.0,0.0,0.0,0.0,0.0
1,label_kanon_k3,0.0,0.6138601036740071,0.6611972033378859,0.532930140490742,0.3733904471498553,0.7631,dropout_success,tabicl,ml_privacy_meter/logs/dropout_success/tabicl/defense/defense_eval_results.csv,label_kanon_k3,label_kanon_k3,label k-anon k3,label k-anon k3,Label k-anon,TabICL,0.8808232153620943,0.9923488917011016,0.783001808318264,0.2669631116880872,0.33115168836321573,0.019901808318264047,0.29905740002565145,0.2791555917073874
1,label_kanon_k3_a30,0.0,0.6595669192208209,0.8145487324877075,0.5456986405094538,1.1199687226164576,0.7746,dropout_success,tabicl,ml_privacy_meter/logs/dropout_success/tabicl/defense/defense_eval_results.csv,label_kanon_k3_a30,label_kanon_k3_a30,label k-anon k3 a30,label k-anon k3 a30,Label k-anon,TabICL,0.8808232153620943,0.9923488917011016,0.783001808318264,0.2212562961412734,0.1778001592133941,0.008401808318264092,0.19952822767733375,0.19112641935906965
1,label_kanon_k3_a50,0.0,0.6805002832196275,0.8953547984380956,0.5690905107436341,1.6557232236795687,0.7758,dropout_success,tabicl,ml_privacy_meter/logs/dropout_success/tabicl/defense/defense_eval_results.csv,label_kanon_k3_a50,label_kanon_k3_a50,label k-anon k3 a50,label k-anon k3 a50,Label k-anon,TabICL,0.8808232153620943,0.9923488917011016,0.783001808318264,0.20032293214246677,0.09699409326300601,0.0072018083182640025,0.1486585127027364,0.1414567043844724
1,label_kanon_k5,0.0,0.6007215469641363,0.5782403758918512,0.5215308683960685,0.1815983954587871,0.7432,dropout_success,tabicl,ml_privacy_meter/logs/dropout_success/tabicl/defense/defense_eval_results.csv,label_kanon_k5,label_kanon_k5,label k-anon k5,label k-anon k5,Label k-anon,TabICL,0.8808232153620943,0.9923488917011016,0.783001808318264,0.280101668397958,0.41410851580925045,0.039801808318264076,0.34710509210360424,0.30730328378534016
1,label_kanon_k5_a30,0.0,0.6418755933714617,0.7929410187404556,0.5359140291271132,0.9947928321967744,0.7691,dropout_success,tabicl,ml_privacy_meter/logs/dropout_success/tabicl/defense/defense_eval_results.csv,label_kanon_k5_a30,label_kanon_k5_a30,label k-anon k5 a30,label k-anon k5 a30,Label k-anon,TabICL,0.8808232153620943,0.9923488917011016,0.783001808318264,0.23894762199063257,0.199407872960646,0.013901808318264042,0.21917774747563928,0.20527593915737524
1,label_kanon_k5_a50,0.0,0.6647422628721413,0.8770132846173773,0.5555237637436004,1.5231262086048092,0.774,dropout_success,tabicl,ml_privacy_meter/logs/dropout_success/tabicl/defense/defense_eval_results.csv,label_kanon_k5_a50,label_kanon_k5_a50,label k-anon k5 a50,label k-anon k5 a50,Label k-anon,TabICL,0.8808232153620943,0.9923488917011016,0.783001808318264,0.21608095248995296,0.11533560708372437,0.009001808318264026,0.16570827978683866,0.15670647146857464
1,label_kanon_k10,0.0,0.588411030705077,0.534150219399836,0.5181155194545906,0.1033358744350372,0.7294,dropout_success,tabicl,ml_privacy_meter/logs/dropout_success/tabicl/defense/defense_eval_results.csv,label_kanon_k10,label_kanon_k10,label k-anon k10,label k-anon k10,Label k-anon,TabICL,0.8808232153620943,0.9923488917011016,0.783001808318264,0.29241218465701724,0.45819867230126565,0.053601808318264,0.37530542847914145,0.32170362016087745
1,label_kanon_k10_a30,0.0,0.6273287502257219,0.77120395773542,0.5287645047871202,0.8434589732915222,0.7631,dropout_success,tabicl,ml_privacy_meter/logs/dropout_success/tabicl/defense/defense_eval_results.csv,label_kanon_k10_a30,label_kanon_k10_a30,label k-anon k10 a30,label k-anon k10 a30,Label k-anon,TabICL,0.8808232153620943,0.9923488917011016,0.783001808318264,0.2534944651363724,0.22114493396568158,0.019901808318264047,0.237319699551027,0.21741789123276295
1,label_kanon_k10_a50,0.0,0.6549042412457158,0.8683604617406435,0.5498137726489409,1.4870365992252803,0.7776,dropout_success,tabicl,ml_privacy_meter/logs/dropout_success/tabicl/defense/defense_eval_results.csv,label_kanon_k10_a50,label_kanon_k10_a50,label k-anon k10 a50,label k-anon k10 a50,Label k-anon,TabICL,0.8808232153620943,0.9923488917011016,0.783001808318264,0.2259189741163785,0.12398842996045811,0.00540180831826409,0.1749537020384183,0.16955189372015422
1,"attn_drop_p10_l5,7,9,17,19,21",0.0,0.6101895118994027,0.5836438939192619,0.5215132466488706,0.2866058406367103,0.7613,dropout_success,tabicl,ml_privacy_meter/logs/dropout_success/tabicl/defense/defense_eval_results.csv,"attn_drop_p10_l5,7,9,17,19,21",attn_drop_p10,attn drop p10,attn drop p10,Attention dropout,TabICL,0.8808232153620943,0.9923488917011016,0.783001808318264,0.27063370346269155,0.4087049977818398,0.02170180831826407,0.33966935062226566,0.3179675423040016
1,"attn_drop_p30_l5,7,9,17,19,21",0.0,0.5278677940224854,0.4840706672029491,0.5043473032005089,-0.0563974577760012,0.7161,dropout_success,tabicl,ml_privacy_meter/logs/dropout_success/tabicl/defense/defense_eval_results.csv,"attn_drop_p30_l5,7,9,17,19,21",attn_drop_p30,attn drop p30,attn drop p30,Attention dropout,TabICL,0.8808232153620943,0.9923488917011016,0.783001808318264,0.3529554213396089,0.5082782244981525,0.06690180831826409,0.4306168229188807,0.3637150146006166
1,"attn_drop_p50_l5,7,9,17,19,21",0.0,0.5225631031133812,0.495078082506837,0.5017547263524327,-0.0320883645193084,0.6757,dropout_success,tabicl,ml_privacy_meter/logs/dropout_success/tabicl/defense/defense_eval_results.csv,"attn_drop_p50_l5,7,9,17,19,21",attn_drop_p50,attn drop p50,attn drop p50,Attention dropout,TabICL,0.8808232153620943,0.9923488917011016,0.783001808318264,0.3582601122487131,0.49727080919426464,0.10730180831826408,0.4277654607214889,0.32046365240322483
1,"label_kanon_k3+attn_drop_p10_l5,7,9,17,19,21",126.06917309761047,0.5689293716738952,0.5101174262366379,0.5099521088144706,0.0243475759140406,0.7221217600964437,dropout_success,tabicl,ml_privacy_meter/logs/dropout_success/tabicl/defense/defense_eval_results.csv,"label_kanon_k3+attn_drop_p10_l5,7,9,17,19,21",label_kanon_k3+attn_drop_p10,label k-anon k3 + attn drop p10,label k-anon k3 + attn drop p10,Label k-anon + dropout,TabICL,0.8808232153620943,0.9923488917011016,0.783001808318264,0.31189384368819906,0.4822314654644637,0.06088004822182036,0.3970626545763314,0.336182606354511
1,"label_kanon_k3+attn_drop_p30_l5,7,9,17,19,21",126.16493844985962,0.5297711243873717,0.5105428915143475,0.517923315242884,0.0329852167940269,0.6600361663652803,dropout_success,tabicl,ml_privacy_meter/logs/dropout_success/tabicl/defense/defense_eval_results.csv,"label_kanon_k3+attn_drop_p30_l5,7,9,17,19,21",label_kanon_k3+attn_drop_p30,label k-anon k3 + attn drop p30,label k-anon k3 + attn drop p30,Label k-anon + dropout,TabICL,0.8808232153620943,0.9923488917011016,0.783001808318264,0.35105209097472256,0.4818060001867541,0.12296564195298376,0.41642904558073834,0.2934634036277546
1,"label_kanon_k3+attn_drop_p50_l5,7,9,17,19,21",126.2297613620758,0.4960098550983712,0.4899579657745702,0.487602101674938,-0.0302674880644689,0.569620253164557,dropout_success,tabicl,ml_privacy_meter/logs/dropout_success/tabicl/defense/defense_eval_results.csv,"label_kanon_k3+attn_drop_p50_l5,7,9,17,19,21",label_kanon_k3+attn_drop_p50,label k-anon k3 + attn drop p50,label k-anon k3 + attn drop p50,Label k-anon + dropout,TabICL,0.8808232153620943,0.9923488917011016,0.783001808318264,0.3848133602637231,0.5023909259265315,0.21338155515370705,0.44360214309512724,0.2302205879414202
1,"label_kanon_k3_a30+attn_drop_p10_l5,7,9,17,19,21",126.27381348609924,0.5744324434896001,0.5115467861021458,0.5103123554607978,0.0339708160646369,0.7317661241711875,dropout_success,tabicl,ml_privacy_meter/logs/dropout_success/tabicl/defense/defense_eval_results.csv,"label_kanon_k3_a30+attn_drop_p10_l5,7,9,17,19,21",label_kanon_k3_a30+attn_drop_p10,label k-anon k3 a30 + attn drop p10,label k-anon k3 a30 + attn drop...,Label k-anon + dropout,TabICL,0.8808232153620943,0.9923488917011016,0.783001808318264,0.3063907718724942,0.48080210559895586,0.05123568414707658,0.39359643873572503,0.34236075458864845
1,"label_kanon_k3_a30+attn_drop_p30_l5,7,9,17,19,21",126.42399644851685,0.5390321700436838,0.4907111592166643,0.506561829987563,-0.031751353888575,0.6817359855334539,dropout_success,tabicl,ml_privacy_meter/logs/dropout_success/tabicl/defense/defense_eval_results.csv,"label_kanon_k3_a30+attn_drop_p30_l5,7,9,17,19,21",label_kanon_k3_a30+attn_drop_p30,label k-anon k3 a30 + attn drop p30,label k-anon k3 a30 + attn drop...,Label k-anon + dropout,TabICL,0.8808232153620943,0.9923488917011016,0.783001808318264,0.34179104531841054,0.5016377324844373,0.10126582278481011,0.42171438890142393,0.3204485661166138
1,"label_kanon_k3_a30+attn_drop_p50_l5,7,9,17,19,21",126.397629737854,0.5046399695379942,0.4934031081855377,0.4900424411606228,-0.0199736043867916,0.5792646172393008,dropout_success,tabicl,ml_privacy_meter/logs/dropout_success/tabicl/defense/defense_eval_results.csv,"label_kanon_k3_a30+attn_drop_p50_l5,7,9,17,19,21",label_kanon_k3_a30+attn_drop_p50,label k-anon k3 a30 + attn drop p50,label k-anon k3 a30 + attn drop...,Label k-anon + dropout,TabICL,0.8808232153620943,0.9923488917011016,0.783001808318264,0.3761832458241001,0.49894578351556396,0.20373719107896326,0.43756451466983204,0.23382732359086877
1,"label_kanon_k3_a50+attn_drop_p10_l5,7,9,17,19,21",126.15869450569151,0.5744513369092764,0.5335105681432964,0.5105928500759915,0.1093640552230377,0.7486437613019892,dropout_success,tabicl,ml_privacy_meter/logs/dropout_success/tabicl/defense/defense_eval_results.csv,"label_kanon_k3_a50+attn_drop_p10_l5,7,9,17,19,21",label_kanon_k3_a50+attn_drop_p10,label k-anon k3 a50 + attn drop p10,label k-anon k3 a50 + attn drop...,Label k-anon + dropout,TabICL,0.8808232153620943,0.9923488917011016,0.783001808318264,0.3063718784528179,0.4588383235578052,0.03435804701627487,0.38260510100531153,0.34824705398903666
1,"label_kanon_k3_a50+attn_drop_p30_l5,7,9,17,19,21",126.4233751296997,0.5374574761806661,0.5036001047858123,0.5092178087920528,0.0085309549493327,0.7160940325497287,dropout_success,tabicl,ml_privacy_meter/logs/dropout_success/tabicl/defense/defense_eval_results.csv,"label_kanon_k3_a50+attn_drop_p30_l5,7,9,17,19,21",label_kanon_k3_a50+attn_drop_p30,label k-anon k3 a50 + attn drop p30,label k-anon k3 a50 + attn drop...,Label k-anon + dropout,TabICL,0.8808232153620943,0.9923488917011016,0.783001808318264,0.3433657391814282,0.48874878691528933,0.06690777576853535,0.41605726304835877,0.3491494872798234
1,"label_kanon_k3_a50+attn_drop_p50_l5,7,9,17,19,21",126.53290009498596,0.5071818611544388,0.5021829166425957,0.5049844111120921,0.0076091644427233,0.6708860759493671,dropout_success,tabicl,ml_privacy_meter/logs/dropout_success/tabicl/defense/defense_eval_results.csv,"label_kanon_k3_a50+attn_drop_p50_l5,7,9,17,19,21",label_kanon_k3_a50+attn_drop_p50,label k-anon k3 a50 + attn drop p50,label k-anon k3 a50 + attn drop...,Label k-anon + dropout,TabICL,0.8808232153620943,0.9923488917011016,0.783001808318264,0.37364135420765554,0.4901659750585059,0.11211573236889694,0.4319036646330807,0.3197879322641838
1,"label_kanon_k5+attn_drop_p10_l5,7,9,17,19,21",119.32103514671326,0.565355063672641,0.5089896344159627,0.5071854945043766,0.0239571450571027,0.7040385774562989,dropout_success,tabicl,ml_privacy_meter/logs/dropout_success/tabicl/defense/defense_eval_results.csv,"label_kanon_k5+attn_drop_p10_l5,7,9,17,19,21",label_kanon_k5+attn_drop_p10,label k-anon k5 + attn drop p10,label k-anon k5 + attn drop p10,Label k-anon + dropout,TabICL,0.8808232153620943,0.9923488917011016,0.783001808318264,0.3154681516894533,0.48335925728513895,0.0789632308619651,0.39941370448729613,0.320450473625331
1,"label_kanon_k5+attn_drop_p30_l5,7,9,17,19,21",119.27986907958984,0.5215170616663052,0.4961909775927676,0.4944969281842952,-0.0227112899748541,0.67209162145871,dropout_success,tabicl,ml_privacy_meter/logs/dropout_success/tabicl/defense/defense_eval_results.csv,"label_kanon_k5+attn_drop_p30_l5,7,9,17,19,21",label_kanon_k5+attn_drop_p30,label k-anon k5 + attn drop p30,label k-anon k5 + attn drop p30,Label k-anon + dropout,TabICL,0.8808232153620943,0.9923488917011016,0.783001808318264,0.3593061536957891,0.49615791410833404,0.110910186859554,0.4277320339020616,0.3168218470425076
1,"label_kanon_k5+attn_drop_p50_l5,7,9,17,19,21",119.31929922103882,0.5092125404346431,0.5020839078567922,0.498881291554169,0.0199412148501962,0.566003616636528,dropout_success,tabicl,ml_privacy_meter/logs/dropout_success/tabicl/defense/defense_eval_results.csv,"label_kanon_k5+attn_drop_p50_l5,7,9,17,19,21",label_kanon_k5+attn_drop_p50,label k-anon k5 + attn drop p50,label k-anon k5 + attn drop p50,Label k-anon + dropout,TabICL,0.8808232153620943,0.9923488917011016,0.783001808318264,0.37161067492745115,0.4902649838443094,0.21699819168173606,0.43093782938588027,0.2139396377041442
1,"label_kanon_k5_a30+attn_drop_p10_l5,7,9,17,19,21",119.6304895877838,0.5755030100487559,0.5216696623636904,0.5131748902092482,0.0725525464368087,0.727546714888487,dropout_success,tabicl,ml_privacy_meter/logs/dropout_success/tabicl/defense/defense_eval_results.csv,"label_kanon_k5_a30+attn_drop_p10_l5,7,9,17,19,21",label_kanon_k5_a30+attn_drop_p10,label k-anon k5 a30 + attn drop p10,label k-anon k5 a30 + attn drop...,Label k-anon + dropout,TabICL,0.8808232153620943,0.9923488917011016,0.783001808318264,0.30532020531333837,0.47067922933741124,0.05545509342977706,0.3879997173253748,0.33254462389559775
1,"label_kanon_k5_a30+attn_drop_p30_l5,7,9,17,19,21",119.49474620819092,0.5223225753475027,0.4836522869576181,0.4969932212590211,-0.0483669538753518,0.6672694394213382,dropout_success,tabicl,ml_privacy_meter/logs/dropout_success/tabicl/defense/defense_eval_results.csv,"label_kanon_k5_a30+attn_drop_p30_l5,7,9,17,19,21",label_kanon_k5_a30+attn_drop_p30,label k-anon k5 a30 + attn drop p30,label k-anon k5 a30 + attn drop...,Label k-anon + dropout,TabICL,0.8808232153620943,0.9923488917011016,0.783001808318264,0.3585006400145916,0.5086966047434835,0.11573236889692584,0.43359862237903757,0.3178662534821117
1,"label_kanon_k5_a30+attn_drop_p50_l5,7,9,17,19,21",119.67405343055724,0.5120033165218232,0.5005804276525544,0.4907721994956184,-0.0006837888716395,0.5533453887884268,dropout_success,tabicl,ml_privacy_meter/logs/dropout_success/tabicl/defense/defense_eval_results.csv,"label_kanon_k5_a30+attn_drop_p50_l5,7,9,17,19,21",label_kanon_k5_a30+attn_drop_p50,label k-anon k5 a30 + attn drop p50,label k-anon k5 a30 + attn drop...,Label k-anon + dropout,TabICL,0.8808232153620943,0.9923488917011016,0.783001808318264,0.3688198988402711,0.49176846404854724,0.22965641952983729,0.4302941814444092,0.2006377619145719
1,"label_kanon_k5_a50+attn_drop_p10_l5,7,9,17,19,21",119.98060274124146,0.5674073613849748,0.5273153431644516,0.5126353377434936,0.0834563155855859,0.7420132610006027,dropout_success,tabicl,ml_privacy_meter/logs/dropout_success/tabicl/defense/defense_eval_results.csv,"label_kanon_k5_a50+attn_drop_p10_l5,7,9,17,19,21",label_kanon_k5_a50+attn_drop_p10,label k-anon k5 a50 + attn drop p10,label k-anon k5 a50 + attn drop...,Label k-anon + dropout,TabICL,0.8808232153620943,0.9923488917011016,0.783001808318264,0.31341585397711946,0.46503354853665,0.04098854731766133,0.38922470125688474,0.3482361539392234
1,"label_kanon_k5_a50+attn_drop_p30_l5,7,9,17,19,21",120.02948713302612,0.5400920182205233,0.5054149630797146,0.500705051555419,0.0146123995921252,0.7082579867389994,dropout_success,tabicl,ml_privacy_meter/logs/dropout_success/tabicl/defense/defense_eval_results.csv,"label_kanon_k5_a50+attn_drop_p30_l5,7,9,17,19,21",label_kanon_k5_a50+attn_drop_p30,label k-anon k5 a50 + attn drop p30,label k-anon k5 a50 + attn drop...,Label k-anon + dropout,TabICL,0.8808232153620943,0.9923488917011016,0.783001808318264,0.34073119714157096,0.48693392862138707,0.07474382157926462,0.413832562881479,0.3390887413022144
1,"label_kanon_k5_a50+attn_drop_p50_l5,7,9,17,19,21",120.14068055152892,0.5227494939651873,0.5066477587135907,0.512964519247853,0.0333028686319139,0.6371308016877637,dropout_success,tabicl,ml_privacy_meter/logs/dropout_success/tabicl/defense/defense_eval_results.csv,"label_kanon_k5_a50+attn_drop_p50_l5,7,9,17,19,21",label_kanon_k5_a50+attn_drop_p50,label k-anon k5 a50 + attn drop p50,label k-anon k5 a50 + attn drop...,Label k-anon + dropout,TabICL,0.8808232153620943,0.9923488917011016,0.783001808318264,0.35807372139690696,0.48570113298751094,0.14587100663050034,0.42188742719220895,0.2760164205617086
1,"label_kanon_k10+attn_drop_p10_l5,7,9,17,19,21",114.79398798942566,0.5535034395107186,0.5127977484857106,0.5072846849576769,0.0354771068534758,0.7010247136829415,dropout_success,tabicl,ml_privacy_meter/logs/dropout_success/tabicl/defense/defense_eval_results.csv,"label_kanon_k10+attn_drop_p10_l5,7,9,17,19,21",label_kanon_k10+attn_drop_p10,label k-anon k10 + attn drop p10,label k-anon k10 + attn drop p10,Label k-anon + dropout,TabICL,0.8808232153620943,0.9923488917011016,0.783001808318264,0.3273197758513757,0.47955114321539105,0.08197709463532254,0.4034354595333834,0.32145836489806084
1,"label_kanon_k10+attn_drop_p30_l5,7,9,17,19,21",114.66867804527284,0.5139110069066348,0.5013094593175623,0.4976352341930202,-0.0053299827599994,0.6781193490054249,dropout_success,tabicl,ml_privacy_meter/logs/dropout_success/tabicl/defense/defense_eval_results.csv,"label_kanon_k10+attn_drop_p30_l5,7,9,17,19,21",label_kanon_k10+attn_drop_p30,label k-anon k10 + attn drop p30,label k-anon k10 + attn drop p30,Label k-anon + dropout,TabICL,0.8808232153620943,0.9923488917011016,0.783001808318264,0.36691220845545947,0.4910394323835393,0.10488245931283913,0.4289758204194994,0.32409336110666026
1,"label_kanon_k10+attn_drop_p50_l5,7,9,17,19,21",114.5448043346405,0.5087745400996483,0.5010785599290188,0.4950622774346079,-0.002533088135567,0.5750452079566004,dropout_success,tabicl,ml_privacy_meter/logs/dropout_success/tabicl/defense/defense_eval_results.csv,"label_kanon_k10+attn_drop_p50_l5,7,9,17,19,21",label_kanon_k10+attn_drop_p50,label k-anon k10 + attn drop p50,label k-anon k10 + attn drop p50,Label k-anon + dropout,TabICL,0.8808232153620943,0.9923488917011016,0.783001808318264,0.372048675262446,0.4912703317720828,0.20795660036166363,0.4316595035172644,0.22370290315560076
1,"label_kanon_k10_a30+attn_drop_p10_l5,7,9,17,19,21",114.70106887817384,0.5663843917100034,0.5151209124359031,0.5111436659265532,0.044995905703842,0.7209162145871006,dropout_success,tabicl,ml_privacy_meter/logs/dropout_success/tabicl/defense/defense_eval_results.csv,"label_kanon_k10_a30+attn_drop_p10_l5,7,9,17,19,21",label_kanon_k10_a30+attn_drop_p10,label k-anon k10 a30 + attn drop p10,label k-anon k10 a30 + attn...,Label k-anon + dropout,TabICL,0.8808232153620943,0.9923488917011016,0.783001808318264,0.31443882365209086,0.47722797926519855,0.0620855937311634,0.3958334014586447,0.3337478077274813
1,"label_kanon_k10_a30+attn_drop_p30_l5,7,9,17,19,21",114.60682654380798,0.5190251286115044,0.5030205854707422,0.50366150839976,0.016801292978804,0.6684749849306811,dropout_success,tabicl,ml_privacy_meter/logs/dropout_success/tabicl/defense/defense_eval_results.csv,"label_kanon_k10_a30+attn_drop_p30_l5,7,9,17,19,21",label_kanon_k10_a30+attn_drop_p30,label k-anon k10 a30 + attn drop p30,label k-anon k10 a30 + attn...,Label k-anon + dropout,TabICL,0.8808232153620943,0.9923488917011016,0.783001808318264,0.3617980867505899,0.4893283062303594,0.11452682338758291,0.42556319649047464,0.31103637310289173
1,"label_kanon_k10_a30+attn_drop_p50_l5,7,9,17,19,21",114.61291432380676,0.5103501423001503,0.4950290322826776,0.4876318951444275,-0.01881499073516,0.5533453887884268,dropout_success,tabicl,ml_privacy_meter/logs/dropout_success/tabicl/defense/defense_eval_results.csv,"label_kanon_k10_a30+attn_drop_p50_l5,7,9,17,19,21",label_kanon_k10_a30+attn_drop_p50,label k-anon k10 a30 + attn drop p50,label k-anon k10 a30 + attn...,Label k-anon + dropout,TabICL,0.8808232153620943,0.9923488917011016,0.783001808318264,0.370473073061944,0.49731985941842405,0.22965641952983729,0.433896466240184,0.20424004671034673
1,"label_kanon_k10_a50+attn_drop_p10_l5,7,9,17,19,21",114.26493430137634,0.5866601193700789,0.5264506058792688,0.512465660301401,0.0753999328318918,0.7341772151898734,dropout_success,tabicl,ml_privacy_meter/logs/dropout_success/tabicl/defense/defense_eval_results.csv,"label_kanon_k10_a50+attn_drop_p10_l5,7,9,17,19,21",label_kanon_k10_a50+attn_drop_p10,label k-anon k10 a50 + attn drop p10,label k-anon k10 a50 + attn...,Label k-anon + dropout,TabICL,0.8808232153620943,0.9923488917011016,0.783001808318264,0.2941630959920154,0.4658982858218328,0.0488245931283906,0.3800306909069241,0.3312060977785335
1,"label_kanon_k10_a50+attn_drop_p30_l5,7,9,17,19,21",114.77139687538148,0.5376053535231323,0.4997218670622657,0.5025707767484497,4.998241500577903e-06,0.6962025316455697,dropout_success,tabicl,ml_privacy_meter/logs/dropout_success/tabicl/defense/defense_eval_results.csv,"label_kanon_k10_a50+attn_drop_p30_l5,7,9,17,19,21",label_kanon_k10_a50+attn_drop_p30,label k-anon k10 a50 + attn drop p30,label k-anon k10 a50 + attn...,Label k-anon + dropout,TabICL,0.8808232153620943,0.9923488917011016,0.783001808318264,0.34321786183896197,0.49262702463883595,0.08679927667269438,0.41792244323889893,0.33112316656620455
1,"label_kanon_k10_a50+attn_drop_p50_l5,7,9,17,19,21",114.9541130065918,0.5206977412553442,0.5123346780361453,0.5026783239066069,0.0369931887397922,0.6039783001808319,dropout_success,tabicl,ml_privacy_meter/logs/dropout_success/tabicl/defense/defense_eval_results.csv,"label_kanon_k10_a50+attn_drop_p50_l5,7,9,17,19,21",label_kanon_k10_a50+attn_drop_p50,label k-anon k10 a50 + attn drop p50,label k-anon k10 a50 + attn...,Label k-anon + dropout,TabICL,0.8808232153620943,0.9923488917011016,0.783001808318264,0.3601254741067501,0.48001421366495634,0.17902350813743217,0.4200698438858532,0.24104633574842105
1,highrisk_label_kanon_k3,0.0,0.4992057497036095,0.0822688526353232,0.1102011386192035,-2.299013613719765,0.7715,dropout_success,tabicl,ml_privacy_meter/logs/dropout_success/tabicl/defense/defense_eval_results.csv,highrisk_label_kanon_k3,highrisk_label_kanon_k3,high-risk label k-anon k3,high-risk label k-anon k3,High-risk label k-anon,TabICL,0.8808232153620943,0.9923488917011016,0.783001808318264,0.3816174656584848,0.9100800390657784,0.011501808318264084,0.6458487523621316,0.6343469440438675
1,highrisk_label_kanon_k3_a30,0.0,0.5566199454198173,0.1930100887227721,0.1463019219331165,-1.2311157996625277,0.7728,dropout_success,tabicl,ml_privacy_meter/logs/dropout_success/tabicl/defense/defense_eval_results.csv,highrisk_label_kanon_k3_a30,highrisk_label_kanon_k3_a30,high-risk label k-anon k3 a30,high-risk label k-anon k3 a30,High-risk label k-anon,TabICL,0.8808232153620943,0.9923488917011016,0.783001808318264,0.324203269942277,0.7993388029783295,0.010201808318264005,0.5617710364603032,0.5515692281420392
1,highrisk_label_kanon_k3_a50,0.0,0.5931405623190364,0.4540461166574198,0.1891462027314798,-0.0405433372655865,0.774,dropout_success,tabicl,ml_privacy_meter/logs/dropout_success/tabicl/defense/defense_eval_results.csv,highrisk_label_kanon_k3_a50,highrisk_label_kanon_k3_a50,high-risk label k-anon k3 a50,high-risk label k-anon k3 a50,High-risk label k-anon,TabICL,0.8808232153620943,0.9923488917011016,0.783001808318264,0.28768265304305785,0.5383027750436818,0.009001808318264026,0.41299271404336985,0.4039909057251058
1,highrisk_label_kanon_k5,0.0,0.4805919163050575,0.0726306652554735,0.0758803334397904,-2.5464784642652165,0.7655,dropout_success,tabicl,ml_privacy_meter/logs/dropout_success/tabicl/defense/defense_eval_results.csv,highrisk_label_kanon_k5,highrisk_label_kanon_k5,high-risk label k-anon k5,high-risk label k-anon k5,High-risk label k-anon,TabICL,0.8808232153620943,0.9923488917011016,0.783001808318264,0.4002312990570368,0.9197182264456282,0.01750180831826409,0.6599747627513325,0.6424729544330684
1,highrisk_label_kanon_k5_a30,0.0,0.5267828757310754,0.1174120665731442,0.1213649696379112,-1.895493239715671,0.7734,dropout_success,tabicl,ml_privacy_meter/logs/dropout_success/tabicl/defense/defense_eval_results.csv,highrisk_label_kanon_k5_a30,highrisk_label_kanon_k5_a30,high-risk label k-anon k5 a30,high-risk label k-anon k5 a30,High-risk label k-anon,TabICL,0.8808232153620943,0.9923488917011016,0.783001808318264,0.3540403396310189,0.8749368251279575,0.009601808318264071,0.6144885823794881,0.604886774061224
1,highrisk_label_kanon_k5_a50,0.0,0.5695931847075208,0.2789584348400472,0.1546419133802108,-0.773651256361462,0.7734,dropout_success,tabicl,ml_privacy_meter/logs/dropout_success/tabicl/defense/defense_eval_results.csv,highrisk_label_kanon_k5_a50,highrisk_label_kanon_k5_a50,high-risk label k-anon k5 a50,high-risk label k-anon k5 a50,High-risk label k-anon,TabICL,0.8808232153620943,0.9923488917011016,0.783001808318264,0.31123003065457344,0.7133904568610545,0.009601808318264071,0.512310243757814,0.5027084354395499
1,highrisk_label_kanon_k10,0.0,0.4194075750259512,0.0688821381247045,0.0759876989304507,-2.589129844217638,0.7643,dropout_success,tabicl,ml_privacy_meter/logs/dropout_success/tabicl/defense/defense_eval_results.csv,highrisk_label_kanon_k10,highrisk_label_kanon_k10,high-risk label k-anon k10,high-risk label k-anon k10,High-risk label k-anon,TabICL,0.8808232153620943,0.9923488917011016,0.783001808318264,0.4614156403361431,0.9234667535763972,0.018701808318264068,0.6924411969562702,0.6737393886380061
1,highrisk_label_kanon_k10_a30,0.0,0.5151450742129892,0.1040264420675069,0.1080810789305307,-2.1865656810277243,0.7715,dropout_success,tabicl,ml_privacy_meter/logs/dropout_success/tabicl/defense/defense_eval_results.csv,highrisk_label_kanon_k10_a30,highrisk_label_kanon_k10_a30,high-risk label k-anon k10 a30,high-risk label k-anon k10 a30,High-risk label k-anon,TabICL,0.8808232153620943,0.9923488917011016,0.783001808318264,0.36567814114910513,0.8883224496335947,0.011501808318264084,0.6270002953913499,0.6154984870730859
1,highrisk_label_kanon_k10_a50,0.0,0.5551784138320179,0.1998482349731005,0.1385470814934957,-1.2129725969281382,0.7746,dropout_success,tabicl,ml_privacy_meter/logs/dropout_success/tabicl/defense/defense_eval_results.csv,highrisk_label_kanon_k10_a50,highrisk_label_kanon_k10_a50,high-risk label k-anon k10 a50,high-risk label k-anon k10 a50,High-risk label k-anon,TabICL,0.8808232153620943,0.9923488917011016,0.783001808318264,0.32564480153007636,0.7925006567280011,0.008401808318264092,0.5590727291290387,0.5506709208107746
1,"attn_drop_p70_l5,7,9,17,19,21",0.0,0.5065289481706264,0.5079968215454744,0.5153432734520931,0.0102843445518829,0.6233,dropout_success,tabicl,ml_privacy_meter/logs/dropout_success/tabicl/defense/defense_eval_results.csv,"attn_drop_p70_l5,7,9,17,19,21",attn_drop_p70,attn drop p70,attn drop p70,Attention dropout,TabICL,0.8808232153620943,0.9923488917011016,0.783001808318264,0.37429426719146786,0.4843520701556272,0.15970180831826408,0.42932316867354753,0.26962136035528345
1,"attn_drop_p90_l5,7,9,17,19,21",0.0,0.5048890356762263,0.4916133200062058,0.4885921895329729,-0.0195339535601023,0.4985,dropout_success,tabicl,ml_privacy_meter/logs/dropout_success/tabicl/defense/defense_eval_results.csv,"attn_drop_p90_l5,7,9,17,19,21",attn_drop_p90,attn drop p90,attn drop p90,Attention dropout,TabICL,0.8808232153620943,0.9923488917011016,0.783001808318264,0.37593417968586795,0.5007355716948958,0.28450180831826405,0.4383348756903819,0.15383306737211783
1,no_defense,0.0,0.7292196908673206,0.8938698483185401,,,0.784207353827607,dropout_success,tabpfn,ml_privacy_meter/logs/dropout_success/tabpfn/defense/defense_eval_results.csv,no_defense,no_defense,No defense,No defense,No defense,TabPFN,0.7292196908673206,0.8938698483185401,0.784207353827607,0.0,0.0,0.0,0.0,0.0
1,label_kanon_k3,0.0,0.5466351364559069,0.5566114070474635,0.5165548139888333,0.0895963779737857,0.7263,dropout_success,tabpfn,ml_privacy_meter/logs/dropout_success/tabpfn/defense/defense_eval_results.csv,label_kanon_k3,label_kanon_k3,label k-anon k3,label k-anon k3,Label k-anon,TabPFN,0.7292196908673206,0.8938698483185401,0.784207353827607,0.18258455441141375,0.3372584412710766,0.05790735382760703,0.2599214978412452,0.20201414401363815
1,label_kanon_k3_a30,0.0,0.5758345532305749,0.6354997909007111,0.5228332426812524,0.3319606567541215,0.7456,dropout_success,tabpfn,ml_privacy_meter/logs/dropout_success/tabpfn/defense/defense_eval_results.csv,label_kanon_k3_a30,label_kanon_k3_a30,label k-anon k3 a30,label k-anon k3 a30,Label k-anon,TabPFN,0.7292196908673206,0.8938698483185401,0.784207353827607,0.15338513763674577,0.25837005741782904,0.03860735382760694,0.2058775975272874,0.16727024369968047
1,label_kanon_k3_a50,0.0,0.6044455489828255,0.7254008584152564,0.5322788625144017,0.6773289523054393,0.7655,dropout_success,tabpfn,ml_privacy_meter/logs/dropout_success/tabpfn/defense/defense_eval_results.csv,label_kanon_k3_a50,label_kanon_k3_a50,label k-anon k3 a50,label k-anon k3 a50,Label k-anon,TabPFN,0.7292196908673206,0.8938698483185401,0.784207353827607,0.1247741418844951,0.16846898990328374,0.01870735382760702,0.14662156589388942,0.1279142120662824
1,label_kanon_k5,0.0,0.5307078020013218,0.5324806951034433,0.514675463733536,0.0362285187380277,0.7071,dropout_success,tabpfn,ml_privacy_meter/logs/dropout_success/tabpfn/defense/defense_eval_results.csv,label_kanon_k5,label_kanon_k5,label k-anon k5,label k-anon k5,Label k-anon,TabPFN,0.7292196908673206,0.8938698483185401,0.784207353827607,0.1985118888659988,0.3613891532150968,0.07710735382760703,0.2799505210405478,0.20284316721294077
1,label_kanon_k5_a30,0.0,0.5644961397473586,0.5944879901434483,0.5182597634471189,0.2058319483224062,0.7354,dropout_success,tabpfn,ml_privacy_meter/logs/dropout_success/tabpfn/defense/defense_eval_results.csv,label_kanon_k5_a30,label_kanon_k5_a30,label k-anon k5 a30,label k-anon k5 a30,Label k-anon,TabPFN,0.7292196908673206,0.8938698483185401,0.784207353827607,0.16472355111996206,0.2993818581750918,0.048807353827606925,0.23205270464752692,0.18324535081992
1,label_kanon_k5_a50,0.0,0.5898356672156658,0.6822784446791588,0.5266938586576007,0.5020159127139049,0.7553,dropout_success,tabpfn,ml_privacy_meter/logs/dropout_success/tabpfn/defense/defense_eval_results.csv,label_kanon_k5_a50,label_kanon_k5_a50,label k-anon k5 a50,label k-anon k5 a50,Label k-anon,TabPFN,0.7292196908673206,0.8938698483185401,0.784207353827607,0.1393840236516548,0.21159140363938134,0.028907353827607007,0.17548771364551807,0.14658035981791107
1,label_kanon_k10,0.0,0.5225809065280761,0.5293930743263496,0.51365976075844,0.0138800188265542,0.686,dropout_success,tabpfn,ml_privacy_meter/logs/dropout_success/tabpfn/defense/defense_eval_results.csv,label_kanon_k10,label_kanon_k10,label k-anon k10,label k-anon k10,Label k-anon,TabPFN,0.7292196908673206,0.8938698483185401,0.784207353827607,0.20663878433924454,0.3644767739921905,0.09820735382760692,0.2855577791657175,0.18735042533811058
1,label_kanon_k10_a30,0.0,0.5525529551670051,0.584498276157122,0.5156308530996653,0.1602837105402584,0.73,dropout_success,tabpfn,ml_privacy_meter/logs/dropout_success/tabpfn/defense/defense_eval_results.csv,label_kanon_k10_a30,label_kanon_k10_a30,label k-anon k10 a30,label k-anon k10 a30,Label k-anon,TabPFN,0.7292196908673206,0.8938698483185401,0.784207353827607,0.17666673570031555,0.3093715721614181,0.054207353827607,0.24301915393086682,0.18881180010325982
1,label_kanon_k10_a50,0.0,0.58048905616832,0.6639452875632976,0.5228208892914641,0.4235677794412814,0.7486,dropout_success,tabpfn,ml_privacy_meter/logs/dropout_success/tabpfn/defense/defense_eval_results.csv,label_kanon_k10_a50,label_kanon_k10_a50,label k-anon k10 a50,label k-anon k10 a50,Label k-anon,TabPFN,0.7292196908673206,0.8938698483185401,0.784207353827607,0.1487306346990006,0.22992456075524248,0.035607353827606936,0.18932759772712154,0.1537202438995146
1,"attn_drop_p10_l1,2,4,5,7,10",0.0,0.7291066936842567,0.8895258151329751,0.5763984491409126,1.4371090969072997,0.7818,dropout_success,tabpfn,ml_privacy_meter/logs/dropout_success/tabpfn/defense/defense_eval_results.csv,"attn_drop_p10_l1,2,4,5,7,10",attn_drop_p10,attn drop p10,attn drop p10,Attention dropout,TabPFN,0.7292196908673206,0.8938698483185401,0.784207353827607,0.00011299718306390094,0.004344033185564977,0.0024073538276069284,0.002228515184314439,-0.00017883864329248933
1,"attn_drop_p30_l1,2,4,5,7,10",0.0,0.7262715907278362,0.8792150946796494,0.5727436624385374,1.38033464071338,0.783,dropout_success,tabpfn,ml_privacy_meter/logs/dropout_success/tabpfn/defense/defense_eval_results.csv,"attn_drop_p30_l1,2,4,5,7,10",attn_drop_p30,attn drop p30,attn drop p30,Attention dropout,TabPFN,0.7292196908673206,0.8938698483185401,0.784207353827607,0.002948100139484433,0.014654753638890683,0.0012073538276069495,0.008801426889187558,0.0075940730615806085
1,"attn_drop_p50_l1,2,4,5,7,10",0.0,0.7203968272135004,0.8622435354529571,0.5667415500088836,1.2929871090700136,0.7842,dropout_success,tabpfn,ml_privacy_meter/logs/dropout_success/tabpfn/defense/defense_eval_results.csv,"attn_drop_p50_l1,2,4,5,7,10",attn_drop_p50,attn drop p50,attn drop p50,Attention dropout,TabPFN,0.7292196908673206,0.8938698483185401,0.784207353827607,0.008822863653820234,0.03162631286558304,7.353827606970675e-06,0.020224588259701637,0.020217234432094666
1,"label_kanon_k3+attn_drop_p10_l1,2,4,5,7,10",275.5637378692627,0.5454644711059663,0.5560487828096041,0.51670323633379,0.0886981862387024,0.7269439421338155,dropout_success,tabpfn,ml_privacy_meter/logs/dropout_success/tabpfn/defense/defense_eval_results.csv,"label_kanon_k3+attn_drop_p10_l1,2,4,5,7,10",label_kanon_k3+attn_drop_p10,label k-anon k3 + attn drop p10,label k-anon k3 + attn drop p10,Label k-anon + dropout,TabPFN,0.7292196908673206,0.8938698483185401,0.784207353827607,0.18375521976135434,0.337821065508936,0.057263411693791455,0.26078814263514516,0.2035247309413537
1,"label_kanon_k3+attn_drop_p30_l1,2,4,5,7,10",276.1946816444397,0.5441688185181673,0.5548366972703732,0.5164192900361555,0.0850025277837139,0.7269439421338155,dropout_success,tabpfn,ml_privacy_meter/logs/dropout_success/tabpfn/defense/defense_eval_results.csv,"label_kanon_k3+attn_drop_p30_l1,2,4,5,7,10",label_kanon_k3+attn_drop_p30,label k-anon k3 + attn drop p30,label k-anon k3 + attn drop p30,Label k-anon + dropout,TabPFN,0.7292196908673206,0.8938698483185401,0.784207353827607,0.1850508723491533,0.3390331510481669,0.057263411693791455,0.2620420116986601,0.20477860000486864
1,"label_kanon_k3+attn_drop_p50_l1,2,4,5,7,10",276.4395635128021,0.5407977964459297,0.5526895691246643,0.5166029558755083,0.0803655180576502,0.7257383966244726,dropout_success,tabpfn,ml_privacy_meter/logs/dropout_success/tabpfn/defense/defense_eval_results.csv,"label_kanon_k3+attn_drop_p50_l1,2,4,5,7,10",label_kanon_k3+attn_drop_p50,label k-anon k3 + attn drop p50,label k-anon k3 + attn drop p50,Label k-anon + dropout,TabPFN,0.7292196908673206,0.8938698483185401,0.784207353827607,0.1884218944213909,0.34118027919387584,0.058468957203134386,0.26480108680763337,0.20633212960449898
1,"label_kanon_k3_a30+attn_drop_p10_l1,2,4,5,7,10",277.2508454322815,0.5761526530176243,0.6344105125893759,0.5231053805915893,0.327905819662927,0.7462326702833032,dropout_success,tabpfn,ml_privacy_meter/logs/dropout_success/tabpfn/defense/defense_eval_results.csv,"label_kanon_k3_a30+attn_drop_p10_l1,2,4,5,7,10",label_kanon_k3_a30+attn_drop_p10,label k-anon k3 a30 + attn drop p10,label k-anon k3 a30 + attn drop...,Label k-anon + dropout,TabPFN,0.7292196908673206,0.8938698483185401,0.784207353827607,0.15306703784969633,0.25945933572916424,0.03797468354430378,0.2062631867894303,0.1682885032451265
1,"label_kanon_k3_a30+attn_drop_p30_l1,2,4,5,7,10",277.0856432914734,0.575110426587983,0.6308994248770384,0.5230526970174921,0.3180380245233214,0.7444243520192887,dropout_success,tabpfn,ml_privacy_meter/logs/dropout_success/tabpfn/defense/defense_eval_results.csv,"label_kanon_k3_a30+attn_drop_p30_l1,2,4,5,7,10",label_kanon_k3_a30+attn_drop_p30,label k-anon k3 a30 + attn drop p30,label k-anon k3 a30 + attn drop...,Label k-anon + dropout,TabPFN,0.7292196908673206,0.8938698483185401,0.784207353827607,0.1541092642793377,0.2629704234415017,0.039783001808318286,0.20853984386041968,0.1687568420521014
1,"label_kanon_k3_a30+attn_drop_p50_l1,2,4,5,7,10",277.2946238517761,0.5731198958245906,0.6236145582518645,0.5210390944819951,0.2987751874261612,0.7438215792646172,dropout_success,tabpfn,ml_privacy_meter/logs/dropout_success/tabpfn/defense/defense_eval_results.csv,"label_kanon_k3_a30+attn_drop_p50_l1,2,4,5,7,10",label_kanon_k3_a30+attn_drop_p50,label k-anon k3 a30 + attn drop p50,label k-anon k3 a30 + attn drop...,Label k-anon + dropout,TabPFN,0.7292196908673206,0.8938698483185401,0.784207353827607,0.15609979504273008,0.2702552900666756,0.04038577456298975,0.21317754255470284,0.17279176799171309
1,"label_kanon_k3_a50+attn_drop_p10_l1,2,4,5,7,10",277.0050776004791,0.6035168647387386,0.7228153665995586,0.5321180867796566,0.6673413220536856,0.7649186256781193,dropout_success,tabpfn,ml_privacy_meter/logs/dropout_success/tabpfn/defense/defense_eval_results.csv,"label_kanon_k3_a50+attn_drop_p10_l1,2,4,5,7,10",label_kanon_k3_a50+attn_drop_p10,label k-anon k3 a50 + attn drop p10,label k-anon k3 a50 + attn drop...,Label k-anon + dropout,TabPFN,0.7292196908673206,0.8938698483185401,0.784207353827607,0.12570282612858208,0.17105448171898152,0.019288728149487677,0.1483786539237818,0.12908992577429412
1,"label_kanon_k3_a50+attn_drop_p30_l1,2,4,5,7,10",276.9094455242157,0.6019454408906648,0.7159610519420074,0.5311401706439132,0.6431400303005224,0.7655213984327909,dropout_success,tabpfn,ml_privacy_meter/logs/dropout_success/tabpfn/defense/defense_eval_results.csv,"label_kanon_k3_a50+attn_drop_p30_l1,2,4,5,7,10",label_kanon_k3_a50+attn_drop_p30,label k-anon k3 a50 + attn drop p30,label k-anon k3 a50 + attn drop...,Label k-anon + dropout,TabPFN,0.7292196908673206,0.8938698483185401,0.784207353827607,0.12727424997665582,0.17790879637653267,0.0186859553948161,0.15259152317659425,0.13390556778177815
1,"label_kanon_k3_a50+attn_drop_p50_l1,2,4,5,7,10",277.3569509983063,0.5952170218084563,0.705507722503625,0.5297976478419173,0.6043911638317756,0.7649186256781193,dropout_success,tabpfn,ml_privacy_meter/logs/dropout_success/tabpfn/defense/defense_eval_results.csv,"label_kanon_k3_a50+attn_drop_p50_l1,2,4,5,7,10",label_kanon_k3_a50+attn_drop_p50,label k-anon k3 a50 + attn drop p50,label k-anon k3 a50 + attn drop...,Label k-anon + dropout,TabPFN,0.7292196908673206,0.8938698483185401,0.784207353827607,0.13400266905886438,0.18836212581491507,0.019288728149487677,0.16118239743688972,0.14189366928740205
1,"label_kanon_k5+attn_drop_p10_l1,2,4,5,7,10",229.2576069831848,0.5304727242603499,0.5323874996775402,0.5149494183188418,0.0361306854068736,0.7070524412296564,dropout_success,tabpfn,ml_privacy_meter/logs/dropout_success/tabpfn/defense/defense_eval_results.csv,"label_kanon_k5+attn_drop_p10_l1,2,4,5,7,10",label_kanon_k5+attn_drop_p10,label k-anon k5 + attn drop p10,label k-anon k5 + attn drop p10,Label k-anon + dropout,TabPFN,0.7292196908673206,0.8938698483185401,0.784207353827607,0.19874696660697078,0.36148234864099993,0.0771549125979506,0.28011465762398535,0.20295974502603475
1,"label_kanon_k5+attn_drop_p30_l1,2,4,5,7,10",229.5391142368317,0.5287367096600964,0.5317818202429185,0.5152540747111214,0.0336252415075277,0.707655213984328,dropout_success,tabpfn,ml_privacy_meter/logs/dropout_success/tabpfn/defense/defense_eval_results.csv,"label_kanon_k5+attn_drop_p30_l1,2,4,5,7,10",label_kanon_k5+attn_drop_p30,label k-anon k5 + attn drop p30,label k-anon k5 + attn drop p30,Label k-anon + dropout,TabPFN,0.7292196908673206,0.8938698483185401,0.784207353827607,0.2004829812072242,0.36208802807562157,0.07655213984327902,0.2812855046414229,0.20473336479814386
1,"label_kanon_k5+attn_drop_p50_l1,2,4,5,7,10",229.56548357009888,0.532238168995099,0.5322065588506406,0.5150800372491036,0.032427251847474,0.7058468957203134,dropout_success,tabpfn,ml_privacy_meter/logs/dropout_success/tabpfn/defense/defense_eval_results.csv,"label_kanon_k5+attn_drop_p50_l1,2,4,5,7,10",label_kanon_k5+attn_drop_p50,label k-anon k5 + attn drop p50,label k-anon k5 + attn drop p50,Label k-anon + dropout,TabPFN,0.7292196908673206,0.8938698483185401,0.784207353827607,0.19698152187222162,0.3616632894678995,0.07836045810729353,0.27932240567006056,0.20096194756276703
1,"label_kanon_k5_a30+attn_drop_p10_l1,2,4,5,7,10",230.9010922908783,0.5631456235754998,0.5937389750537826,0.5182379633474925,0.2037638462516946,0.7353827606992164,dropout_success,tabpfn,ml_privacy_meter/logs/dropout_success/tabpfn/defense/defense_eval_results.csv,"label_kanon_k5_a30+attn_drop_p10_l1,2,4,5,7,10",label_kanon_k5_a30+attn_drop_p10,label k-anon k5 a30 + attn drop p10,label k-anon k5 a30 + attn drop...,Label k-anon + dropout,TabPFN,0.7292196908673206,0.8938698483185401,0.784207353827607,0.16607406729182084,0.3001308732647575,0.0488245931283906,0.23310247027828918,0.18427787714989857
1,"label_kanon_k5_a30+attn_drop_p30_l1,2,4,5,7,10",231.0508270263672,0.5631619736502196,0.5916256370624947,0.5175717886364074,0.1972284781912639,0.7347799879445449,dropout_success,tabpfn,ml_privacy_meter/logs/dropout_success/tabpfn/defense/defense_eval_results.csv,"label_kanon_k5_a30+attn_drop_p30_l1,2,4,5,7,10",label_kanon_k5_a30+attn_drop_p30,label k-anon k5 a30 + attn drop p30,label k-anon k5 a30 + attn drop...,Label k-anon + dropout,TabPFN,0.7292196908673206,0.8938698483185401,0.784207353827607,0.16605771721710105,0.3022442112560454,0.04942736588306207,0.23415096423657322,0.18472359835351115
1,"label_kanon_k5_a30+attn_drop_p50_l1,2,4,5,7,10",231.16298508644104,0.5623606383214506,0.5882535249852758,0.5179591037397707,0.1868176226071915,0.7347799879445449,dropout_success,tabpfn,ml_privacy_meter/logs/dropout_success/tabpfn/defense/defense_eval_results.csv,"label_kanon_k5_a30+attn_drop_p50_l1,2,4,5,7,10",label_kanon_k5_a30+attn_drop_p50,label k-anon k5 a30 + attn drop p50,label k-anon k5 a30 + attn drop...,Label k-anon + dropout,TabPFN,0.7292196908673206,0.8938698483185401,0.784207353827607,0.16685905254587008,0.3056163233332643,0.04942736588306207,0.23623768793956718,0.1868103220565051
1,"label_kanon_k5_a50+attn_drop_p10_l1,2,4,5,7,10",231.1070282459259,0.5874065911147881,0.6799409289967121,0.5266613401756579,0.4943343777894664,0.7552742616033755,dropout_success,tabpfn,ml_privacy_meter/logs/dropout_success/tabpfn/defense/defense_eval_results.csv,"label_kanon_k5_a50+attn_drop_p10_l1,2,4,5,7,10",label_kanon_k5_a50+attn_drop_p10,label k-anon k5 a50 + attn drop p10,label k-anon k5 a50 + attn drop...,Label k-anon + dropout,TabPFN,0.7292196908673206,0.8938698483185401,0.784207353827607,0.14181309975253253,0.213928919321828,0.02893309222423146,0.17787100953718027,0.1489379173129488
1,"label_kanon_k5_a50+attn_drop_p30_l1,2,4,5,7,10",230.93850755691528,0.5902649475108102,0.675035543245766,0.5258972466837507,0.4796591836212367,0.7564798071127184,dropout_success,tabpfn,ml_privacy_meter/logs/dropout_success/tabpfn/defense/defense_eval_results.csv,"label_kanon_k5_a50+attn_drop_p30_l1,2,4,5,7,10",label_kanon_k5_a50+attn_drop_p30,label k-anon k5 a50 + attn drop p30,label k-anon k5 a50 + attn drop...,Label k-anon + dropout,TabPFN,0.7292196908673206,0.8938698483185401,0.784207353827607,0.13895474335651048,0.21883430507277413,0.02772754671488853,0.1788945242146423,0.15116697749975377
1,"label_kanon_k5_a50+attn_drop_p50_l1,2,4,5,7,10",231.2416944503784,0.5893391699466733,0.6671840556978011,0.5254276362042974,0.4543212386550189,0.7564798071127184,dropout_success,tabpfn,ml_privacy_meter/logs/dropout_success/tabpfn/defense/defense_eval_results.csv,"label_kanon_k5_a50+attn_drop_p50_l1,2,4,5,7,10",label_kanon_k5_a50+attn_drop_p50,label k-anon k5 a50 + attn drop p50,label k-anon k5 a50 + attn drop...,Label k-anon + dropout,TabPFN,0.7292196908673206,0.8938698483185401,0.784207353827607,0.1398805209206473,0.22668579262073896,0.02772754671488853,0.18328315677069312,0.1555556100558046
1,"label_kanon_k10+attn_drop_p10_l1,2,4,5,7,10",194.08485627174375,0.5221843263823716,0.5292691770934727,0.5139373486936835,0.0135575408045236,0.6865581675708258,dropout_success,tabpfn,ml_privacy_meter/logs/dropout_success/tabpfn/defense/defense_eval_results.csv,"label_kanon_k10+attn_drop_p10_l1,2,4,5,7,10",label_kanon_k10+attn_drop_p10,label k-anon k10 + attn drop p10,label k-anon k10 + attn drop p10,Label k-anon + dropout,TabPFN,0.7292196908673206,0.8938698483185401,0.784207353827607,0.20703536448494908,0.36460067122506745,0.0976491862567812,0.28581801785500827,0.18816883159822706
1,"label_kanon_k10+attn_drop_p30_l1,2,4,5,7,10",194.0737421512604,0.5203752814483695,0.5289289138718031,0.513926993646361,0.0135258030302278,0.6865581675708258,dropout_success,tabpfn,ml_privacy_meter/logs/dropout_success/tabpfn/defense/defense_eval_results.csv,"label_kanon_k10+attn_drop_p30_l1,2,4,5,7,10",label_kanon_k10+attn_drop_p30,label k-anon k10 + attn drop p30,label k-anon k10 + attn drop p30,Label k-anon + dropout,TabPFN,0.7292196908673206,0.8938698483185401,0.784207353827607,0.2088444094189511,0.36494093444673703,0.0976491862567812,0.28689267193284407,0.18924348567606286
1,"label_kanon_k10+attn_drop_p50_l1,2,4,5,7,10",194.4144904613495,0.5175020283176028,0.5283503028942176,0.5132161287310416,0.0118560907508813,0.6847498493068114,dropout_success,tabpfn,ml_privacy_meter/logs/dropout_success/tabpfn/defense/defense_eval_results.csv,"label_kanon_k10+attn_drop_p50_l1,2,4,5,7,10",label_kanon_k10+attn_drop_p50,label k-anon k10 + attn drop p50,label k-anon k10 + attn drop p50,Label k-anon + dropout,TabPFN,0.7292196908673206,0.8938698483185401,0.784207353827607,0.2117176625497178,0.3655195454243225,0.0994575045207956,0.28861860398702016,0.18916109946622456
1,"label_kanon_k10_a30+attn_drop_p10_l1,2,4,5,7,10",196.6639482975006,0.5537452389490753,0.5839153051596112,0.5156364847920688,0.1583281825902889,0.7293550331525015,dropout_success,tabpfn,ml_privacy_meter/logs/dropout_success/tabpfn/defense/defense_eval_results.csv,"label_kanon_k10_a30+attn_drop_p10_l1,2,4,5,7,10",label_kanon_k10_a30+attn_drop_p10,label k-anon k10 a30 + attn drop p10,label k-anon k10 a30 + attn...,Label k-anon + dropout,TabPFN,0.7292196908673206,0.8938698483185401,0.784207353827607,0.1754744519182453,0.3099545431589289,0.05485232067510548,0.2427144975385871,0.1878621768634816
1,"label_kanon_k10_a30+attn_drop_p30_l1,2,4,5,7,10",196.516211271286,0.5478372302828091,0.5822459625307155,0.5154228438157296,0.1542377267525158,0.7305605786618445,dropout_success,tabpfn,ml_privacy_meter/logs/dropout_success/tabpfn/defense/defense_eval_results.csv,"label_kanon_k10_a30+attn_drop_p30_l1,2,4,5,7,10",label_kanon_k10_a30+attn_drop_p30,label k-anon k10 a30 + attn drop p30,label k-anon k10 a30 + attn...,Label k-anon + dropout,TabPFN,0.7292196908673206,0.8938698483185401,0.784207353827607,0.18138246058451157,0.31162388578782463,0.05364677516576244,0.2465031731861681,0.19285639802040566
1,"label_kanon_k10_a30+attn_drop_p50_l1,2,4,5,7,10",196.44501209259036,0.5492373416813181,0.5790954847996987,0.5146976271681563,0.1460381118843708,0.72875226039783,dropout_success,tabpfn,ml_privacy_meter/logs/dropout_success/tabpfn/defense/defense_eval_results.csv,"label_kanon_k10_a30+attn_drop_p50_l1,2,4,5,7,10",label_kanon_k10_a30+attn_drop_p50,label k-anon k10 a30 + attn drop p50,label k-anon k10 a30 + attn...,Label k-anon + dropout,TabPFN,0.7292196908673206,0.8938698483185401,0.784207353827607,0.17998234918600253,0.31477436351884136,0.05545509342977695,0.24737835635242195,0.191923262922645
1,"label_kanon_k10_a50+attn_drop_p10_l1,2,4,5,7,10",196.46806120872495,0.5805831599317075,0.6624935825956726,0.5227627556924602,0.4185070763555747,0.7468354430379747,dropout_success,tabpfn,ml_privacy_meter/logs/dropout_success/tabpfn/defense/defense_eval_results.csv,"label_kanon_k10_a50+attn_drop_p10_l1,2,4,5,7,10",label_kanon_k10_a50+attn_drop_p10,label k-anon k10 a50 + attn drop p10,label k-anon k10 a50 + attn...,Label k-anon + dropout,TabPFN,0.7292196908673206,0.8938698483185401,0.784207353827607,0.14863653093561313,0.2313762657228675,0.03737191078963231,0.19000639832924032,0.152634487539608
1,"label_kanon_k10_a50+attn_drop_p30_l1,2,4,5,7,10",196.232506275177,0.577287711538175,0.6581531827600452,0.5222388266314377,0.4054011014019558,0.7462326702833032,dropout_success,tabpfn,ml_privacy_meter/logs/dropout_success/tabpfn/defense/defense_eval_results.csv,"label_kanon_k10_a50+attn_drop_p30_l1,2,4,5,7,10",label_kanon_k10_a50+attn_drop_p30,label k-anon k10 a50 + attn drop p30,label k-anon k10 a50 + attn...,Label k-anon + dropout,TabPFN,0.7292196908673206,0.8938698483185401,0.784207353827607,0.1519319793291456,0.2357166655584949,0.03797468354430378,0.19382432244382025,0.15584963889951647
1,"label_kanon_k10_a50+attn_drop_p50_l1,2,4,5,7,10",196.6359136104584,0.574831748647758,0.6516260512643877,0.5220587941420226,0.3859609952732902,0.7462326702833032,dropout_success,tabpfn,ml_privacy_meter/logs/dropout_success/tabpfn/defense/defense_eval_results.csv,"label_kanon_k10_a50+attn_drop_p50_l1,2,4,5,7,10",label_kanon_k10_a50+attn_drop_p50,label k-anon k10 a50 + attn drop p50,label k-anon k10 a50 + attn...,Label k-anon + dropout,TabPFN,0.7292196908673206,0.8938698483185401,0.784207353827607,0.15438794221956265,0.24224379705415244,0.03797468354430378,0.19831586963685754,0.16034118609255377
1,highrisk_label_kanon_k3,0.0,0.5566706306514487,0.2966991742485596,0.2711610842061548,-0.9449604749059182,0.7378,dropout_success,tabpfn,ml_privacy_meter/logs/dropout_success/tabpfn/defense/defense_eval_results.csv,highrisk_label_kanon_k3,highrisk_label_kanon_k3,high-risk label k-anon k3,high-risk label k-anon k3,High-risk label k-anon,TabPFN,0.7292196908673206,0.8938698483185401,0.784207353827607,0.1725490602158719,0.5971706740699805,0.04640735382760697,0.3848598671429262,0.3384525133153192
1,highrisk_label_kanon_k3_a30,0.0,0.5852916181160281,0.3514730145650099,0.2799545177254793,-0.7010894717245129,0.7517,dropout_success,tabpfn,ml_privacy_meter/logs/dropout_success/tabpfn/defense/defense_eval_results.csv,highrisk_label_kanon_k3_a30,highrisk_label_kanon_k3_a30,high-risk label k-anon k3 a30,high-risk label k-anon k3 a30,High-risk label k-anon,TabPFN,0.7292196908673206,0.8938698483185401,0.784207353827607,0.1439280727512925,0.5423968337535302,0.032507353827606944,0.34316245325241135,0.3106550994248044
1,highrisk_label_kanon_k3_a50,0.0,0.5997808726652547,0.4608977063025178,0.312714617439135,-0.1044791928499693,0.7673,dropout_success,tabpfn,ml_privacy_meter/logs/dropout_success/tabpfn/defense/defense_eval_results.csv,highrisk_label_kanon_k3_a50,highrisk_label_kanon_k3_a50,high-risk label k-anon k3 a50,high-risk label k-anon k3 a50,High-risk label k-anon,TabPFN,0.7292196908673206,0.8938698483185401,0.784207353827607,0.12943881820206593,0.4329721420160223,0.016907353827606997,0.2812054801090441,0.2642981262814371
1,highrisk_label_kanon_k5,0.0,0.5267392755318225,0.2868251824577505,0.272186052223592,-0.9841295210655494,0.7263,dropout_success,tabpfn,ml_privacy_meter/logs/dropout_success/tabpfn/defense/defense_eval_results.csv,highrisk_label_kanon_k5,highrisk_label_kanon_k5,high-risk label k-anon k5,high-risk label k-anon k5,High-risk label k-anon,TabPFN,0.7292196908673206,0.8938698483185401,0.784207353827607,0.2024804153354981,0.6070446658607895,0.05790735382760703,0.4047625405981438,0.3468551867705368
1,highrisk_label_kanon_k5_a30,0.0,0.5729529433949513,0.3181720907131212,0.2726164225237176,-0.9038389649102028,0.7432,dropout_success,tabpfn,ml_privacy_meter/logs/dropout_success/tabpfn/defense/defense_eval_results.csv,highrisk_label_kanon_k5_a30,highrisk_label_kanon_k5_a30,high-risk label k-anon k5 a30,high-risk label k-anon k5 a30,High-risk label k-anon,TabPFN,0.7292196908673206,0.8938698483185401,0.784207353827607,0.15626674747236935,0.575697757605419,0.04100735382760701,0.36598225253889416,0.32497489871128715
1,highrisk_label_kanon_k5_a50,0.0,0.5902954676502872,0.3898926018091903,0.2872838928873905,-0.5691215554757753,0.7601,dropout_success,tabpfn,ml_privacy_meter/logs/dropout_success/tabpfn/defense/defense_eval_results.csv,highrisk_label_kanon_k5_a50,highrisk_label_kanon_k5_a50,high-risk label k-anon k5 a50,high-risk label k-anon k5 a50,High-risk label k-anon,TabPFN,0.7292196908673206,0.8938698483185401,0.784207353827607,0.13892422321703346,0.5039772465093498,0.02410735382760698,0.32145073486319165,0.29734338103558466
1,highrisk_label_kanon_k10,0.0,0.5085857875703825,0.288454739904828,0.2734668080766462,-0.9824026795497722,0.7095,dropout_success,tabpfn,ml_privacy_meter/logs/dropout_success/tabpfn/defense/defense_eval_results.csv,highrisk_label_kanon_k10,highrisk_label_kanon_k10,high-risk label k-anon k10,high-risk label k-anon k10,High-risk label k-anon,TabPFN,0.7292196908673206,0.8938698483185401,0.784207353827607,0.2206339032969381,0.605415108413712,0.07470735382760696,0.4130245058553251,0.3383171520277181
1,highrisk_label_kanon_k10_a30,0.0,0.5570917359092331,0.3135815347342804,0.2723480996308153,-0.9470284470000409,0.7396,dropout_success,tabpfn,ml_privacy_meter/logs/dropout_success/tabpfn/defense/defense_eval_results.csv,highrisk_label_kanon_k10_a30,highrisk_label_kanon_k10_a30,high-risk label k-anon k10 a30,high-risk label k-anon k10 a30,High-risk label k-anon,TabPFN,0.7292196908673206,0.8938698483185401,0.784207353827607,0.17212795495808753,0.5802883135842597,0.044607353827606944,0.3762081342711736,0.33160078044356667
1,highrisk_label_kanon_k10_a50,0.0,0.5849437248594893,0.3696083357767611,0.2775815768811397,-0.7480758046389842,0.7547,dropout_success,tabpfn,ml_privacy_meter/logs/dropout_success/tabpfn/defense/defense_eval_results.csv,highrisk_label_kanon_k10_a50,highrisk_label_kanon_k10_a50,high-risk label k-anon k10 a50,high-risk label k-anon k10 a50,High-risk label k-anon,TabPFN,0.7292196908673206,0.8938698483185401,0.784207353827607,0.14427596600783132,0.524261512541779,0.02950735382760694,0.33426873927480516,0.3047613854471982
1,"attn_drop_p70_l1,2,4,5,7,10",0.0,0.6791779255097863,0.8339021342660871,0.5593923730898117,1.1572513772787971,0.783,dropout_success,tabpfn,ml_privacy_meter/logs/dropout_success/tabpfn/defense/defense_eval_results.csv,"attn_drop_p70_l1,2,4,5,7,10",attn_drop_p70,attn drop p70,attn drop p70,Attention dropout,TabPFN,0.7292196908673206,0.8938698483185401,0.784207353827607,0.05004176535753435,0.05996771405245305,0.0012073538276069495,0.0550047397049937,0.05379738587738675
1,"attn_drop_p90_l1,2,4,5,7,10",0.0,0.6521761404449617,0.7694116262111317,0.5401216300225158,0.8924592255014486,0.7818,dropout_success,tabpfn,ml_privacy_meter/logs/dropout_success/tabpfn/defense/defense_eval_results.csv,"attn_drop_p90_l1,2,4,5,7,10",attn_drop_p90,attn drop p90,attn drop p90,Attention dropout,TabPFN,0.7292196908673206,0.8938698483185401,0.784207353827607,0.07704355042235889,0.12445822210740842,0.0024073538276069284,0.10075088626488365,0.09834353243727673
1,no_defense,0.0,0.8183001151821774,0.9472494787641972,,,0.7912772585669782,locations,real-tabpfn,ml_privacy_meter/logs/locations/real-tabpfn/defense/defense_eval_results.csv,no_defense,no_defense,No defense,No defense,No defense,Real TabPFN,0.8183001151821774,0.9472494787641972,0.7912772585669782,0.0,0.0,0.0,0.0,0.0
1,label_kanon_k3,0.0,0.7078673801157654,0.8477396105190003,0.553038476679254,1.3238863684232087,0.7181,locations,real-tabpfn,ml_privacy_meter/logs/locations/real-tabpfn/defense/defense_eval_results.csv,label_kanon_k3,label_kanon_k3,label k-anon k3,label k-anon k3,Label k-anon,Real TabPFN,0.8183001151821774,0.9472494787641972,0.7912772585669782,0.11043273506641194,0.09950986824519692,0.07317725856697821,0.10497130165580443,0.03179404308882622
1,label_kanon_k3_a30,0.0,0.76410131171602,0.8743347864755713,0.5716778203838434,1.4302427530300024,0.7617,locations,real-tabpfn,ml_privacy_meter/logs/locations/real-tabpfn/defense/defense_eval_results.csv,label_kanon_k3_a30,label_kanon_k3_a30,label k-anon k3 a30,label k-anon k3 a30,Label k-anon,Real TabPFN,0.8183001151821774,0.9472494787641972,0.7912772585669782,0.05419880346615735,0.0729146922886259,0.029577258566978126,0.06355674787739163,0.0339794893104135
1,label_kanon_k3_a50,0.0,0.796494476601494,0.9003674165658214,0.5910692502466454,1.5271951722770862,0.771,locations,real-tabpfn,ml_privacy_meter/logs/locations/real-tabpfn/defense/defense_eval_results.csv,label_kanon_k3_a50,label_kanon_k3_a50,label k-anon k3 a50,label k-anon k3 a50,Label k-anon,Real TabPFN,0.8183001151821774,0.9472494787641972,0.7912772585669782,0.021805638580683406,0.04688206219837576,0.02027725856697815,0.034343850389529584,0.014066591822551433
1,label_kanon_k5,0.0,0.6435391060502234,0.7956950053703082,0.5410707082488907,1.0617388675477266,0.6277,locations,real-tabpfn,ml_privacy_meter/logs/locations/real-tabpfn/defense/defense_eval_results.csv,label_kanon_k5,label_kanon_k5,label k-anon k5,label k-anon k5,Label k-anon,Real TabPFN,0.8183001151821774,0.9472494787641972,0.7912772585669782,0.17476100913195403,0.15155447339388894,0.16357725856697813,0.16315774126292149,-0.0004195173040566491
1,label_kanon_k5_a30,0.0,0.7330252088588216,0.8370208640121305,0.5562618766432901,1.2497557552568448,0.7196,locations,real-tabpfn,ml_privacy_meter/logs/locations/real-tabpfn/defense/defense_eval_results.csv,label_kanon_k5_a30,label_kanon_k5_a30,label k-anon k5 a30,label k-anon k5 a30,Label k-anon,Real TabPFN,0.8183001151821774,0.9472494787641972,0.7912772585669782,0.08527490632335577,0.11022861475206669,0.07167725856697815,0.09775176053771123,0.026074501970733077
1,label_kanon_k5_a50,0.0,0.7809886227224789,0.8725900437886673,0.5761551022788576,1.4058445250100389,0.7617,locations,real-tabpfn,ml_privacy_meter/logs/locations/real-tabpfn/defense/defense_eval_results.csv,label_kanon_k5_a50,label_kanon_k5_a50,label k-anon k5 a50,label k-anon k5 a50,Label k-anon,Real TabPFN,0.8183001151821774,0.9472494787641972,0.7912772585669782,0.03731149245969845,0.07465943497552985,0.029577258566978126,0.05598546371761415,0.02640820515063602
1,label_kanon_k10,0.0,0.5790589567507933,0.7514179071835771,0.5311587229844333,0.9315938735580837,0.4673,locations,real-tabpfn,ml_privacy_meter/logs/locations/real-tabpfn/defense/defense_eval_results.csv,label_kanon_k10,label_kanon_k10,label k-anon k10,label k-anon k10,Label k-anon,Real TabPFN,0.8183001151821774,0.9472494787641972,0.7912772585669782,0.23924115843138405,0.19583157158062003,0.3239772585669782,0.21753636500600204,-0.10644089356097614
1,label_kanon_k10_a30,0.0,0.6597472310107358,0.8196645622834259,0.5431507914522188,1.2062705476346476,0.6449,locations,real-tabpfn,ml_privacy_meter/logs/locations/real-tabpfn/defense/defense_eval_results.csv,label_kanon_k10_a30,label_kanon_k10_a30,label k-anon k10 a30,label k-anon k10 a30,Label k-anon,Real TabPFN,0.8183001151821774,0.9472494787641972,0.7912772585669782,0.15855288417144153,0.1275849164807713,0.14637725856697814,0.14306890032610642,-0.0033083582408717227
1,label_kanon_k10_a50,0.0,0.7440440608278537,0.8543674457258665,0.5624304411428794,1.3501617380492923,0.7227,locations,real-tabpfn,ml_privacy_meter/logs/locations/real-tabpfn/defense/defense_eval_results.csv,label_kanon_k10_a50,label_kanon_k10_a50,label k-anon k10 a50,label k-anon k10 a50,Label k-anon,Real TabPFN,0.8183001151821774,0.9472494787641972,0.7912772585669782,0.0742560543543237,0.09288203303833065,0.06857725856697816,0.08356904369632717,0.014991785129349011
1,"attn_drop_p10_l1,4,7,9,10,18",0.0,0.821566040211702,0.9326913263446426,0.6334193554658074,1.544099376389377,0.7944,locations,real-tabpfn,ml_privacy_meter/logs/locations/real-tabpfn/defense/defense_eval_results.csv,"attn_drop_p10_l1,4,7,9,10,18",attn_drop_p10,attn drop p10,attn drop p10,Attention dropout,Real TabPFN,0.8183001151821774,0.9472494787641972,0.7912772585669782,-0.003265925029524608,0.014558152419554604,-0.003122741433021825,0.005646113695014998,0.008768855128036823
1,"attn_drop_p30_l1,4,7,9,10,18",0.0,0.7957812705031566,0.9008631373292316,0.6167033597231739,1.362587739852752,0.796,locations,real-tabpfn,ml_privacy_meter/logs/locations/real-tabpfn/defense/defense_eval_results.csv,"attn_drop_p30_l1,4,7,9,10,18",attn_drop_p30,attn drop p30,attn drop p30,Attention dropout,Real TabPFN,0.8183001151821774,0.9472494787641972,0.7912772585669782,0.022518844679020766,0.04638634143496556,-0.004722741433021871,0.034452593056993164,0.039175334490015035
1,"attn_drop_p50_l1,4,7,9,10,18",0.0,0.7790008796613546,0.8663838142310739,0.6055921676119382,1.221429551591112,0.7804,locations,real-tabpfn,ml_privacy_meter/logs/locations/real-tabpfn/defense/defense_eval_results.csv,"attn_drop_p50_l1,4,7,9,10,18",attn_drop_p50,attn drop p50,attn drop p50,Attention dropout,Real TabPFN,0.8183001151821774,0.9472494787641972,0.7912772585669782,0.03929923552082282,0.08086566453312327,0.010877258566978187,0.060082450026973044,0.04920519145999486
1,"attn_drop_p70_l1,4,7,9,10,18",0.0,0.7589594237975127,0.819064351359101,0.5880669806231502,1.0459408996662565,0.7757,locations,real-tabpfn,ml_privacy_meter/logs/locations/real-tabpfn/defense/defense_eval_results.csv,"attn_drop_p70_l1,4,7,9,10,18",attn_drop_p70,attn drop p70,attn drop p70,Attention dropout,Real TabPFN,0.8183001151821774,0.9472494787641972,0.7912772585669782,0.05934069138466469,0.12818512740509613,0.015577258566978225,0.09376290939488041,0.07818565082790219
1,"attn_drop_p90_l1,4,7,9,10,18",0.0,0.7013731951147205,0.7569656057270329,0.576349502578234,0.8480035794368139,0.7336,locations,real-tabpfn,ml_privacy_meter/logs/locations/real-tabpfn/defense/defense_eval_results.csv,"attn_drop_p90_l1,4,7,9,10,18",attn_drop_p90,attn drop p90,attn drop p90,Attention dropout,Real TabPFN,0.8183001151821774,0.9472494787641972,0.7912772585669782,0.11692692006745686,0.19028387303716432,0.05767725856697814,0.1536053965523106,0.09592813798533245
1,highrisk_label_kanon_k3,0.0,0.4957061833875223,0.3620462575512366,0.1726335408556528,-1.164845068576575,0.7539,locations,real-tabpfn,ml_privacy_meter/logs/locations/real-tabpfn/defense/defense_eval_results.csv,highrisk_label_kanon_k3,highrisk_label_kanon_k3,high-risk label k-anon k3,high-risk label k-anon k3,High-risk label k-anon,Real TabPFN,0.8183001151821774,0.9472494787641972,0.7912772585669782,0.32259393179465506,0.5852032212129605,0.037377258566978155,0.4538985765038078,0.41652131793682967
1,highrisk_label_kanon_k3_a30,0.0,0.6706385077833019,0.3978669427150918,0.1822332706392368,-0.6610367688673058,0.7695,locations,real-tabpfn,ml_privacy_meter/logs/locations/real-tabpfn/defense/defense_eval_results.csv,highrisk_label_kanon_k3_a30,highrisk_label_kanon_k3_a30,high-risk label k-anon k3 a30,high-risk label k-anon k3 a30,High-risk label k-anon,Real TabPFN,0.8183001151821774,0.9472494787641972,0.7912772585669782,0.14766160739887546,0.5493825360491054,0.021777258566978208,0.3485220717239904,0.3267448131570122
1,highrisk_label_kanon_k3_a50,0.0,0.7550580527894013,0.5217582535077104,0.2452797177307653,0.2040324225895327,0.771,locations,real-tabpfn,ml_privacy_meter/logs/locations/real-tabpfn/defense/defense_eval_results.csv,highrisk_label_kanon_k3_a50,highrisk_label_kanon_k3_a50,high-risk label k-anon k3 a50,high-risk label k-anon k3 a50,High-risk label k-anon,Real TabPFN,0.8183001151821774,0.9472494787641972,0.7912772585669782,0.06324206239277608,0.42549122525648675,0.02027725856697815,0.2443666438246314,0.22408938525765326
1,highrisk_label_kanon_k5,0.0,0.3760758841568616,0.3300066582102536,0.1767147321406875,-1.3063886929984585,0.6963,locations,real-tabpfn,ml_privacy_meter/logs/locations/real-tabpfn/defense/defense_eval_results.csv,highrisk_label_kanon_k5,highrisk_label_kanon_k5,high-risk label k-anon k5,high-risk label k-anon k5,High-risk label k-anon,Real TabPFN,0.8183001151821774,0.9472494787641972,0.7912772585669782,0.4422242310253158,0.6172428205539435,0.09497725856697814,0.5297335257896296,0.4347562672226515
1,highrisk_label_kanon_k5_a30,0.0,0.5354488945912977,0.3533517041616244,0.1756734755371523,-1.0673639196344575,0.7508,locations,real-tabpfn,ml_privacy_meter/logs/locations/real-tabpfn/defense/defense_eval_results.csv,highrisk_label_kanon_k5_a30,highrisk_label_kanon_k5_a30,high-risk label k-anon k5 a30,high-risk label k-anon k5 a30,High-risk label k-anon,Real TabPFN,0.8183001151821774,0.9472494787641972,0.7912772585669782,0.28285122059087964,0.5938977746025728,0.04047725856697815,0.4383744975967262,0.39789723902974805
1,highrisk_label_kanon_k5_a50,0.0,0.6881794897964142,0.411285423379552,0.1936955982912213,-0.4242329008854854,0.7632,locations,real-tabpfn,ml_privacy_meter/logs/locations/real-tabpfn/defense/defense_eval_results.csv,highrisk_label_kanon_k5_a50,highrisk_label_kanon_k5_a50,high-risk label k-anon k5 a50,high-risk label k-anon k5 a50,High-risk label k-anon,Real TabPFN,0.8183001151821774,0.9472494787641972,0.7912772585669782,0.1301206253857632,0.5359640553846452,0.02807725856697818,0.3330423403852042,0.304965081818226
1,highrisk_label_kanon_k10,0.0,0.3183450702514082,0.3170595982717814,0.2038056288606684,-1.3647525114205503,0.5841,locations,real-tabpfn,ml_privacy_meter/logs/locations/real-tabpfn/defense/defense_eval_results.csv,highrisk_label_kanon_k10,highrisk_label_kanon_k10,high-risk label k-anon k10,high-risk label k-anon k10,High-risk label k-anon,Real TabPFN,0.8183001151821774,0.9472494787641972,0.7912772585669782,0.4999550449307692,0.6301898804924158,0.20717725856697822,0.5650724627115925,0.3578952041446143
1,highrisk_label_kanon_k10_a30,0.0,0.3956507793022001,0.3462706732568368,0.1858551912169944,-1.26458506863559,0.6978,locations,real-tabpfn,ml_privacy_meter/logs/locations/real-tabpfn/defense/defense_eval_results.csv,highrisk_label_kanon_k10_a30,highrisk_label_kanon_k10_a30,high-risk label k-anon k10 a30,high-risk label k-anon k10 a30,High-risk label k-anon,Real TabPFN,0.8183001151821774,0.9472494787641972,0.7912772585669782,0.4226493358799773,0.6009788055073604,0.0934772585669782,0.5118140706936688,0.4183368121266906
1,highrisk_label_kanon_k10_a50,0.0,0.5521576003227044,0.3690665383624691,0.1830728369321688,-0.937182826028964,0.7492,locations,real-tabpfn,ml_privacy_meter/logs/locations/real-tabpfn/defense/defense_eval_results.csv,highrisk_label_kanon_k10_a50,highrisk_label_kanon_k10_a50,high-risk label k-anon k10 a50,high-risk label k-anon k10 a50,High-risk label k-anon,Real TabPFN,0.8183001151821774,0.9472494787641972,0.7912772585669782,0.26614251485947293,0.578182940401728,0.04207725856697819,0.4221627276306005,0.3800854690636223
1,no_defense,0.0,0.8856452388936679,1.0,,,0.7819314641744548,locations,tabdpt,ml_privacy_meter/logs/locations/tabdpt/defense/defense_eval_results.csv,no_defense,no_defense,No defense,No defense,No defense,TabDPT,0.8856452388936679,1.0,0.7819314641744548,0.0,0.0,0.0,0.0,0.0
1,label_kanon_k3,0.0,0.6283613026764062,0.7800749413154097,0.6326599792963682,0.944586918491208,0.5623,locations,tabdpt,ml_privacy_meter/logs/locations/tabdpt/defense/defense_eval_results.csv,label_kanon_k3,label_kanon_k3,label k-anon k3,label k-anon k3,Label k-anon,TabDPT,0.8856452388936679,1.0,0.7819314641744548,0.25728393621726164,0.21992505868459034,0.21963146417445478,0.238604497450926,0.018973033276471207
1,label_kanon_k3_a30,0.0,0.8315120455285501,0.9985954578370052,0.8314634454537061,4.310474611535122,0.7196,locations,tabdpt,ml_privacy_meter/logs/locations/tabdpt/defense/defense_eval_results.csv,label_kanon_k3_a30,label_kanon_k3_a30,label k-anon k3 a30,label k-anon k3 a30,Label k-anon,TabDPT,0.8856452388936679,1.0,0.7819314641744548,0.05413319336511779,0.001404542162994793,0.06233146417445479,0.027768867764056293,-0.034562596410398494
1,label_kanon_k3_a50,0.0,0.8143355640767687,0.9999902799850312,0.9009336074377554,5.857319715733162,0.7664,locations,tabdpt,ml_privacy_meter/logs/locations/tabdpt/defense/defense_eval_results.csv,label_kanon_k3_a50,label_kanon_k3_a50,label k-anon k3 a50,label k-anon k3 a50,Label k-anon,TabDPT,0.8856452388936679,1.0,0.7819314641744548,0.0713096748168992,9.720014968794821e-06,0.015531464174454834,0.035659697415934,0.020128233241479165
1,label_kanon_k5,0.0,0.5811524049747037,0.617116460359349,0.5216586233542799,0.292922600614698,0.3769,locations,tabdpt,ml_privacy_meter/logs/locations/tabdpt/defense/defense_eval_results.csv,label_kanon_k5,label_kanon_k5,label k-anon k5,label k-anon k5,Label k-anon,TabDPT,0.8856452388936679,1.0,0.7819314641744548,0.3044928339189642,0.382883539640651,0.4050314641744548,0.3436881867798076,-0.06134327739464718
1,label_kanon_k5_a30,0.0,0.8174787739173118,0.9840713254698412,0.7253561170484203,3.194720325202131,0.6838,locations,tabdpt,ml_privacy_meter/logs/locations/tabdpt/defense/defense_eval_results.csv,label_kanon_k5_a30,label_kanon_k5_a30,label k-anon k5 a30,label k-anon k5 a30,Label k-anon,TabDPT,0.8856452388936679,1.0,0.7819314641744548,0.06816646497635603,0.015928674530158782,0.09813146417445484,0.04204756975325741,-0.05608389442119743
1,label_kanon_k5_a50,0.0,0.819630542231035,0.9999951399925155,0.8729399643275451,5.387508862532585,0.7477,locations,tabdpt,ml_privacy_meter/logs/locations/tabdpt/defense/defense_eval_results.csv,label_kanon_k5_a50,label_kanon_k5_a50,label k-anon k5 a50,label k-anon k5 a50,Label k-anon,TabDPT,0.8856452388936679,1.0,0.7819314641744548,0.06601469666263282,4.860007484452922e-06,0.03423146417445477,0.03300977833505864,-0.001221685839396136
1,label_kanon_k10,0.0,0.5524127507156361,0.5405689124761252,0.4972686757937608,0.0414710785776643,0.2928,locations,tabdpt,ml_privacy_meter/logs/locations/tabdpt/defense/defense_eval_results.csv,label_kanon_k10,label_kanon_k10,label k-anon k10,label k-anon k10,Label k-anon,TabDPT,0.8856452388936679,1.0,0.7819314641744548,0.33323248817803175,0.45943108752387485,0.4891314641744548,0.3963317878509533,-0.0927996763235015
1,label_kanon_k10_a30,0.0,0.7163638882003879,0.971243335714737,0.6150388071597631,2.699712743570477,0.6121,locations,tabdpt,ml_privacy_meter/logs/locations/tabdpt/defense/defense_eval_results.csv,label_kanon_k10_a30,label_kanon_k10_a30,label k-anon k10 a30,label k-anon k10 a30,Label k-anon,TabDPT,0.8856452388936679,1.0,0.7819314641744548,0.16928135069327999,0.028756664285263023,0.16983146417445483,0.0990190074892715,-0.07081245668518332
1,label_kanon_k10_a50,0.0,0.8385311113379115,0.9999951399925155,0.8566127691836647,5.388544726994201,0.7414,locations,tabdpt,ml_privacy_meter/logs/locations/tabdpt/defense/defense_eval_results.csv,label_kanon_k10_a50,label_kanon_k10_a50,label k-anon k10 a50,label k-anon k10 a50,Label k-anon,TabDPT,0.8856452388936679,1.0,0.7819314641744548,0.04711412755575639,4.860007484452922e-06,0.040531464174454856,0.023559493781620422,-0.016971970392834435
1,"attn_drop_p10_l0,2,6,7,8,10",0.0,0.885267373311755,0.9999465399176716,0.9309976137363252,6.265249592448196,0.7757,locations,tabdpt,ml_privacy_meter/logs/locations/tabdpt/defense/defense_eval_results.csv,"attn_drop_p10_l0,2,6,7,8,10",attn_drop_p10,attn drop p10,attn drop p10,Attention dropout,TabDPT,0.8856452388936679,1.0,0.7819314641744548,0.000377865581912884,5.346008232842703e-05,0.006231464174454859,0.0002156628321206555,-0.006015801342334204
1,"attn_drop_p30_l0,2,6,7,8,10",0.0,0.8414519758360428,0.99900855847318,0.9122148998109456,3.984159133829824,0.7383,locations,tabdpt,ml_privacy_meter/logs/locations/tabdpt/defense/defense_eval_results.csv,"attn_drop_p30_l0,2,6,7,8,10",attn_drop_p30,attn drop p30,attn drop p30,Attention dropout,TabDPT,0.8856452388936679,1.0,0.7819314641744548,0.044193263057625054,0.0009914415268199583,0.04363146417445485,0.022592352292222506,-0.021039111882232342
1,"attn_drop_p50_l0,2,6,7,8,10",0.0,0.6724828806236361,0.9646458755546484,0.8173074586534863,2.287872345235206,0.4315,locations,tabdpt,ml_privacy_meter/logs/locations/tabdpt/defense/defense_eval_results.csv,"attn_drop_p50_l0,2,6,7,8,10",attn_drop_p50,attn drop p50,attn drop p50,Attention dropout,TabDPT,0.8856452388936679,1.0,0.7819314641744548,0.21316235827003172,0.035354124445351576,0.3504314641744548,0.12425824135769165,-0.22617322281676316
1,"attn_drop_p70_l0,2,6,7,8,10",0.0,0.5806348141776139,0.7850297189457672,0.5767455931882135,1.0767841946546322,0.1433,locations,tabdpt,ml_privacy_meter/logs/locations/tabdpt/defense/defense_eval_results.csv,"attn_drop_p70_l0,2,6,7,8,10",attn_drop_p70,attn drop p70,attn drop p70,Attention dropout,TabDPT,0.8856452388936679,1.0,0.7819314641744548,0.305010424716054,0.21497028105423277,0.6386314641744548,0.2599903528851434,-0.37864111128931144
1,"attn_drop_p90_l0,2,6,7,8,10",0.0,0.5062135195688202,0.6426339296562517,0.5007047010852397,0.405861545072994,0.0872,locations,tabdpt,ml_privacy_meter/logs/locations/tabdpt/defense/defense_eval_results.csv,"attn_drop_p90_l0,2,6,7,8,10",attn_drop_p90,attn drop p90,attn drop p90,Attention dropout,TabDPT,0.8856452388936679,1.0,0.7819314641744548,0.37943171932484765,0.35736607034374834,0.6947314641744549,0.368398894834298,-0.32633256934015686
1,highrisk_label_kanon_k3,36.2241415977478,0.3707177259052979,0.1729142062878776,0.3365980433609867,-1.1821204421831215,0.7897196261682243,locations,tabdpt,ml_privacy_meter/logs/locations/tabdpt/defense/defense_eval_results.csv,highrisk_label_kanon_k3,highrisk_label_kanon_k3,high-risk label k-anon k3,high-risk label k-anon k3,High-risk label k-anon,TabDPT,0.8856452388936679,1.0,0.7819314641744548,0.5149275129883699,0.8270857937121224,-0.007788161993769527,0.6710066533502461,0.6787948153440156
1,highrisk_label_kanon_k3_a30,36.0847589969635,0.8712936367922006,0.9883214020149592,0.7145255903694092,3.5608386576744846,0.7897196261682243,locations,tabdpt,ml_privacy_meter/logs/locations/tabdpt/defense/defense_eval_results.csv,highrisk_label_kanon_k3_a30,highrisk_label_kanon_k3_a30,high-risk label k-anon k3 a30,high-risk label k-anon k3 a30,High-risk label k-anon,TabDPT,0.8856452388936679,1.0,0.7819314641744548,0.014351602101467242,0.011678597985040784,-0.007788161993769527,0.013015100043254013,0.02080326203702354
1,highrisk_label_kanon_k3_a50,36.00541043281555,0.8821120134525007,0.9995188592590432,0.851611821482205,5.3929856694452685,0.7897196261682243,locations,tabdpt,ml_privacy_meter/logs/locations/tabdpt/defense/defense_eval_results.csv,highrisk_label_kanon_k3_a50,highrisk_label_kanon_k3_a50,high-risk label k-anon k3 a50,high-risk label k-anon k3 a50,High-risk label k-anon,TabDPT,0.8856452388936679,1.0,0.7819314641744548,0.003533225441167187,0.00048114074095684245,-0.007788161993769527,0.0020071830910620148,0.009795345084831542
1,highrisk_label_kanon_k5,33.995779275894165,0.2242541103513299,0.0,0.0337989220503399,-4.168158871262924,0.7897196261682243,locations,tabdpt,ml_privacy_meter/logs/locations/tabdpt/defense/defense_eval_results.csv,highrisk_label_kanon_k5,highrisk_label_kanon_k5,high-risk label k-anon k5,high-risk label k-anon k5,High-risk label k-anon,TabDPT,0.8856452388936679,1.0,0.7819314641744548,0.661391128542338,1.0,-0.007788161993769527,0.830695564271169,0.8384837262649385
1,highrisk_label_kanon_k5_a30,34.58400750160217,0.7465542546935522,0.8108630887291565,0.2394379887345026,1.1039601371761547,0.7897196261682243,locations,tabdpt,ml_privacy_meter/logs/locations/tabdpt/defense/defense_eval_results.csv,highrisk_label_kanon_k5_a30,highrisk_label_kanon_k5_a30,high-risk label k-anon k5 a30,high-risk label k-anon k5 a30,High-risk label k-anon,TabDPT,0.8856452388936679,1.0,0.7819314641744548,0.13909098420011567,0.18913691127084353,-0.007788161993769527,0.1641139477354796,0.17190210972924913
1,highrisk_label_kanon_k5_a50,34.668883085250854,0.8791935789581116,0.996809405086484,0.6999504279236591,4.3544187225033015,0.7897196261682243,locations,tabdpt,ml_privacy_meter/logs/locations/tabdpt/defense/defense_eval_results.csv,highrisk_label_kanon_k5_a50,highrisk_label_kanon_k5_a50,high-risk label k-anon k5 a50,high-risk label k-anon k5 a50,High-risk label k-anon,TabDPT,0.8856452388936679,1.0,0.7819314641744548,0.006451659935556298,0.0031905949135160316,-0.007788161993769527,0.004821127424536165,0.012609289418305691
1,highrisk_label_kanon_k10,33.27097535133362,0.1660506607180175,0.0,0.0,-5.840621014146664,0.7897196261682243,locations,tabdpt,ml_privacy_meter/logs/locations/tabdpt/defense/defense_eval_results.csv,highrisk_label_kanon_k10,highrisk_label_kanon_k10,high-risk label k-anon k10,high-risk label k-anon k10,High-risk label k-anon,TabDPT,0.8856452388936679,1.0,0.7819314641744548,0.7195945781756503,1.0,-0.007788161993769527,0.8597972890878252,0.8675854510815947
1,highrisk_label_kanon_k10_a30,33.52166771888733,0.4950549423846113,0.0980579410092291,0.0103688259679919,-1.5964051769085827,0.7897196261682243,locations,tabdpt,ml_privacy_meter/logs/locations/tabdpt/defense/defense_eval_results.csv,highrisk_label_kanon_k10_a30,highrisk_label_kanon_k10_a30,high-risk label k-anon k10 a30,high-risk label k-anon k10 a30,High-risk label k-anon,TabDPT,0.8856452388936679,1.0,0.7819314641744548,0.3905902965090566,0.901942058990771,-0.007788161993769527,0.6462661777499138,0.6540543397436833
1,highrisk_label_kanon_k10_a50,33.491082429885864,0.8783212076146597,0.9837238349347058,0.3720724529915776,3.23813649514529,0.7897196261682243,locations,tabdpt,ml_privacy_meter/logs/locations/tabdpt/defense/defense_eval_results.csv,highrisk_label_kanon_k10_a50,highrisk_label_kanon_k10_a50,high-risk label k-anon k10 a50,high-risk label k-anon k10 a50,High-risk label k-anon,TabDPT,0.8856452388936679,1.0,0.7819314641744548,0.0073240312790081585,0.016276165065294168,-0.007788161993769527,0.011800098172151163,0.01958826016592069
1,no_defense,0.0,0.9098881712277838,0.9983475974553,,,0.8598130841121495,locations,tabicl,ml_privacy_meter/logs/locations/tabicl/defense/defense_eval_results.csv,no_defense,no_defense,No defense,No defense,No defense,TabICL,0.9098881712277838,0.9983475974553,0.8598130841121495,0.0,0.0,0.0,0.0,0.0
1,label_kanon_k3,0.0,0.8410157901643169,0.7613177424293234,0.6001003591545531,0.8689673570927332,0.824,locations,tabicl,ml_privacy_meter/logs/locations/tabicl/defense/defense_eval_results.csv,label_kanon_k3,label_kanon_k3,label k-anon k3,label k-anon k3,Label k-anon,TabICL,0.9098881712277838,0.9983475974553,0.8598130841121495,0.06887238106346683,0.23702985502597662,0.03581308411214956,0.15295111804472172,0.11713803393257216
1,label_kanon_k3_a30,0.0,0.9321336404858064,0.97373651955424,0.6673774427612619,2.768537453607028,0.8396,locations,tabicl,ml_privacy_meter/logs/locations/tabicl/defense/defense_eval_results.csv,label_kanon_k3_a30,label_kanon_k3_a30,label k-anon k3 a30,label k-anon k3 a30,Label k-anon,TabICL,0.9098881712277838,0.9983475974553,0.8598130841121495,-0.02224546925802262,0.024611077901059986,0.020213084112149504,0.0011828043215186823,-0.019030279790630822
1,label_kanon_k3_a50,0.0,0.9509941145309364,0.9930283192636116,0.6992141367897707,3.26031256628199,0.8411,locations,tabicl,ml_privacy_meter/logs/locations/tabicl/defense/defense_eval_results.csv,label_kanon_k3_a50,label_kanon_k3_a50,label k-anon k3 a50,label k-anon k3 a50,Label k-anon,TabICL,0.9098881712277838,0.9983475974553,0.8598130841121495,-0.04110594330315265,0.005319278191688426,0.01871308411214956,-0.01789333255573211,-0.03660641666788167
1,label_kanon_k5,0.0,0.7899225314806985,0.6387823737248557,0.5617366750744797,0.3308505798573265,0.7632,locations,tabicl,ml_privacy_meter/logs/locations/tabicl/defense/defense_eval_results.csv,label_kanon_k5,label_kanon_k5,label k-anon k5,label k-anon k5,Label k-anon,TabICL,0.9098881712277838,0.9983475974553,0.8598130841121495,0.1199656397470853,0.3595652237304443,0.09661308411214953,0.2397654317387648,0.14315234762661527
1,label_kanon_k5_a30,0.0,0.8937602363907641,0.9265385568693776,0.6337291809429386,2.1511605098317634,0.8349,locations,tabicl,ml_privacy_meter/logs/locations/tabicl/defense/defense_eval_results.csv,label_kanon_k5_a30,label_kanon_k5_a30,label k-anon k5 a30,label k-anon k5 a30,Label k-anon,TabICL,0.9098881712277838,0.9983475974553,0.8598130841121495,0.016127934837019686,0.07180904058592241,0.02491308411214954,0.04396848771147105,0.019055403599321508
1,label_kanon_k5_a50,0.0,0.9490804865839496,0.9907781357983292,0.693335957737375,3.27138817770404,0.8396,locations,tabicl,ml_privacy_meter/logs/locations/tabicl/defense/defense_eval_results.csv,label_kanon_k5_a50,label_kanon_k5_a50,label k-anon k5 a50,label k-anon k5 a50,Label k-anon,TabICL,0.9098881712277838,0.9983475974553,0.8598130841121495,-0.03919231535616585,0.007569461656970811,0.020213084112149504,-0.01581142684959752,-0.036024510961747025
1,label_kanon_k10,0.0,0.7196699082916589,0.5674666238986008,0.540248151982154,0.1440952423055919,0.6184,locations,tabicl,ml_privacy_meter/logs/locations/tabicl/defense/defense_eval_results.csv,label_kanon_k10,label_kanon_k10,label k-anon k10,label k-anon k10,Label k-anon,TabICL,0.9098881712277838,0.9983475974553,0.8598130841121495,0.19021826293612487,0.4308809735566992,0.24141308411214957,0.31054961824641203,0.06913653413426246
1,label_kanon_k10_a30,0.0,0.8519107119424962,0.8851361531096757,0.5968842492017438,1.6952469091563651,0.8271,locations,tabicl,ml_privacy_meter/logs/locations/tabicl/defense/defense_eval_results.csv,label_kanon_k10_a30,label_kanon_k10_a30,label k-anon k10 a30,label k-anon k10 a30,Label k-anon,TabICL,0.9098881712277838,0.9983475974553,0.8598130841121495,0.057977459285287525,0.11321144434562425,0.03271308411214957,0.08559445181545589,0.052881367703306315
1,label_kanon_k10_a50,0.0,0.9366534474463092,0.9919250975646502,0.6854141455377841,3.293878616897917,0.838,locations,tabicl,ml_privacy_meter/logs/locations/tabicl/defense/defense_eval_results.csv,label_kanon_k10_a50,label_kanon_k10_a50,label k-anon k10 a50,label k-anon k10 a50,Label k-anon,TabICL,0.9098881712277838,0.9983475974553,0.8598130841121495,-0.026765276218525424,0.006422499890649802,0.02181308411214955,-0.010171388163937811,-0.03198447227608736
1,"attn_drop_p10_l4,5,9,16,17,21",0.0,0.6546903932232055,0.5246062178935755,0.5271771618528293,0.1157586721226835,0.8115,locations,tabicl,ml_privacy_meter/logs/locations/tabicl/defense/defense_eval_results.csv,"attn_drop_p10_l4,5,9,16,17,21",attn_drop_p10,attn drop p10,attn drop p10,Attention dropout,TabICL,0.9098881712277838,0.9983475974553,0.8598130841121495,0.2551977780045782,0.47374137956172446,0.04831308411214952,0.36446957878315134,0.3161564946710018
1,"attn_drop_p30_l4,5,9,16,17,21",0.0,0.5686172306705353,0.5147428327039624,0.5236330013948222,0.0650719189255416,0.6215,locations,tabicl,ml_privacy_meter/logs/locations/tabicl/defense/defense_eval_results.csv,"attn_drop_p30_l4,5,9,16,17,21",attn_drop_p30,attn drop p30,attn drop p30,Attention dropout,TabICL,0.9098881712277838,0.9983475974553,0.8598130841121495,0.3412709405572485,0.4836047647513376,0.23831308411214946,0.41243785265429306,0.1741247685421436
1,"attn_drop_p50_l4,5,9,16,17,21",0.0,0.5500933121437007,0.4909142160078927,0.5005297408158009,-0.0322438363648322,0.1869,locations,tabicl,ml_privacy_meter/logs/locations/tabicl/defense/defense_eval_results.csv,"attn_drop_p50_l4,5,9,16,17,21",attn_drop_p50,attn drop p50,attn drop p50,Attention dropout,TabICL,0.9098881712277838,0.9983475974553,0.8598130841121495,0.35979485908408304,0.5074333814474072,0.6729130841121496,0.43361412026574514,-0.23929896384640442
1,"attn_drop_p70_l4,5,9,16,17,21",0.0,0.493245804598539,0.4911815164195353,0.5094539295590514,-0.0510822181638689,0.1822,locations,tabicl,ml_privacy_meter/logs/locations/tabicl/defense/defense_eval_results.csv,"attn_drop_p70_l4,5,9,16,17,21",attn_drop_p70,attn drop p70,attn drop p70,Attention dropout,TabICL,0.9098881712277838,0.9983475974553,0.8598130841121495,0.41664236662924475,0.5071660810357648,0.6776130841121495,0.46190422383250473,-0.21570886027964475
1,"attn_drop_p90_l4,5,9,16,17,21",0.0,0.5050483327744324,0.5104611661101959,0.5033606951754706,0.0570547347612326,0.1449,locations,tabicl,ml_privacy_meter/logs/locations/tabicl/defense/defense_eval_results.csv,"attn_drop_p90_l4,5,9,16,17,21",attn_drop_p90,attn drop p90,attn drop p90,Attention dropout,TabICL,0.9098881712277838,0.9983475974553,0.8598130841121495,0.40483983845335136,0.4878864313451041,0.7149130841121495,0.44636313489922774,-0.26854994921292175
1,highrisk_label_kanon_k3,399.3540651798248,0.409466565578511,0.0597003319385111,0.0263558205879636,-2.1455544111355342,0.8582554517133957,locations,tabicl,ml_privacy_meter/logs/locations/tabicl/defense/defense_eval_results.csv,highrisk_label_kanon_k3,highrisk_label_kanon_k3,high-risk label k-anon k3,high-risk label k-anon k3,High-risk label k-anon,TabICL,0.9098881712277838,0.9983475974553,0.8598130841121495,0.5004216056492727,0.9386472655167889,0.0015576323987538387,0.7195344355830309,0.717976803184277
1,highrisk_label_kanon_k3_a30,400.67633628845215,0.724950306423472,0.6062592036391735,0.0918225514067291,0.3532869800458676,0.8613707165109035,locations,tabicl,ml_privacy_meter/logs/locations/tabicl/defense/defense_eval_results.csv,highrisk_label_kanon_k3_a30,highrisk_label_kanon_k3_a30,high-risk label k-anon k3 a30,high-risk label k-anon k3 a30,High-risk label k-anon,TabICL,0.9098881712277838,0.9983475974553,0.8598130841121495,0.18493786480431174,0.3920883938161265,-0.0015576323987539498,0.2885131293102191,0.29007076170897306
1,highrisk_label_kanon_k3_a50,400.7388360500336,0.8279496600424765,0.905331914211148,0.2115585558001759,1.8156017881092728,0.8582554517133957,locations,tabicl,ml_privacy_meter/logs/locations/tabicl/defense/defense_eval_results.csv,highrisk_label_kanon_k3_a50,highrisk_label_kanon_k3_a50,high-risk label k-anon k3 a50,high-risk label k-anon k3 a50,High-risk label k-anon,TabICL,0.9098881712277838,0.9983475974553,0.8598130841121495,0.08193851118530726,0.09301568324415199,0.0015576323987538387,0.08747709721472963,0.08591946481597579
1,highrisk_label_kanon_k5,397.24784207344055,0.2291420628787768,0.0160453147097846,0.0138340113043773,-3.0034501599683185,0.8551401869158879,locations,tabicl,ml_privacy_meter/logs/locations/tabicl/defense/defense_eval_results.csv,highrisk_label_kanon_k5,highrisk_label_kanon_k5,high-risk label k-anon k5,high-risk label k-anon k5,High-risk label k-anon,TabICL,0.9098881712277838,0.9983475974553,0.8598130841121495,0.680746108349007,0.9823022827455153,0.004672897196261627,0.8315241955472612,0.8268512983509996
1,highrisk_label_kanon_k5_a30,397.55737137794495,0.5895395628909268,0.2395060288392843,0.0380951686665597,-1.0532484371758697,0.8598130841121495,locations,tabicl,ml_privacy_meter/logs/locations/tabicl/defense/defense_eval_results.csv,highrisk_label_kanon_k5_a30,highrisk_label_kanon_k5_a30,high-risk label k-anon k5 a30,high-risk label k-anon k5 a30,High-risk label k-anon,TabICL,0.9098881712277838,0.9983475974553,0.8598130841121495,0.32034860833685697,0.7588415686160157,0.0,0.5395950884764363,0.5395950884764363
1,highrisk_label_kanon_k5_a50,397.68770146369934,0.7830638459183227,0.7728432501786053,0.1187141878198492,1.091571226626076,0.8613707165109035,locations,tabicl,ml_privacy_meter/logs/locations/tabicl/defense/defense_eval_results.csv,highrisk_label_kanon_k5_a50,highrisk_label_kanon_k5_a50,high-risk label k-anon k5 a50,high-risk label k-anon k5 a50,High-risk label k-anon,TabICL,0.9098881712277838,0.9983475974553,0.8598130841121495,0.12682432530946108,0.22550434727669466,-0.0015576323987539498,0.17616433629307787,0.17772196869183182
1,highrisk_label_kanon_k10,396.4647405147553,0.1467345609712238,0.0142835619966854,0.0131268802153955,-3.351929020660131,0.8489096573208723,locations,tabicl,ml_privacy_meter/logs/locations/tabicl/defense/defense_eval_results.csv,highrisk_label_kanon_k10,highrisk_label_kanon_k10,high-risk label k-anon k10,high-risk label k-anon k10,High-risk label k-anon,TabICL,0.9098881712277838,0.9983475974553,0.8598130841121495,0.7631536102565599,0.9840640354586146,0.010903426791277204,0.8736088228575873,0.8627053960663101
1,highrisk_label_kanon_k10_a30,396.3107380867005,0.4233042218885017,0.0573821083684468,0.0148886329284946,-2.194365413683136,0.8582554517133957,locations,tabicl,ml_privacy_meter/logs/locations/tabicl/defense/defense_eval_results.csv,highrisk_label_kanon_k10_a30,highrisk_label_kanon_k10_a30,high-risk label k-anon k10 a30,high-risk label k-anon k10 a30,High-risk label k-anon,TabICL,0.9098881712277838,0.9983475974553,0.8598130841121495,0.48658394933928206,0.9409654890868532,0.0015576323987538387,0.7137747192130677,0.7122170868143138
1,highrisk_label_kanon_k10_a50,397.7709732055664,0.7321297524798188,0.5908335398836514,0.0528574414004597,0.2767209284976128,0.8613707165109035,locations,tabicl,ml_privacy_meter/logs/locations/tabicl/defense/defense_eval_results.csv,highrisk_label_kanon_k10_a50,highrisk_label_kanon_k10_a50,high-risk label k-anon k10 a50,high-risk label k-anon k10 a50,High-risk label k-anon,TabICL,0.9098881712277838,0.9983475974553,0.8598130841121495,0.17775841874796494,0.4075140575716486,-0.0015576323987539498,0.29263623815980677,0.2941938705585607
1,no_defense,0.0,0.847466235098002,0.941162319389972,,,0.8099688473520249,locations,tabpfn,ml_privacy_meter/logs/locations/tabpfn/defense/defense_eval_results.csv,no_defense,no_defense,No defense,No defense,No defense,TabPFN,0.847466235098002,0.941162319389972,0.8099688473520249,0.0,0.0,0.0,0.0,0.0
1,label_kanon_k3,0.0,0.6988022511554668,0.8532751590437448,0.5555316605187571,1.3658344248742251,0.7461,locations,tabpfn,ml_privacy_meter/logs/locations/tabpfn/defense/defense_eval_results.csv,label_kanon_k3,label_kanon_k3,label k-anon k3,label k-anon k3,Label k-anon,TabPFN,0.847466235098002,0.941162319389972,0.8099688473520249,0.14866398394253522,0.08788716034622712,0.06386884735202492,0.11827557214438117,0.054406724792356254
1,label_kanon_k3_a30,0.0,0.7656516541035474,0.8812882421838929,0.5747602801308314,1.4825278655199363,0.7897,locations,tabpfn,ml_privacy_meter/logs/locations/tabpfn/defense/defense_eval_results.csv,label_kanon_k3_a30,label_kanon_k3_a30,label k-anon k3 a30,label k-anon k3 a30,Label k-anon,TabPFN,0.847466235098002,0.941162319389972,0.8099688473520249,0.0818145809944546,0.05987407720607907,0.020268847352024943,0.07084432910026683,0.05057548174824189
1,label_kanon_k3_a50,0.0,0.80054407783788,0.9056794047462832,0.5939050646137995,1.5640487074011475,0.8037,locations,tabpfn,ml_privacy_meter/logs/locations/tabpfn/defense/defense_eval_results.csv,label_kanon_k3_a50,label_kanon_k3_a50,label k-anon k3 a50,label k-anon k3 a50,Label k-anon,TabPFN,0.847466235098002,0.941162319389972,0.8099688473520249,0.046922157260122055,0.0354829146436888,0.006268847352024931,0.04120253595190543,0.0349336885998805
1,label_kanon_k5,0.0,0.617258615578268,0.7936124921632379,0.5426562856906799,1.0702995443630805,0.6402,locations,tabpfn,ml_privacy_meter/logs/locations/tabpfn/defense/defense_eval_results.csv,label_kanon_k5,label_kanon_k5,label k-anon k5,label k-anon k5,Label k-anon,TabPFN,0.847466235098002,0.941162319389972,0.8099688473520249,0.230207619519734,0.14754982722673404,0.1697688473520249,0.18887872337323403,0.019109876021209116
1,label_kanon_k5_a30,0.0,0.7265990639625586,0.8471333245853199,0.5584270099775953,1.320000962303321,0.7617,locations,tabpfn,ml_privacy_meter/logs/locations/tabpfn/defense/defense_eval_results.csv,label_kanon_k5_a30,label_kanon_k5_a30,label k-anon k5 a30,label k-anon k5 a30,Label k-anon,TabPFN,0.847466235098002,0.941162319389972,0.8099688473520249,0.12086717113544343,0.0940289948046521,0.04826884735202486,0.10744808297004776,0.05917923561802291
1,label_kanon_k5_a50,0.0,0.7826738303176985,0.8797233197739125,0.5791063418237664,1.4600669250969018,0.796,locations,tabpfn,ml_privacy_meter/logs/locations/tabpfn/defense/defense_eval_results.csv,label_kanon_k5_a50,label_kanon_k5_a50,label k-anon k5 a50,label k-anon k5 a50,Label k-anon,TabPFN,0.847466235098002,0.941162319389972,0.8099688473520249,0.06479240478030346,0.061438999616059475,0.01396884735202486,0.06311570219818147,0.04914685484615661
1,label_kanon_k10,0.0,0.5779630250630586,0.7556752737399215,0.5359956454332939,0.9676356019759266,0.4486,locations,tabpfn,ml_privacy_meter/logs/locations/tabpfn/defense/defense_eval_results.csv,label_kanon_k10,label_kanon_k10,label k-anon k10,label k-anon k10,Label k-anon,TabPFN,0.847466235098002,0.941162319389972,0.8099688473520249,0.2695032100349434,0.18548704565005047,0.3613688473520249,0.22749512784249692,-0.13387371950952798
1,label_kanon_k10_a30,0.0,0.6561897055321466,0.8323929218850996,0.546494476601494,1.2806432799573733,0.6791,locations,tabpfn,ml_privacy_meter/logs/locations/tabpfn/defense/defense_eval_results.csv,label_kanon_k10_a30,label_kanon_k10_a30,label k-anon k10 a30,label k-anon k10 a30,Label k-anon,TabPFN,0.847466235098002,0.941162319389972,0.8099688473520249,0.1912765295658554,0.10876939750487236,0.13086884735202486,0.15002296353536387,0.01915411618333901
1,label_kanon_k10_a50,0.0,0.7413030166066455,0.8616647469637103,0.5637122681168929,1.4028955440415172,0.7788,locations,tabpfn,ml_privacy_meter/logs/locations/tabpfn/defense/defense_eval_results.csv,label_kanon_k10_a50,label_kanon_k10_a50,label k-anon k10 a50,label k-anon k10 a50,Label k-anon,TabPFN,0.847466235098002,0.941162319389972,0.8099688473520249,0.10616321849135646,0.07949757242626165,0.031168847352024853,0.09283039545880906,0.0616615481067842
1,"attn_drop_p10_l1,3,4,7,9,10",0.0,0.8265244628476728,0.9318383950311284,0.6403035560674764,1.542275918789516,0.8115,locations,tabpfn,ml_privacy_meter/logs/locations/tabpfn/defense/defense_eval_results.csv,"attn_drop_p10_l1,3,4,7,9,10",attn_drop_p10,attn drop p10,attn drop p10,Attention dropout,TabPFN,0.847466235098002,0.941162319389972,0.8099688473520249,0.020941772250329227,0.00932392435884355,-0.001531152647975098,0.015132848304586388,0.016664000952561486
1,"attn_drop_p30_l1,3,4,7,9,10",0.0,0.8187958359455874,0.9102040717142704,0.6291133888346188,1.4103002131450053,0.8069,locations,tabpfn,ml_privacy_meter/logs/locations/tabpfn/defense/defense_eval_results.csv,"attn_drop_p30_l1,3,4,7,9,10",attn_drop_p30,attn drop p30,attn drop p30,Attention dropout,TabPFN,0.847466235098002,0.941162319389972,0.8099688473520249,0.02867039915241465,0.030958247675701545,0.0030688473520249504,0.029814323414058097,0.026745476062033147
1,"attn_drop_p50_l1,3,4,7,9,10",0.0,0.8031854919056576,0.8845602422227731,0.6201466750258795,1.28643727803685,0.8006,locations,tabpfn,ml_privacy_meter/logs/locations/tabpfn/defense/defense_eval_results.csv,"attn_drop_p50_l1,3,4,7,9,10",attn_drop_p50,attn drop p50,attn drop p50,Attention dropout,TabPFN,0.847466235098002,0.941162319389972,0.8099688473520249,0.04428074319234443,0.056602077167198894,0.009368847352024923,0.05044141017977166,0.04107256282774674
1,"attn_drop_p70_l1,3,4,7,9,10",0.0,0.7932564966150049,0.8530260836601687,0.611436326611943,1.1515185102644394,0.8162,locations,tabpfn,ml_privacy_meter/logs/locations/tabpfn/defense/defense_eval_results.csv,"attn_drop_p70_l1,3,4,7,9,10",attn_drop_p70,attn drop p70,attn drop p70,Attention dropout,TabPFN,0.847466235098002,0.941162319389972,0.8099688473520249,0.05420973848299715,0.08813623572980323,-0.006231152647975136,0.07117298710640019,0.07740413975437532
1,"attn_drop_p90_l1,3,4,7,9,10",0.0,0.7570871059141432,0.7998648917919334,0.5962986182998722,0.9790999039737762,0.7975,locations,tabpfn,ml_privacy_meter/logs/locations/tabpfn/defense/defense_eval_results.csv,"attn_drop_p90_l1,3,4,7,9,10",attn_drop_p90,attn drop p90,attn drop p90,Attention dropout,TabPFN,0.847466235098002,0.941162319389972,0.8099688473520249,0.09037912918385882,0.14129742759803854,0.012468847352024914,0.11583827839094868,0.10336943103892376
1,highrisk_label_kanon_k3,0.0,0.4988020081550925,0.3782932625716243,0.1841663386161614,-1.2037847699250708,0.7601,locations,tabpfn,ml_privacy_meter/logs/locations/tabpfn/defense/defense_eval_results.csv,highrisk_label_kanon_k3,highrisk_label_kanon_k3,high-risk label k-anon k3,high-risk label k-anon k3,High-risk label k-anon,TabPFN,0.847466235098002,0.941162319389972,0.8099688473520249,0.3486642269429095,0.5628690568183476,0.0498688473520249,0.45576664188062854,0.40589779452860364
1,highrisk_label_kanon_k3_a30,0.0,0.6728753262280025,0.4031983709254912,0.1913287746463129,-0.8512745127855534,0.796,locations,tabpfn,ml_privacy_meter/logs/locations/tabpfn/defense/defense_eval_results.csv,highrisk_label_kanon_k3_a30,highrisk_label_kanon_k3_a30,high-risk label k-anon k3 a30,high-risk label k-anon k3 a30,High-risk label k-anon,TabPFN,0.847466235098002,0.941162319389972,0.8099688473520249,0.1745909088699995,0.5379639484644807,0.01396884735202486,0.3562774286672401,0.34230858131521524
1,highrisk_label_kanon_k3_a50,0.0,0.7646176875112388,0.4750876016349065,0.2415533069920927,-0.1054927234355484,0.81,locations,tabpfn,ml_privacy_meter/logs/locations/tabpfn/defense/defense_eval_results.csv,highrisk_label_kanon_k3_a50,highrisk_label_kanon_k3_a50,high-risk label k-anon k3 a50,high-risk label k-anon k3 a50,High-risk label k-anon,TabPFN,0.847466235098002,0.941162319389972,0.8099688473520249,0.08284854758676319,0.4660747177550655,-3.115264797515227e-05,0.27446163267091434,0.2744927853188895
1,highrisk_label_kanon_k5,0.0,0.3771499458109166,0.3393706776308435,0.1889473709789512,-1.3028994817070767,0.715,locations,tabpfn,ml_privacy_meter/logs/locations/tabpfn/defense/defense_eval_results.csv,highrisk_label_kanon_k5,highrisk_label_kanon_k5,high-risk label k-anon k5,high-risk label k-anon k5,High-risk label k-anon,TabPFN,0.847466235098002,0.941162319389972,0.8099688473520249,0.4703162892870854,0.6017916417591285,0.09496884735202493,0.5360539655231069,0.441085118171082
1,highrisk_label_kanon_k5_a30,0.0,0.551585334441415,0.3723081633545715,0.1870228080151243,-1.1327143953564145,0.7757,locations,tabpfn,ml_privacy_meter/logs/locations/tabpfn/defense/defense_eval_results.csv,highrisk_label_kanon_k5_a30,highrisk_label_kanon_k5_a30,high-risk label k-anon k5 a30,high-risk label k-anon k5 a30,High-risk label k-anon,TabPFN,0.847466235098002,0.941162319389972,0.8099688473520249,0.295880900656587,0.5688541560354005,0.034268847352024956,0.43236752834599373,0.3980986809939688
1,highrisk_label_kanon_k5_a50,0.0,0.7008033592371733,0.4119682544311118,0.199879957815135,-0.641320040468601,0.796,locations,tabpfn,ml_privacy_meter/logs/locations/tabpfn/defense/defense_eval_results.csv,highrisk_label_kanon_k5_a50,highrisk_label_kanon_k5_a50,high-risk label k-anon k5 a50,high-risk label k-anon k5 a50,High-risk label k-anon,TabPFN,0.847466235098002,0.941162319389972,0.8099688473520249,0.1466628758608287,0.5291940649588602,0.01396884735202486,0.3379284704098445,0.3239596230578196
1,highrisk_label_kanon_k10,0.0,0.3129006468669962,0.3331243530115036,0.2195228930652553,-1.3423517639837563,0.6075,locations,tabpfn,ml_privacy_meter/logs/locations/tabpfn/defense/defense_eval_results.csv,highrisk_label_kanon_k10,highrisk_label_kanon_k10,high-risk label k-anon k10,high-risk label k-anon k10,High-risk label k-anon,TabPFN,0.847466235098002,0.941162319389972,0.8099688473520249,0.5345655882310059,0.6080379663784683,0.20246884735202486,0.5713017773047371,0.3688329299527122
1,highrisk_label_kanon_k10_a30,0.0,0.4163143161240468,0.3677203162892871,0.1978326796623266,-1.2672726544740274,0.7243,locations,tabpfn,ml_privacy_meter/logs/locations/tabpfn/defense/defense_eval_results.csv,highrisk_label_kanon_k10_a30,highrisk_label_kanon_k10_a30,high-risk label k-anon k10 a30,high-risk label k-anon k10 a30,High-risk label k-anon,TabPFN,0.847466235098002,0.941162319389972,0.8099688473520249,0.4311519189739552,0.5734420031006848,0.08566884735202485,0.50229696103732,0.4166281136852952
1,highrisk_label_kanon_k10_a50,0.0,0.5728612322062976,0.3838640461506311,0.1940758938768765,-1.036681992001269,0.7882,locations,tabpfn,ml_privacy_meter/logs/locations/tabpfn/defense/defense_eval_results.csv,highrisk_label_kanon_k10_a50,highrisk_label_kanon_k10_a50,high-risk label k-anon k10 a50,high-risk label k-anon k10 a50,High-risk label k-anon,TabPFN,0.847466235098002,0.941162319389972,0.8099688473520249,0.2746050028917044,0.5572982732393409,0.02176884735202489,0.41595163806552266,0.39418279071349777
1,no_defense,0.0,0.7189344127719218,0.8278698631166074,,,0.9729351376574896,url,real-tabpfn,ml_privacy_meter/logs/url/real-tabpfn/defense/defense_eval_results.csv,no_defense,no_defense,No defense,No defense,No defense,Real TabPFN,0.7189344127719218,0.8278698631166074,0.9729351376574896,0.0,0.0,0.0,0.0,0.0
1,label_kanon_k3,2774.412124633789,0.5211874426912526,0.5461188028435373,0.5224103196355583,0.0994127163226201,0.945870275314979,url,real-tabpfn,ml_privacy_meter/logs/url/real-tabpfn/defense/defense_eval_results.csv,label_kanon_k3,label_kanon_k3,label k-anon k3,label k-anon k3,Label k-anon,Real TabPFN,0.7189344127719218,0.8278698631166074,0.9729351376574896,0.19774697008066922,0.28175106027307006,0.0270648623425106,0.23974901517686964,0.21268415283435904
1,label_kanon_k3_a30,2804.48623585701,0.559972903346341,0.6190787584140837,0.532057677722714,0.2542458048805282,0.953103126458236,url,real-tabpfn,ml_privacy_meter/logs/url/real-tabpfn/defense/defense_eval_results.csv,label_kanon_k3_a30,label_kanon_k3_a30,label k-anon k3 a30,label k-anon k3 a30,Label k-anon,Real TabPFN,0.7189344127719218,0.8278698631166074,0.9729351376574896,0.15896150942558085,0.2087911047025237,0.019832011199253596,0.18387630706405228,0.16404429586479868
1,label_kanon_k3_a50,2814.835659742356,0.5990439142601256,0.7139680810826642,0.5448147328364451,0.5116198792787131,0.960569295380308,url,real-tabpfn,ml_privacy_meter/logs/url/real-tabpfn/defense/defense_eval_results.csv,label_kanon_k3_a50,label_kanon_k3_a50,label k-anon k3 a50,label k-anon k3 a50,Label k-anon,Real TabPFN,0.7189344127719218,0.8278698631166074,0.9729351376574896,0.11989049851179623,0.11390178203394319,0.012365842277181627,0.11689614027286971,0.10453029799568808
1,label_kanon_k5,2526.0956885814667,0.511981896804951,0.5239476802028722,0.5170397101851322,0.0625453286218726,0.94050396640224,url,real-tabpfn,ml_privacy_meter/logs/url/real-tabpfn/defense/defense_eval_results.csv,label_kanon_k5,label_kanon_k5,label k-anon k5,label k-anon k5,Label k-anon,Real TabPFN,0.7189344127719218,0.8278698631166074,0.9729351376574896,0.20695251596697084,0.3039221829137352,0.032431171255249636,0.255437349440353,0.22300617818510338
1,label_kanon_k5_a30,2569.8165321350098,0.5389384563660914,0.5796372752315813,0.527168565181671,0.1687563238989489,0.947736817545497,url,real-tabpfn,ml_privacy_meter/logs/url/real-tabpfn/defense/defense_eval_results.csv,label_kanon_k5_a30,label_kanon_k5_a30,label k-anon k5 a30,label k-anon k5 a30,Label k-anon,Real TabPFN,0.7189344127719218,0.8278698631166074,0.9729351376574896,0.17999595640583044,0.2482325878850261,0.025198320111992634,0.21411427214542827,0.18891595203343564
1,label_kanon_k5_a50,2565.562186717987,0.5767998185717468,0.6659627303427866,0.5375221641002438,0.3809624314239738,0.9561362575828278,url,real-tabpfn,ml_privacy_meter/logs/url/real-tabpfn/defense/defense_eval_results.csv,label_kanon_k5_a50,label_kanon_k5_a50,label k-anon k5 a50,label k-anon k5 a50,Label k-anon,Real TabPFN,0.7189344127719218,0.8278698631166074,0.9729351376574896,0.14213459420017505,0.16190713277382074,0.016798880074661793,0.1520208634869979,0.1352219834123361
1,label_kanon_k10,2305.514755487442,0.5081376788288776,0.5205459548924767,0.5140712232188098,0.054488201049122,0.9295380307979468,url,real-tabpfn,ml_privacy_meter/logs/url/real-tabpfn/defense/defense_eval_results.csv,label_kanon_k10,label_kanon_k10,label k-anon k10,label k-anon k10,Label k-anon,Real TabPFN,0.7189344127719218,0.8278698631166074,0.9729351376574896,0.2107967339430442,0.3073239082241307,0.04339710685954279,0.25906032108358745,0.21566321422404466
1,label_kanon_k10_a30,2328.495437383652,0.5275263535860715,0.5722689299325915,0.5242903350695892,0.1447038353867643,0.94493700419972,url,real-tabpfn,ml_privacy_meter/logs/url/real-tabpfn/defense/defense_eval_results.csv,label_kanon_k10_a30,label_kanon_k10_a30,label k-anon k10 a30,label k-anon k10 a30,Label k-anon,Real TabPFN,0.7189344127719218,0.8278698631166074,0.9729351376574896,0.19140805918585035,0.2556009331840159,0.02799813345776958,0.22350449618493312,0.19550636272716354
1,label_kanon_k10_a50,2336.1906712055206,0.5602792486100553,0.6500887108381607,0.53422525759132,0.3324976746116553,0.9528698086794214,url,real-tabpfn,ml_privacy_meter/logs/url/real-tabpfn/defense/defense_eval_results.csv,label_kanon_k10_a50,label_kanon_k10_a50,label k-anon k10 a50,label k-anon k10 a50,Label k-anon,Real TabPFN,0.7189344127719218,0.8278698631166074,0.9729351376574896,0.15865516416186654,0.1777811522784467,0.02006532897806823,0.16821815822015662,0.1481528292420884
1,"attn_drop_p10_l2,5,8,11,14,17",2004.402822971344,0.7236170450668042,0.827554943996112,0.6207348192652765,1.028791328760827,0.9729351376574896,url,real-tabpfn,ml_privacy_meter/logs/url/real-tabpfn/defense/defense_eval_results.csv,"attn_drop_p10_l2,5,8,11,14,17",attn_drop_p10,attn drop p10,attn drop p10,Attention dropout,Real TabPFN,0.7189344127719218,0.8278698631166074,0.9729351376574896,-0.004682632294882416,0.00031491912049541604,0.0,-0.0021838565871935,-0.0021838565871935
1,"attn_drop_p30_l2,5,8,11,14,17",2001.691884279251,0.720767176728582,0.8263901787477662,0.6188041228111624,1.0250039765560095,0.9727018198786748,url,real-tabpfn,ml_privacy_meter/logs/url/real-tabpfn/defense/defense_eval_results.csv,"attn_drop_p30_l2,5,8,11,14,17",attn_drop_p30,attn drop p30,attn drop p30,Attention dropout,Real TabPFN,0.7189344127719218,0.8278698631166074,0.9729351376574896,-0.0018327639566602105,0.001479684368841161,0.0002333177788148566,-0.0001765397939095248,-0.0004098575727243814
1,"attn_drop_p50_l2,5,8,11,14,17",2010.083609342575,0.7180541906943332,0.8239068087636902,0.6161653074427174,1.0163262363131818,0.9720018665422304,url,real-tabpfn,ml_privacy_meter/logs/url/real-tabpfn/defense/defense_eval_results.csv,"attn_drop_p50_l2,5,8,11,14,17",attn_drop_p50,attn drop p50,attn drop p50,Attention dropout,Real TabPFN,0.7189344127719218,0.8278698631166074,0.9729351376574896,0.0008802220775886438,0.003963054352917217,0.0009332711152592044,0.0024216382152529303,0.001488367099993726
1,"attn_drop_p70_l2,5,8,11,14,17",2022.089476108551,0.7074925056326156,0.8192347917200606,0.6105492951582043,0.9968556011215636,0.9727018198786748,url,real-tabpfn,ml_privacy_meter/logs/url/real-tabpfn/defense/defense_eval_results.csv,"attn_drop_p70_l2,5,8,11,14,17",attn_drop_p70,attn drop p70,attn drop p70,Attention dropout,Real TabPFN,0.7189344127719218,0.8278698631166074,0.9729351376574896,0.011441907139306262,0.008635071396546734,0.0002333177788148566,0.010038489267926498,0.009805171489111641
1,"attn_drop_p90_l2,5,8,11,14,17",2023.6518013477323,0.6696174796932965,0.7969386813005436,0.5899066598235495,0.9085033164853948,0.9727018198786748,url,real-tabpfn,ml_privacy_meter/logs/url/real-tabpfn/defense/defense_eval_results.csv,"attn_drop_p90_l2,5,8,11,14,17",attn_drop_p90,attn drop p90,attn drop p90,Attention dropout,Real TabPFN,0.7189344127719218,0.8278698631166074,0.9729351376574896,0.04931693307862528,0.030931181816063802,0.0002333177788148566,0.04012405744734454,0.039890739668529684
1,highrisk_label_kanon_k3,0.0,0.504192044375452,0.5209745932943404,0.4946223953711843,-0.1974331844301246,0.9463,url,real-tabpfn,ml_privacy_meter/logs/url/real-tabpfn/defense/defense_eval_results.csv,highrisk_label_kanon_k3,highrisk_label_kanon_k3,high-risk label k-anon k3,high-risk label k-anon k3,High-risk label k-anon,Real TabPFN,0.7189344127719218,0.8278698631166074,0.9729351376574896,0.21474236839646987,0.306895269822267,0.026635137657489594,0.26081881910936844,0.23418368145187884
1,highrisk_label_kanon_k3_a30,0.0,0.5439941466960221,0.586046682282155,0.5017183642104681,-0.0172776800029442,0.9531,url,real-tabpfn,ml_privacy_meter/logs/url/real-tabpfn/defense/defense_eval_results.csv,highrisk_label_kanon_k3_a30,highrisk_label_kanon_k3_a30,high-risk label k-anon k3 a30,high-risk label k-anon k3 a30,High-risk label k-anon,Real TabPFN,0.7189344127719218,0.8278698631166074,0.9729351376574896,0.17494026607589974,0.24182318083445242,0.019835137657489676,0.20838172345517608,0.1885465857976864
1,highrisk_label_kanon_k3_a50,0.0,0.5850677928051025,0.6787165464439562,0.5126587415559759,0.3290363904635666,0.9606,url,real-tabpfn,ml_privacy_meter/logs/url/real-tabpfn/defense/defense_eval_results.csv,highrisk_label_kanon_k3_a50,highrisk_label_kanon_k3_a50,high-risk label k-anon k3 a50,high-risk label k-anon k3 a50,High-risk label k-anon,Real TabPFN,0.7189344127719218,0.8278698631166074,0.9729351376574896,0.13386661996681937,0.1491533166726512,0.012335137657489614,0.14150996831973528,0.12917483066224567
1,highrisk_label_kanon_k5,0.0,0.4952732191473438,0.5002147819170121,0.4901291772646795,-0.2473719904467756,0.9412,url,real-tabpfn,ml_privacy_meter/logs/url/real-tabpfn/defense/defense_eval_results.csv,highrisk_label_kanon_k5,highrisk_label_kanon_k5,high-risk label k-anon k5,high-risk label k-anon k5,High-risk label k-anon,Real TabPFN,0.7189344127719218,0.8278698631166074,0.9729351376574896,0.22366119362457804,0.3276550811995953,0.03173513765748959,0.27565813741208667,0.24392299975459708
1,highrisk_label_kanon_k5_a30,0.0,0.5213742711132991,0.5493782837871471,0.4980387370659968,-0.1609770624349536,0.948,url,real-tabpfn,ml_privacy_meter/logs/url/real-tabpfn/defense/defense_eval_results.csv,highrisk_label_kanon_k5_a30,highrisk_label_kanon_k5_a30,high-risk label k-anon k5 a30,high-risk label k-anon k5 a30,High-risk label k-anon,Real TabPFN,0.7189344127719218,0.8278698631166074,0.9729351376574896,0.19756014165862268,0.2784915793294602,0.02493513765748967,0.23802586049404145,0.21309072283655178
1,highrisk_label_kanon_k5_a50,0.0,0.5611890572981867,0.6309376271788756,0.5062094592667223,0.0994348291641315,0.9559,url,real-tabpfn,ml_privacy_meter/logs/url/real-tabpfn/defense/defense_eval_results.csv,highrisk_label_kanon_k5_a50,highrisk_label_kanon_k5_a50,high-risk label k-anon k5 a50,high-risk label k-anon k5 a50,High-risk label k-anon,Real TabPFN,0.7189344127719218,0.8278698631166074,0.9729351376574896,0.15774535547373514,0.1969322359377318,0.017035137657489652,0.17733879570573347,0.1603036580482438
1,highrisk_label_kanon_k10,0.0,0.49151188178682,0.4972694307547018,0.4878026135946202,-0.26280331251215,0.9302,url,real-tabpfn,ml_privacy_meter/logs/url/real-tabpfn/defense/defense_eval_results.csv,highrisk_label_kanon_k10,highrisk_label_kanon_k10,high-risk label k-anon k10,high-risk label k-anon k10,High-risk label k-anon,Real TabPFN,0.7189344127719218,0.8278698631166074,0.9729351376574896,0.22742253098510185,0.33060043236190556,0.0427351376574896,0.2790114816735037,0.2362763440160141
1,highrisk_label_kanon_k10_a30,8861.634865760803,0.5098521235619602,0.5427147639527407,0.4958621750617153,-0.21938178884208,0.9454036397573496,url,real-tabpfn,ml_privacy_meter/logs/url/real-tabpfn/defense/defense_eval_results.csv,highrisk_label_kanon_k10_a30,highrisk_label_kanon_k10_a30,high-risk label k-anon k10 a30,high-risk label k-anon k10 a30,High-risk label k-anon,Real TabPFN,0.7189344127719218,0.8278698631166074,0.9729351376574896,0.20908228920996164,0.2851550991638667,0.02753149790013998,0.24711869418691418,0.2195871962867742
1,highrisk_label_kanon_k10_a50,8898.76778292656,0.543688890176026,0.6152457544983079,0.5035725764183772,-0.0399937998868626,0.9528698086794214,url,real-tabpfn,ml_privacy_meter/logs/url/real-tabpfn/defense/defense_eval_results.csv,highrisk_label_kanon_k10_a50,highrisk_label_kanon_k10_a50,high-risk label k-anon k10 a50,high-risk label k-anon k10 a50,High-risk label k-anon,Real TabPFN,0.7189344127719218,0.8278698631166074,0.9729351376574896,0.17524552259589588,0.2126241086182995,0.02006532897806823,0.1939348156070977,0.17386948662902946
1,no_defense,0.0,0.8977306280374588,0.9158935134609006,,,0.9664022398506766,url,tabdpt,ml_privacy_meter/logs/url/tabdpt/defense/defense_eval_results.csv,no_defense,no_defense,No defense,No defense,No defense,TabDPT,0.8977306280374588,0.9158935134609006,0.9664022398506766,0.0,0.0,0.0,0.0,0.0
1,label_kanon_k3,367.71577525138855,0.5515554446004736,0.5795585318421609,0.5406238588604904,0.1988147832020869,0.9440037330844612,url,tabdpt,ml_privacy_meter/logs/url/tabdpt/defense/defense_eval_results.csv,label_kanon_k3,label_kanon_k3,label k-anon k3,label k-anon k3,Label k-anon,TabDPT,0.8977306280374588,0.9158935134609006,0.9664022398506766,0.3461751834369853,0.33633498161873976,0.022398506766215465,0.3412550825278625,0.31885657576164705
1,label_kanon_k3_a30,367.4840512275696,0.6615933840528223,0.7598569140343202,0.576787434111952,0.8806107679752816,0.959636024265049,url,tabdpt,ml_privacy_meter/logs/url/tabdpt/defense/defense_eval_results.csv,label_kanon_k3_a30,label_kanon_k3_a30,label k-anon k3 a30,label k-anon k3 a30,Label k-anon,TabDPT,0.8977306280374588,0.9158935134609006,0.9664022398506766,0.23613724398463654,0.15603659942658044,0.006766215585627622,0.19608692170560849,0.18932070611998086
1,label_kanon_k3_a50,367.4377908706665,0.7760762830463659,0.8578122478877828,0.6343591676249427,1.326512359539583,0.9612692487167522,url,tabdpt,ml_privacy_meter/logs/url/tabdpt/defense/defense_eval_results.csv,label_kanon_k3_a50,label_kanon_k3_a50,label k-anon k3 a50,label k-anon k3 a50,Label k-anon,TabDPT,0.8977306280374588,0.9158935134609006,0.9664022398506766,0.12165434499109296,0.05808126557311788,0.005132991133924403,0.08986780528210542,0.08473481414818101
1,label_kanon_k5,337.7699296474457,0.521057963844563,0.5379735300272251,0.5253631286923383,0.0846203310053684,0.9297713485767616,url,tabdpt,ml_privacy_meter/logs/url/tabdpt/defense/defense_eval_results.csv,label_kanon_k5,label_kanon_k5,label k-anon k5,label k-anon k5,Label k-anon,TabDPT,0.8977306280374588,0.9158935134609006,0.9664022398506766,0.3766726641928958,0.3779199834336755,0.036630891273915056,0.37729632381328565,0.3406654325393706
1,label_kanon_k5_a30,337.43955302238464,0.6080785818198525,0.7225873929138897,0.551140197746344,0.7043594316315549,0.954969668688754,url,tabdpt,ml_privacy_meter/logs/url/tabdpt/defense/defense_eval_results.csv,label_kanon_k5_a30,label_kanon_k5_a30,label k-anon k5 a30,label k-anon k5 a30,Label k-anon,TabDPT,0.8977306280374588,0.9158935134609006,0.9664022398506766,0.2896520462176063,0.1933061205470109,0.011432571161922644,0.2414790833823086,0.23004651222038597
1,label_kanon_k5_a50,337.8468277454376,0.7448905529489822,0.8584300827292801,0.6103721021180638,1.309120132178741,0.9594027064862344,url,tabdpt,ml_privacy_meter/logs/url/tabdpt/defense/defense_eval_results.csv,label_kanon_k5_a50,label_kanon_k5_a50,label k-anon k5 a50,label k-anon k5 a50,Label k-anon,TabDPT,0.8977306280374588,0.9158935134609006,0.9664022398506766,0.15284007508847663,0.057463430731620524,0.006999533364442256,0.10515175291004858,0.09815221954560632
1,label_kanon_k10,315.23231196403503,0.5095514397655804,0.5179153323205113,0.5127329394403727,0.0380549204090545,0.8971068595426972,url,tabdpt,ml_privacy_meter/logs/url/tabdpt/defense/defense_eval_results.csv,label_kanon_k10,label_kanon_k10,label k-anon k10,label k-anon k10,Label k-anon,TabDPT,0.8977306280374588,0.9158935134609006,0.9664022398506766,0.3881791882718785,0.3979781811403893,0.06929538030797944,0.3930786847061339,0.32378330439815445
1,label_kanon_k10_a30,315.3814618587494,0.5664749897059281,0.6832808867338538,0.5358668653696536,0.5614376315382347,0.945870275314979,url,tabdpt,ml_privacy_meter/logs/url/tabdpt/defense/defense_eval_results.csv,label_kanon_k10_a30,label_kanon_k10_a30,label k-anon k10 a30,label k-anon k10 a30,Label k-anon,TabDPT,0.8977306280374588,0.9158935134609006,0.9664022398506766,0.3312556383315307,0.23261262672704686,0.02053196453569761,0.2819341325292888,0.2614021679935912
1,label_kanon_k10_a50,315.3425896167755,0.7174576135739341,0.8517590233446252,0.5882756400778757,1.2808673573176057,0.960569295380308,url,tabdpt,ml_privacy_meter/logs/url/tabdpt/defense/defense_eval_results.csv,label_kanon_k10_a50,label_kanon_k10_a50,label k-anon k10 a50,label k-anon k10 a50,Label k-anon,TabDPT,0.8977306280374588,0.9158935134609006,0.9664022398506766,0.18027301446352473,0.06413449011627548,0.0058329444703686395,0.1222037522899001,0.11637080781953146
1,"attn_drop_p10_l6,7,8,9,10,14",1970.25905585289,0.7977029521721417,0.8941909861165579,0.7304249323182467,1.7152908828611868,0.9617358842743816,url,tabdpt,ml_privacy_meter/logs/url/tabdpt/defense/defense_eval_results.csv,"attn_drop_p10_l6,7,8,9,10,14",attn_drop_p10,attn drop p10,attn drop p10,Attention dropout,TabDPT,0.8977306280374588,0.9158935134609006,0.9664022398506766,0.10002767586531713,0.021702527344342748,0.004666355576295023,0.06086510160482994,0.05619874602853492
1,"attn_drop_p30_l6,7,8,9,10,14",1970.341364622116,0.7075644443737972,0.8612810942484066,0.6743077604127993,1.4030988208241455,0.959636024265049,url,tabdpt,ml_privacy_meter/logs/url/tabdpt/defense/defense_eval_results.csv,"attn_drop_p30_l6,7,8,9,10,14",attn_drop_p30,attn drop p30,attn drop p30,Attention dropout,TabDPT,0.8977306280374588,0.9158935134609006,0.9664022398506766,0.19016618366366167,0.054612419212494046,0.006766215585627622,0.12238930143807786,0.11562308585245024
1,"attn_drop_p50_l6,7,8,9,10,14",1969.9903507232664,0.6256249116756658,0.8097737721202782,0.6226779001791856,1.114089679766199,0.9489034064395708,url,tabdpt,ml_privacy_meter/logs/url/tabdpt/defense/defense_eval_results.csv,"attn_drop_p50_l6,7,8,9,10,14",attn_drop_p50,attn drop p50,attn drop p50,Attention dropout,TabDPT,0.8977306280374588,0.9158935134609006,0.9664022398506766,0.27210571636179304,0.10611974134062241,0.017498833411105807,0.18911272885120772,0.17161389544010192
1,"attn_drop_p70_l6,7,8,9,10,14",1970.3202731609344,0.5721610626487088,0.731654886096721,0.576768462752662,0.8187728789108626,0.933971068595427,url,tabdpt,ml_privacy_meter/logs/url/tabdpt/defense/defense_eval_results.csv,"attn_drop_p70_l6,7,8,9,10,14",attn_drop_p70,attn drop p70,attn drop p70,Attention dropout,TabDPT,0.8977306280374588,0.9158935134609006,0.9664022398506766,0.32556956538875004,0.18423862736417962,0.032431171255249636,0.25490409637646483,0.2224729251212152
1,"attn_drop_p90_l6,7,8,9,10,14",1968.968020439148,0.5063149313144251,0.6246422932513784,0.5421101301288267,0.4423557473769849,0.837610825944937,url,tabdpt,ml_privacy_meter/logs/url/tabdpt/defense/defense_eval_results.csv,"attn_drop_p90_l6,7,8,9,10,14",attn_drop_p90,attn drop p90,attn drop p90,Attention dropout,TabDPT,0.8977306280374588,0.9158935134609006,0.9664022398506766,0.3914156967230338,0.2912512202095222,0.12879141390573967,0.341333458466278,0.21254204456053832
1,no_defense,0.0,0.880387185573536,0.9230902999684916,,,0.9692020531964536,url,tabicl,ml_privacy_meter/logs/url/tabicl/defense/defense_eval_results.csv,no_defense,no_defense,No defense,No defense,No defense,TabICL,0.880387185573536,0.9230902999684916,0.9692020531964536,0.0,0.0,0.0,0.0,0.0
1,label_kanon_k3,1505.1017861366272,0.6017873851184847,0.6801751091846637,0.5464228345268505,0.3554415651334741,0.9426038264115726,url,tabicl,ml_privacy_meter/logs/url/tabicl/defense/defense_eval_results.csv,label_kanon_k3,label_kanon_k3,label k-anon k3,label k-anon k3,Label k-anon,TabICL,0.880387185573536,0.9230902999684916,0.9692020531964536,0.2785998004550513,0.24291519078382784,0.026598226784880996,0.26075749561943956,0.23415926883455856
1,label_kanon_k3_a30,1505.867644071579,0.7442617762331165,0.8814993917188847,0.6414823822757748,1.7638008533448517,0.9556696220251985,url,tabicl,ml_privacy_meter/logs/url/tabicl/defense/defense_eval_results.csv,label_kanon_k3_a30,label_kanon_k3_a30,label k-anon k3 a30,label k-anon k3 a30,Label k-anon,TabICL,0.880387185573536,0.9230902999684916,0.9692020531964536,0.1361254093404195,0.04159090824960687,0.013532431171255133,0.08885815879501319,0.07532572762375805
1,label_kanon_k3_a50,1503.361160516739,0.8592552415933199,0.9296126641798308,0.7388978081193717,2.241005041690668,0.9638357442837144,url,tabicl,ml_privacy_meter/logs/url/tabicl/defense/defense_eval_results.csv,label_kanon_k3_a50,label_kanon_k3_a50,label k-anon k3 a50,label k-anon k3 a50,Label k-anon,TabICL,0.880387185573536,0.9230902999684916,0.9692020531964536,0.021131943980216117,-0.006522364211339227,0.005366308912739148,0.007304789884438445,0.0019384809716992968
1,label_kanon_k5,1460.6105301380155,0.5677874430396506,0.5651981655103845,0.5256709709786652,0.1059250024822411,0.933971068595427,url,tabicl,ml_privacy_meter/logs/url/tabicl/defense/defense_eval_results.csv,label_kanon_k5,label_kanon_k5,label k-anon k5,label k-anon k5,Label k-anon,TabICL,0.880387185573536,0.9230902999684916,0.9692020531964536,0.31259974253388545,0.3578921344581071,0.03523098460102658,0.33524593849599627,0.3000149538949697
1,label_kanon_k5_a30,1460.9812417030334,0.6960102061013633,0.8515632400054959,0.5834332618609374,1.4905324487097855,0.9472701819878676,url,tabicl,ml_privacy_meter/logs/url/tabicl/defense/defense_eval_results.csv,label_kanon_k5_a30,label_kanon_k5_a30,label k-anon k5 a30,label k-anon k5 a30,Label k-anon,TabICL,0.880387185573536,0.9230902999684916,0.9692020531964536,0.1843769794721727,0.07152705996299569,0.021931871208585973,0.1279520197175842,0.10602014850899821
1,label_kanon_k5_a50,1461.099446773529,0.8171737454242822,0.9248019411864998,0.7083118124991699,2.130804992922197,0.9601026598226784,url,tabicl,ml_privacy_meter/logs/url/tabicl/defense/defense_eval_results.csv,label_kanon_k5_a50,label_kanon_k5_a50,label k-anon k5 a50,label k-anon k5 a50,Label k-anon,TabICL,0.880387185573536,0.9230902999684916,0.9692020531964536,0.06321344014925379,-0.001711641218008264,0.009099393373775189,0.03075089946562276,0.021651506091847572
1,label_kanon_k10,1428.3032052516935,0.5532477878360762,0.5321909671724171,0.5209642230104243,0.0542334075377916,0.9288380774615026,url,tabicl,ml_privacy_meter/logs/url/tabicl/defense/defense_eval_results.csv,label_kanon_k10,label_kanon_k10,label k-anon k10,label k-anon k10,Label k-anon,TabICL,0.880387185573536,0.9230902999684916,0.9692020531964536,0.3271393977374598,0.3908993327960745,0.040363975734950985,0.35901936526676714,0.31865538953181616
1,label_kanon_k10_a30,1428.280121088028,0.6458693934325672,0.8194215929235141,0.5469037598457817,1.095641665644549,0.9426038264115726,url,tabicl,ml_privacy_meter/logs/url/tabicl/defense/defense_eval_results.csv,label_kanon_k10_a30,label_kanon_k10_a30,label k-anon k10 a30,label k-anon k10 a30,Label k-anon,TabICL,0.880387185573536,0.9230902999684916,0.9692020531964536,0.2345177921409688,0.10366870704497744,0.026598226784880996,0.16909324959297312,0.14249502280809212
1,label_kanon_k10_a50,1427.8557164669037,0.7656232273891339,0.9211628697455324,0.6703652560975636,2.0409614794813256,0.9556696220251985,url,tabicl,ml_privacy_meter/logs/url/tabicl/defense/defense_eval_results.csv,label_kanon_k10_a50,label_kanon_k10_a50,label k-anon k10 a50,label k-anon k10 a50,Label k-anon,TabICL,0.880387185573536,0.9230902999684916,0.9692020531964536,0.1147639581844021,0.0019274302229591589,0.013532431171255133,0.05834569420368063,0.0448132630324255
1,"attn_drop_p10_l5,7,9,17,19,21",1412.072654247284,0.5655802328997012,0.6434472108454552,0.541645508747076,0.4374417706550735,0.9444703686420906,url,tabicl,ml_privacy_meter/logs/url/tabicl/defense/defense_eval_results.csv,"attn_drop_p10_l5,7,9,17,19,21",attn_drop_p10,attn drop p10,attn drop p10,Attention dropout,TabICL,0.880387185573536,0.9230902999684916,0.9692020531964536,0.31480695267383485,0.27964308912303637,0.02473168455436303,0.2972250208984356,0.2724933363440726
1,"attn_drop_p30_l5,7,9,17,19,21",1412.65784907341,0.509237173891316,0.5041781084558588,0.5121059863702351,0.0239625888226746,0.9258049463369108,url,tabicl,ml_privacy_meter/logs/url/tabicl/defense/defense_eval_results.csv,"attn_drop_p30_l5,7,9,17,19,21",attn_drop_p30,attn drop p30,attn drop p30,Attention dropout,TabICL,0.880387185573536,0.9230902999684916,0.9692020531964536,0.37115001168222006,0.4189121915126328,0.04339710685954279,0.39503110159742644,0.35163399473788365
1,"attn_drop_p50_l5,7,9,17,19,21",1412.7271401882172,0.4965449806845977,0.5113223902976386,0.5066139003394485,0.0388402654716278,0.882641157256183,url,tabicl,ml_privacy_meter/logs/url/tabicl/defense/defense_eval_results.csv,"attn_drop_p50_l5,7,9,17,19,21",attn_drop_p50,attn drop p50,attn drop p50,Attention dropout,TabICL,0.880387185573536,0.9230902999684916,0.9692020531964536,0.38384220488893833,0.41176790967085297,0.08656089594027061,0.3978050572798957,0.31124416133962507
1,"attn_drop_p70_l5,7,9,17,19,21",1412.6200444698334,0.5117973547447124,0.5011287278312726,0.4949161656449533,0.0122917753911206,0.8383107792813812,url,tabicl,ml_privacy_meter/logs/url/tabicl/defense/defense_eval_results.csv,"attn_drop_p70_l5,7,9,17,19,21",attn_drop_p70,attn drop p70,attn drop p70,Attention dropout,TabICL,0.880387185573536,0.9230902999684916,0.9692020531964536,0.3685898308288236,0.42196157213721897,0.13089127391507238,0.39527570148302127,0.2643844275679489
1,"attn_drop_p90_l5,7,9,17,19,21",1411.9990713596344,0.4999900652135712,0.5042235907246874,0.5080331322133353,0.0124344619952633,0.6052263182454503,url,tabicl,ml_privacy_meter/logs/url/tabicl/defense/defense_eval_results.csv,"attn_drop_p90_l5,7,9,17,19,21",attn_drop_p90,attn drop p90,attn drop p90,Attention dropout,TabICL,0.880387185573536,0.9230902999684916,0.9692020531964536,0.3803971203599648,0.4188667092438042,0.3639757349510033,0.39963191480188454,0.03565617985088121
1,no_defense,0.0,0.7101074502950386,0.8141032976087486,,,0.9722351843210452,url,tabpfn,ml_privacy_meter/logs/url/tabpfn/defense/defense_eval_results.csv,no_defense,no_defense,No defense,No defense,No defense,TabPFN,0.7101074502950386,0.8141032976087486,0.9722351843210452,0.0,0.0,0.0,0.0,0.0
1,label_kanon_k3,2797.01802277565,0.5292175264221769,0.5379562462206984,0.5203870799653953,0.0899698144869148,0.9454036397573496,url,tabpfn,ml_privacy_meter/logs/url/tabpfn/defense/defense_eval_results.csv,label_kanon_k3,label_kanon_k3,label k-anon k3,label k-anon k3,Label k-anon,TabPFN,0.7101074502950386,0.8141032976087486,0.9722351843210452,0.18088992387286174,0.2761470513880502,0.02683154456369552,0.22851848763045596,0.20168694306676044
1,label_kanon_k3_a30,2829.157327890396,0.560976452868611,0.5936325857946381,0.5287536943796218,0.2244704997247219,0.9540363975734952,url,tabpfn,ml_privacy_meter/logs/url/tabpfn/defense/defense_eval_results.csv,label_kanon_k3_a30,label_kanon_k3_a30,label k-anon k3 a30,label k-anon k3 a30,Label k-anon,TabPFN,0.7101074502950386,0.8141032976087486,0.9722351843210452,0.14913099742642766,0.2204707118141105,0.018198786747549933,0.18480085462026907,0.16660206787271914
1,label_kanon_k3_a50,2824.622163772583,0.5889245857711213,0.6895030298648934,0.5410932979331943,0.4601280799299612,0.9608026131591229,url,tabpfn,ml_privacy_meter/logs/url/tabpfn/defense/defense_eval_results.csv,label_kanon_k3_a50,label_kanon_k3_a50,label k-anon k3 a50,label k-anon k3 a50,Label k-anon,TabPFN,0.7101074502950386,0.8141032976087486,0.9722351843210452,0.12118286452391736,0.12460026774385513,0.011432571161922311,0.12289156613388624,0.11145899497196393
1,label_kanon_k5,2497.6197171211243,0.5157166143815641,0.5154800848087806,0.5153051781304485,0.0537274083874852,0.9374708352776482,url,tabpfn,ml_privacy_meter/logs/url/tabpfn/defense/defense_eval_results.csv,label_kanon_k5,label_kanon_k5,label k-anon k5,label k-anon k5,Label k-anon,TabPFN,0.7101074502950386,0.8141032976087486,0.9722351843210452,0.1943908359134745,0.29862321279996795,0.03476434904339698,0.24650702435672123,0.21174267531332425
1,label_kanon_k5_a30,2431.9966135025024,0.5402955754108538,0.5615602100317282,0.524824690486492,0.1476301845064739,0.948670088660756,url,tabpfn,ml_privacy_meter/logs/url/tabpfn/defense/defense_eval_results.csv,label_kanon_k5_a30,label_kanon_k5_a30,label k-anon k5 a30,label k-anon k5 a30,Label k-anon,TabPFN,0.7101074502950386,0.8141032976087486,0.9722351843210452,0.1698118748841848,0.2525430875770204,0.023565095660289193,0.2111774812306026,0.1876123855703134
1,label_kanon_k5_a50,2437.261236667633,0.5719911097542945,0.637679509342401,0.5342482300837744,0.3308350728467799,0.9561362575828278,url,tabpfn,ml_privacy_meter/logs/url/tabpfn/defense/defense_eval_results.csv,label_kanon_k5_a50,label_kanon_k5_a50,label k-anon k5 a50,label k-anon k5 a50,Label k-anon,TabPFN,0.7101074502950386,0.8141032976087486,0.9722351843210452,0.13811634054074418,0.17642378826634753,0.016098926738217334,0.15727006440354585,0.14117113766532852
1,label_kanon_k10,2171.3861672878265,0.509493491381178,0.5147717753642991,0.5139610695731189,0.0515314316547174,0.9260382641157257,url,tabpfn,ml_privacy_meter/logs/url/tabpfn/defense/defense_eval_results.csv,label_kanon_k10,label_kanon_k10,label k-anon k10,label k-anon k10,Label k-anon,TabPFN,0.7101074502950386,0.8141032976087486,0.9722351843210452,0.20061395891386058,0.2993315222444495,0.046196920205319514,0.24997274057915503,0.20377582037383551
1,label_kanon_k10_a30,2216.8813240528107,0.5300200666354705,0.5587029382362221,0.5226078994018224,0.1352308588076671,0.9447036864209052,url,tabpfn,ml_privacy_meter/logs/url/tabpfn/defense/defense_eval_results.csv,label_kanon_k10_a30,label_kanon_k10_a30,label k-anon k10 a30,label k-anon k10 a30,Label k-anon,TabPFN,0.7101074502950386,0.8141032976087486,0.9722351843210452,0.1800873836595681,0.2554003593725265,0.02753149790013998,0.2177438715160473,0.19021237361590732
1,label_kanon_k10_a50,2211.3188626766205,0.5587129002412439,0.6201551448911028,0.5307993077331942,0.2914694903403136,0.9510032664489034,url,tabpfn,ml_privacy_meter/logs/url/tabpfn/defense/defense_eval_results.csv,label_kanon_k10_a50,label_kanon_k10_a50,label k-anon k10 a50,label k-anon k10 a50,Label k-anon,TabPFN,0.7101074502950386,0.8141032976087486,0.9722351843210452,0.15139455005379476,0.19394815271764576,0.021231917872141737,0.17267135138572026,0.15143943351357853
1,"attn_drop_p10_l2,5,8,11,14,17",1883.959498167038,0.7155640160620182,0.8137962174430244,0.6240005604852661,0.9925021566092064,0.9717685487634158,url,tabpfn,ml_privacy_meter/logs/url/tabpfn/defense/defense_eval_results.csv,"attn_drop_p10_l2,5,8,11,14,17",attn_drop_p10,attn drop p10,attn drop p10,Attention dropout,TabPFN,0.7101074502950386,0.8141032976087486,0.9722351843210452,-0.005456565766979615,0.00030708016572411623,0.00046663555762938014,-0.0025747428006277495,-0.0030413783582571297
1,"attn_drop_p30_l2,5,8,11,14,17",1883.574018239975,0.7148919890019464,0.8126983554961635,0.6224355730461024,0.9892874516268592,0.9727018198786748,url,tabpfn,ml_privacy_meter/logs/url/tabpfn/defense/defense_eval_results.csv,"attn_drop_p30_l2,5,8,11,14,17",attn_drop_p30,attn drop p30,attn drop p30,Attention dropout,TabPFN,0.7101074502950386,0.8141032976087486,0.9722351843210452,-0.004784538706907759,0.001404942112585017,-0.0004666355576296022,-0.0016897982971613712,-0.001223162739531769
1,"attn_drop_p50_l2,5,8,11,14,17",1884.7258150577543,0.7124625662691082,0.8106281637531523,0.618917542688008,0.9811900786925444,0.9722351843210452,url,tabpfn,ml_privacy_meter/logs/url/tabpfn/defense/defense_eval_results.csv,"attn_drop_p50_l2,5,8,11,14,17",attn_drop_p50,attn drop p50,attn drop p50,Attention dropout,TabPFN,0.7101074502950386,0.8141032976087486,0.9722351843210452,-0.002355115974069566,0.0034751338555962796,0.0,0.0005600089407633568,0.0005600089407633568
1,"attn_drop_p70_l2,5,8,11,14,17",1874.1984915733335,0.703241533003415,0.8060927568275662,0.6138410845716523,0.9631594692092948,0.9729351376574896,url,tabpfn,ml_privacy_meter/logs/url/tabpfn/defense/defense_eval_results.csv,"attn_drop_p70_l2,5,8,11,14,17",attn_drop_p70,attn drop p70,attn drop p70,Attention dropout,TabPFN,0.7101074502950386,0.8141032976087486,0.9722351843210452,0.006865917291623669,0.008010540781182351,-0.0006999533364444588,0.00743822903640301,0.008138182372847469
1,"attn_drop_p90_l2,5,8,11,14,17",1872.444538116455,0.6637359228159094,0.7847420297971737,0.5933126856716318,0.8747153320831268,0.97246850209986,url,tabpfn,ml_privacy_meter/logs/url/tabpfn/defense/defense_eval_results.csv,"attn_drop_p90_l2,5,8,11,14,17",attn_drop_p90,attn drop p90,attn drop p90,Attention dropout,TabPFN,0.7101074502950386,0.8141032976087486,0.9722351843210452,0.046371527479129204,0.029361267811574887,-0.0002333177788148566,0.037866397645352046,0.0380997154241669
1,highrisk_label_kanon_k3,9122.385095834732,0.5225871316153974,0.523136919974506,0.5040866812021212,-0.0998866705766286,0.9454036397573496,url,tabpfn,ml_privacy_meter/logs/url/tabpfn/defense/defense_eval_results.csv,highrisk_label_kanon_k3,highrisk_label_kanon_k3,high-risk label k-anon k3,high-risk label k-anon k3,High-risk label k-anon,TabPFN,0.7101074502950386,0.8141032976087486,0.9722351843210452,0.18752031867964125,0.2909663776342426,0.02683154456369552,0.23924334815694193,0.2124118035932464
1,highrisk_label_kanon_k3_a30,8774.157963752747,0.5548730372400433,0.5752687999365915,0.5110304981067835,0.0907040177044166,0.9535697620158656,url,tabpfn,ml_privacy_meter/logs/url/tabpfn/defense/defense_eval_results.csv,highrisk_label_kanon_k3_a30,highrisk_label_kanon_k3_a30,high-risk label k-anon k3 a30,high-risk label k-anon k3 a30,High-risk label k-anon,TabPFN,0.7101074502950386,0.8141032976087486,0.9722351843210452,0.1552344130549953,0.23883449767215703,0.018665422305179535,0.19703445536357617,0.17836903305839663
1,highrisk_label_kanon_k3_a50,8762.980416536331,0.5820076880548919,0.6703493060020917,0.5225462220701852,0.3825079258658529,0.960569295380308,url,tabpfn,ml_privacy_meter/logs/url/tabpfn/defense/defense_eval_results.csv,highrisk_label_kanon_k3_a50,highrisk_label_kanon_k3_a50,high-risk label k-anon k3 a50,high-risk label k-anon k3 a50,High-risk label k-anon,TabPFN,0.7101074502950386,0.8141032976087486,0.9722351843210452,0.12809976224014674,0.1437539916066568,0.011665888940737168,0.13592687692340177,0.1242609879826646
1,highrisk_label_kanon_k5,8502.679291009903,0.5095190768585564,0.5034624227726862,0.4998483380000518,-0.1654672516683472,0.9374708352776482,url,tabpfn,ml_privacy_meter/logs/url/tabpfn/defense/defense_eval_results.csv,highrisk_label_kanon_k5,highrisk_label_kanon_k5,high-risk label k-anon k5,high-risk label k-anon k5,High-risk label k-anon,TabPFN,0.7101074502950386,0.8141032976087486,0.9722351843210452,0.20058837343648228,0.3106408748360624,0.03476434904339698,0.25561462413627234,0.22085027509287536
1,highrisk_label_kanon_k5_a30,8515.067080259323,0.5337142285085801,0.5450582848062113,0.5077746372360368,-0.0550784706523424,0.948670088660756,url,tabpfn,ml_privacy_meter/logs/url/tabpfn/defense/defense_eval_results.csv,highrisk_label_kanon_k5_a30,highrisk_label_kanon_k5_a30,high-risk label k-anon k5 a30,high-risk label k-anon k5 a30,High-risk label k-anon,TabPFN,0.7101074502950386,0.8141032976087486,0.9722351843210452,0.17639322178645855,0.26904501280253723,0.023565095660289193,0.2227191172944979,0.1991540216342087
1,highrisk_label_kanon_k5_a50,8495.833165884018,0.5661394661105653,0.6184577934343963,0.5160541521528056,0.1998613913098493,0.9556696220251985,url,tabpfn,ml_privacy_meter/logs/url/tabpfn/defense/defense_eval_results.csv,highrisk_label_kanon_k5_a50,highrisk_label_kanon_k5_a50,high-risk label k-anon k5 a50,high-risk label k-anon k5 a50,High-risk label k-anon,TabPFN,0.7101074502950386,0.8141032976087486,0.9722351843210452,0.14396798418447332,0.19564550417435222,0.016565562295846714,0.16980674417941277,0.15324118188356606
1,highrisk_label_kanon_k10,8255.213970422745,0.5034105985716989,0.502325474926341,0.4990039628093856,-0.1855637864120853,0.92673821745217,url,tabpfn,ml_privacy_meter/logs/url/tabpfn/defense/defense_eval_results.csv,highrisk_label_kanon_k10,highrisk_label_kanon_k10,high-risk label k-anon k10,high-risk label k-anon k10,High-risk label k-anon,TabPFN,0.7101074502950386,0.8141032976087486,0.9722351843210452,0.20669685172333974,0.3117778226824075,0.045496966868875166,0.2592373372028736,0.21374037033399845
1,highrisk_label_kanon_k10_a30,8262.63150215149,0.5235165104718638,0.542384085266924,0.5059963104652877,-0.1235730532876217,0.94493700419972,url,tabpfn,ml_privacy_meter/logs/url/tabpfn/defense/defense_eval_results.csv,highrisk_label_kanon_k10_a30,highrisk_label_kanon_k10_a30,high-risk label k-anon k10 a30,high-risk label k-anon k10 a30,High-risk label k-anon,TabPFN,0.7101074502950386,0.8141032976087486,0.9722351843210452,0.18659093982317487,0.2717192123418245,0.027298180121325122,0.2291550760824997,0.20185689596117457
1,highrisk_label_kanon_k10_a50,8268.01351594925,0.5524098090147544,0.6011052055232404,0.5129701222593871,0.0918004339483087,0.9510032664489034,url,tabpfn,ml_privacy_meter/logs/url/tabpfn/defense/defense_eval_results.csv,highrisk_label_kanon_k10_a50,highrisk_label_kanon_k10_a50,high-risk label k-anon k10 a50,high-risk label k-anon k10 a50,High-risk label k-anon,TabPFN,0.7101074502950386,0.8141032976087486,0.9722351843210452,0.15769764128028418,0.21299809208550813,0.021231917872141737,0.18534786668289616,0.16411594881075442
1,no_defense,0.0,0.6889885346542757,0.8924603582750037,,,0.9993928354584092,us_stocks_financial,real-tabpfn,ml_privacy_meter/logs/us_stocks_financial/real-tabpfn/defense/defense_eval_results.csv,no_defense,no_defense,No defense,No defense,No defense,Real TabPFN,0.6889885346542757,0.8924603582750037,0.9993928354584092,0.0,0.0,0.0,0.0,0.0
1,label_kanon_k3,1020.7883610725404,0.5344653431438147,0.5628503776253784,0.5109636147340071,0.2219556678807848,0.9799635701275046,us_stocks_financial,real-tabpfn,ml_privacy_meter/logs/us_stocks_financial/real-tabpfn/defense/defense_eval_results.csv,label_kanon_k3,label_kanon_k3,label k-anon k3,label k-anon k3,Label k-anon,Real TabPFN,0.6889885346542757,0.8924603582750037,0.9993928354584092,0.154523191510461,0.3296099806496253,0.01942926533090461,0.24206658608004317,0.22263732074913856
1,label_kanon_k3_a30,1030.9761617183683,0.5481879253515711,0.6227539612233094,0.5133590945101192,0.3902546471642719,0.9860352155434122,us_stocks_financial,real-tabpfn,ml_privacy_meter/logs/us_stocks_financial/real-tabpfn/defense/defense_eval_results.csv,label_kanon_k3_a30,label_kanon_k3_a30,label k-anon k3 a30,label k-anon k3 a30,Label k-anon,Real TabPFN,0.6889885346542757,0.8924603582750037,0.9993928354584092,0.14080060930270455,0.2697063970516943,0.013357619914996954,0.20525350317719943,0.19189588326220247
1,label_kanon_k3_a50,1030.4871175289154,0.5596739154076389,0.7073031903971416,0.5192432820211096,0.6059500977978709,0.9896782027929568,us_stocks_financial,real-tabpfn,ml_privacy_meter/logs/us_stocks_financial/real-tabpfn/defense/defense_eval_results.csv,label_kanon_k3_a50,label_kanon_k3_a50,label k-anon k3 a50,label k-anon k3 a50,Label k-anon,Real TabPFN,0.6889885346542757,0.8924603582750037,0.9993928354584092,0.12931461924663679,0.18515716787786207,0.00971463266545236,0.15723589356224943,0.14752126089679707
1,label_kanon_k5,975.014862537384,0.5111964164389339,0.5586820658635284,0.5084997506091,0.1755746508084162,0.9860352155434122,us_stocks_financial,real-tabpfn,ml_privacy_meter/logs/us_stocks_financial/real-tabpfn/defense/defense_eval_results.csv,label_kanon_k5,label_kanon_k5,label k-anon k5,label k-anon k5,Label k-anon,Real TabPFN,0.6889885346542757,0.8924603582750037,0.9993928354584092,0.1777921182153418,0.3337782924114753,0.013357619914996954,0.25578520531340854,0.24242758539841158
1,label_kanon_k5_a30,985.356999874115,0.5318025930017927,0.6147413799777263,0.5119967529415408,0.3776886505641154,0.9878567091681846,us_stocks_financial,real-tabpfn,ml_privacy_meter/logs/us_stocks_financial/real-tabpfn/defense/defense_eval_results.csv,label_kanon_k5_a30,label_kanon_k5_a30,label k-anon k5 a30,label k-anon k5 a30,Label k-anon,Real TabPFN,0.6889885346542757,0.8924603582750037,0.9993928354584092,0.157185941652483,0.27771897829727743,0.011536126290224602,0.21745245997488022,0.20591633368465562
1,label_kanon_k5_a50,985.3200726509094,0.5367015666467227,0.6806773478964349,0.515702779132562,0.5471740210725986,0.9914996964177292,us_stocks_financial,real-tabpfn,ml_privacy_meter/logs/us_stocks_financial/real-tabpfn/defense/defense_eval_results.csv,label_kanon_k5_a50,label_kanon_k5_a50,label k-anon k5 a50,label k-anon k5 a50,Label k-anon,Real TabPFN,0.6889885346542757,0.8924603582750037,0.9993928354584092,0.15228696800755293,0.21178301037856884,0.007893139040680008,0.18203498919306088,0.17414185015238087
1,label_kanon_k10,939.2771646976472,0.5005232969440122,0.5574376919047309,0.5049168531107874,0.1359009941736599,0.9799635701275046,us_stocks_financial,real-tabpfn,ml_privacy_meter/logs/us_stocks_financial/real-tabpfn/defense/defense_eval_results.csv,label_kanon_k10,label_kanon_k10,label k-anon k10,label k-anon k10,Label k-anon,Real TabPFN,0.6889885346542757,0.8924603582750037,0.9993928354584092,0.18846523771026347,0.3350226663702728,0.01942926533090461,0.2617439520402681,0.2423146867093635
1,label_kanon_k10_a30,949.8404438495636,0.5129169002978313,0.6293597787222559,0.5107697054754297,0.3929268028372626,0.9902853673345476,us_stocks_financial,real-tabpfn,ml_privacy_meter/logs/us_stocks_financial/real-tabpfn/defense/defense_eval_results.csv,label_kanon_k10_a30,label_kanon_k10_a30,label k-anon k10 a30,label k-anon k10 a30,Label k-anon,Real TabPFN,0.6889885346542757,0.8924603582750037,0.9993928354584092,0.17607163435644435,0.2631005795527478,0.00910746812386154,0.21958610695459607,0.21047863883073453
1,label_kanon_k10_a50,949.8710381984712,0.5183126281745729,0.6727453164094052,0.5144869754542583,0.5431679768566764,0.9902853673345476,us_stocks_financial,real-tabpfn,ml_privacy_meter/logs/us_stocks_financial/real-tabpfn/defense/defense_eval_results.csv,label_kanon_k10_a50,label_kanon_k10_a50,label k-anon k10 a50,label k-anon k10 a50,Label k-anon,Real TabPFN,0.6889885346542757,0.8924603582750037,0.9993928354584092,0.17067590647970277,0.21971504186559854,0.00910746812386154,0.19519547417265065,0.1860880060487891
1,"attn_drop_p10_l1,4,5,7,8,10",869.7273333072662,0.6270135135583492,0.889537342093903,0.5560871470971305,1.2488791671908452,0.9993928354584092,us_stocks_financial,real-tabpfn,ml_privacy_meter/logs/us_stocks_financial/real-tabpfn/defense/defense_eval_results.csv,"attn_drop_p10_l1,4,5,7,8,10",attn_drop_p10,attn drop p10,attn drop p10,Attention dropout,Real TabPFN,0.6889885346542757,0.8924603582750037,0.9993928354584092,0.06197502109592645,0.0029230161811006905,0.0,0.03244901863851357,0.03244901863851357
1,"attn_drop_p30_l1,4,5,7,8,10",869.100668668747,0.6115964372307251,0.8819689826289008,0.5539578317405862,1.2155087467956551,0.9975713418336368,us_stocks_financial,real-tabpfn,ml_privacy_meter/logs/us_stocks_financial/real-tabpfn/defense/defense_eval_results.csv,"attn_drop_p30_l1,4,5,7,8,10",attn_drop_p30,attn drop p30,attn drop p30,Attention dropout,Real TabPFN,0.6889885346542757,0.8924603582750037,0.9993928354584092,0.07739209742355058,0.010491375646102918,0.0018214936247723523,0.04394173653482675,0.042120242910054395
1,"attn_drop_p50_l1,4,5,7,8,10",869.544403553009,0.6031776050289592,0.868544268635841,0.5510471652936343,1.15581577153339,0.9987856709168184,us_stocks_financial,real-tabpfn,ml_privacy_meter/logs/us_stocks_financial/real-tabpfn/defense/defense_eval_results.csv,"attn_drop_p50_l1,4,5,7,8,10",attn_drop_p50,attn drop p50,attn drop p50,Attention dropout,Real TabPFN,0.6889885346542757,0.8924603582750037,0.9993928354584092,0.08581092962531645,0.023916089639162696,0.0006071645415908211,0.05486350963223957,0.05425634509064875
1,"attn_drop_p70_l1,4,5,7,8,10",869.3381986618042,0.5861211475741619,0.8436361451281773,0.5456317147071326,1.0577029099192492,0.9957498482088646,us_stocks_financial,real-tabpfn,ml_privacy_meter/logs/us_stocks_financial/real-tabpfn/defense/defense_eval_results.csv,"attn_drop_p70_l1,4,5,7,8,10",attn_drop_p70,attn drop p70,attn drop p70,Attention dropout,Real TabPFN,0.6889885346542757,0.8924603582750037,0.9993928354584092,0.10286738708011378,0.04882421314682639,0.0036429872495445936,0.07584580011347009,0.07220281286392549
1,"attn_drop_p90_l1,4,5,7,8,10",869.6756217479706,0.5158904213618697,0.764421632457903,0.5331402351020733,0.7925963270101647,0.989071038251366,us_stocks_financial,real-tabpfn,ml_privacy_meter/logs/us_stocks_financial/real-tabpfn/defense/defense_eval_results.csv,"attn_drop_p90_l1,4,5,7,8,10",attn_drop_p90,attn drop p90,attn drop p90,Attention dropout,Real TabPFN,0.6889885346542757,0.8924603582750037,0.9993928354584092,0.173098113292406,0.12803872581710074,0.010321797207043182,0.15056841955475336,0.14024662234771018
1,highrisk_label_kanon_k3,4148.567453861237,0.3730583729538611,0.1699006380941742,0.1576091504525716,-1.4758774679177458,0.9957498482088646,us_stocks_financial,real-tabpfn,ml_privacy_meter/logs/us_stocks_financial/real-tabpfn/defense/defense_eval_results.csv,highrisk_label_kanon_k3,highrisk_label_kanon_k3,high-risk label k-anon k3,high-risk label k-anon k3,High-risk label k-anon,Real TabPFN,0.6889885346542757,0.8924603582750037,0.9993928354584092,0.3159301617004146,0.7225597201808295,0.0036429872495445936,0.519244940940622,0.5156019536910774
1,highrisk_label_kanon_k3_a30,4176.217677354813,0.4063292940486446,0.2219031567026431,0.1630826632220124,-1.0150031187727118,0.9957498482088646,us_stocks_financial,real-tabpfn,ml_privacy_meter/logs/us_stocks_financial/real-tabpfn/defense/defense_eval_results.csv,highrisk_label_kanon_k3_a30,highrisk_label_kanon_k3_a30,high-risk label k-anon k3 a30,high-risk label k-anon k3 a30,High-risk label k-anon,Real TabPFN,0.6889885346542757,0.8924603582750037,0.9993928354584092,0.2826592406056311,0.6705572015723607,0.0036429872495445936,0.47660822108899586,0.47296523383945127
1,highrisk_label_kanon_k3_a50,4178.27863407135,0.4310713412806637,0.325701566278074,0.201987643630173,-0.3950973272343599,0.9963570127504554,us_stocks_financial,real-tabpfn,ml_privacy_meter/logs/us_stocks_financial/real-tabpfn/defense/defense_eval_results.csv,highrisk_label_kanon_k3_a50,highrisk_label_kanon_k3_a50,high-risk label k-anon k3 a50,high-risk label k-anon k3 a50,High-risk label k-anon,Real TabPFN,0.6889885346542757,0.8924603582750037,0.9993928354584092,0.25791719337361196,0.5667587919969297,0.0030358227079537725,0.4123379926852708,0.40930216997731705
1,highrisk_label_kanon_k5,4124.353535652161,0.3490005378585709,0.1646156891759925,0.160046471865278,-1.514660309961905,0.9957498482088646,us_stocks_financial,real-tabpfn,ml_privacy_meter/logs/us_stocks_financial/real-tabpfn/defense/defense_eval_results.csv,highrisk_label_kanon_k5,highrisk_label_kanon_k5,high-risk label k-anon k5,high-risk label k-anon k5,High-risk label k-anon,Real TabPFN,0.6889885346542757,0.8924603582750037,0.9993928354584092,0.3399879967957048,0.7278446690990112,0.0036429872495445936,0.533916332947358,0.5302733456978134
1,highrisk_label_kanon_k5_a30,4132.92103099823,0.3767470726521957,0.1891219855128402,0.1611914949777133,-1.408235385272154,0.9957498482088646,us_stocks_financial,real-tabpfn,ml_privacy_meter/logs/us_stocks_financial/real-tabpfn/defense/defense_eval_results.csv,highrisk_label_kanon_k5_a30,highrisk_label_kanon_k5_a30,high-risk label k-anon k5 a30,high-risk label k-anon k5 a30,High-risk label k-anon,Real TabPFN,0.6889885346542757,0.8924603582750037,0.9993928354584092,0.31224146200208,0.7033383727621635,0.0036429872495445936,0.5077899173821218,0.5041469301325772
1,highrisk_label_kanon_k5_a50,4133.579761266708,0.3894525528743729,0.2413543566359914,0.1700156565137106,-0.9317559739544784,0.996964177292046,us_stocks_financial,real-tabpfn,ml_privacy_meter/logs/us_stocks_financial/real-tabpfn/defense/defense_eval_results.csv,highrisk_label_kanon_k5_a50,highrisk_label_kanon_k5_a50,high-risk label k-anon k5 a50,high-risk label k-anon k5 a50,High-risk label k-anon,Real TabPFN,0.6889885346542757,0.8924603582750037,0.9993928354584092,0.29953598177990276,0.6511060016390123,0.0024286581663631734,0.4753209917094575,0.47289233354309435
1,highrisk_label_kanon_k10,4095.905658006668,0.3351985118386025,0.1627361333682812,0.1573540454964206,-1.4885357912991075,0.994535519125683,us_stocks_financial,real-tabpfn,ml_privacy_meter/logs/us_stocks_financial/real-tabpfn/defense/defense_eval_results.csv,highrisk_label_kanon_k10,highrisk_label_kanon_k10,high-risk label k-anon k10,high-risk label k-anon k10,High-risk label k-anon,Real TabPFN,0.6889885346542757,0.8924603582750037,0.9993928354584092,0.3537900228156732,0.7297242249067225,0.004857316332726125,0.5417571238611978,0.5368998075284717
1,highrisk_label_kanon_k10_a30,4101.124041795731,0.3663793786719723,0.1900745739618205,0.1633620989976808,-1.4641459895481612,0.996964177292046,us_stocks_financial,real-tabpfn,ml_privacy_meter/logs/us_stocks_financial/real-tabpfn/defense/defense_eval_results.csv,highrisk_label_kanon_k10_a30,highrisk_label_kanon_k10_a30,high-risk label k-anon k10 a30,high-risk label k-anon k10 a30,High-risk label k-anon,Real TabPFN,0.6889885346542757,0.8924603582750037,0.9993928354584092,0.3226091559823034,0.7023857843131832,0.0024286581663631734,0.5124974701477433,0.5100688119813801
1,highrisk_label_kanon_k10_a50,4080.4099974632254,0.3672877292672847,0.2165955358844566,0.1624397397487068,-1.2208639547357147,0.996964177292046,us_stocks_financial,real-tabpfn,ml_privacy_meter/logs/us_stocks_financial/real-tabpfn/defense/defense_eval_results.csv,highrisk_label_kanon_k10_a50,highrisk_label_kanon_k10_a50,high-risk label k-anon k10 a50,high-risk label k-anon k10 a50,High-risk label k-anon,Real TabPFN,0.6889885346542757,0.8924603582750037,0.9993928354584092,0.321700805386991,0.6758648223905471,0.0024286581663631734,0.49878281388876905,0.4963541557224059
1,no_defense,0.0,0.7652649165434458,0.9391994939189542,,,0.9277474195506984,us_stocks_financial,tabdpt,ml_privacy_meter/logs/us_stocks_financial/tabdpt/defense/defense_eval_results.csv,no_defense,no_defense,No defense,No defense,No defense,TabDPT,0.7652649165434458,0.9391994939189542,0.9277474195506984,0.0,0.0,0.0,0.0,0.0
1,label_kanon_k3,47.845746755599976,0.5925162822950156,0.6039344409754595,0.5363327335417674,0.322127470161038,0.8336369156041287,us_stocks_financial,tabdpt,ml_privacy_meter/logs/us_stocks_financial/tabdpt/defense/defense_eval_results.csv,label_kanon_k3,label_kanon_k3,label k-anon k3,label k-anon k3,Label k-anon,TabDPT,0.7652649165434458,0.9391994939189542,0.9277474195506984,0.17274863424843012,0.33526505294349473,0.09411050394656972,0.25400684359596243,0.1598963396493927
1,label_kanon_k3_a30,48.18751764297485,0.6868566387562676,0.8216628345625927,0.5831804362515939,1.027332746899181,0.8925318761384335,us_stocks_financial,tabdpt,ml_privacy_meter/logs/us_stocks_financial/tabdpt/defense/defense_eval_results.csv,label_kanon_k3_a30,label_kanon_k3_a30,label k-anon k3 a30,label k-anon k3 a30,Label k-anon,TabDPT,0.7652649165434458,0.9391994939189542,0.9277474195506984,0.07840827778717818,0.11753665935636148,0.03521554341226485,0.09797246857176983,0.06275692515950498
1,label_kanon_k3_a50,48.29956197738648,0.6983855763952711,0.8764267168618847,0.6170769543269967,1.3035065011572218,0.904068002428658,us_stocks_financial,tabdpt,ml_privacy_meter/logs/us_stocks_financial/tabdpt/defense/defense_eval_results.csv,label_kanon_k3_a50,label_kanon_k3_a50,label k-anon k3 a50,label k-anon k3 a50,Label k-anon,TabDPT,0.7652649165434458,0.9391994939189542,0.9277474195506984,0.06687934014817465,0.06277277705706952,0.023679417122040358,0.06482605860262208,0.041146641480581725
1,label_kanon_k5,43.52296280860901,0.5279900273131881,0.5350796963366264,0.5082018823944033,0.1039056169999691,0.7917425622343656,us_stocks_financial,tabdpt,ml_privacy_meter/logs/us_stocks_financial/tabdpt/defense/defense_eval_results.csv,label_kanon_k5,label_kanon_k5,label k-anon k5,label k-anon k5,Label k-anon,TabDPT,0.7652649165434458,0.9391994939189542,0.9277474195506984,0.23727488923025764,0.40411979758232774,0.13600485731633283,0.3206973434062927,0.18469248608995986
1,label_kanon_k5_a30,43.66647672653198,0.644800264247446,0.7760672474359555,0.5605054027322036,0.8748185027294512,0.8882817243472981,us_stocks_financial,tabdpt,ml_privacy_meter/logs/us_stocks_financial/tabdpt/defense/defense_eval_results.csv,label_kanon_k5_a30,label_kanon_k5_a30,label k-anon k5 a30,label k-anon k5 a30,Label k-anon,TabDPT,0.7652649165434458,0.9391994939189542,0.9277474195506984,0.12046465229599979,0.16313224648299873,0.039465695203400264,0.14179844938949926,0.102332754186099
1,label_kanon_k5_a50,43.67788743972778,0.7082373464070937,0.871397610197415,0.6100038744986837,1.223910497836968,0.904068002428658,us_stocks_financial,tabdpt,ml_privacy_meter/logs/us_stocks_financial/tabdpt/defense/defense_eval_results.csv,label_kanon_k5_a50,label_kanon_k5_a50,label k-anon k5 a50,label k-anon k5 a50,Label k-anon,TabDPT,0.7652649165434458,0.9391994939189542,0.9277474195506984,0.05702757013635207,0.06780188372153917,0.023679417122040358,0.06241472692894562,0.03873530980690526
1,label_kanon_k10,39.92014288902283,0.4963782100553378,0.5018638882345373,0.4935547290449895,-0.0076967337654286,0.73224043715847,us_stocks_financial,tabdpt,ml_privacy_meter/logs/us_stocks_financial/tabdpt/defense/defense_eval_results.csv,label_kanon_k10,label_kanon_k10,label k-anon k10,label k-anon k10,Label k-anon,TabDPT,0.7652649165434458,0.9391994939189542,0.9277474195506984,0.268886706488108,0.4373356056844169,0.1955069823922284,0.3531111560862624,0.157604173694034
1,label_kanon_k10_a30,40.14579963684082,0.6162325642951122,0.7430770523875723,0.5338491467071,0.7868956434333446,0.851244687310261,us_stocks_financial,tabdpt,ml_privacy_meter/logs/us_stocks_financial/tabdpt/defense/defense_eval_results.csv,label_kanon_k10_a30,label_kanon_k10_a30,label k-anon k10 a30,label k-anon k10 a30,Label k-anon,TabDPT,0.7652649165434458,0.9391994939189542,0.9277474195506984,0.14903235224833355,0.19612244153138192,0.07650273224043735,0.17257739688985774,0.09607466464942038
1,label_kanon_k10_a50,40.10710000991821,0.7039816648842498,0.8802457339041492,0.597433135405803,1.2806146809624162,0.8937462052216151,us_stocks_financial,tabdpt,ml_privacy_meter/logs/us_stocks_financial/tabdpt/defense/defense_eval_results.csv,label_kanon_k10_a50,label_kanon_k10_a50,label k-anon k10 a50,label k-anon k10 a50,Label k-anon,TabDPT,0.7652649165434458,0.9391994939189542,0.9277474195506984,0.0612832516591959,0.05895376001480501,0.03400121432908332,0.06011850583700046,0.02611729150791714
1,"attn_drop_p10_l0,6,7,8,10,14",36.05767464637756,0.7098387567098685,0.9274665091799076,0.7349562727248933,1.8146957949205775,0.8457802064359441,us_stocks_financial,tabdpt,ml_privacy_meter/logs/us_stocks_financial/tabdpt/defense/defense_eval_results.csv,"attn_drop_p10_l0,6,7,8,10,14",attn_drop_p10,attn drop p10,attn drop p10,Attention dropout,TabDPT,0.7652649165434458,0.9391994939189542,0.9277474195506984,0.05542615983357724,0.011732984739046604,0.0819672131147543,0.03357957228631192,-0.04838764082844238
1,"attn_drop_p30_l0,6,7,8,10,14",35.776697397232056,0.7084032383583478,0.8931246633775823,0.7004138819859405,1.5764742699067649,0.8123861566484517,us_stocks_financial,tabdpt,ml_privacy_meter/logs/us_stocks_financial/tabdpt/defense/defense_eval_results.csv,"attn_drop_p30_l0,6,7,8,10,14",attn_drop_p30,attn drop p30,attn drop p30,Attention dropout,TabDPT,0.7652649165434458,0.9391994939189542,0.9277474195506984,0.05686167818509791,0.04607483054137185,0.11536126290224669,0.05146825436323488,-0.06389300853901181
1,"attn_drop_p50_l0,6,7,8,10,14",35.911505460739136,0.6834097726579835,0.8215977680528229,0.6217407300499261,1.1446664673137903,0.7802064359441409,us_stocks_financial,tabdpt,ml_privacy_meter/logs/us_stocks_financial/tabdpt/defense/defense_eval_results.csv,"attn_drop_p50_l0,6,7,8,10,14",attn_drop_p50,attn drop p50,attn drop p50,Attention dropout,TabDPT,0.7652649165434458,0.9391994939189542,0.9277474195506984,0.08185514388546222,0.11760172586613127,0.14754098360655754,0.09972843487579675,-0.047812548730760795
1,"attn_drop_p70_l0,6,7,8,10,14",35.96200084686279,0.5994948037111135,0.6956623678532364,0.5721390366248877,0.68400184551048,0.726775956284153,us_stocks_financial,tabdpt,ml_privacy_meter/logs/us_stocks_financial/tabdpt/defense/defense_eval_results.csv,"attn_drop_p70_l0,6,7,8,10,14",attn_drop_p70,attn drop p70,attn drop p70,Attention dropout,TabDPT,0.7652649165434458,0.9391994939189542,0.9277474195506984,0.16577011283233223,0.24353712606571776,0.20097146326654536,0.204653619449025,0.0036821561824796345
1,"attn_drop_p90_l0,6,7,8,10,14",35.99285054206848,0.5168863260425665,0.5960584441030756,0.5319343849408448,0.341496650300737,0.6302367941712204,us_stocks_financial,tabdpt,ml_privacy_meter/logs/us_stocks_financial/tabdpt/defense/defense_eval_results.csv,"attn_drop_p90_l0,6,7,8,10,14",attn_drop_p90,attn drop p90,attn drop p90,Attention dropout,TabDPT,0.7652649165434458,0.9391994939189542,0.9277474195506984,0.2483785905008793,0.34314104981587856,0.29751062537947803,0.2957598201583789,-0.0017508052210991054
1,highrisk_label_kanon_k3,118.06547904014587,0.5290115530841342,0.4462961672692231,0.4346455755326329,-0.0673272939977018,0.8585306618093503,us_stocks_financial,tabdpt,ml_privacy_meter/logs/us_stocks_financial/tabdpt/defense/defense_eval_results.csv,highrisk_label_kanon_k3,highrisk_label_kanon_k3,high-risk label k-anon k3,high-risk label k-anon k3,High-risk label k-anon,TabDPT,0.7652649165434458,0.9391994939189542,0.9277474195506984,0.23625336345931158,0.4929033266497311,0.06921675774134806,0.36457834505452136,0.2953615873131733
1,highrisk_label_kanon_k3_a30,118.3233277797699,0.639099663829177,0.8061969122715437,0.4937561956035683,0.9524895208214018,0.8979963570127505,us_stocks_financial,tabdpt,ml_privacy_meter/logs/us_stocks_financial/tabdpt/defense/defense_eval_results.csv,highrisk_label_kanon_k3_a30,highrisk_label_kanon_k3_a30,high-risk label k-anon k3 a30,high-risk label k-anon k3 a30,High-risk label k-anon,TabDPT,0.7652649165434458,0.9391994939189542,0.9277474195506984,0.1261652527142687,0.13300258164741052,0.029751062537947903,0.12958391718083961,0.09983285464289171
1,highrisk_label_kanon_k3_a50,118.4828622341156,0.7113859756419004,0.8745447648370996,0.5512794140253904,1.2805745113820708,0.9089253187613844,us_stocks_financial,tabdpt,ml_privacy_meter/logs/us_stocks_financial/tabdpt/defense/defense_eval_results.csv,highrisk_label_kanon_k3_a50,highrisk_label_kanon_k3_a50,high-risk label k-anon k3 a50,high-risk label k-anon k3 a50,High-risk label k-anon,TabDPT,0.7652649165434458,0.9391994939189542,0.9277474195506984,0.053878940901545325,0.06465472908185455,0.01882210078931401,0.059266834991699935,0.040444734202385924
1,highrisk_label_kanon_k5,114.30183506011964,0.4460419839350235,0.3263776681416305,0.3345957710823786,-0.7933459859682478,0.8148148148148148,us_stocks_financial,tabdpt,ml_privacy_meter/logs/us_stocks_financial/tabdpt/defense/defense_eval_results.csv,highrisk_label_kanon_k5,highrisk_label_kanon_k5,high-risk label k-anon k5,high-risk label k-anon k5,High-risk label k-anon,TabDPT,0.7652649165434458,0.9391994939189542,0.9277474195506984,0.31922293260842227,0.6128218257773237,0.11293260473588362,0.466022379192873,0.35308977445698936
1,highrisk_label_kanon_k5_a30,114.27214670181274,0.6156928624803649,0.6217538170816361,0.3850442507563751,0.4990021019761,0.8949605343047966,us_stocks_financial,tabdpt,ml_privacy_meter/logs/us_stocks_financial/tabdpt/defense/defense_eval_results.csv,highrisk_label_kanon_k5_a30,highrisk_label_kanon_k5_a30,high-risk label k-anon k5 a30,high-risk label k-anon k5 a30,High-risk label k-anon,TabDPT,0.7652649165434458,0.9391994939189542,0.9277474195506984,0.14957205406308083,0.31744567683731806,0.03278688524590179,0.23350886545019944,0.20072198020429766
1,highrisk_label_kanon_k5_a50,114.80196475982666,0.6968112617778678,0.8528387246374246,0.4768234198146507,1.1285616105665603,0.9052823315118396,us_stocks_financial,tabdpt,ml_privacy_meter/logs/us_stocks_financial/tabdpt/defense/defense_eval_results.csv,highrisk_label_kanon_k5_a50,highrisk_label_kanon_k5_a50,high-risk label k-anon k5 a50,high-risk label k-anon k5 a50,High-risk label k-anon,TabDPT,0.7652649165434458,0.9391994939189542,0.9277474195506984,0.06845365476557796,0.08636076928152958,0.022465088038858827,0.07740721202355377,0.054942123984694946
1,highrisk_label_kanon_k10,111.62499213218688,0.4069287169658436,0.3186703280863552,0.3146852347684462,-0.944534761892336,0.7735276259866424,us_stocks_financial,tabdpt,ml_privacy_meter/logs/us_stocks_financial/tabdpt/defense/defense_eval_results.csv,highrisk_label_kanon_k10,highrisk_label_kanon_k10,high-risk label k-anon k10,high-risk label k-anon k10,High-risk label k-anon,TabDPT,0.7652649165434458,0.9391994939189542,0.9277474195506984,0.35833619957760215,0.620529165832599,0.15421979356405602,0.48943268270510054,0.3352128891410445
1,highrisk_label_kanon_k10_a30,111.59779357910156,0.5600152841784423,0.4850411541066184,0.3324957633038893,-0.0784465002974436,0.8670309653916212,us_stocks_financial,tabdpt,ml_privacy_meter/logs/us_stocks_financial/tabdpt/defense/defense_eval_results.csv,highrisk_label_kanon_k10_a30,highrisk_label_kanon_k10_a30,high-risk label k-anon k10 a30,high-risk label k-anon k10 a30,High-risk label k-anon,TabDPT,0.7652649165434458,0.9391994939189542,0.9277474195506984,0.2052496323650035,0.4541583398123358,0.06071645415907723,0.32970398608866963,0.2689875319295924
1,highrisk_label_kanon_k10_a50,111.74200797080994,0.6739026892559893,0.8284192450884001,0.4235722877864079,1.0710410636172036,0.899210686095932,us_stocks_financial,tabdpt,ml_privacy_meter/logs/us_stocks_financial/tabdpt/defense/defense_eval_results.csv,highrisk_label_kanon_k10_a50,highrisk_label_kanon_k10_a50,high-risk label k-anon k10 a50,high-risk label k-anon k10 a50,High-risk label k-anon,TabDPT,0.7652649165434458,0.9391994939189542,0.9277474195506984,0.09136222728745647,0.11078024883055404,0.028536733454766372,0.10107123805900525,0.07253450460423888
1,no_defense,0.0,0.8370701416975317,0.6752211616196805,,,0.9993928354584092,us_stocks_financial,tabicl,ml_privacy_meter/logs/us_stocks_financial/tabicl/defense/defense_eval_results.csv,no_defense,no_defense,No defense,No defense,No defense,TabICL,0.8370701416975317,0.6752211616196805,0.9993928354584092,0.0,0.0,0.0,0.0,0.0
1,label_kanon_k3,220.91392707824707,0.5849739125690432,0.5624916823618885,0.5118562977561455,0.2141966953689291,0.9981785063752276,us_stocks_financial,tabicl,ml_privacy_meter/logs/us_stocks_financial/tabicl/defense/defense_eval_results.csv,label_kanon_k3,label_kanon_k3,label k-anon k3,label k-anon k3,Label k-anon,TabICL,0.8370701416975317,0.6752211616196805,0.9993928354584092,0.2520962291284885,0.11272947925779198,0.0012143290831815312,0.18241285419314024,0.1811985251099587
1,label_kanon_k3_a30,220.8879039287567,0.6966376282022216,0.6363147066163979,0.5155118190642294,0.4180022048956677,0.9993928354584092,us_stocks_financial,tabicl,ml_privacy_meter/logs/us_stocks_financial/tabicl/defense/defense_eval_results.csv,label_kanon_k3_a30,label_kanon_k3_a30,label k-anon k3 a30,label k-anon k3 a30,Label k-anon,TabICL,0.8370701416975317,0.6752211616196805,0.9993928354584092,0.14043251349531005,0.0389064550032826,0.0,0.08966948424929633,0.08966948424929633
1,label_kanon_k3_a50,220.47911930084229,0.7159784178257905,0.6566204344230959,0.5165626524132302,0.4574475668194668,0.9993928354584092,us_stocks_financial,tabicl,ml_privacy_meter/logs/us_stocks_financial/tabicl/defense/defense_eval_results.csv,label_kanon_k3_a50,label_kanon_k3_a50,label k-anon k3 a50,label k-anon k3 a50,Label k-anon,TabICL,0.8370701416975317,0.6752211616196805,0.9993928354584092,0.12109172387174116,0.018600727196584566,0.0,0.06984622553416286,0.06984622553416286
1,label_kanon_k5,219.69375872612,0.5465699258536707,0.5322560310018879,0.5094571314922276,0.121375680922197,0.9975713418336368,us_stocks_financial,tabicl,ml_privacy_meter/logs/us_stocks_financial/tabicl/defense/defense_eval_results.csv,label_kanon_k5,label_kanon_k5,label k-anon k5,label k-anon k5,Label k-anon,TabICL,0.8370701416975317,0.6752211616196805,0.9993928354584092,0.290500215843861,0.1429651306177926,0.0018214936247723523,0.2167326732308268,0.21491117960605444
1,label_kanon_k5_a30,219.35944724082947,0.6502044710461405,0.6451534297792274,0.5139159384931629,0.4665767422662876,0.9993928354584092,us_stocks_financial,tabicl,ml_privacy_meter/logs/us_stocks_financial/tabicl/defense/defense_eval_results.csv,label_kanon_k5_a30,label_kanon_k5_a30,label k-anon k5 a30,label k-anon k5 a30,Label k-anon,TabICL,0.8370701416975317,0.6752211616196805,0.9993928354584092,0.18686567065139115,0.030067731840453082,0.0,0.10846670124592211,0.10846670124592211
1,label_kanon_k5_a50,219.9476671218872,0.7246488528202922,0.6721245118629334,0.5164057923570998,0.5183668057304033,0.9993928354584092,us_stocks_financial,tabicl,ml_privacy_meter/logs/us_stocks_financial/tabicl/defense/defense_eval_results.csv,label_kanon_k5_a50,label_kanon_k5_a50,label k-anon k5 a50,label k-anon k5 a50,Label k-anon,TabICL,0.8370701416975317,0.6752211616196805,0.9993928354584092,0.11242128887723946,0.0030966497567470608,0.0,0.05775896931699326,0.05775896931699326
1,label_kanon_k10,216.30408143997192,0.5311513749309243,0.5134024107418357,0.5098836581313414,0.0424300054501107,0.9914996964177292,us_stocks_financial,tabicl,ml_privacy_meter/logs/us_stocks_financial/tabicl/defense/defense_eval_results.csv,label_kanon_k10,label_kanon_k10,label k-anon k10,label k-anon k10,Label k-anon,TabICL,0.8370701416975317,0.6752211616196805,0.9993928354584092,0.30591876676660734,0.1618187508778448,0.007893139040680008,0.23386875882222607,0.22597561978154607
1,label_kanon_k10_a30,216.0197777748108,0.5987315164109535,0.6486124612872699,0.5145819025152538,0.5121405416916247,0.9981785063752276,us_stocks_financial,tabicl,ml_privacy_meter/logs/us_stocks_financial/tabicl/defense/defense_eval_results.csv,label_kanon_k10_a30,label_kanon_k10_a30,label k-anon k10 a30,label k-anon k10 a30,Label k-anon,TabICL,0.8370701416975317,0.6752211616196805,0.9993928354584092,0.23833862528657823,0.026608700332410584,0.0012143290831815312,0.1324736628094944,0.13125933372631288
1,label_kanon_k10_a50,215.90252995491028,0.7097147063952085,0.6886150934395632,0.5162422966229191,0.6152949223100637,0.9993928354584092,us_stocks_financial,tabicl,ml_privacy_meter/logs/us_stocks_financial/tabicl/defense/defense_eval_results.csv,label_kanon_k10_a50,label_kanon_k10_a50,label k-anon k10 a50,label k-anon k10 a50,Label k-anon,TabICL,0.8370701416975317,0.6752211616196805,0.9993928354584092,0.12735543530232318,-0.013393931819882687,0.0,0.05698075174122025,0.05698075174122025
1,"attn_drop_p10_l5,7,9,17,19,21",211.79949140548703,0.533463540082629,0.5573081118583622,0.5125377450270201,0.2298544592350964,0.996964177292046,us_stocks_financial,tabicl,ml_privacy_meter/logs/us_stocks_financial/tabicl/defense/defense_eval_results.csv,"attn_drop_p10_l5,7,9,17,19,21",attn_drop_p10,attn drop p10,attn drop p10,Attention dropout,TabICL,0.8370701416975317,0.6752211616196805,0.9993928354584092,0.3036066016149027,0.11791304976131833,0.0024286581663631734,0.21075982568811052,0.20833116752174735
1,"attn_drop_p30_l5,7,9,17,19,21",211.6020486354828,0.5205960387213934,0.5028562907518187,0.500876646800184,0.001861741684613,0.9933211900425016,us_stocks_financial,tabicl,ml_privacy_meter/logs/us_stocks_financial/tabicl/defense/defense_eval_results.csv,"attn_drop_p30_l5,7,9,17,19,21",attn_drop_p30,attn drop p30,attn drop p30,Attention dropout,TabICL,0.8370701416975317,0.6752211616196805,0.9993928354584092,0.3164741029761383,0.17236487086786179,0.006071645415907545,0.24441948692200005,0.2383478415060925
1,"attn_drop_p50_l5,7,9,17,19,21",212.00577402114868,0.5034347006885254,0.5005291953245012,0.4954510583722166,-0.0013726266278176,0.918032786885246,us_stocks_financial,tabicl,ml_privacy_meter/logs/us_stocks_financial/tabicl/defense/defense_eval_results.csv,"attn_drop_p50_l5,7,9,17,19,21",attn_drop_p50,attn drop p50,attn drop p50,Attention dropout,TabICL,0.8370701416975317,0.6752211616196805,0.9993928354584092,0.33363544100900633,0.17469196629517925,0.08136004857316315,0.2541637036520928,0.17280365507892964
1,"attn_drop_p70_l5,7,9,17,19,21",211.93689155578613,0.5078024514406609,0.5062283211476479,0.4988573731046383,0.0266827351997056,0.6945962355798422,us_stocks_financial,tabicl,ml_privacy_meter/logs/us_stocks_financial/tabicl/defense/defense_eval_results.csv,"attn_drop_p70_l5,7,9,17,19,21",attn_drop_p70,attn drop p70,attn drop p70,Attention dropout,TabICL,0.8370701416975317,0.6752211616196805,0.9993928354584092,0.32926769025687075,0.16899284047203256,0.304796599878567,0.24913026536445165,-0.055666334514115345
1,"attn_drop_p90_l5,7,9,17,19,21",211.70741295814517,0.5024966738663773,0.4845879004309136,0.4815491285327152,-0.0505075989596738,0.6860959319975714,us_stocks_financial,tabicl,ml_privacy_meter/logs/us_stocks_financial/tabicl/defense/defense_eval_results.csv,"attn_drop_p90_l5,7,9,17,19,21",attn_drop_p90,attn drop p90,attn drop p90,Attention dropout,TabICL,0.8370701416975317,0.6752211616196805,0.9993928354584092,0.3345734678311544,0.1906332611887669,0.31329690346083783,0.26260336450996064,-0.05069353895087719
1,highrisk_label_kanon_k3,596.502414226532,0.5564135855923209,0.5073576766869092,0.4812475738302129,0.0502345115917568,0.9981785063752276,us_stocks_financial,tabicl,ml_privacy_meter/logs/us_stocks_financial/tabicl/defense/defense_eval_results.csv,highrisk_label_kanon_k3,highrisk_label_kanon_k3,high-risk label k-anon k3,high-risk label k-anon k3,High-risk label k-anon,TabICL,0.8370701416975317,0.6752211616196805,0.9993928354584092,0.2806565561052108,0.16786348493277126,0.0012143290831815312,0.22426002051899102,0.2230456914358095
1,highrisk_label_kanon_k3_a30,597.2621960639954,0.6778706404056021,0.61065380229882,0.4910132643517735,0.3569354371427509,0.9993928354584092,us_stocks_financial,tabicl,ml_privacy_meter/logs/us_stocks_financial/tabicl/defense/defense_eval_results.csv,highrisk_label_kanon_k3_a30,highrisk_label_kanon_k3_a30,high-risk label k-anon k3 a30,high-risk label k-anon k3 a30,High-risk label k-anon,TabICL,0.8370701416975317,0.6752211616196805,0.9993928354584092,0.1591995012919296,0.06456735932086044,0.0,0.11188343030639503,0.11188343030639503
1,highrisk_label_kanon_k3_a50,596.7966182231903,0.7452603747904691,0.6469769509722928,0.5006451353659889,0.4257961798373083,0.9993928354584092,us_stocks_financial,tabicl,ml_privacy_meter/logs/us_stocks_financial/tabicl/defense/defense_eval_results.csv,highrisk_label_kanon_k3_a50,highrisk_label_kanon_k3_a50,high-risk label k-anon k3 a50,high-risk label k-anon k3 a50,High-risk label k-anon,TabICL,0.8370701416975317,0.6752211616196805,0.9993928354584092,0.09180976690706255,0.02824421064738769,0.0,0.06002698877722512,0.06002698877722512
1,highrisk_label_kanon_k5,593.1215174198151,0.5273463665423215,0.4693899858033354,0.4610260822698738,-0.25726669464132,0.9975713418336368,us_stocks_financial,tabicl,ml_privacy_meter/logs/us_stocks_financial/tabicl/defense/defense_eval_results.csv,highrisk_label_kanon_k5,highrisk_label_kanon_k5,high-risk label k-anon k5,high-risk label k-anon k5,High-risk label k-anon,TabICL,0.8370701416975317,0.6752211616196805,0.9993928354584092,0.3097237751552102,0.20583117581634508,0.0018214936247723523,0.2577774754857777,0.2559559818610053
1,highrisk_label_kanon_k5_a30,593.3663969039917,0.6281297820659004,0.5907799465385539,0.4808468526057386,0.3134975576336646,0.9981785063752276,us_stocks_financial,tabicl,ml_privacy_meter/logs/us_stocks_financial/tabicl/defense/defense_eval_results.csv,highrisk_label_kanon_k5_a30,highrisk_label_kanon_k5_a30,high-risk label k-anon k5 a30,high-risk label k-anon k5 a30,High-risk label k-anon,TabICL,0.8370701416975317,0.6752211616196805,0.9993928354584092,0.20894035963163127,0.08444121508112656,0.0012143290831815312,0.14669078735637892,0.14547645827319738
1,highrisk_label_kanon_k5_a50,593.1130557060242,0.7337367825587837,0.6445300446912916,0.4902885008491824,0.4468459661514671,0.9993928354584092,us_stocks_financial,tabicl,ml_privacy_meter/logs/us_stocks_financial/tabicl/defense/defense_eval_results.csv,highrisk_label_kanon_k5_a50,highrisk_label_kanon_k5_a50,high-risk label k-anon k5 a50,high-risk label k-anon k5 a50,High-risk label k-anon,TabICL,0.8370701416975317,0.6752211616196805,0.9993928354584092,0.10333335913874797,0.030691116928388884,0.0,0.06701223803356843,0.06701223803356843
1,highrisk_label_kanon_k10,590.9904971122742,0.5148322150372575,0.4519866298460265,0.4619939696432474,-0.3813188684246075,0.994535519125683,us_stocks_financial,tabicl,ml_privacy_meter/logs/us_stocks_financial/tabicl/defense/defense_eval_results.csv,highrisk_label_kanon_k10,highrisk_label_kanon_k10,high-risk label k-anon k10,high-risk label k-anon k10,High-risk label k-anon,TabICL,0.8370701416975317,0.6752211616196805,0.9993928354584092,0.3222379266602742,0.223234531773654,0.004857316332726125,0.27273622921696405,0.26787891288423793
1,highrisk_label_kanon_k10_a30,589.6933648586273,0.5781564906700524,0.5772184638479043,0.4769353047195523,0.1939258024212846,0.9981785063752276,us_stocks_financial,tabicl,ml_privacy_meter/logs/us_stocks_financial/tabicl/defense/defense_eval_results.csv,highrisk_label_kanon_k10_a30,highrisk_label_kanon_k10_a30,high-risk label k-anon k10 a30,high-risk label k-anon k10 a30,High-risk label k-anon,TabICL,0.8370701416975317,0.6752211616196805,0.9993928354584092,0.2589136510274793,0.09800269777177617,0.0012143290831815312,0.17845817439962774,0.1772438453164462
1,highrisk_label_kanon_k10_a50,589.5719501972198,0.7123724797786928,0.6412459370296272,0.4843084646552452,0.4840073045089143,1.0,us_stocks_financial,tabicl,ml_privacy_meter/logs/us_stocks_financial/tabicl/defense/defense_eval_results.csv,highrisk_label_kanon_k10_a50,highrisk_label_kanon_k10_a50,high-risk label k-anon k10 a50,high-risk label k-anon k10 a50,High-risk label k-anon,TabICL,0.8370701416975317,0.6752211616196805,0.9993928354584092,0.12469766191883891,0.03397522459005331,-0.0006071645415908211,0.07933644325444611,0.07994360779603693
1,no_defense,0.0,0.6387763588486214,0.7511510136551195,,,1.0,us_stocks_financial,tabpfn,ml_privacy_meter/logs/us_stocks_financial/tabpfn/defense/defense_eval_results.csv,no_defense,no_defense,No defense,No defense,No defense,TabPFN,0.6387763588486214,0.7511510136551195,1.0,0.0,0.0,0.0,0.0,0.0
1,label_kanon_k3,1023.386904001236,0.513499181046734,0.5468443848708016,0.5079119401284888,0.171614319081304,0.9987856709168184,us_stocks_financial,tabpfn,ml_privacy_meter/logs/us_stocks_financial/tabpfn/defense/defense_eval_results.csv,label_kanon_k3,label_kanon_k3,label k-anon k3,label k-anon k3,Label k-anon,TabPFN,0.6387763588486214,0.7511510136551195,1.0,0.1252771778018874,0.20430662878431793,0.0012143290831816422,0.16479190329310267,0.16357757420992103
1,label_kanon_k3_a30,1032.8497140407562,0.5372821884761129,0.596248482549457,0.5098725986679244,0.2857528300609603,0.9987856709168184,us_stocks_financial,tabpfn,ml_privacy_meter/logs/us_stocks_financial/tabpfn/defense/defense_eval_results.csv,label_kanon_k3_a30,label_kanon_k3_a30,label k-anon k3 a30,label k-anon k3 a30,Label k-anon,TabPFN,0.6387763588486214,0.7511510136551195,1.0,0.10149417037250852,0.15490253110566254,0.0012143290831816422,0.12819835073908553,0.1269840216559039
1,label_kanon_k3_a50,1033.1853902339935,0.5458626731681566,0.6524893561880831,0.514267629429822,0.4149946774829587,0.9987856709168184,us_stocks_financial,tabpfn,ml_privacy_meter/logs/us_stocks_financial/tabpfn/defense/defense_eval_results.csv,label_kanon_k3_a50,label_kanon_k3_a50,label k-anon k3 a50,label k-anon k3 a50,Label k-anon,TabPFN,0.6387763588486214,0.7511510136551195,1.0,0.09291368568046476,0.09866165746703637,0.0012143290831816422,0.09578767157375057,0.09457334249056892
1,label_kanon_k5,977.006686925888,0.4940295486743574,0.5526493128939702,0.5065588147794244,0.1628151853131259,0.9957498482088646,us_stocks_financial,tabpfn,ml_privacy_meter/logs/us_stocks_financial/tabpfn/defense/defense_eval_results.csv,label_kanon_k5,label_kanon_k5,label k-anon k5,label k-anon k5,Label k-anon,TabPFN,0.6387763588486214,0.7511510136551195,1.0,0.144746810174264,0.19850170076114926,0.004250151791135415,0.17162425546770663,0.1673741036765712
1,label_kanon_k5_a30,986.0288980007172,0.5148301874689645,0.5884699932795328,0.5085179987237379,0.2908987068943575,0.9957498482088646,us_stocks_financial,tabpfn,ml_privacy_meter/logs/us_stocks_financial/tabpfn/defense/defense_eval_results.csv,label_kanon_k5_a30,label_kanon_k5_a30,label k-anon k5 a30,label k-anon k5 a30,Label k-anon,TabPFN,0.6387763588486214,0.7511510136551195,1.0,0.12394617137965691,0.16268102037558674,0.004250151791135415,0.14331359587762182,0.1390634440864864
1,label_kanon_k5_a50,985.8700919151306,0.5317738383969086,0.6390600340852662,0.5121272546098607,0.3973702141743199,0.995142683667274,us_stocks_financial,tabpfn,ml_privacy_meter/logs/us_stocks_financial/tabpfn/defense/defense_eval_results.csv,label_kanon_k5_a50,label_kanon_k5_a50,label k-anon k5 a50,label k-anon k5 a50,Label k-anon,TabPFN,0.6387763588486214,0.7511510136551195,1.0,0.10700252045171277,0.11209097956985326,0.004857316332726014,0.10954675001078301,0.104689433678057
1,label_kanon_k10,940.6054990291595,0.4973558666213966,0.5590905287123946,0.5035320239665946,0.1457629252087708,0.973284760170006,us_stocks_financial,tabpfn,ml_privacy_meter/logs/us_stocks_financial/tabpfn/defense/defense_eval_results.csv,label_kanon_k10,label_kanon_k10,label k-anon k10,label k-anon k10,Label k-anon,TabPFN,0.6387763588486214,0.7511510136551195,1.0,0.1414204922272248,0.19206048494272487,0.02671523982999402,0.16674048858497484,0.14002524875498082
1,label_kanon_k10_a30,950.42941737175,0.500860426253839,0.5999364449502305,0.5074916805186446,0.3196863107279896,0.9987856709168184,us_stocks_financial,tabpfn,ml_privacy_meter/logs/us_stocks_financial/tabpfn/defense/defense_eval_results.csv,label_kanon_k10_a30,label_kanon_k10_a30,label k-anon k10 a30,label k-anon k10 a30,Label k-anon,TabPFN,0.6387763588486214,0.7511510136551195,1.0,0.1379159325947824,0.15121456870488903,0.0012143290831816422,0.14456525064983572,0.14335092156665408
1,label_kanon_k10_a50,951.5110404491425,0.5170319423108897,0.6354310554893831,0.5108760606486228,0.4132667560564781,0.995142683667274,us_stocks_financial,tabpfn,ml_privacy_meter/logs/us_stocks_financial/tabpfn/defense/defense_eval_results.csv,label_kanon_k10_a50,label_kanon_k10_a50,label k-anon k10 a50,label k-anon k10 a50,Label k-anon,TabPFN,0.6387763588486214,0.7511510136551195,1.0,0.12174441653773171,0.11571995816573644,0.004857316332726014,0.11873218735173408,0.11387487101900806
1,"attn_drop_p10_l0,1,4,7,9,10",870.8722403049469,0.5913399240362323,0.7471909884542889,0.5329151750215383,0.7843343825214745,0.9987856709168184,us_stocks_financial,tabpfn,ml_privacy_meter/logs/us_stocks_financial/tabpfn/defense/defense_eval_results.csv,"attn_drop_p10_l0,1,4,7,9,10",attn_drop_p10,attn drop p10,attn drop p10,Attention dropout,TabPFN,0.6387763588486214,0.7511510136551195,1.0,0.04743643481238913,0.003960025200830608,0.0012143290831816422,0.025698230006609868,0.024483900923428226
1,"attn_drop_p30_l0,1,4,7,9,10",870.1594891548157,0.5840996619859331,0.7378953251279488,0.5313729328480441,0.7515475658235724,0.9993928354584092,us_stocks_financial,tabpfn,ml_privacy_meter/logs/us_stocks_financial/tabpfn/defense/defense_eval_results.csv,"attn_drop_p30_l0,1,4,7,9,10",attn_drop_p30,attn drop p30,attn drop p30,Attention dropout,TabPFN,0.6387763588486214,0.7511510136551195,1.0,0.05467669686268828,0.01325568852717074,0.0006071645415908211,0.03396619269492951,0.03335902815333869
1,"attn_drop_p50_l0,1,4,7,9,10",871.4250855445862,0.5741017227326165,0.7222421292563727,0.5292268439719842,0.7005144219261011,0.9963570127504554,us_stocks_financial,tabpfn,ml_privacy_meter/logs/us_stocks_financial/tabpfn/defense/defense_eval_results.csv,"attn_drop_p50_l0,1,4,7,9,10",attn_drop_p50,attn drop p50,attn drop p50,Attention dropout,TabPFN,0.6387763588486214,0.7511510136551195,1.0,0.06467463611600488,0.028908884398746837,0.0036429872495445936,0.04679176025737586,0.043148773007831265
1,"attn_drop_p70_l0,1,4,7,9,10",870.8371460437775,0.5657662051552582,0.6979725054366479,0.5262699121030713,0.6249224162136474,0.9957498482088646,us_stocks_financial,tabpfn,ml_privacy_meter/logs/us_stocks_financial/tabpfn/defense/defense_eval_results.csv,"attn_drop_p70_l0,1,4,7,9,10",attn_drop_p70,attn drop p70,attn drop p70,Attention dropout,TabPFN,0.6387763588486214,0.7511510136551195,1.0,0.07301015369336317,0.05317850821847159,0.004250151791135415,0.06309433095591738,0.05884417916478196
1,"attn_drop_p90_l0,1,4,7,9,10",870.4058284759521,0.5178520015232568,0.6370107155141048,0.5179014004598524,0.4447423839211381,0.9860352155434122,us_stocks_financial,tabpfn,ml_privacy_meter/logs/us_stocks_financial/tabpfn/defense/defense_eval_results.csv,"attn_drop_p90_l0,1,4,7,9,10",attn_drop_p90,attn drop p90,attn drop p90,Attention dropout,TabPFN,0.6387763588486214,0.7511510136551195,1.0,0.12092435732536455,0.11414029814101467,0.013964784456587775,0.11753232773318961,0.10356754327660184
1,highrisk_label_kanon_k3,0.0,0.3920653511066284,0.2958793545254771,0.2929567069931568,-0.9132602687177624,1.0,us_stocks_financial,tabpfn,ml_privacy_meter/logs/us_stocks_financial/tabpfn/defense/defense_eval_results.csv,highrisk_label_kanon_k3,highrisk_label_kanon_k3,high-risk label k-anon k3,high-risk label k-anon k3,High-risk label k-anon,TabPFN,0.6387763588486214,0.7511510136551195,1.0,0.246711007741993,0.4552716591296424,0.0,0.3509913334358177,0.3509913334358177
1,highrisk_label_kanon_k3_a30,0.0,0.4267391651358526,0.3282507725956818,0.3043726537809171,-0.6257921497689772,1.0,us_stocks_financial,tabpfn,ml_privacy_meter/logs/us_stocks_financial/tabpfn/defense/defense_eval_results.csv,highrisk_label_kanon_k3_a30,highrisk_label_kanon_k3_a30,high-risk label k-anon k3 a30,high-risk label k-anon k3 a30,High-risk label k-anon,TabPFN,0.6387763588486214,0.7511510136551195,1.0,0.2120371937127688,0.4229002410594377,0.0,0.31746871738610327,0.31746871738610327
1,highrisk_label_kanon_k3_a50,0.0,0.4469881210303438,0.4062380534754548,0.3372161266146355,-0.2317289825203933,1.0,us_stocks_financial,tabpfn,ml_privacy_meter/logs/us_stocks_financial/tabpfn/defense/defense_eval_results.csv,highrisk_label_kanon_k3_a50,highrisk_label_kanon_k3_a50,high-risk label k-anon k3 a50,high-risk label k-anon k3 a50,High-risk label k-anon,TabPFN,0.6387763588486214,0.7511510136551195,1.0,0.19178823781827758,0.3449129601796647,0.0,0.2683505989989712,0.2683505989989712
1,highrisk_label_kanon_k5,0.0,0.4048311054044279,0.3032750020367845,0.2987415436577848,-0.9604081105039732,1.0,us_stocks_financial,tabpfn,ml_privacy_meter/logs/us_stocks_financial/tabpfn/defense/defense_eval_results.csv,highrisk_label_kanon_k5,highrisk_label_kanon_k5,high-risk label k-anon k5,high-risk label k-anon k5,High-risk label k-anon,TabPFN,0.6387763588486214,0.7511510136551195,1.0,0.23394525344419348,0.447876011618335,0.0,0.34091063253126425,0.34091063253126425
1,highrisk_label_kanon_k5_a30,0.0,0.4063307686437669,0.3183693263570238,0.2991343389334769,-0.8713898538697358,0.9982,us_stocks_financial,tabpfn,ml_privacy_meter/logs/us_stocks_financial/tabpfn/defense/defense_eval_results.csv,highrisk_label_kanon_k5_a30,highrisk_label_kanon_k5_a30,high-risk label k-anon k5 a30,high-risk label k-anon k5 a30,High-risk label k-anon,TabPFN,0.6387763588486214,0.7511510136551195,1.0,0.2324455902048545,0.4327816872980957,0.0018000000000000238,0.3326136387514751,0.33081363875147507
1,highrisk_label_kanon_k5_a50,0.0,0.4165069495824868,0.3547791074939292,0.312569006443612,-0.5624335340320061,0.9976,us_stocks_financial,tabpfn,ml_privacy_meter/logs/us_stocks_financial/tabpfn/defense/defense_eval_results.csv,highrisk_label_kanon_k5_a50,highrisk_label_kanon_k5_a50,high-risk label k-anon k5 a50,high-risk label k-anon k5 a50,High-risk label k-anon,TabPFN,0.6387763588486214,0.7511510136551195,1.0,0.2222694092661346,0.3963719061611903,0.0023999999999999577,0.30932065771366246,0.3069206577136625
1,highrisk_label_kanon_k10,3953.717955112457,0.3923576895896165,0.3083673319671209,0.3007497578899133,-0.9572141119323327,0.9933211900425016,us_stocks_financial,tabpfn,ml_privacy_meter/logs/us_stocks_financial/tabpfn/defense/defense_eval_results.csv,highrisk_label_kanon_k10,highrisk_label_kanon_k10,high-risk label k-anon k10,high-risk label k-anon k10,High-risk label k-anon,TabPFN,0.6387763588486214,0.7511510136551195,1.0,0.2464186692590049,0.4427836816879986,0.006678809957498366,0.3446011754735018,0.3379223655160034
1,highrisk_label_kanon_k10_a30,3968.079301595688,0.3879580507179619,0.3268650218295376,0.3030324311391726,-0.9218964444068448,0.9987856709168184,us_stocks_financial,tabpfn,ml_privacy_meter/logs/us_stocks_financial/tabpfn/defense/defense_eval_results.csv,highrisk_label_kanon_k10_a30,highrisk_label_kanon_k10_a30,high-risk label k-anon k10 a30,high-risk label k-anon k10 a30,High-risk label k-anon,TabPFN,0.6387763588486214,0.7511510136551195,1.0,0.2508183081306595,0.4242859918255819,0.0012143290831816422,0.33755214997812066,0.336337820894939
1,highrisk_label_kanon_k10_a50,3968.767476558685,0.3982781890054925,0.3469626473996068,0.3034421842587708,-0.7460093773230977,0.9975713418336368,us_stocks_financial,tabpfn,ml_privacy_meter/logs/us_stocks_financial/tabpfn/defense/defense_eval_results.csv,highrisk_label_kanon_k10_a50,highrisk_label_kanon_k10_a50,high-risk label k-anon k10 a50,high-risk label k-anon k10 a50,High-risk label k-anon,TabPFN,0.6387763588486214,0.7511510136551195,1.0,0.24049816984312888,0.4041883662555127,0.0024286581663631734,0.3223432680493208,0.3199146098829576
