dataset,attack,attack_label,fpr,mean_tpr,std_tpr_across_models,mean_auc,std_auc_across_models,n_models,n_seed_curves
locations,rmia,RMIA,0.0,0.0,0.0,0.8488418602164647,0.08059686460465387,8,40
locations,rmia,RMIA,0.0025,0.1101444636356883,0.10997938622101731,0.8488418602164647,0.08059686460465387,8,40
locations,rmia,RMIA,0.005,0.16582816934105934,0.16670616639727415,0.8488418602164647,0.08059686460465387,8,40
locations,rmia,RMIA,0.0075,0.18990167845999553,0.17005025531712548,0.8488418602164647,0.08059686460465387,8,40
locations,rmia,RMIA,0.01,0.20907198945100663,0.17545276822574962,0.8488418602164647,0.08059686460465387,8,40
locations,rmia,RMIA,0.0125,0.2251542418839611,0.17939788864126954,0.8488418602164647,0.08059686460465387,8,40
locations,rmia,RMIA,0.015,0.238605183493054,0.1821595663524382,0.8488418602164647,0.08059686460465387,8,40
locations,rmia,RMIA,0.0175,0.25177898280216926,0.1872701223154465,0.8488418602164647,0.08059686460465387,8,40
locations,rmia,RMIA,0.02,0.2634912265062031,0.19317524212956969,0.8488418602164647,0.08059686460465387,8,40
locations,rmia,RMIA,0.0225,0.27360970070945695,0.19894281422149712,0.8488418602164647,0.08059686460465387,8,40
locations,rmia,RMIA,0.025,0.28343862361637323,0.2012522464932455,0.8488418602164647,0.08059686460465387,8,40
locations,rmia,RMIA,0.0275,0.2922803990990808,0.20219821993276937,0.8488418602164647,0.08059686460465387,8,40
locations,rmia,RMIA,0.03,0.30197509640645365,0.20302765293702815,0.8488418602164647,0.08059686460465387,8,40
locations,rmia,RMIA,0.0325,0.3115005459796314,0.2038686648319093,0.8488418602164647,0.08059686460465387,8,40
locations,rmia,RMIA,0.035,0.3182890240577156,0.2036666300913773,0.8488418602164647,0.08059686460465387,8,40
locations,rmia,RMIA,0.0375,0.32629715611514076,0.20280276339944037,0.8488418602164647,0.08059686460465387,8,40
locations,rmia,RMIA,0.04,0.3342276745615279,0.20224414163775156,0.8488418602164647,0.08059686460465387,8,40
locations,rmia,RMIA,0.0425,0.34226408827944027,0.20128056857324425,0.8488418602164647,0.08059686460465387,8,40
locations,rmia,RMIA,0.045,0.34940254248806324,0.2006102401517478,0.8488418602164647,0.08059686460465387,8,40
locations,rmia,RMIA,0.0475,0.355797222320711,0.20025624162710057,0.8488418602164647,0.08059686460465387,8,40
locations,rmia,RMIA,0.05,0.3619656530200602,0.20025082435487704,0.8488418602164647,0.08059686460465387,8,40
locations,rmia,RMIA,0.0525,0.370124726792102,0.19923944348417189,0.8488418602164647,0.08059686460465387,8,40
locations,rmia,RMIA,0.055,0.37785092087016814,0.19923226793705084,0.8488418602164647,0.08059686460465387,8,40
locations,rmia,RMIA,0.0575,0.38423471386474506,0.20009295616165743,0.8488418602164647,0.08059686460465387,8,40
locations,rmia,RMIA,0.06,0.3910068184632147,0.20127221837113585,0.8488418602164647,0.08059686460465387,8,40
locations,rmia,RMIA,0.0625,0.39728062396305375,0.20102237936860357,0.8488418602164647,0.08059686460465387,8,40
locations,rmia,RMIA,0.065,0.40335723324171063,0.20052585671563453,0.8488418602164647,0.08059686460465387,8,40
locations,rmia,RMIA,0.0675,0.41003145940123314,0.200042907891095,0.8488418602164647,0.08059686460465387,8,40
locations,rmia,RMIA,0.07,0.41622725466161503,0.19919587492229796,0.8488418602164647,0.08059686460465387,8,40
locations,rmia,RMIA,0.0725,0.42164730982096427,0.19896857299936496,0.8488418602164647,0.08059686460465387,8,40
locations,rmia,RMIA,0.075,0.42709387304063584,0.1991330459800958,0.8488418602164647,0.08059686460465387,8,40
locations,rmia,RMIA,0.0775,0.43276638320889976,0.2003259394522616,0.8488418602164647,0.08059686460465387,8,40
locations,rmia,RMIA,0.08,0.4382909850679742,0.20067612419306838,0.8488418602164647,0.08059686460465387,8,40
locations,rmia,RMIA,0.0825,0.44393682118713323,0.20051269007882283,0.8488418602164647,0.08059686460465387,8,40
locations,rmia,RMIA,0.085,0.45020008914642307,0.2005781247964128,0.8488418602164647,0.08059686460465387,8,40
locations,rmia,RMIA,0.08750000000000001,0.45689286410742147,0.19959976770677895,0.8488418602164647,0.08059686460465387,8,40
locations,rmia,RMIA,0.09,0.463778100624025,0.1990315685994723,0.8488418602164647,0.08059686460465387,8,40
locations,rmia,RMIA,0.0925,0.4700583999609984,0.19925101608622525,0.8488418602164647,0.08059686460465387,8,40
locations,rmia,RMIA,0.095,0.47719195592823715,0.1994516938448576,0.8488418602164647,0.08059686460465387,8,40
locations,rmia,RMIA,0.0975,0.48474662071601915,0.1996085700045859,0.8488418602164647,0.08059686460465387,8,40
locations,rmia,RMIA,0.1,0.4914916208553104,0.1996792011388564,0.8488418602164647,0.08059686460465387,8,40
locations,rmia,RMIA,0.10250000000000001,0.496678060152168,0.19949122061257332,0.8488418602164647,0.08059686460465387,8,40
locations,rmia,RMIA,0.105,0.502072199007008,0.19951760747732203,0.8488418602164647,0.08059686460465387,8,40
locations,rmia,RMIA,0.1075,0.5077411546938068,0.19947381992488508,0.8488418602164647,0.08059686460465387,8,40
locations,rmia,RMIA,0.11,0.5136317064111136,0.1991692148984679,0.8488418602164647,0.08059686460465387,8,40
locations,rmia,RMIA,0.1125,0.5193258766064929,0.19883891734526757,0.8488418602164647,0.08059686460465387,8,40
locations,rmia,RMIA,0.115,0.52490715121462,0.19833946274347752,0.8488418602164647,0.08059686460465387,8,40
locations,rmia,RMIA,0.11750000000000001,0.5304364036509513,0.1977490176033191,0.8488418602164647,0.08059686460465387,8,40
locations,rmia,RMIA,0.12,0.5352191921443091,0.19745002564746975,0.8488418602164647,0.08059686460465387,8,40
locations,rmia,RMIA,0.1225,0.5414320123032194,0.19650391188942545,0.8488418602164647,0.08059686460465387,8,40
locations,rmia,RMIA,0.125,0.5472413684426165,0.19601396434749396,0.8488418602164647,0.08059686460465387,8,40
locations,rmia,RMIA,0.1275,0.5541868551939049,0.19558848505005955,0.8488418602164647,0.08059686460465387,8,40
locations,rmia,RMIA,0.13,0.5615048068437889,0.1953212146665537,0.8488418602164647,0.08059686460465387,8,40
locations,rmia,RMIA,0.1325,0.5670768455321548,0.19489198469142158,0.8488418602164647,0.08059686460465387,8,40
locations,rmia,RMIA,0.135,0.5730092574536315,0.19516259480440257,0.8488418602164647,0.08059686460465387,8,40
locations,rmia,RMIA,0.1375,0.5783095234226036,0.19523064486502362,0.8488418602164647,0.08059686460465387,8,40
locations,rmia,RMIA,0.14,0.5846349280637892,0.19538890185978117,0.8488418602164647,0.08059686460465387,8,40
locations,rmia,RMIA,0.14250000000000002,0.5893349378141793,0.19479867716613097,0.8488418602164647,0.08059686460465387,8,40
locations,rmia,RMIA,0.145,0.5941736804472179,0.1940281870632849,0.8488418602164647,0.08059686460465387,8,40
locations,rmia,RMIA,0.1475,0.6008235574065819,0.19339631111230668,0.8488418602164647,0.08059686460465387,8,40
locations,rmia,RMIA,0.15,0.6059752897258748,0.19297306449076998,0.8488418602164647,0.08059686460465387,8,40
locations,rmia,RMIA,0.1525,0.6105949192729615,0.1921342524236037,0.8488418602164647,0.08059686460465387,8,40
locations,rmia,RMIA,0.155,0.6163158532055568,0.19097855673311692,0.8488418602164647,0.08059686460465387,8,40
locations,rmia,RMIA,0.1575,0.6214386650168389,0.18997755510662995,0.8488418602164647,0.08059686460465387,8,40
locations,rmia,RMIA,0.16,0.6261864602679346,0.18832152479499775,0.8488418602164647,0.08059686460465387,8,40
locations,rmia,RMIA,0.1625,0.6311614834831488,0.18765498391950963,0.8488418602164647,0.08059686460465387,8,40
locations,rmia,RMIA,0.165,0.6366109216749622,0.187788403577311,0.8488418602164647,0.08059686460465387,8,40
locations,rmia,RMIA,0.1675,0.6409875275894494,0.1874427045778078,0.8488418602164647,0.08059686460465387,8,40
locations,rmia,RMIA,0.17,0.6451967960560528,0.1870959460507655,0.8488418602164647,0.08059686460465387,8,40
locations,rmia,RMIA,0.17250000000000001,0.6500298371342749,0.1874125539258332,0.8488418602164647,0.08059686460465387,8,40
locations,rmia,RMIA,0.17500000000000002,0.6553874069436463,0.18766087474765053,0.8488418602164647,0.08059686460465387,8,40
locations,rmia,RMIA,0.1775,0.6616682233078797,0.18777876542333538,0.8488418602164647,0.08059686460465387,8,40
locations,rmia,RMIA,0.18,0.6663401278156389,0.18708843357140809,0.8488418602164647,0.08059686460465387,8,40
locations,rmia,RMIA,0.1825,0.6716614978575752,0.18731665318060065,0.8488418602164647,0.08059686460465387,8,40
locations,rmia,RMIA,0.185,0.6767374931956343,0.1868805784922698,0.8488418602164647,0.08059686460465387,8,40
locations,rmia,RMIA,0.1875,0.6827071419584019,0.18654994583411774,0.8488418602164647,0.08059686460465387,8,40
locations,rmia,RMIA,0.19,0.6886912296558697,0.18601885949799285,0.8488418602164647,0.08059686460465387,8,40
locations,rmia,RMIA,0.1925,0.693745105769874,0.18629499004553532,0.8488418602164647,0.08059686460465387,8,40
locations,rmia,RMIA,0.195,0.6989231541841039,0.1862005880548776,0.8488418602164647,0.08059686460465387,8,40
locations,rmia,RMIA,0.1975,0.7054522633544231,0.18657270294310718,0.8488418602164647,0.08059686460465387,8,40
locations,rmia,RMIA,0.2,0.7107967874270527,0.18607407314860328,0.8488418602164647,0.08059686460465387,8,40
locations,rmia,RMIA,0.2025,0.7148614950391666,0.18497036329491315,0.8488418602164647,0.08059686460465387,8,40
locations,rmia,RMIA,0.20500000000000002,0.7194737562319954,0.18472513083507072,0.8488418602164647,0.08059686460465387,8,40
locations,rmia,RMIA,0.20750000000000002,0.723492756878926,0.18448261665646784,0.8488418602164647,0.08059686460465387,8,40
locations,rmia,RMIA,0.21,0.727804741578552,0.184976732536216,0.8488418602164647,0.08059686460465387,8,40
locations,rmia,RMIA,0.2125,0.732504175901163,0.18398347776145624,0.8488418602164647,0.08059686460465387,8,40
locations,rmia,RMIA,0.215,0.7370150794682581,0.18338509362800318,0.8488418602164647,0.08059686460465387,8,40
locations,rmia,RMIA,0.2175,0.7413220253056154,0.18279434854994833,0.8488418602164647,0.08059686460465387,8,40
locations,rmia,RMIA,0.22,0.7449900605865505,0.18261760755866474,0.8488418602164647,0.08059686460465387,8,40
locations,rmia,RMIA,0.2225,0.7485912341930185,0.18204618139823578,0.8488418602164647,0.08059686460465387,8,40
locations,rmia,RMIA,0.225,0.7533033726219178,0.18131784624573802,0.8488418602164647,0.08059686460465387,8,40
locations,rmia,RMIA,0.2275,0.7579449124490953,0.18027402293915648,0.8488418602164647,0.08059686460465387,8,40
locations,rmia,RMIA,0.23,0.762135936898515,0.17945332240788922,0.8488418602164647,0.08059686460465387,8,40
locations,rmia,RMIA,0.2325,0.7660583722293698,0.1786934325103319,0.8488418602164647,0.08059686460465387,8,40
locations,rmia,RMIA,0.23500000000000001,0.7692296570142027,0.17827885129441318,0.8488418602164647,0.08059686460465387,8,40
locations,rmia,RMIA,0.23750000000000002,0.7726681528624783,0.17737631200160087,0.8488418602164647,0.08059686460465387,8,40
locations,rmia,RMIA,0.24,0.7762523070013709,0.17677902292820755,0.8488418602164647,0.08059686460465387,8,40
locations,rmia,RMIA,0.2425,0.7800765731038906,0.17661437548302938,0.8488418602164647,0.08059686460465387,8,40
locations,rmia,RMIA,0.245,0.78449574066366,0.17563858268258195,0.8488418602164647,0.08059686460465387,8,40
locations,rmia,RMIA,0.2475,0.7884265339384585,0.1748642671231966,0.8488418602164647,0.08059686460465387,8,40
locations,rmia,RMIA,0.25,0.7922338362021876,0.17421719777080372,0.8488418602164647,0.08059686460465387,8,40
locations,rmia,RMIA,0.2525,0.7955997506139741,0.17344794953343048,0.8488418602164647,0.08059686460465387,8,40
locations,rmia,RMIA,0.255,0.7992217808418219,0.17299766601038594,0.8488418602164647,0.08059686460465387,8,40
locations,rmia,RMIA,0.2575,0.8022571967658119,0.17273092985467087,0.8488418602164647,0.08059686460465387,8,40
locations,rmia,RMIA,0.26,0.804792670799269,0.17207903133663788,0.8488418602164647,0.08059686460465387,8,40
locations,rmia,RMIA,0.2625,0.8083001275513205,0.17159421849539971,0.8488418602164647,0.08059686460465387,8,40
locations,rmia,RMIA,0.265,0.812286765827776,0.17081460452142702,0.8488418602164647,0.08059686460465387,8,40
locations,rmia,RMIA,0.2675,0.8153994490210281,0.1697772029289729,0.8488418602164647,0.08059686460465387,8,40
locations,rmia,RMIA,0.27,0.8187796956163961,0.16926298459369332,0.8488418602164647,0.08059686460465387,8,40
locations,rmia,RMIA,0.2725,0.8218639432720166,0.16855442351653926,0.8488418602164647,0.08059686460465387,8,40
locations,rmia,RMIA,0.275,0.824621128952301,0.16757248442328102,0.8488418602164647,0.08059686460465387,8,40
locations,rmia,RMIA,0.2775,0.8276411580213209,0.16567264621545857,0.8488418602164647,0.08059686460465387,8,40
locations,rmia,RMIA,0.28,0.8303047690479048,0.16430015564778194,0.8488418602164647,0.08059686460465387,8,40
locations,rmia,RMIA,0.28250000000000003,0.8326255807375152,0.1629549009054815,0.8488418602164647,0.08059686460465387,8,40
locations,rmia,RMIA,0.28500000000000003,0.8349543264587727,0.16111249661165322,0.8488418602164647,0.08059686460465387,8,40
locations,rmia,RMIA,0.28750000000000003,0.837172280432884,0.15995782871888994,0.8488418602164647,0.08059686460465387,8,40
locations,rmia,RMIA,0.29,0.83982911633132,0.15902707313779643,0.8488418602164647,0.08059686460465387,8,40
locations,rmia,RMIA,0.2925,0.8424001487976186,0.15734155175868728,0.8488418602164647,0.08059686460465387,8,40
locations,rmia,RMIA,0.295,0.8448279749220271,0.15570334204112907,0.8488418602164647,0.08059686460465387,8,40
locations,rmia,RMIA,0.2975,0.8469586852413491,0.1545295209402942,0.8488418602164647,0.08059686460465387,8,40
locations,rmia,RMIA,0.3,0.8493871518280646,0.1531797910999801,0.8488418602164647,0.08059686460465387,8,40
locations,rmia,RMIA,0.3025,0.8517566036732379,0.15185618961839564,0.8488418602164647,0.08059686460465387,8,40
locations,rmia,RMIA,0.305,0.8541948629373747,0.1509657291336481,0.8488418602164647,0.08059686460465387,8,40
locations,rmia,RMIA,0.3075,0.8564587768705554,0.15012268381313157,0.8488418602164647,0.08059686460465387,8,40
locations,rmia,RMIA,0.31,0.8592847095312384,0.14885528728635086,0.8488418602164647,0.08059686460465387,8,40
locations,rmia,RMIA,0.3125,0.8610402099119678,0.1476713527170247,0.8488418602164647,0.08059686460465387,8,40
locations,rmia,RMIA,0.315,0.8626648982030709,0.14660622951698973,0.8488418602164647,0.08059686460465387,8,40
locations,rmia,RMIA,0.3175,0.8641796799193396,0.14535392884812118,0.8488418602164647,0.08059686460465387,8,40
locations,rmia,RMIA,0.32,0.8657739635299697,0.14417459785659462,0.8488418602164647,0.08059686460465387,8,40
locations,rmia,RMIA,0.3225,0.8673839923954101,0.14308548061923987,0.8488418602164647,0.08059686460465387,8,40
locations,rmia,RMIA,0.325,0.8687927017080683,0.1420195130781307,0.8488418602164647,0.08059686460465387,8,40
locations,rmia,RMIA,0.3275,0.8703056971683629,0.1410697117658771,0.8488418602164647,0.08059686460465387,8,40
locations,rmia,RMIA,0.33,0.8715602686012203,0.14079929604544056,0.8488418602164647,0.08059686460465387,8,40
locations,rmia,RMIA,0.3325,0.8733580184755009,0.14029140706994203,0.8488418602164647,0.08059686460465387,8,40
locations,rmia,RMIA,0.335,0.8748965759106555,0.13951843919861975,0.8488418602164647,0.08059686460465387,8,40
locations,rmia,RMIA,0.3375,0.8761232952294283,0.1385822935647501,0.8488418602164647,0.08059686460465387,8,40
locations,rmia,RMIA,0.34,0.8773062699650843,0.13784250591195768,0.8488418602164647,0.08059686460465387,8,40
locations,rmia,RMIA,0.3425,0.8784035593566599,0.13721488575928492,0.8488418602164647,0.08059686460465387,8,40
locations,rmia,RMIA,0.34500000000000003,0.8797701275908179,0.13640890307275352,0.8488418602164647,0.08059686460465387,8,40
locations,rmia,RMIA,0.34750000000000003,0.8814173041564519,0.1353600194672161,0.8488418602164647,0.08059686460465387,8,40
locations,rmia,RMIA,0.35000000000000003,0.8840458361191591,0.133810240439877,0.8488418602164647,0.08059686460465387,8,40
locations,rmia,RMIA,0.3525,0.8853777853614144,0.13306237013644578,0.8488418602164647,0.08059686460465387,8,40
locations,rmia,RMIA,0.355,0.8868171045478183,0.13217550203851783,0.8488418602164647,0.08059686460465387,8,40
locations,rmia,RMIA,0.3575,0.888400975250049,0.13118658861137533,0.8488418602164647,0.08059686460465387,8,40
locations,rmia,RMIA,0.36,0.8897441673251345,0.13050607346148696,0.8488418602164647,0.08059686460465387,8,40
locations,rmia,RMIA,0.3625,0.8911288227016094,0.12988615105606918,0.8488418602164647,0.08059686460465387,8,40
locations,rmia,RMIA,0.365,0.8924558152001405,0.1294805316603089,0.8488418602164647,0.08059686460465387,8,40
locations,rmia,RMIA,0.3675,0.8935382539879517,0.12893176921491642,0.8488418602164647,0.08059686460465387,8,40
locations,rmia,RMIA,0.37,0.8950098373415456,0.12841319234759938,0.8488418602164647,0.08059686460465387,8,40
locations,rmia,RMIA,0.3725,0.8967388316246936,0.12753906952822575,0.8488418602164647,0.08059686460465387,8,40
locations,rmia,RMIA,0.375,0.8984575231223536,0.126280495091389,0.8488418602164647,0.08059686460465387,8,40
locations,rmia,RMIA,0.3775,0.8999613972773196,0.12501675799621115,0.8488418602164647,0.08059686460465387,8,40
locations,rmia,RMIA,0.38,0.9012555177921402,0.12392077969531168,0.8488418602164647,0.08059686460465387,8,40
locations,rmia,RMIA,0.3825,0.9025791277917351,0.12297568284023251,0.8488418602164647,0.08059686460465387,8,40
locations,rmia,RMIA,0.385,0.9039291834660398,0.12217311229633276,0.8488418602164647,0.08059686460465387,8,40
locations,rmia,RMIA,0.3875,0.9055036176690574,0.12115391791301171,0.8488418602164647,0.08059686460465387,8,40
locations,rmia,RMIA,0.39,0.9072741196790729,0.12014273614462231,0.8488418602164647,0.08059686460465387,8,40
locations,rmia,RMIA,0.3925,0.9089483108187965,0.11907026955796583,0.8488418602164647,0.08059686460465387,8,40
locations,rmia,RMIA,0.395,0.9109094921524133,0.11818917977806764,0.8488418602164647,0.08059686460465387,8,40
locations,rmia,RMIA,0.3975,0.912829149487408,0.11728832835653061,0.8488418602164647,0.08059686460465387,8,40
locations,rmia,RMIA,0.4,0.9143004420176808,0.11637593448538408,0.8488418602164647,0.08059686460465387,8,40
locations,rmia,RMIA,0.4025,0.9156902621462002,0.11531351008605716,0.8488418602164647,0.08059686460465387,8,40
locations,rmia,RMIA,0.405,0.9169596203848154,0.11428198323167874,0.8488418602164647,0.08059686460465387,8,40
locations,rmia,RMIA,0.40750000000000003,0.918169062941089,0.11389190834881568,0.8488418602164647,0.08059686460465387,8,40
locations,rmia,RMIA,0.41000000000000003,0.919457297006166,0.11334605841196776,0.8488418602164647,0.08059686460465387,8,40
locations,rmia,RMIA,0.41250000000000003,0.9203415649125966,0.11293563907084858,0.8488418602164647,0.08059686460465387,8,40
locations,rmia,RMIA,0.41500000000000004,0.9212881229534895,0.11255697465666185,0.8488418602164647,0.08059686460465387,8,40
locations,rmia,RMIA,0.4175,0.9225406874667843,0.11206402757661783,0.8488418602164647,0.08059686460465387,8,40
locations,rmia,RMIA,0.42,0.9238119541145283,0.11069784964395295,0.8488418602164647,0.08059686460465387,8,40
locations,rmia,RMIA,0.4225,0.9247389461617425,0.11015134021535031,0.8488418602164647,0.08059686460465387,8,40
locations,rmia,RMIA,0.425,0.9256429792906002,0.10959486899247284,0.8488418602164647,0.08059686460465387,8,40
locations,rmia,RMIA,0.4275,0.9268888206989319,0.10831416844435449,0.8488418602164647,0.08059686460465387,8,40
locations,rmia,RMIA,0.43,0.9279392031720229,0.10772794990007388,0.8488418602164647,0.08059686460465387,8,40
locations,rmia,RMIA,0.4325,0.9291586401118384,0.10641492298313004,0.8488418602164647,0.08059686460465387,8,40
locations,rmia,RMIA,0.435,0.9302021945163521,0.10576212879067357,0.8488418602164647,0.08059686460465387,8,40
locations,rmia,RMIA,0.4375,0.9313424815401707,0.10492208711842098,0.8488418602164647,0.08059686460465387,8,40
locations,rmia,RMIA,0.44,0.9324917918534923,0.10374081855308302,0.8488418602164647,0.08059686460465387,8,40
locations,rmia,RMIA,0.4425,0.9333433122552176,0.10297762739196051,0.8488418602164647,0.08059686460465387,8,40
locations,rmia,RMIA,0.445,0.9341287965154971,0.1020984897773528,0.8488418602164647,0.08059686460465387,8,40
locations,rmia,RMIA,0.4475,0.9349800873398573,0.10107730200670377,0.8488418602164647,0.08059686460465387,8,40
locations,rmia,RMIA,0.45,0.9358817949095272,0.10038191414765082,0.8488418602164647,0.08059686460465387,8,40
locations,rmia,RMIA,0.4525,0.9365791953727022,0.09954317013366334,0.8488418602164647,0.08059686460465387,8,40
locations,rmia,RMIA,0.455,0.9371327279383042,0.09893289784360182,0.8488418602164647,0.08059686460465387,8,40
locations,rmia,RMIA,0.4575,0.9378983430705422,0.09830281707018644,0.8488418602164647,0.08059686460465387,8,40
locations,rmia,RMIA,0.46,0.9387674203650762,0.09733335007297847,0.8488418602164647,0.08059686460465387,8,40
locations,rmia,RMIA,0.4625,0.9395929747044063,0.09619035638262996,0.8488418602164647,0.08059686460465387,8,40
locations,rmia,RMIA,0.465,0.9403028118793356,0.09505740244544214,0.8488418602164647,0.08059686460465387,8,40
locations,rmia,RMIA,0.4675,0.9412334361893215,0.09362093474118109,0.8488418602164647,0.08059686460465387,8,40
locations,rmia,RMIA,0.47000000000000003,0.9418221143214606,0.09278321166060262,0.8488418602164647,0.08059686460465387,8,40
locations,rmia,RMIA,0.47250000000000003,0.9423705778071348,0.09195434034609716,0.8488418602164647,0.08059686460465387,8,40
locations,rmia,RMIA,0.47500000000000003,0.9427105320585003,0.09147438296973272,0.8488418602164647,0.08059686460465387,8,40
locations,rmia,RMIA,0.47750000000000004,0.9431086847628041,0.09117116275027229,0.8488418602164647,0.08059686460465387,8,40
locations,rmia,RMIA,0.48,0.9437485550850606,0.09009850950572908,0.8488418602164647,0.08059686460465387,8,40
locations,rmia,RMIA,0.4825,0.9442566137824083,0.08932309650253276,0.8488418602164647,0.08059686460465387,8,40
locations,rmia,RMIA,0.485,0.9449071711797044,0.08842570763757801,0.8488418602164647,0.08059686460465387,8,40
locations,rmia,RMIA,0.4875,0.9455123632623876,0.08757359271916587,0.8488418602164647,0.08059686460465387,8,40
locations,rmia,RMIA,0.49,0.9459689714731446,0.08684983707554629,0.8488418602164647,0.08059686460465387,8,40
locations,rmia,RMIA,0.4925,0.9463023261644751,0.08635338080155029,0.8488418602164647,0.08059686460465387,8,40
locations,rmia,RMIA,0.495,0.9466259174652701,0.08594129540871778,0.8488418602164647,0.08059686460465387,8,40
locations,rmia,RMIA,0.4975,0.9471905193707748,0.08504801759644454,0.8488418602164647,0.08059686460465387,8,40
locations,rmia,RMIA,0.5,0.9477408346333853,0.0842163866453187,0.8488418602164647,0.08059686460465387,8,40
locations,rmia,RMIA,0.5025000000000001,0.9483053655003344,0.08322967009244736,0.8488418602164647,0.08059686460465387,8,40
locations,rmia,RMIA,0.505,0.9488351849788277,0.08230829239815932,0.8488418602164647,0.08059686460465387,8,40
locations,rmia,RMIA,0.5075000000000001,0.9494934544703217,0.08117704312860531,0.8488418602164647,0.08059686460465387,8,40
locations,rmia,RMIA,0.51,0.9500941284079935,0.08015031657896014,0.8488418602164647,0.08059686460465387,8,40
locations,rmia,RMIA,0.5125,0.950679317797712,0.079173572431825,0.8488418602164647,0.08059686460465387,8,40
locations,rmia,RMIA,0.515,0.9511610601924078,0.07824009958715596,0.8488418602164647,0.08059686460465387,8,40
locations,rmia,RMIA,0.5175,0.951710031526261,0.07713872507761009,0.8488418602164647,0.08059686460465387,8,40
locations,rmia,RMIA,0.52,0.9522998959958399,0.07611559866939194,0.8488418602164647,0.08059686460465387,8,40
locations,rmia,RMIA,0.5225,0.9529067363587401,0.07512626613695164,0.8488418602164647,0.08059686460465387,8,40
locations,rmia,RMIA,0.525,0.9536019217554417,0.07386086211222928,0.8488418602164647,0.08059686460465387,8,40
locations,rmia,RMIA,0.5275,0.9544568136654038,0.07233418838828193,0.8488418602164647,0.08059686460465387,8,40
locations,rmia,RMIA,0.53,0.9553803627145085,0.07061808947252843,0.8488418602164647,0.08059686460465387,8,40
locations,rmia,RMIA,0.5325,0.9559709292121684,0.06971303179651485,0.8488418602164647,0.08059686460465387,8,40
locations,rmia,RMIA,0.535,0.9564783833853354,0.06875550237883926,0.8488418602164647,0.08059686460465387,8,40
locations,rmia,RMIA,0.5375,0.9571208804602184,0.0677831028392451,0.8488418602164647,0.08059686460465387,8,40
locations,rmia,RMIA,0.54,0.9576233619344774,0.06678690877944607,0.8488418602164647,0.08059686460465387,8,40
locations,rmia,RMIA,0.5425,0.9582824980499219,0.06577229831197098,0.8488418602164647,0.08059686460465387,8,40
locations,rmia,RMIA,0.545,0.9589901716068643,0.06489209144144388,0.8488418602164647,0.08059686460465387,8,40
locations,rmia,RMIA,0.5475,0.9597273108424338,0.06381233832250638,0.8488418602164647,0.08059686460465387,8,40
locations,rmia,RMIA,0.55,0.9604425086687262,0.06235657721502334,0.8488418602164647,0.08059686460465387,8,40
locations,rmia,RMIA,0.5525,0.9611269509387094,0.06099277781533099,0.8488418602164647,0.08059686460465387,8,40
locations,rmia,RMIA,0.555,0.9616341961208094,0.059961322161471334,0.8488418602164647,0.08059686460465387,8,40
locations,rmia,RMIA,0.5575,0.9622065284063932,0.05874886703575982,0.8488418602164647,0.08059686460465387,8,40
locations,rmia,RMIA,0.56,0.9627296797247384,0.05778352471363129,0.8488418602164647,0.08059686460465387,8,40
locations,rmia,RMIA,0.5625,0.9632795016099063,0.05681859607032438,0.8488418602164647,0.08059686460465387,8,40
locations,rmia,RMIA,0.5650000000000001,0.963979961111488,0.055812884597575316,0.8488418602164647,0.08059686460465387,8,40
locations,rmia,RMIA,0.5675,0.9645461468102993,0.05485871119377496,0.8488418602164647,0.08059686460465387,8,40
locations,rmia,RMIA,0.5700000000000001,0.9650203030097488,0.05409568201581349,0.8488418602164647,0.08059686460465387,8,40
locations,rmia,RMIA,0.5725,0.9657152762918817,0.05294824850338515,0.8488418602164647,0.08059686460465387,8,40
locations,rmia,RMIA,0.5750000000000001,0.9662808358974676,0.05197723731504851,0.8488418602164647,0.08059686460465387,8,40
locations,rmia,RMIA,0.5775,0.96700053941881,0.05072591708971035,0.8488418602164647,0.08059686460465387,8,40
locations,rmia,RMIA,0.58,0.967861831603699,0.04901716128656785,0.8488418602164647,0.08059686460465387,8,40
locations,rmia,RMIA,0.5825,0.9681566196284215,0.0485168350897621,0.8488418602164647,0.08059686460465387,8,40
locations,rmia,RMIA,0.585,0.9684430674726989,0.04805039127529603,0.8488418602164647,0.08059686460465387,8,40
locations,rmia,RMIA,0.5875,0.9688102330343215,0.047354526710739,0.8488418602164647,0.08059686460465387,8,40
locations,rmia,RMIA,0.59,0.9695093018720748,0.046218055249159756,0.8488418602164647,0.08059686460465387,8,40
locations,rmia,RMIA,0.5925,0.9700592189937598,0.04532649842182077,0.8488418602164647,0.08059686460465387,8,40
locations,rmia,RMIA,0.595,0.9706134847893916,0.04444641274922329,0.8488418602164647,0.08059686460465387,8,40
locations,rmia,RMIA,0.5975,0.9710859756890275,0.043706404932437326,0.8488418602164647,0.08059686460465387,8,40
locations,rmia,RMIA,0.6,0.9716549661986479,0.04284123664414239,0.8488418602164647,0.08059686460465387,8,40
locations,rmia,RMIA,0.6025,0.9719626560062402,0.04221815845484571,0.8488418602164647,0.08059686460465387,8,40
locations,rmia,RMIA,0.605,0.9724131639551297,0.041451792300343134,0.8488418602164647,0.08059686460465387,8,40
locations,rmia,RMIA,0.6075,0.9731415042380916,0.04027782229739145,0.8488418602164647,0.08059686460465387,8,40
locations,rmia,RMIA,0.61,0.9737225401743342,0.03914520147542572,0.8488418602164647,0.08059686460465387,8,40
locations,rmia,RMIA,0.6125,0.9743742274366299,0.03791541094303803,0.8488418602164647,0.08059686460465387,8,40
locations,rmia,RMIA,0.615,0.9747412367403787,0.03736184397498643,0.8488418602164647,0.08059686460465387,8,40
locations,rmia,RMIA,0.6175,0.9750700848748236,0.03678946656465828,0.8488418602164647,0.08059686460465387,8,40
locations,rmia,RMIA,0.62,0.9754537747743677,0.03620407246936756,0.8488418602164647,0.08059686460465387,8,40
locations,rmia,RMIA,0.6225,0.9758701382308539,0.03557252605422258,0.8488418602164647,0.08059686460465387,8,40
locations,rmia,RMIA,0.625,0.9762393245729829,0.034932235316730516,0.8488418602164647,0.08059686460465387,8,40
locations,rmia,RMIA,0.6275000000000001,0.9766253505140207,0.034232781315356536,0.8488418602164647,0.08059686460465387,8,40
locations,rmia,RMIA,0.63,0.9772118880469505,0.033317598095996756,0.8488418602164647,0.08059686460465387,8,40
locations,rmia,RMIA,0.6325000000000001,0.9776297284748533,0.032563453035859266,0.8488418602164647,0.08059686460465387,8,40
locations,rmia,RMIA,0.635,0.9780875552522101,0.03176209850485564,0.8488418602164647,0.08059686460465387,8,40
locations,rmia,RMIA,0.6375000000000001,0.9784888439287571,0.031104514643879345,0.8488418602164647,0.08059686460465387,8,40
locations,rmia,RMIA,0.64,0.97888121424857,0.030489084457834117,0.8488418602164647,0.08059686460465387,8,40
locations,rmia,RMIA,0.6425,0.9795139479329174,0.029383988454512927,0.8488418602164647,0.08059686460465387,8,40
locations,rmia,RMIA,0.645,0.9800667906359112,0.028484379536607804,0.8488418602164647,0.08059686460465387,8,40
locations,rmia,RMIA,0.6475,0.9804967141185648,0.027850382752400774,0.8488418602164647,0.08059686460465387,8,40
locations,rmia,RMIA,0.65,0.9808422479756334,0.027328567775424528,0.8488418602164647,0.08059686460465387,8,40
locations,rmia,RMIA,0.6525,0.9813470349528267,0.02656584337711296,0.8488418602164647,0.08059686460465387,8,40
locations,rmia,RMIA,0.655,0.9818353679147166,0.02579396423351693,0.8488418602164647,0.08059686460465387,8,40
locations,rmia,RMIA,0.6575,0.9822184196686049,0.02524499723469299,0.8488418602164647,0.08059686460465387,8,40
locations,rmia,RMIA,0.66,0.9825582588758096,0.024761772002703682,0.8488418602164647,0.08059686460465387,8,40
locations,rmia,RMIA,0.6625,0.9828770291152555,0.024229505177872986,0.8488418602164647,0.08059686460465387,8,40
locations,rmia,RMIA,0.665,0.9833737764737863,0.023492189417593883,0.8488418602164647,0.08059686460465387,8,40
locations,rmia,RMIA,0.6675,0.9839455043315369,0.02272460630031669,0.8488418602164647,0.08059686460465387,8,40
locations,rmia,RMIA,0.67,0.9843878120124805,0.02212552283244244,0.8488418602164647,0.08059686460465387,8,40
locations,rmia,RMIA,0.6725,0.9847986259336737,0.02158566976525347,0.8488418602164647,0.08059686460465387,8,40
locations,rmia,RMIA,0.675,0.985101324280244,0.021129585019385513,0.8488418602164647,0.08059686460465387,8,40
locations,rmia,RMIA,0.6775,0.9853999030870326,0.020669854081643405,0.8488418602164647,0.08059686460465387,8,40
locations,rmia,RMIA,0.68,0.9856686522006336,0.020260830571084663,0.8488418602164647,0.08059686460465387,8,40
locations,rmia,RMIA,0.6825,0.9859375536060404,0.019849203053971896,0.8488418602164647,0.08059686460465387,8,40
locations,rmia,RMIA,0.685,0.9862668006395581,0.019393781746288277,0.8488418602164647,0.08059686460465387,8,40
locations,rmia,RMIA,0.6875,0.9866496910688116,0.018896490623680165,0.8488418602164647,0.08059686460465387,8,40
locations,rmia,RMIA,0.6900000000000001,0.9869767312640557,0.018443761335928708,0.8488418602164647,0.08059686460465387,8,40
locations,rmia,RMIA,0.6925,0.9872421133273903,0.01805773112627945,0.8488418602164647,0.08059686460465387,8,40
locations,rmia,RMIA,0.6950000000000001,0.9875739125993611,0.01757950127310521,0.8488418602164647,0.08059686460465387,8,40
locations,rmia,RMIA,0.6975,0.9878774979570613,0.017162349681403646,0.8488418602164647,0.08059686460465387,8,40
locations,rmia,RMIA,0.7000000000000001,0.988134053933586,0.016825309948578362,0.8488418602164647,0.08059686460465387,8,40
locations,rmia,RMIA,0.7025,0.9884191790171607,0.01646098395255169,0.8488418602164647,0.08059686460465387,8,40
locations,rmia,RMIA,0.705,0.9886558446623579,0.016165339000814734,0.8488418602164647,0.08059686460465387,8,40
locations,rmia,RMIA,0.7075,0.9889103056979422,0.015819649008893,0.8488418602164647,0.08059686460465387,8,40
locations,rmia,RMIA,0.71,0.9894079266027784,0.015067749113642856,0.8488418602164647,0.08059686460465387,8,40
locations,rmia,RMIA,0.7125,0.989643978437709,0.014737396590988381,0.8488418602164647,0.08059686460465387,8,40
locations,rmia,RMIA,0.715,0.9898232551444915,0.014503738361077845,0.8488418602164647,0.08059686460465387,8,40
locations,rmia,RMIA,0.7175,0.9900071145345815,0.01426312746548414,0.8488418602164647,0.08059686460465387,8,40
locations,rmia,RMIA,0.72,0.9902629225169007,0.013967474358464925,0.8488418602164647,0.08059686460465387,8,40
locations,rmia,RMIA,0.7225,0.9906054439677587,0.013550467977349474,0.8488418602164647,0.08059686460465387,8,40
locations,rmia,RMIA,0.725,0.9908273979768716,0.01329373360081062,0.8488418602164647,0.08059686460465387,8,40
locations,rmia,RMIA,0.7275,0.99112733390288,0.012955238927896233,0.8488418602164647,0.08059686460465387,8,40
locations,rmia,RMIA,0.73,0.9913810204789145,0.012645965500980945,0.8488418602164647,0.08059686460465387,8,40
locations,rmia,RMIA,0.7325,0.9916192364361243,0.012344682910731467,0.8488418602164647,0.08059686460465387,8,40
locations,rmia,RMIA,0.735,0.9918321524527648,0.012089666867354118,0.8488418602164647,0.08059686460465387,8,40
locations,rmia,RMIA,0.7375,0.9919832293291732,0.011923462412271824,0.8488418602164647,0.08059686460465387,8,40
locations,rmia,RMIA,0.74,0.9921321372854914,0.011740063409847176,0.8488418602164647,0.08059686460465387,8,40
locations,rmia,RMIA,0.7425,0.992314352574103,0.011530007067225345,0.8488418602164647,0.08059686460465387,8,40
locations,rmia,RMIA,0.745,0.9927112909516381,0.010993794664732132,0.8488418602164647,0.08059686460465387,8,40
locations,rmia,RMIA,0.7475,0.9930977942451031,0.01040324115952351,0.8488418602164647,0.08059686460465387,8,40
locations,rmia,RMIA,0.75,0.9933371793205062,0.010023653677749158,0.8488418602164647,0.08059686460465387,8,40
locations,rmia,RMIA,0.7525000000000001,0.9934745021884209,0.009792672927760157,0.8488418602164647,0.08059686460465387,8,40
locations,rmia,RMIA,0.755,0.9935212439330907,0.009736370980159307,0.8488418602164647,0.08059686460465387,8,40
locations,rmia,RMIA,0.7575000000000001,0.9936757047365228,0.009524331331160664,0.8488418602164647,0.08059686460465387,8,40
locations,rmia,RMIA,0.76,0.9938684780724563,0.009347573010047627,0.8488418602164647,0.08059686460465387,8,40
locations,rmia,RMIA,0.7625000000000001,0.9940105791731669,0.009139591056215214,0.8488418602164647,0.08059686460465387,8,40
locations,rmia,RMIA,0.765,0.9942183762350495,0.008773591497147728,0.8488418602164647,0.08059686460465387,8,40
locations,rmia,RMIA,0.7675000000000001,0.9944477834113364,0.008613124786647929,0.8488418602164647,0.08059686460465387,8,40
locations,rmia,RMIA,0.77,0.9945963208528341,0.008538932254630812,0.8488418602164647,0.08059686460465387,8,40
locations,rmia,RMIA,0.7725,0.994660663676547,0.008474785180606046,0.8488418602164647,0.08059686460465387,8,40
locations,rmia,RMIA,0.775,0.9947928042121685,0.008267526861880682,0.8488418602164647,0.08059686460465387,8,40
locations,rmia,RMIA,0.7775,0.9949103939157566,0.008134312686385854,0.8488418602164647,0.08059686460465387,8,40
locations,rmia,RMIA,0.78,0.9950608424336973,0.007970163755090348,0.8488418602164647,0.08059686460465387,8,40
locations,rmia,RMIA,0.7825,0.9951798166926676,0.007891265404746379,0.8488418602164647,0.08059686460465387,8,40
locations,rmia,RMIA,0.785,0.995225585023401,0.007848572173899348,0.8488418602164647,0.08059686460465387,8,40
locations,rmia,RMIA,0.7875,0.9952978500390015,0.0077782469306573,0.8488418602164647,0.08059686460465387,8,40
locations,rmia,RMIA,0.79,0.9953897819007997,0.007687720239172579,0.8488418602164647,0.08059686460465387,8,40
locations,rmia,RMIA,0.7925,0.9954677490373425,0.0075937701015264935,0.8488418602164647,0.08059686460465387,8,40
locations,rmia,RMIA,0.795,0.9956664585035782,0.007413385789272794,0.8488418602164647,0.08059686460465387,8,40
locations,rmia,RMIA,0.7975,0.9958101084460045,0.007188628949468846,0.8488418602164647,0.08059686460465387,8,40
locations,rmia,RMIA,0.8,0.9959915063269197,0.006950707137157849,0.8488418602164647,0.08059686460465387,8,40
locations,rmia,RMIA,0.8025,0.9961301677067081,0.006737261920264849,0.8488418602164647,0.08059686460465387,8,40
locations,rmia,RMIA,0.805,0.9962657956318252,0.006532032773908815,0.8488418602164647,0.08059686460465387,8,40
locations,rmia,RMIA,0.8075,0.9963816140145605,0.006426591411862043,0.8488418602164647,0.08059686460465387,8,40
locations,rmia,RMIA,0.81,0.9965139755590222,0.006245493091698188,0.8488418602164647,0.08059686460465387,8,40
locations,rmia,RMIA,0.8125,0.9966519598283932,0.006040024981601434,0.8488418602164647,0.08059686460465387,8,40
locations,rmia,RMIA,0.8150000000000001,0.9967680382215288,0.0058305116625301965,0.8488418602164647,0.08059686460465387,8,40
locations,rmia,RMIA,0.8175,0.9969564645085803,0.00549311650832281,0.8488418602164647,0.08059686460465387,8,40
locations,rmia,RMIA,0.8200000000000001,0.9971225763316246,0.005200843001972753,0.8488418602164647,0.08059686460465387,8,40
locations,rmia,RMIA,0.8225,0.9971651576777356,0.005123844698097679,0.8488418602164647,0.08059686460465387,8,40
locations,rmia,RMIA,0.8250000000000001,0.997205398930243,0.005021590209208021,0.8488418602164647,0.08059686460465387,8,40
locations,rmia,RMIA,0.8275,0.9973355777802541,0.004761755982962963,0.8488418602164647,0.08059686460465387,8,40
locations,rmia,RMIA,0.8300000000000001,0.9974341653666146,0.004677048031239133,0.8488418602164647,0.08059686460465387,8,40
locations,rmia,RMIA,0.8325,0.997558131825273,0.004518737984416569,0.8488418602164647,0.08059686460465387,8,40
locations,rmia,RMIA,0.835,0.9976375455018202,0.004493801497016052,0.8488418602164647,0.08059686460465387,8,40
locations,rmia,RMIA,0.8375,0.9977297841913677,0.00429396482957697,0.8488418602164647,0.08059686460465387,8,40
locations,rmia,RMIA,0.84,0.9977867914716588,0.004169960390237619,0.8488418602164647,0.08059686460465387,8,40
locations,rmia,RMIA,0.8425,0.9978691822672907,0.003977979206357979,0.8488418602164647,0.08059686460465387,8,40
locations,rmia,RMIA,0.845,0.9979613234529381,0.0037624842260377167,0.8488418602164647,0.08059686460465387,8,40
locations,rmia,RMIA,0.8475,0.9980253022620905,0.0036501384199102626,0.8488418602164647,0.08059686460465387,8,40
locations,rmia,RMIA,0.85,0.998076248049922,0.003571119140142374,0.8488418602164647,0.08059686460465387,8,40
locations,rmia,RMIA,0.8525,0.9980913026521061,0.003576348100695893,0.8488418602164647,0.08059686460465387,8,40
locations,rmia,RMIA,0.855,0.9981038221528862,0.003564242805087638,0.8488418602164647,0.08059686460465387,8,40
locations,rmia,RMIA,0.8575,0.9981927522100884,0.003372347324720908,0.8488418602164647,0.08059686460465387,8,40
locations,rmia,RMIA,0.86,0.9983114924596984,0.0031872075913267277,0.8488418602164647,0.08059686460465387,8,40
locations,rmia,RMIA,0.8625,0.9983889105564223,0.0030494378430575547,0.8488418602164647,0.08059686460465387,8,40
locations,rmia,RMIA,0.865,0.9985414066562662,0.002784567661977464,0.8488418602164647,0.08059686460465387,8,40
locations,rmia,RMIA,0.8675,0.998653936990813,0.0026077383367159365,0.8488418602164647,0.08059686460465387,8,40
locations,rmia,RMIA,0.87,0.9987100017334026,0.002461259825472699,0.8488418602164647,0.08059686460465387,8,40
locations,rmia,RMIA,0.8725,0.9988640903969492,0.0022612267770067388,0.8488418602164647,0.08059686460465387,8,40
locations,rmia,RMIA,0.875,0.9989204151499393,0.002147315728084512,0.8488418602164647,0.08059686460465387,8,40
locations,rmia,RMIA,0.8775000000000001,0.9989744323106258,0.002002358079393771,0.8488418602164647,0.08059686460465387,8,40
locations,rmia,RMIA,0.88,0.9990675160339747,0.0018364739170094488,0.8488418602164647,0.08059686460465387,8,40
locations,rmia,RMIA,0.8825000000000001,0.9990975905702895,0.0017786883463747657,0.8488418602164647,0.08059686460465387,8,40
locations,rmia,RMIA,0.885,0.9991633081989947,0.0017129679518606972,0.8488418602164647,0.08059686460465387,8,40
locations,rmia,RMIA,0.8875000000000001,0.9991806963945224,0.0016860708908764833,0.8488418602164647,0.08059686460465387,8,40
locations,rmia,RMIA,0.89,0.9992562359161032,0.0015833108527963443,0.8488418602164647,0.08059686460465387,8,40
locations,rmia,RMIA,0.8925000000000001,0.9993380644392442,0.001421855890377499,0.8488418602164647,0.08059686460465387,8,40
locations,rmia,RMIA,0.895,0.9994429797191888,0.001156808451144766,0.8488418602164647,0.08059686460465387,8,40
locations,rmia,RMIA,0.8975,0.9994539781591264,0.0011280633594690018,0.8488418602164647,0.08059686460465387,8,40
locations,rmia,RMIA,0.9,0.9994955798231929,0.0010205892027671166,0.8488418602164647,0.08059686460465387,8,40
locations,rmia,RMIA,0.9025,0.9995790431617265,0.000813521074575508,0.8488418602164647,0.08059686460465387,8,40
locations,rmia,RMIA,0.905,0.9996165496619865,0.0007262553310258241,0.8488418602164647,0.08059686460465387,8,40
locations,rmia,RMIA,0.9075,0.9996269825793032,0.0007029020653946004,0.8488418602164647,0.08059686460465387,8,40
locations,rmia,RMIA,0.91,0.9996374154966199,0.0006800274652162183,0.8488418602164647,0.08059686460465387,8,40
locations,rmia,RMIA,0.9125,0.9996478484139366,0.0006576814772977455,0.8488418602164647,0.08059686460465387,8,40
locations,rmia,RMIA,0.915,0.9996601404056162,0.0006321080185184266,0.8488418602164647,0.08059686460465387,8,40
locations,rmia,RMIA,0.9175,0.9996730011700469,0.0006064102893655364,0.8488418602164647,0.08059686460465387,8,40
locations,rmia,RMIA,0.92,0.9997011700468018,0.0005547834533372374,0.8488418602164647,0.08059686460465387,8,40
locations,rmia,RMIA,0.9225,0.999728953086695,0.0005078104676120087,0.8488418602164647,0.08059686460465387,8,40
locations,rmia,RMIA,0.925,0.9997609065076889,0.0004496685594947218,0.8488418602164647,0.08059686460465387,8,40
locations,rmia,RMIA,0.9275,0.9997854983842211,0.00040237219993625913,0.8488418602164647,0.08059686460465387,8,40
locations,rmia,RMIA,0.93,0.9997999888566972,0.00037722364589075087,0.8488418602164647,0.08059686460465387,8,40
locations,rmia,RMIA,0.9325,0.9998114859594384,0.0003559127642572974,0.8488418602164647,0.08059686460465387,8,40
locations,rmia,RMIA,0.935,0.9998230109204368,0.00033077661177730635,0.8488418602164647,0.08059686460465387,8,40
locations,rmia,RMIA,0.9375,0.9998605694227769,0.00026059638855818724,0.8488418602164647,0.08059686460465387,8,40
locations,rmia,RMIA,0.9400000000000001,0.9998692667706708,0.00024802864368326936,0.8488418602164647,0.08059686460465387,8,40
locations,rmia,RMIA,0.9425,0.9998755265210608,0.00024013853387719656,0.8488418602164647,0.08059686460465387,8,40
locations,rmia,RMIA,0.9450000000000001,0.9998817862714509,0.00023332761177608988,0.8488418602164647,0.08059686460465387,8,40
locations,rmia,RMIA,0.9475,0.9998829953198127,0.0002321447142411337,0.8488418602164647,0.08059686460465387,8,40
locations,rmia,RMIA,0.9500000000000001,0.9998829953198127,0.0002321447142411337,0.8488418602164647,0.08059686460465387,8,40
locations,rmia,RMIA,0.9525,0.9998829953198127,0.0002321447142411337,0.8488418602164647,0.08059686460465387,8,40
locations,rmia,RMIA,0.9550000000000001,0.9998829953198127,0.0002321447142411337,0.8488418602164647,0.08059686460465387,8,40
locations,rmia,RMIA,0.9575,0.9998829953198127,0.0002321447142411337,0.8488418602164647,0.08059686460465387,8,40
locations,rmia,RMIA,0.96,0.9998829953198127,0.0002321447142411337,0.8488418602164647,0.08059686460465387,8,40
locations,rmia,RMIA,0.9625,0.9998829953198127,0.0002321447142411337,0.8488418602164647,0.08059686460465387,8,40
locations,rmia,RMIA,0.965,0.9998829953198127,0.0002321447142411337,0.8488418602164647,0.08059686460465387,8,40
locations,rmia,RMIA,0.9675,0.9998882605304211,0.00022752159113302703,0.8488418602164647,0.08059686460465387,8,40
locations,rmia,RMIA,0.97,0.9999219968798752,0.00022062614077583681,0.8488418602164647,0.08059686460465387,8,40
locations,rmia,RMIA,0.9725,0.9999219968798752,0.00022062614077583681,0.8488418602164647,0.08059686460465387,8,40
locations,rmia,RMIA,0.975,0.9999219968798752,0.00022062614077583681,0.8488418602164647,0.08059686460465387,8,40
locations,rmia,RMIA,0.9775,0.9999274083463339,0.00020532020225954735,0.8488418602164647,0.08059686460465387,8,40
locations,rmia,RMIA,0.98,0.9999656786271451,9.707550194133679e-05,0.8488418602164647,0.08059686460465387,8,40
locations,rmia,RMIA,0.9825,0.9999977086583464,6.480892885287384e-06,0.8488418602164647,0.08059686460465387,8,40
locations,rmia,RMIA,0.985,1.0,0.0,0.8488418602164647,0.08059686460465387,8,40
locations,rmia,RMIA,0.9875,1.0,0.0,0.8488418602164647,0.08059686460465387,8,40
locations,rmia,RMIA,0.99,1.0,0.0,0.8488418602164647,0.08059686460465387,8,40
locations,rmia,RMIA,0.9925,1.0,0.0,0.8488418602164647,0.08059686460465387,8,40
locations,rmia,RMIA,0.995,1.0,0.0,0.8488418602164647,0.08059686460465387,8,40
locations,rmia,RMIA,0.9975,1.0,0.0,0.8488418602164647,0.08059686460465387,8,40
locations,rmia,RMIA,1.0,1.0,0.0,0.8488418602164647,0.08059686460465387,8,40
locations,lira,LiRA,0.0,0.0,0.0,0.7020524115357138,0.04776438686170644,8,40
locations,lira,LiRA,0.0025,0.004550677073622833,0.00045424631982438383,0.7020524115357138,0.04776438686170644,8,40
locations,lira,LiRA,0.005,0.009101354147245666,0.0009084926396487677,0.7020524115357138,0.04776438686170644,8,40
locations,lira,LiRA,0.0075,0.013652031220868497,0.0013627389594731514,0.7020524115357138,0.04776438686170644,8,40
locations,lira,LiRA,0.01,0.018202708294491332,0.0018169852792975353,0.7020524115357138,0.04776438686170644,8,40
locations,lira,LiRA,0.0125,0.022753385368114165,0.00227123159912192,0.7020524115357138,0.04776438686170644,8,40
locations,lira,LiRA,0.015,0.027304062441736995,0.0027254779189463028,0.7020524115357138,0.04776438686170644,8,40
locations,lira,LiRA,0.0175,0.03185473951535983,0.003179724238770686,0.7020524115357138,0.04776438686170644,8,40
locations,lira,LiRA,0.02,0.036405416588982664,0.0036339705585950706,0.7020524115357138,0.04776438686170644,8,40
locations,lira,LiRA,0.0225,0.04095609366260549,0.004088216878419455,0.7020524115357138,0.04776438686170644,8,40
locations,lira,LiRA,0.025,0.04550677073622833,0.00454246319824384,0.7020524115357138,0.04776438686170644,8,40
locations,lira,LiRA,0.0275,0.05005744780985116,0.00499670951806822,0.7020524115357138,0.04776438686170644,8,40
locations,lira,LiRA,0.03,0.05460812488347399,0.0054509558378926055,0.7020524115357138,0.04776438686170644,8,40
locations,lira,LiRA,0.0325,0.059158801957096836,0.005905202157716989,0.7020524115357138,0.04776438686170644,8,40
locations,lira,LiRA,0.035,0.06370947903071966,0.006359448477541372,0.7020524115357138,0.04776438686170644,8,40
locations,lira,LiRA,0.0375,0.0682601561043425,0.006813694797365755,0.7020524115357138,0.04776438686170644,8,40
locations,lira,LiRA,0.04,0.07281083317796533,0.007267941117190141,0.7020524115357138,0.04776438686170644,8,40
locations,lira,LiRA,0.0425,0.07736151025158816,0.007722187437014528,0.7020524115357138,0.04776438686170644,8,40
locations,lira,LiRA,0.045,0.08191218732521098,0.00817643375683891,0.7020524115357138,0.04776438686170644,8,40
locations,lira,LiRA,0.0475,0.08646286439883381,0.008630680076663292,0.7020524115357138,0.04776438686170644,8,40
locations,lira,LiRA,0.05,0.09101354147245666,0.00908492639648768,0.7020524115357138,0.04776438686170644,8,40
locations,lira,LiRA,0.0525,0.09556421854607948,0.009539172716312062,0.7020524115357138,0.04776438686170644,8,40
locations,lira,LiRA,0.055,0.10011489561970233,0.00999341903613644,0.7020524115357138,0.04776438686170644,8,40
locations,lira,LiRA,0.0575,0.10466557269332517,0.010447665355960827,0.7020524115357138,0.04776438686170644,8,40
locations,lira,LiRA,0.06,0.10921624976694798,0.010901911675785211,0.7020524115357138,0.04776438686170644,8,40
locations,lira,LiRA,0.0625,0.11376692684057083,0.011356157995609597,0.7020524115357138,0.04776438686170644,8,40
locations,lira,LiRA,0.065,0.11831760391419367,0.011810404315433978,0.7020524115357138,0.04776438686170644,8,40
locations,lira,LiRA,0.0675,0.12286828098781649,0.01226465063525836,0.7020524115357138,0.04776438686170644,8,40
locations,lira,LiRA,0.07,0.12741895806143932,0.012718896955082744,0.7020524115357138,0.04776438686170644,8,40
locations,lira,LiRA,0.0725,0.13196963513506216,0.013173143274907128,0.7020524115357138,0.04776438686170644,8,40
locations,lira,LiRA,0.075,0.136520312208685,0.01362738959473151,0.7020524115357138,0.04776438686170644,8,40
locations,lira,LiRA,0.0775,0.14107098928230782,0.014081635914555905,0.7020524115357138,0.04776438686170644,8,40
locations,lira,LiRA,0.08,0.14562166635593066,0.014535882234380283,0.7020524115357138,0.04776438686170644,8,40
locations,lira,LiRA,0.0825,0.1501723434295535,0.014990128554204667,0.7020524115357138,0.04776438686170644,8,40
locations,lira,LiRA,0.085,0.15472302050317632,0.015444374874029056,0.7020524115357138,0.04776438686170644,8,40
locations,lira,LiRA,0.08750000000000001,0.15927369757679918,0.01589862119385344,0.7020524115357138,0.04776438686170644,8,40
locations,lira,LiRA,0.09,0.16382437465042196,0.01635286751367782,0.7020524115357138,0.04776438686170644,8,40
locations,lira,LiRA,0.0925,0.16837505172404482,0.0168071138335022,0.7020524115357138,0.04776438686170644,8,40
locations,lira,LiRA,0.095,0.17292572879766763,0.017261360153326584,0.7020524115357138,0.04776438686170644,8,40
locations,lira,LiRA,0.0975,0.1774764058712905,0.017715606473150975,0.7020524115357138,0.04776438686170644,8,40
locations,lira,LiRA,0.1,0.18202708294491332,0.01816985279297536,0.7020524115357138,0.04776438686170644,8,40
locations,lira,LiRA,0.10250000000000001,0.18657776001853613,0.018624099112799733,0.7020524115357138,0.04776438686170644,8,40
locations,lira,LiRA,0.105,0.19112843709215896,0.019078345432624124,0.7020524115357138,0.04776438686170644,8,40
locations,lira,LiRA,0.1075,0.19567911416578182,0.019532591752448508,0.7020524115357138,0.04776438686170644,8,40
locations,lira,LiRA,0.11,0.20022979123940465,0.01998683807227288,0.7020524115357138,0.04776438686170644,8,40
locations,lira,LiRA,0.1125,0.20478046831302749,0.02044108439209726,0.7020524115357138,0.04776438686170644,8,40
locations,lira,LiRA,0.115,0.20933114538665035,0.020895330711921654,0.7020524115357138,0.04776438686170644,8,40
locations,lira,LiRA,0.11750000000000001,0.21388182246027318,0.02134957703174604,0.7020524115357138,0.04776438686170644,8,40
locations,lira,LiRA,0.12,0.21843249953389596,0.021803823351570422,0.7020524115357138,0.04776438686170644,8,40
locations,lira,LiRA,0.1225,0.2229831766075188,0.02225806967139481,0.7020524115357138,0.04776438686170644,8,40
locations,lira,LiRA,0.125,0.22753385368114165,0.022712315991219194,0.7020524115357138,0.04776438686170644,8,40
locations,lira,LiRA,0.1275,0.23208453075476448,0.023166562311043574,0.7020524115357138,0.04776438686170644,8,40
locations,lira,LiRA,0.13,0.23663520782838735,0.023620808630867955,0.7020524115357138,0.04776438686170644,8,40
locations,lira,LiRA,0.1325,0.24118588490201015,0.024075054950692353,0.7020524115357138,0.04776438686170644,8,40
locations,lira,LiRA,0.135,0.24573656197563298,0.02452930127051672,0.7020524115357138,0.04776438686170644,8,40
locations,lira,LiRA,0.1375,0.25028723904925587,0.02498354759034111,0.7020524115357138,0.04776438686170644,8,40
locations,lira,LiRA,0.14,0.25483791612287865,0.02543779391016549,0.7020524115357138,0.04776438686170644,8,40
locations,lira,LiRA,0.14250000000000002,0.2593885931965015,0.025892040229989872,0.7020524115357138,0.04776438686170644,8,40
locations,lira,LiRA,0.145,0.2639392702701243,0.026346286549814257,0.7020524115357138,0.04776438686170644,8,40
locations,lira,LiRA,0.1475,0.26848994734374715,0.026800532869638627,0.7020524115357138,0.04776438686170644,8,40
locations,lira,LiRA,0.15,0.27304062441737,0.02725477918946302,0.7020524115357138,0.04776438686170644,8,40
locations,lira,LiRA,0.1525,0.2775913014909928,0.027709025509287413,0.7020524115357138,0.04776438686170644,8,40
locations,lira,LiRA,0.155,0.28214197856461565,0.02816327182911181,0.7020524115357138,0.04776438686170644,8,40
locations,lira,LiRA,0.1575,0.2866926556382385,0.028617518148936167,0.7020524115357138,0.04776438686170644,8,40
locations,lira,LiRA,0.16,0.2912433327118613,0.029071764468760565,0.7020524115357138,0.04776438686170644,8,40
locations,lira,LiRA,0.1625,0.2957940097854842,0.029526010788584942,0.7020524115357138,0.04776438686170644,8,40
locations,lira,LiRA,0.165,0.300344686859107,0.029980257108409333,0.7020524115357138,0.04776438686170644,8,40
locations,lira,LiRA,0.1675,0.30489536393272987,0.030434503428233714,0.7020524115357138,0.04776438686170644,8,40
locations,lira,LiRA,0.17,0.30944604100635265,0.030888749748058112,0.7020524115357138,0.04776438686170644,8,40
locations,lira,LiRA,0.17250000000000001,0.3139967180799755,0.03134299606788248,0.7020524115357138,0.04776438686170644,8,40
locations,lira,LiRA,0.17500000000000002,0.31854739515359837,0.03179724238770688,0.7020524115357138,0.04776438686170644,8,40
locations,lira,LiRA,0.1775,0.3230980722272211,0.03225148870753124,0.7020524115357138,0.04776438686170644,8,40
locations,lira,LiRA,0.18,0.3276487493008439,0.03270573502735564,0.7020524115357138,0.04776438686170644,8,40
locations,lira,LiRA,0.1825,0.3321994263744668,0.033159981347180026,0.7020524115357138,0.04776438686170644,8,40
locations,lira,LiRA,0.185,0.33675010344808964,0.0336142276670044,0.7020524115357138,0.04776438686170644,8,40
locations,lira,LiRA,0.1875,0.3413007805217124,0.034068473986828815,0.7020524115357138,0.04776438686170644,8,40
locations,lira,LiRA,0.19,0.34585145759533525,0.03452272030665317,0.7020524115357138,0.04776438686170644,8,40
locations,lira,LiRA,0.1925,0.35040213466895814,0.03497696662647754,0.7020524115357138,0.04776438686170644,8,40
locations,lira,LiRA,0.195,0.354952811742581,0.03543121294630195,0.7020524115357138,0.04776438686170644,8,40
locations,lira,LiRA,0.1975,0.3595034888162038,0.03588545926612632,0.7020524115357138,0.04776438686170644,8,40
locations,lira,LiRA,0.2,0.36405416588982664,0.03633970558595072,0.7020524115357138,0.04776438686170644,8,40
locations,lira,LiRA,0.2025,0.36860484296344953,0.03679395190577509,0.7020524115357138,0.04776438686170644,8,40
locations,lira,LiRA,0.20500000000000002,0.37315552003707225,0.037248198225599466,0.7020524115357138,0.04776438686170644,8,40
locations,lira,LiRA,0.20750000000000002,0.3777061971106952,0.03770244454542386,0.7020524115357138,0.04776438686170644,8,40
locations,lira,LiRA,0.21,0.3822568741843179,0.03815669086524825,0.7020524115357138,0.04776438686170644,8,40
locations,lira,LiRA,0.2125,0.3868075512579408,0.03861093718507263,0.7020524115357138,0.04776438686170644,8,40
locations,lira,LiRA,0.215,0.39135822833156364,0.039065183504897016,0.7020524115357138,0.04776438686170644,8,40
locations,lira,LiRA,0.2175,0.3959089054051864,0.03951942982472138,0.7020524115357138,0.04776438686170644,8,40
locations,lira,LiRA,0.22,0.4004595824788093,0.03997367614454576,0.7020524115357138,0.04776438686170644,8,40
locations,lira,LiRA,0.2225,0.40501025955243214,0.040427922464370145,0.7020524115357138,0.04776438686170644,8,40
locations,lira,LiRA,0.225,0.40956093662605497,0.04088216878419452,0.7020524115357138,0.04776438686170644,8,40
locations,lira,LiRA,0.2275,0.4141116136996778,0.04133641510401894,0.7020524115357138,0.04776438686170644,8,40
locations,lira,LiRA,0.23,0.4186622907733007,0.04179066142384331,0.7020524115357138,0.04776438686170644,8,40
locations,lira,LiRA,0.2325,0.42321296784692347,0.042244907743667695,0.7020524115357138,0.04776438686170644,8,40
locations,lira,LiRA,0.23500000000000001,0.42776364492054636,0.04269915406349208,0.7020524115357138,0.04776438686170644,8,40
locations,lira,LiRA,0.23750000000000002,0.4323143219941692,0.04315340038331648,0.7020524115357138,0.04776438686170644,8,40
locations,lira,LiRA,0.24,0.4368649990677919,0.043607646703140844,0.7020524115357138,0.04776438686170644,8,40
locations,lira,LiRA,0.2425,0.44141567614141475,0.04406189302296523,0.7020524115357138,0.04776438686170644,8,40
locations,lira,LiRA,0.245,0.4459663532150376,0.04451613934278962,0.7020524115357138,0.04776438686170644,8,40
locations,lira,LiRA,0.2475,0.4505170302886605,0.044970385662613986,0.7020524115357138,0.04776438686170644,8,40
locations,lira,LiRA,0.25,0.4550677073622833,0.04542463198243839,0.7020524115357138,0.04776438686170644,8,40
locations,lira,LiRA,0.2525,0.4596183844359061,0.04587887830226275,0.7020524115357138,0.04776438686170644,8,40
locations,lira,LiRA,0.255,0.46416906150952897,0.04633312462208715,0.7020524115357138,0.04776438686170644,8,40
locations,lira,LiRA,0.2575,0.4687197385831519,0.046787370941911544,0.7020524115357138,0.04776438686170644,8,40
locations,lira,LiRA,0.26,0.4732704156567747,0.04724161726173591,0.7020524115357138,0.04776438686170644,8,40
locations,lira,LiRA,0.2625,0.4778210927303975,0.047695863581560326,0.7020524115357138,0.04776438686170644,8,40
locations,lira,LiRA,0.265,0.4823717698040203,0.048150109901384706,0.7020524115357138,0.04776438686170644,8,40
locations,lira,LiRA,0.2675,0.4869224468776432,0.04860435622120909,0.7020524115357138,0.04776438686170644,8,40
locations,lira,LiRA,0.27,0.49147312395126597,0.04905860254103344,0.7020524115357138,0.04776438686170644,8,40
locations,lira,LiRA,0.2725,0.49602380102488886,0.049512848860857855,0.7020524115357138,0.04776438686170644,8,40
locations,lira,LiRA,0.275,0.5005744780985117,0.04996709518068222,0.7020524115357138,0.04776438686170644,8,40
locations,lira,LiRA,0.2775,0.5051251551721345,0.05042134150050661,0.7020524115357138,0.04776438686170644,8,40
locations,lira,LiRA,0.28,0.5096758322457573,0.05087558782033098,0.7020524115357138,0.04776438686170644,8,40
locations,lira,LiRA,0.28250000000000003,0.5142265093193802,0.0513298341401554,0.7020524115357138,0.04776438686170644,8,40
locations,lira,LiRA,0.28500000000000003,0.518777186393003,0.051784080459979745,0.7020524115357138,0.04776438686170644,8,40
locations,lira,LiRA,0.28750000000000003,0.5233278634666259,0.05223832677980413,0.7020524115357138,0.04776438686170644,8,40
locations,lira,LiRA,0.29,0.5278785405402486,0.05269257309962851,0.7020524115357138,0.04776438686170644,8,40
locations,lira,LiRA,0.2925,0.5324292176138714,0.0531468194194529,0.7020524115357138,0.04776438686170644,8,40
locations,lira,LiRA,0.295,0.5369798946874943,0.053601065739277254,0.7020524115357138,0.04776438686170644,8,40
locations,lira,LiRA,0.2975,0.5415305717611172,0.054055312059101676,0.7020524115357138,0.04776438686170644,8,40
locations,lira,LiRA,0.3,0.54608124883474,0.05450955837892604,0.7020524115357138,0.04776438686170644,8,40
locations,lira,LiRA,0.3025,0.5506319259083629,0.05496380469875048,0.7020524115357138,0.04776438686170644,8,40
locations,lira,LiRA,0.305,0.5551826029819856,0.055418051018574825,0.7020524115357138,0.04776438686170644,8,40
locations,lira,LiRA,0.3075,0.5597332800556084,0.05587229733839923,0.7020524115357138,0.04776438686170644,8,40
locations,lira,LiRA,0.31,0.5642839571292313,0.05632654365822362,0.7020524115357138,0.04776438686170644,8,40
locations,lira,LiRA,0.3125,0.5688346342028541,0.056780789978047974,0.7020524115357138,0.04776438686170644,8,40
locations,lira,LiRA,0.315,0.573385311276477,0.057235036297872334,0.7020524115357138,0.04776438686170644,8,40
locations,lira,LiRA,0.3175,0.5779359883500998,0.057689282617696756,0.7020524115357138,0.04776438686170644,8,40
locations,lira,LiRA,0.32,0.5824866654237226,0.05814352893752113,0.7020524115357138,0.04776438686170644,8,40
locations,lira,LiRA,0.3225,0.5870373424973454,0.05859777525734551,0.7020524115357138,0.04776438686170644,8,40
locations,lira,LiRA,0.325,0.5915880195709684,0.059052021577169884,0.7020524115357138,0.04776438686170644,8,40
locations,lira,LiRA,0.3275,0.5961386966445911,0.05950626789699427,0.7020524115357138,0.04776438686170644,8,40
locations,lira,LiRA,0.33,0.600689373718214,0.05996051421681867,0.7020524115357138,0.04776438686170644,8,40
locations,lira,LiRA,0.3325,0.6052400507918367,0.060414760536643054,0.7020524115357138,0.04776438686170644,8,40
locations,lira,LiRA,0.335,0.6097907278654597,0.06086900685646743,0.7020524115357138,0.04776438686170644,8,40
locations,lira,LiRA,0.3375,0.6143414049390825,0.06132325317629181,0.7020524115357138,0.04776438686170644,8,40
locations,lira,LiRA,0.34,0.6188920820127053,0.061777499496116224,0.7020524115357138,0.04776438686170644,8,40
locations,lira,LiRA,0.3425,0.6234427590863281,0.06223174581594057,0.7020524115357138,0.04776438686170644,8,40
locations,lira,LiRA,0.34500000000000003,0.627993436159951,0.06268599213576496,0.7020524115357138,0.04776438686170644,8,40
locations,lira,LiRA,0.34750000000000003,0.6325441132335738,0.06314023845558935,0.7020524115357138,0.04776438686170644,8,40
locations,lira,LiRA,0.35000000000000003,0.6370947903071967,0.06359448477541375,0.7020524115357138,0.04776438686170644,8,40
locations,lira,LiRA,0.3525,0.6416454673808194,0.06404873109523807,0.7020524115357138,0.04776438686170644,8,40
locations,lira,LiRA,0.355,0.6461961444544422,0.06450297741506247,0.7020524115357138,0.04776438686170644,8,40
locations,lira,LiRA,0.3575,0.6507468215280652,0.06495722373488692,0.7020524115357138,0.04776438686170644,8,40
locations,lira,LiRA,0.36,0.6552974986016878,0.06541147005471128,0.7020524115357138,0.04776438686170644,8,40
locations,lira,LiRA,0.3625,0.6598481756753107,0.06586571637453564,0.7020524115357138,0.04776438686170644,8,40
locations,lira,LiRA,0.365,0.6643988527489336,0.06631996269436005,0.7020524115357138,0.04776438686170644,8,40
locations,lira,LiRA,0.3675,0.6689495298225564,0.06677420901418446,0.7020524115357138,0.04776438686170644,8,40
locations,lira,LiRA,0.37,0.6735002068961793,0.0672284553340088,0.7020524115357138,0.04776438686170644,8,40
locations,lira,LiRA,0.3725,0.6780508839698021,0.06768270165383314,0.7020524115357138,0.04776438686170644,8,40
locations,lira,LiRA,0.375,0.6826015610434248,0.06813694797365763,0.7020524115357138,0.04776438686170644,8,40
locations,lira,LiRA,0.3775,0.6871522381170477,0.06859119429348198,0.7020524115357138,0.04776438686170644,8,40
locations,lira,LiRA,0.38,0.6917029151906705,0.06904544061330634,0.7020524115357138,0.04776438686170644,8,40
locations,lira,LiRA,0.3825,0.6962535922642934,0.06949968693313072,0.7020524115357138,0.04776438686170644,8,40
locations,lira,LiRA,0.385,0.7008042693379163,0.06995393325295508,0.7020524115357138,0.04776438686170644,8,40
locations,lira,LiRA,0.3875,0.7053549464115391,0.0704081795727795,0.7020524115357138,0.04776438686170644,8,40
locations,lira,LiRA,0.39,0.709905623485162,0.0708624258926039,0.7020524115357138,0.04776438686170644,8,40
locations,lira,LiRA,0.3925,0.714456300558785,0.07131667221242825,0.7020524115357138,0.04776438686170644,8,40
locations,lira,LiRA,0.395,0.7190069776324076,0.07177091853225263,0.7020524115357138,0.04776438686170644,8,40
locations,lira,LiRA,0.3975,0.7235576547060305,0.072225164852077,0.7020524115357138,0.04776438686170644,8,40
locations,lira,LiRA,0.4,0.7281083317796533,0.07267941117190144,0.7020524115357138,0.04776438686170644,8,40
locations,lira,LiRA,0.4025,0.7326590088532762,0.0731336574917258,0.7020524115357138,0.04776438686170644,8,40
locations,lira,LiRA,0.405,0.7372096859268991,0.07358790381155018,0.7020524115357138,0.04776438686170644,8,40
locations,lira,LiRA,0.40750000000000003,0.7417603630005218,0.07404215013137457,0.7020524115357138,0.04776438686170644,8,40
locations,lira,LiRA,0.41000000000000003,0.7463110400741445,0.07449639645119893,0.7020524115357138,0.04776438686170644,8,40
locations,lira,LiRA,0.41250000000000003,0.7508617171477676,0.07495064277102337,0.7020524115357138,0.04776438686170644,8,40
locations,lira,LiRA,0.41500000000000004,0.7554123942213904,0.07540488909084772,0.7020524115357138,0.04776438686170644,8,40
locations,lira,LiRA,0.4175,0.7599630712950131,0.07585913541067205,0.7020524115357138,0.04776438686170644,8,40
locations,lira,LiRA,0.42,0.7645137483686358,0.0763133817304965,0.7020524115357138,0.04776438686170644,8,40
locations,lira,LiRA,0.4225,0.7690644254422587,0.07676762805032088,0.7020524115357138,0.04776438686170644,8,40
locations,lira,LiRA,0.425,0.7736151025158816,0.07722187437014526,0.7020524115357138,0.04776438686170644,8,40
locations,lira,LiRA,0.4275,0.7781320611216964,0.07767033845290273,0.7020524115357138,0.04776438686170644,8,40
locations,lira,LiRA,0.43,0.7825637972264579,0.07810511304034864,0.7020524115357138,0.04776438686170644,8,40
locations,lira,LiRA,0.4325,0.7869955333312192,0.07854131070374192,0.7020524115357138,0.04776438686170644,8,40
locations,lira,LiRA,0.435,0.7914272694359805,0.07897890786429451,0.7020524115357138,0.04776438686170644,8,40
locations,lira,LiRA,0.4375,0.7958385930184402,0.07947222250748863,0.7020524115357138,0.04776438686170644,8,40
locations,lira,LiRA,0.44,0.8002328867251506,0.0800121692388668,0.7020524115357138,0.04776438686170644,8,40
locations,lira,LiRA,0.4425,0.8046147276210173,0.0805468213288814,0.7020524115357138,0.04776438686170644,8,40
locations,lira,LiRA,0.445,0.8087738829582698,0.0809663730586081,0.7020524115357138,0.04776438686170644,8,40
locations,lira,LiRA,0.4475,0.8129330382955222,0.08138858860342861,0.7020524115357138,0.04776438686170644,8,40
locations,lira,LiRA,0.45,0.8170921936327744,0.08181342672180447,0.7020524115357138,0.04776438686170644,8,40
locations,lira,LiRA,0.4525,0.8211492896524097,0.08226972479864833,0.7020524115357138,0.04776438686170644,8,40
locations,lira,LiRA,0.455,0.8251605336596575,0.08283624303820078,0.7020524115357138,0.04776438686170644,8,40
locations,lira,LiRA,0.4575,0.8291636923434923,0.08342858147363595,0.7020524115357138,0.04776438686170644,8,40
locations,lira,LiRA,0.46,0.8331668510273271,0.08402515446396598,0.7020524115357138,0.04776438686170644,8,40
locations,lira,LiRA,0.4625,0.8371700097111618,0.0846258724543183,0.7020524115357138,0.04776438686170644,8,40
locations,lira,LiRA,0.465,0.8411731683949967,0.08523064780105054,0.7020524115357138,0.04776438686170644,8,40
locations,lira,LiRA,0.4675,0.8451763270788316,0.08583939474675874,0.7020524115357138,0.04776438686170644,8,40
locations,lira,LiRA,0.47000000000000003,0.8491210928265066,0.08641480865270634,0.7020524115357138,0.04776438686170644,8,40
locations,lira,LiRA,0.47250000000000003,0.8528376498097218,0.08691690480503837,0.7020524115357138,0.04776438686170644,8,40
locations,lira,LiRA,0.47500000000000003,0.8562916179806176,0.08741764374611619,0.7020524115357138,0.04776438686170644,8,40
locations,lira,LiRA,0.47750000000000004,0.8596291125296361,0.0878797848008526,0.7020524115357138,0.04776438686170644,8,40
locations,lira,LiRA,0.48,0.862828278413509,0.08842402248372784,0.7020524115357138,0.04776438686170644,8,40
locations,lira,LiRA,0.4825,0.8656741122635541,0.08888952558375386,0.7020524115357138,0.04776438686170644,8,40
locations,lira,LiRA,0.485,0.8684503544766145,0.0894014634437319,0.7020524115357138,0.04776438686170644,8,40
locations,lira,LiRA,0.4875,0.8712265966896747,0.08991663470696025,0.7020524115357138,0.04776438686170644,8,40
locations,lira,LiRA,0.49,0.8737468247302357,0.09036269481526339,0.7020524115357138,0.04776438686170644,8,40
locations,lira,LiRA,0.4925,0.8761927437019427,0.09078840525551671,0.7020524115357138,0.04776438686170644,8,40
locations,lira,LiRA,0.495,0.8786386626736497,0.09121927131406636,0.7020524115357138,0.04776438686170644,8,40
locations,lira,LiRA,0.4975,0.8808806703434451,0.0915726150183973,0.7020524115357138,0.04776438686170644,8,40
locations,lira,LiRA,0.5,0.8829159219065227,0.09186102470088381,0.7020524115357138,0.04776438686170644,8,40
locations,lira,LiRA,0.5025000000000001,0.884821137468859,0.09206756669952733,0.7020524115357138,0.04776438686170644,8,40
locations,lira,LiRA,0.505,0.8866632934435946,0.09225844059989595,0.7020524115357138,0.04776438686170644,8,40
locations,lira,LiRA,0.5075000000000001,0.88850544941833,0.09245388144011503,0.7020524115357138,0.04776438686170644,8,40
locations,lira,LiRA,0.51,0.8902642503635937,0.09265144116916027,0.7020524115357138,0.04776438686170644,8,40
locations,lira,LiRA,0.5125,0.8920104317907414,0.09285006262306875,0.7020524115357138,0.04776438686170644,8,40
locations,lira,LiRA,0.515,0.89360639428512,0.09294326703661197,0.7020524115357138,0.04776438686170644,8,40
locations,lira,LiRA,0.5175,0.895052706004443,0.09301896234987303,0.7020524115357138,0.04776438686170644,8,40
locations,lira,LiRA,0.52,0.8963762990863345,0.09299522380487972,0.7020524115357138,0.04776438686170644,8,40
locations,lira,LiRA,0.5225,0.8976998921682262,0.09297380193233826,0.7020524115357138,0.04776438686170644,8,40
locations,lira,LiRA,0.525,0.8990234852501181,0.09295469833391447,0.7020524115357138,0.04776438686170644,8,40
locations,lira,LiRA,0.5275,0.9003470783320097,0.09293791443918796,0.7020524115357138,0.04776438686170644,8,40
locations,lira,LiRA,0.53,0.9016517439735157,0.09290365848870893,0.7020524115357138,0.04776438686170644,8,40
locations,lira,LiRA,0.5325,0.9028584965099509,0.0927689439264601,0.7020524115357138,0.04776438686170644,8,40
locations,lira,LiRA,0.535,0.9040652490463859,0.09263588584884273,0.7020524115357138,0.04776438686170644,8,40
locations,lira,LiRA,0.5375,0.905265892109193,0.09249945568138057,0.7020524115357138,0.04776438686170644,8,40
locations,lira,LiRA,0.54,0.9063419019099898,0.09226262190564545,0.7020524115357138,0.04776438686170644,8,40
locations,lira,LiRA,0.5425,0.9072942063105042,0.09193520110219092,0.7020524115357138,0.04776438686170644,8,40
locations,lira,LiRA,0.545,0.9080724051721575,0.09147933904503476,0.7020524115357138,0.04776438686170644,8,40
locations,lira,LiRA,0.5475,0.9088506040338106,0.091025023587019,0.7020524115357138,0.04776438686170644,8,40
locations,lira,LiRA,0.55,0.9096288028954638,0.09057227800162193,0.7020524115357138,0.04776438686170644,8,40
locations,lira,LiRA,0.5525,0.910407001757117,0.09012112594876749,0.7020524115357138,0.04776438686170644,8,40
locations,lira,LiRA,0.555,0.9111852006187703,0.08967159148040656,0.7020524115357138,0.04776438686170644,8,40
locations,lira,LiRA,0.5575,0.9119633994804235,0.08922369904609999,0.7020524115357138,0.04776438686170644,8,40
locations,lira,LiRA,0.56,0.9127415983420766,0.08877747349859601,0.7020524115357138,0.04776438686170644,8,40
locations,lira,LiRA,0.5625,0.9134524935807338,0.08833564729460788,0.7020524115357138,0.04776438686170644,8,40
locations,lira,LiRA,0.5650000000000001,0.9141346726069127,0.08789637111111458,0.7020524115357138,0.04776438686170644,8,40
locations,lira,LiRA,0.5675,0.9148168516330918,0.08745845386670689,0.7020524115357138,0.04776438686170644,8,40
locations,lira,LiRA,0.5700000000000001,0.9154990306592705,0.08702191607700756,0.7020524115357138,0.04776438686170644,8,40
locations,lira,LiRA,0.5725,0.9161812096854495,0.08658677860608571,0.7020524115357138,0.04776438686170644,8,40
locations,lira,LiRA,0.5750000000000001,0.916779188006276,0.0860903387036215,0.7020524115357138,0.04776438686170644,8,40
locations,lira,LiRA,0.5775,0.9172687221944745,0.0855839249465414,0.7020524115357138,0.04776438686170644,8,40
locations,lira,LiRA,0.58,0.9177582563826728,0.0850775111894613,0.7020524115357138,0.04776438686170644,8,40
locations,lira,LiRA,0.5825,0.9182477905708711,0.08457109743238114,0.7020524115357138,0.04776438686170644,8,40
locations,lira,LiRA,0.585,0.9187373247590696,0.08406468367530097,0.7020524115357138,0.04776438686170644,8,40
locations,lira,LiRA,0.5875,0.9192268589472681,0.08355826991822089,0.7020524115357138,0.04776438686170644,8,40
locations,lira,LiRA,0.59,0.9197163931354663,0.08305185616114077,0.7020524115357138,0.04776438686170644,8,40
locations,lira,LiRA,0.5925,0.9202059273236647,0.08254544240406063,0.7020524115357138,0.04776438686170644,8,40
locations,lira,LiRA,0.595,0.920695461511863,0.08203902864698054,0.7020524115357138,0.04776438686170644,8,40
locations,lira,LiRA,0.5975,0.9211849957000614,0.08153261488990036,0.7020524115357138,0.04776438686170644,8,40
locations,lira,LiRA,0.6,0.9216745298882597,0.08102620113282032,0.7020524115357138,0.04776438686170644,8,40
locations,lira,LiRA,0.6025,0.922164064076458,0.08051978737574014,0.7020524115357138,0.04776438686170644,8,40
locations,lira,LiRA,0.605,0.9226535982646566,0.08001337361866004,0.7020524115357138,0.04776438686170644,8,40
locations,lira,LiRA,0.6075,0.9231431324528551,0.07950695986157989,0.7020524115357138,0.04776438686170644,8,40
locations,lira,LiRA,0.61,0.9236326666410533,0.07900054610449975,0.7020524115357138,0.04776438686170644,8,40
locations,lira,LiRA,0.6125,0.9241222008292517,0.07849413234741966,0.7020524115357138,0.04776438686170644,8,40
locations,lira,LiRA,0.615,0.92461173501745,0.0779877185903395,0.7020524115357138,0.04776438686170644,8,40
locations,lira,LiRA,0.6175,0.9251012692056486,0.07748130483325939,0.7020524115357138,0.04776438686170644,8,40
locations,lira,LiRA,0.62,0.9255908033938467,0.07697489107617923,0.7020524115357138,0.04776438686170644,8,40
locations,lira,LiRA,0.6225,0.9260803375820452,0.07646847731909909,0.7020524115357138,0.04776438686170644,8,40
locations,lira,LiRA,0.625,0.9265698717702435,0.07596206356201904,0.7020524115357138,0.04776438686170644,8,40
locations,lira,LiRA,0.6275000000000001,0.927059405958442,0.07545564980493889,0.7020524115357138,0.04776438686170644,8,40
locations,lira,LiRA,0.63,0.9275489401466404,0.07494923604785873,0.7020524115357138,0.04776438686170644,8,40
locations,lira,LiRA,0.6325000000000001,0.9280384743348388,0.07444282229077863,0.7020524115357138,0.04776438686170644,8,40
locations,lira,LiRA,0.635,0.9285280085230371,0.07393640853369847,0.7020524115357138,0.04776438686170644,8,40
locations,lira,LiRA,0.6375000000000001,0.9290175427112356,0.07342999477661832,0.7020524115357138,0.04776438686170644,8,40
locations,lira,LiRA,0.64,0.9295070768994339,0.07292358101953825,0.7020524115357138,0.04776438686170644,8,40
locations,lira,LiRA,0.6425,0.9299966110876323,0.07241716726245814,0.7020524115357138,0.04776438686170644,8,40
locations,lira,LiRA,0.645,0.9304861452758306,0.07191075350537801,0.7020524115357138,0.04776438686170644,8,40
locations,lira,LiRA,0.6475,0.9309756794640289,0.07140433974829784,0.7020524115357138,0.04776438686170644,8,40
locations,lira,LiRA,0.65,0.9314652136522275,0.07089792599121776,0.7020524115357138,0.04776438686170644,8,40
locations,lira,LiRA,0.6525,0.9319547478404256,0.07039151223413764,0.7020524115357138,0.04776438686170644,8,40
locations,lira,LiRA,0.655,0.932444282028624,0.06988509847705748,0.7020524115357138,0.04776438686170644,8,40
locations,lira,LiRA,0.6575,0.9329338162168226,0.06937868471997734,0.7020524115357138,0.04776438686170644,8,40
locations,lira,LiRA,0.66,0.9334233504050209,0.06887227096289723,0.7020524115357138,0.04776438686170644,8,40
locations,lira,LiRA,0.6625,0.9339128845932193,0.06836585720581709,0.7020524115357138,0.04776438686170644,8,40
locations,lira,LiRA,0.665,0.9344024187814176,0.06785944344873697,0.7020524115357138,0.04776438686170644,8,40
locations,lira,LiRA,0.6675,0.934891952969616,0.06735302969165688,0.7020524115357138,0.04776438686170644,8,40
locations,lira,LiRA,0.67,0.9353814871578144,0.0668466159345767,0.7020524115357138,0.04776438686170644,8,40
locations,lira,LiRA,0.6725,0.9358710213460126,0.0663402021774966,0.7020524115357138,0.04776438686170644,8,40
locations,lira,LiRA,0.675,0.9363605555342112,0.06583378842041644,0.7020524115357138,0.04776438686170644,8,40
locations,lira,LiRA,0.6775,0.9368500897224095,0.06532737466333632,0.7020524115357138,0.04776438686170644,8,40
locations,lira,LiRA,0.68,0.9373396239106079,0.0648209609062562,0.7020524115357138,0.04776438686170644,8,40
locations,lira,LiRA,0.6825,0.9378291580988064,0.06431454714917612,0.7020524115357138,0.04776438686170644,8,40
locations,lira,LiRA,0.685,0.9383186922870047,0.063808133392096,0.7020524115357138,0.04776438686170644,8,40
locations,lira,LiRA,0.6875,0.9388082264752031,0.06330171963501582,0.7020524115357138,0.04776438686170644,8,40
locations,lira,LiRA,0.6900000000000001,0.9392977606634014,0.0627953058779357,0.7020524115357138,0.04776438686170644,8,40
locations,lira,LiRA,0.6925,0.9397872948515997,0.06228889212085559,0.7020524115357138,0.04776438686170644,8,40
locations,lira,LiRA,0.6950000000000001,0.940276829039798,0.06178247836377544,0.7020524115357138,0.04776438686170644,8,40
locations,lira,LiRA,0.6975,0.9407663632279964,0.06127606460669536,0.7020524115357138,0.04776438686170644,8,40
locations,lira,LiRA,0.7000000000000001,0.9412558974161949,0.060769650849615185,0.7020524115357138,0.04776438686170644,8,40
locations,lira,LiRA,0.7025,0.9417454316043933,0.060263237092535116,0.7020524115357138,0.04776438686170644,8,40
locations,lira,LiRA,0.705,0.9422349657925915,0.059756823335455005,0.7020524115357138,0.04776438686170644,8,40
locations,lira,LiRA,0.7075,0.94272449998079,0.05925040957837484,0.7020524115357138,0.04776438686170644,8,40
locations,lira,LiRA,0.71,0.9432140341689884,0.05874399582129468,0.7020524115357138,0.04776438686170644,8,40
locations,lira,LiRA,0.7125,0.9437035683571869,0.058237582064214574,0.7020524115357138,0.04776438686170644,8,40
locations,lira,LiRA,0.715,0.944193102545385,0.057731168307134456,0.7020524115357138,0.04776438686170644,8,40
locations,lira,LiRA,0.7175,0.9446826367335834,0.0572247545500543,0.7020524115357138,0.04776438686170644,8,40
locations,lira,LiRA,0.72,0.9451721709217819,0.056718340792974206,0.7020524115357138,0.04776438686170644,8,40
locations,lira,LiRA,0.7225,0.9456617051099803,0.056211927035894026,0.7020524115357138,0.04776438686170644,8,40
locations,lira,LiRA,0.725,0.9461512392981785,0.05570551327881391,0.7020524115357138,0.04776438686170644,8,40
locations,lira,LiRA,0.7275,0.946640773486377,0.05519909952173378,0.7020524115357138,0.04776438686170644,8,40
locations,lira,LiRA,0.73,0.9471303076745753,0.054692685764653706,0.7020524115357138,0.04776438686170644,8,40
locations,lira,LiRA,0.7325,0.9476198418627739,0.054186272007573526,0.7020524115357138,0.04776438686170644,8,40
locations,lira,LiRA,0.735,0.9481093760509721,0.05367985825049342,0.7020524115357138,0.04776438686170644,8,40
locations,lira,LiRA,0.7375,0.9485989102391705,0.053173444493413276,0.7020524115357138,0.04776438686170644,8,40
locations,lira,LiRA,0.74,0.9490884444273688,0.05266703073633322,0.7020524115357138,0.04776438686170644,8,40
locations,lira,LiRA,0.7425,0.9495779786155673,0.05216061697925307,0.7020524115357138,0.04776438686170644,8,40
locations,lira,LiRA,0.745,0.9500675128037657,0.05165420322217295,0.7020524115357138,0.04776438686170644,8,40
locations,lira,LiRA,0.7475,0.950557046991964,0.0511477894650928,0.7020524115357138,0.04776438686170644,8,40
locations,lira,LiRA,0.75,0.9510465811801623,0.05064137570801263,0.7020524115357138,0.04776438686170644,8,40
locations,lira,LiRA,0.7525000000000001,0.9515361153683608,0.05013496195093253,0.7020524115357138,0.04776438686170644,8,40
locations,lira,LiRA,0.755,0.9520256495565591,0.04962854819385239,0.7020524115357138,0.04776438686170644,8,40
locations,lira,LiRA,0.7575000000000001,0.9525151837447576,0.04912213443677228,0.7020524115357138,0.04776438686170644,8,40
locations,lira,LiRA,0.76,0.9530047179329559,0.04861572067969221,0.7020524115357138,0.04776438686170644,8,40
locations,lira,LiRA,0.7625000000000001,0.9534942521211542,0.04810930692261204,0.7020524115357138,0.04776438686170644,8,40
locations,lira,LiRA,0.765,0.9539837863093528,0.04760289316553187,0.7020524115357138,0.04776438686170644,8,40
locations,lira,LiRA,0.7675000000000001,0.954473320497551,0.04709647940845183,0.7020524115357138,0.04776438686170644,8,40
locations,lira,LiRA,0.77,0.9549628546857494,0.046590065651371665,0.7020524115357138,0.04776438686170644,8,40
locations,lira,LiRA,0.7725,0.9554523888739477,0.04608365189429157,0.7020524115357138,0.04776438686170644,8,40
locations,lira,LiRA,0.775,0.9559419230621461,0.04557723813721139,0.7020524115357138,0.04776438686170644,8,40
locations,lira,LiRA,0.7775,0.9564314572503445,0.04507082438013129,0.7020524115357138,0.04776438686170644,8,40
locations,lira,LiRA,0.78,0.9569209914385428,0.04456441062305117,0.7020524115357138,0.04776438686170644,8,40
locations,lira,LiRA,0.7825,0.9574105256267413,0.04405799686597101,0.7020524115357138,0.04776438686170644,8,40
locations,lira,LiRA,0.785,0.9579000598149398,0.043551583108890894,0.7020524115357138,0.04776438686170644,8,40
locations,lira,LiRA,0.7875,0.958389594003138,0.04304516935181082,0.7020524115357138,0.04776438686170644,8,40
locations,lira,LiRA,0.79,0.9588791281913365,0.04253875559473064,0.7020524115357138,0.04776438686170644,8,40
locations,lira,LiRA,0.7925,0.9593686623795348,0.042032341837650505,0.7020524115357138,0.04776438686170644,8,40
locations,lira,LiRA,0.795,0.9598581965677333,0.041525928080570346,0.7020524115357138,0.04776438686170644,8,40
locations,lira,LiRA,0.7975,0.9603477307559315,0.04101951432349023,0.7020524115357138,0.04776438686170644,8,40
locations,lira,LiRA,0.8,0.9608372649441298,0.04051310056641009,0.7020524115357138,0.04776438686170644,8,40
locations,lira,LiRA,0.8025,0.9613267991323282,0.04000668680933001,0.7020524115357138,0.04776438686170644,8,40
locations,lira,LiRA,0.805,0.9618163333205266,0.039500273052249915,0.7020524115357138,0.04776438686170644,8,40
locations,lira,LiRA,0.8075,0.9623058675087252,0.038993859295169776,0.7020524115357138,0.04776438686170644,8,40
locations,lira,LiRA,0.81,0.9627954016969235,0.0384874455380896,0.7020524115357138,0.04776438686170644,8,40
locations,lira,LiRA,0.8125,0.9632849358851218,0.03798103178100948,0.7020524115357138,0.04776438686170644,8,40
locations,lira,LiRA,0.8150000000000001,0.9637744700733202,0.037474618023929374,0.7020524115357138,0.04776438686170644,8,40
locations,lira,LiRA,0.8175,0.9642640042615186,0.03696820426684927,0.7020524115357138,0.04776438686170644,8,40
locations,lira,LiRA,0.8200000000000001,0.9647535384497168,0.036461790509769144,0.7020524115357138,0.04776438686170644,8,40
locations,lira,LiRA,0.8225,0.9652430726379153,0.03595537675268899,0.7020524115357138,0.04776438686170644,8,40
locations,lira,LiRA,0.8250000000000001,0.9657326068261136,0.03544896299560887,0.7020524115357138,0.04776438686170644,8,40
locations,lira,LiRA,0.8275,0.966222141014312,0.03494254923852877,0.7020524115357138,0.04776438686170644,8,40
locations,lira,LiRA,0.8300000000000001,0.9667116752025103,0.03443613548144861,0.7020524115357138,0.04776438686170644,8,40
locations,lira,LiRA,0.8325,0.9672012093907089,0.033929721724368506,0.7020524115357138,0.04776438686170644,8,40
locations,lira,LiRA,0.835,0.9676907435789072,0.033423307967288346,0.7020524115357138,0.04776438686170644,8,40
locations,lira,LiRA,0.8375,0.9681802777671056,0.032916894210208186,0.7020524115357138,0.04776438686170644,8,40
locations,lira,LiRA,0.84,0.968669811955304,0.03241048045312811,0.7020524115357138,0.04776438686170644,8,40
locations,lira,LiRA,0.8425,0.9691593461435023,0.031904066696048006,0.7020524115357138,0.04776438686170644,8,40
locations,lira,LiRA,0.845,0.9696488803317006,0.03139765293896781,0.7020524115357138,0.04776438686170644,8,40
locations,lira,LiRA,0.8475,0.970138414519899,0.030891239181887745,0.7020524115357138,0.04776438686170644,8,40
locations,lira,LiRA,0.85,0.9706279487080973,0.030384825424807603,0.7020524115357138,0.04776438686170644,8,40
locations,lira,LiRA,0.8525,0.9711174828962957,0.029878411667727513,0.7020524115357138,0.04776438686170644,8,40
locations,lira,LiRA,0.855,0.9716070170844942,0.029371997910647336,0.7020524115357138,0.04776438686170644,8,40
locations,lira,LiRA,0.8575,0.9720965512726925,0.02886558415356724,0.7020524115357138,0.04776438686170644,8,40
locations,lira,LiRA,0.86,0.9725860854608909,0.028359170396487093,0.7020524115357138,0.04776438686170644,8,40
locations,lira,LiRA,0.8625,0.9730756196490892,0.027852756639407002,0.7020524115357138,0.04776438686170644,8,40
locations,lira,LiRA,0.865,0.9735651538372878,0.02734634288232683,0.7020524115357138,0.04776438686170644,8,40
locations,lira,LiRA,0.8675,0.9740546880254861,0.026839929125246697,0.7020524115357138,0.04776438686170644,8,40
locations,lira,LiRA,0.87,0.9745442222136843,0.02633351536816658,0.7020524115357138,0.04776438686170644,8,40
locations,lira,LiRA,0.8725,0.9750337564018828,0.025827101611086443,0.7020524115357138,0.04776438686170644,8,40
locations,lira,LiRA,0.875,0.9755232905900811,0.02532068785400634,0.7020524115357138,0.04776438686170644,8,40
locations,lira,LiRA,0.8775000000000001,0.9760128247782797,0.024814274096926194,0.7020524115357138,0.04776438686170644,8,40
locations,lira,LiRA,0.88,0.9765023589664781,0.0243078603398461,0.7020524115357138,0.04776438686170644,8,40
locations,lira,LiRA,0.8825000000000001,0.9769918931546763,0.023801446582765944,0.7020524115357138,0.04776438686170644,8,40
locations,lira,LiRA,0.885,0.9774814273428748,0.02329503282568581,0.7020524115357138,0.04776438686170644,8,40
locations,lira,LiRA,0.8875000000000001,0.9779709615310732,0.022788619068605694,0.7020524115357138,0.04776438686170644,8,40
locations,lira,LiRA,0.89,0.9784604957192716,0.022282205311525558,0.7020524115357138,0.04776438686170644,8,40
locations,lira,LiRA,0.8925000000000001,0.9789500299074699,0.02177579155444548,0.7020524115357138,0.04776438686170644,8,40
locations,lira,LiRA,0.895,0.9794395640956682,0.021269377797365308,0.7020524115357138,0.04776438686170644,8,40
locations,lira,LiRA,0.8975,0.9799290982838667,0.020762964040285187,0.7020524115357138,0.04776438686170644,8,40
locations,lira,LiRA,0.9,0.9804186324720651,0.020256550283205083,0.7020524115357138,0.04776438686170644,8,40
locations,lira,LiRA,0.9025,0.9809081666602633,0.019750136526124947,0.7020524115357138,0.04776438686170644,8,40
locations,lira,LiRA,0.905,0.9813977008484617,0.019243722769044815,0.7020524115357138,0.04776438686170644,8,40
locations,lira,LiRA,0.9075,0.98188723503666,0.018737309011964656,0.7020524115357138,0.04776438686170644,8,40
locations,lira,LiRA,0.91,0.9823767692248585,0.01823089525488453,0.7020524115357138,0.04776438686170644,8,40
locations,lira,LiRA,0.9125,0.9828663034130568,0.01772448149780441,0.7020524115357138,0.04776438686170644,8,40
locations,lira,LiRA,0.915,0.9833558376012552,0.017218067740724298,0.7020524115357138,0.04776438686170644,8,40
locations,lira,LiRA,0.9175,0.9838453717894536,0.01671165398364423,0.7020524115357138,0.04776438686170644,8,40
locations,lira,LiRA,0.92,0.984334905977652,0.01620524022656405,0.7020524115357138,0.04776438686170644,8,40
locations,lira,LiRA,0.9225,0.9848244401658504,0.01569882646948388,0.7020524115357138,0.04776438686170644,8,40
locations,lira,LiRA,0.925,0.9853139743540487,0.01519241271240382,0.7020524115357138,0.04776438686170644,8,40
locations,lira,LiRA,0.9275,0.9858035085422472,0.014685998955323722,0.7020524115357138,0.04776438686170644,8,40
locations,lira,LiRA,0.93,0.9862930427304455,0.01417958519824347,0.7020524115357138,0.04776438686170644,8,40
locations,lira,LiRA,0.9325,0.9867825769186438,0.013673171441163385,0.7020524115357138,0.04776438686170644,8,40
locations,lira,LiRA,0.935,0.9872721111068423,0.013166757684083229,0.7020524115357138,0.04776438686170644,8,40
locations,lira,LiRA,0.9375,0.9877616452950406,0.01266034392700317,0.7020524115357138,0.04776438686170644,8,40
locations,lira,LiRA,0.9400000000000001,0.9882511794832392,0.012153930169923019,0.7020524115357138,0.04776438686170644,8,40
locations,lira,LiRA,0.9425,0.9887407136714373,0.011647516412842894,0.7020524115357138,0.04776438686170644,8,40
locations,lira,LiRA,0.9450000000000001,0.9892302478596358,0.011141102655762762,0.7020524115357138,0.04776438686170644,8,40
locations,lira,LiRA,0.9475,0.9897197820478342,0.010634688898682649,0.7020524115357138,0.04776438686170644,8,40
locations,lira,LiRA,0.9500000000000001,0.9902093162360325,0.010128275141602487,0.7020524115357138,0.04776438686170644,8,40
locations,lira,LiRA,0.9525,0.9906988504242309,0.009621861384522364,0.7020524115357138,0.04776438686170644,8,40
locations,lira,LiRA,0.9550000000000001,0.9911883846124292,0.009115447627442229,0.7020524115357138,0.04776438686170644,8,40
locations,lira,LiRA,0.9575,0.9916779188006276,0.00860903387036216,0.7020524115357138,0.04776438686170644,8,40
locations,lira,LiRA,0.96,0.9921674529888259,0.008102620113282034,0.7020524115357138,0.04776438686170644,8,40
locations,lira,LiRA,0.9625,0.9926569871770244,0.007596206356201934,0.7020524115357138,0.04776438686170644,8,40
locations,lira,LiRA,0.965,0.9931465213652227,0.007089792599121801,0.7020524115357138,0.04776438686170644,8,40
locations,lira,LiRA,0.9675,0.9936360555534212,0.006583378842041576,0.7020524115357138,0.04776438686170644,8,40
locations,lira,LiRA,0.97,0.9941255897416195,0.006076965084961538,0.7020524115357138,0.04776438686170644,8,40
locations,lira,LiRA,0.9725,0.9946151239298179,0.005570551327881375,0.7020524115357138,0.04776438686170644,8,40
locations,lira,LiRA,0.975,0.9951046581180162,0.005064137570801237,0.7020524115357138,0.04776438686170644,8,40
locations,lira,LiRA,0.9775,0.9955941923062146,0.004557723813721119,0.7020524115357138,0.04776438686170644,8,40
locations,lira,LiRA,0.98,0.9960837264944129,0.004051310056641035,0.7020524115357138,0.04776438686170644,8,40
locations,lira,LiRA,0.9825,0.9965732606826113,0.0035448962995609018,0.7020524115357138,0.04776438686170644,8,40
locations,lira,LiRA,0.985,0.9970627948708097,0.00303848254248072,0.7020524115357138,0.04776438686170644,8,40
locations,lira,LiRA,0.9875,0.9975523290590081,0.0025320687854005863,0.7020524115357138,0.04776438686170644,8,40
locations,lira,LiRA,0.99,0.9980418632472065,0.0020256550283205086,0.7020524115357138,0.04776438686170644,8,40
locations,lira,LiRA,0.9925,0.998531397435405,0.0015192412712403834,0.7020524115357138,0.04776438686170644,8,40
locations,lira,LiRA,0.995,0.9990209316236033,0.0010128275141602441,0.7020524115357138,0.04776438686170644,8,40
locations,lira,LiRA,0.9975,0.9995104658118016,0.0005064137570801492,0.7020524115357138,0.04776438686170644,8,40
locations,lira,LiRA,1.0,1.0,0.0,0.7020524115357138,0.04776438686170644,8,40
locations,attack_p,Attack-P,0.0,0.0,0.0,0.7967429748591812,0.09727251906891664,8,40
locations,attack_p,Attack-P,0.0025,0.02588098431080101,0.04803786508909311,0.7967429748591812,0.09727251906891664,8,40
locations,attack_p,Attack-P,0.005,0.04800709156937706,0.09217705454115492,0.7967429748591812,0.09727251906891664,8,40
locations,attack_p,Attack-P,0.0075,0.06219388331377411,0.11649101338322722,0.7967429748591812,0.09727251906891664,8,40
locations,attack_p,Attack-P,0.01,0.07118297074740133,0.12698091603300152,0.7967429748591812,0.09727251906891664,8,40
locations,attack_p,Attack-P,0.0125,0.07875926497287164,0.1344415411062661,0.7967429748591812,0.09727251906891664,8,40
locations,attack_p,Attack-P,0.015,0.08569394174792966,0.14027785065632353,0.7967429748591812,0.09727251906891664,8,40
locations,attack_p,Attack-P,0.0175,0.0936396127841867,0.1469227213992426,0.7967429748591812,0.09727251906891664,8,40
locations,attack_p,Attack-P,0.02,0.10262115689822399,0.15480039064412554,0.7967429748591812,0.09727251906891664,8,40
locations,attack_p,Attack-P,0.0225,0.11153392520170505,0.15988973330089712,0.7967429748591812,0.09727251906891664,8,40
locations,attack_p,Attack-P,0.025,0.11969174993190207,0.1662059360932618,0.7967429748591812,0.09727251906891664,8,40
locations,attack_p,Attack-P,0.0275,0.1269739299333878,0.17168367742447851,0.7967429748591812,0.09727251906891664,8,40
locations,attack_p,Attack-P,0.03,0.13527381014288192,0.17845575875120054,0.7967429748591812,0.09727251906891664,8,40
locations,attack_p,Attack-P,0.0325,0.1427793355960429,0.1841976084603242,0.7967429748591812,0.09727251906891664,8,40
locations,attack_p,Attack-P,0.035,0.1495572553735483,0.18977510163860953,0.7967429748591812,0.09727251906891664,8,40
locations,attack_p,Attack-P,0.0375,0.15604717257683814,0.19518473965319985,0.7967429748591812,0.09727251906891664,8,40
locations,attack_p,Attack-P,0.04,0.163128459320191,0.20058767350877754,0.7967429748591812,0.09727251906891664,8,40
locations,attack_p,Attack-P,0.0425,0.17013461412374248,0.2052425379282058,0.7967429748591812,0.09727251906891664,8,40
locations,attack_p,Attack-P,0.045,0.1777848114952737,0.209700032573682,0.7967429748591812,0.09727251906891664,8,40
locations,attack_p,Attack-P,0.0475,0.1841245404302103,0.21409453333386053,0.7967429748591812,0.09727251906891664,8,40
locations,attack_p,Attack-P,0.05,0.18966243629182394,0.2168475685537467,0.7967429748591812,0.09727251906891664,8,40
locations,attack_p,Attack-P,0.0525,0.19594929675487885,0.22032226045650716,0.7967429748591812,0.09727251906891664,8,40
locations,attack_p,Attack-P,0.055,0.2022287059079766,0.22197564422140995,0.7967429748591812,0.09727251906891664,8,40
locations,attack_p,Attack-P,0.0575,0.20816323997440417,0.22275973422800824,0.7967429748591812,0.09727251906891664,8,40
locations,attack_p,Attack-P,0.06,0.21544486563878135,0.22585032140186173,0.7967429748591812,0.09727251906891664,8,40
locations,attack_p,Attack-P,0.0625,0.22350830745892175,0.23191264073508217,0.7967429748591812,0.09727251906891664,8,40
locations,attack_p,Attack-P,0.065,0.23150340934416602,0.23471566842242522,0.7967429748591812,0.09727251906891664,8,40
locations,attack_p,Attack-P,0.0675,0.23909671158599596,0.23733459140527097,0.7967429748591812,0.09727251906891664,8,40
locations,attack_p,Attack-P,0.07,0.24573416823685937,0.24042892127761661,0.7967429748591812,0.09727251906891664,8,40
locations,attack_p,Attack-P,0.0725,0.2527934254513038,0.24261579373559902,0.7967429748591812,0.09727251906891664,8,40
locations,attack_p,Attack-P,0.075,0.2597168672461184,0.2439245955728901,0.7967429748591812,0.09727251906891664,8,40
locations,attack_p,Attack-P,0.0775,0.2668051909219226,0.24509994805816757,0.7967429748591812,0.09727251906891664,8,40
locations,attack_p,Attack-P,0.08,0.2746042616942773,0.24607199607624972,0.7967429748591812,0.09727251906891664,8,40
locations,attack_p,Attack-P,0.0825,0.2826918475905703,0.2466754352072158,0.7967429748591812,0.09727251906891664,8,40
locations,attack_p,Attack-P,0.085,0.2911350784983781,0.24553568511125834,0.7967429748591812,0.09727251906891664,8,40
locations,attack_p,Attack-P,0.08750000000000001,0.301033444611594,0.24375744331484214,0.7967429748591812,0.09727251906891664,8,40
locations,attack_p,Attack-P,0.09,0.3106780377881782,0.24176828882255386,0.7967429748591812,0.09727251906891664,8,40
locations,attack_p,Attack-P,0.0925,0.3181282872743481,0.24089962228523376,0.7967429748591812,0.09727251906891664,8,40
locations,attack_p,Attack-P,0.095,0.3262301226691925,0.24021335987219636,0.7967429748591812,0.09727251906891664,8,40
locations,attack_p,Attack-P,0.0975,0.33562037189225663,0.23847270707851737,0.7967429748591812,0.09727251906891664,8,40
locations,attack_p,Attack-P,0.1,0.3456845733353144,0.2371357601261623,0.7967429748591812,0.09727251906891664,8,40
locations,attack_p,Attack-P,0.10250000000000001,0.35468302325545403,0.23661878659296912,0.7967429748591812,0.09727251906891664,8,40
locations,attack_p,Attack-P,0.105,0.3635740693794418,0.23644283288055937,0.7967429748591812,0.09727251906891664,8,40
locations,attack_p,Attack-P,0.1075,0.37586396054651705,0.23633874477618017,0.7967429748591812,0.09727251906891664,8,40
locations,attack_p,Attack-P,0.11,0.3841255748087067,0.2365776565976901,0.7967429748591812,0.09727251906891664,8,40
locations,attack_p,Attack-P,0.1125,0.39214502856899996,0.2372633889624838,0.7967429748591812,0.09727251906891664,8,40
locations,attack_p,Attack-P,0.115,0.40114035486419464,0.23699744149652183,0.7967429748591812,0.09727251906891664,8,40
locations,attack_p,Attack-P,0.11750000000000001,0.4085463764086278,0.23670429626838013,0.7967429748591812,0.09727251906891664,8,40
locations,attack_p,Attack-P,0.12,0.41635390044173193,0.2367546486580163,0.7967429748591812,0.09727251906891664,8,40
locations,attack_p,Attack-P,0.1225,0.42574857067496985,0.2370594238547847,0.7967429748591812,0.09727251906891664,8,40
locations,attack_p,Attack-P,0.125,0.43367916228544445,0.23844514392003044,0.7967429748591812,0.09727251906891664,8,40
locations,attack_p,Attack-P,0.1275,0.44300201734809685,0.23978395253324386,0.7967429748591812,0.09727251906891664,8,40
locations,attack_p,Attack-P,0.13,0.44994727909273086,0.24031246126881914,0.7967429748591812,0.09727251906891664,8,40
locations,attack_p,Attack-P,0.1325,0.45842026726785073,0.24228967410435537,0.7967429748591812,0.09727251906891664,8,40
locations,attack_p,Attack-P,0.135,0.46806611892893846,0.2439261806510003,0.7967429748591812,0.09727251906891664,8,40
locations,attack_p,Attack-P,0.1375,0.4767282862426524,0.24382454488845778,0.7967429748591812,0.09727251906891664,8,40
locations,attack_p,Attack-P,0.14,0.48425106879049945,0.24438451327369198,0.7967429748591812,0.09727251906891664,8,40
locations,attack_p,Attack-P,0.14250000000000002,0.49104787466322514,0.24505283852740004,0.7967429748591812,0.09727251906891664,8,40
locations,attack_p,Attack-P,0.145,0.4983266493453153,0.24595574561898378,0.7967429748591812,0.09727251906891664,8,40
locations,attack_p,Attack-P,0.1475,0.505279446863319,0.24769242456610302,0.7967429748591812,0.09727251906891664,8,40
locations,attack_p,Attack-P,0.15,0.512928935175425,0.24950467807537186,0.7967429748591812,0.09727251906891664,8,40
locations,attack_p,Attack-P,0.1525,0.5214129952023324,0.25232569397775517,0.7967429748591812,0.09727251906891664,8,40
locations,attack_p,Attack-P,0.155,0.5280961068103507,0.25182326799681876,0.7967429748591812,0.09727251906891664,8,40
locations,attack_p,Attack-P,0.1575,0.5349608046520565,0.25225635207319574,0.7967429748591812,0.09727251906891664,8,40
locations,attack_p,Attack-P,0.16,0.5433264677823738,0.25312937246286255,0.7967429748591812,0.09727251906891664,8,40
locations,attack_p,Attack-P,0.1625,0.5516335709988659,0.2539061642839365,0.7967429748591812,0.09727251906891664,8,40
locations,attack_p,Attack-P,0.165,0.5584081125557488,0.2539238656634559,0.7967429748591812,0.09727251906891664,8,40
locations,attack_p,Attack-P,0.1675,0.564747570931707,0.2529965368226283,0.7967429748591812,0.09727251906891664,8,40
locations,attack_p,Attack-P,0.17,0.5709822705751083,0.25251112748093935,0.7967429748591812,0.09727251906891664,8,40
locations,attack_p,Attack-P,0.17250000000000001,0.5771895221741591,0.2518833696013697,0.7967429748591812,0.09727251906891664,8,40
locations,attack_p,Attack-P,0.17500000000000002,0.5823436239329306,0.25119227179732895,0.7967429748591812,0.09727251906891664,8,40
locations,attack_p,Attack-P,0.1775,0.5873667682034025,0.25049123049584043,0.7967429748591812,0.09727251906891664,8,40
locations,attack_p,Attack-P,0.18,0.5923805920296281,0.2497601469451599,0.7967429748591812,0.09727251906891664,8,40
locations,attack_p,Attack-P,0.1825,0.5978667550911221,0.24912314891515425,0.7967429748591812,0.09727251906891664,8,40
locations,attack_p,Attack-P,0.185,0.603122623940672,0.2495377029846443,0.7967429748591812,0.09727251906891664,8,40
locations,attack_p,Attack-P,0.1875,0.6073870588114341,0.24940812864603323,0.7967429748591812,0.09727251906891664,8,40
locations,attack_p,Attack-P,0.19,0.6122053091205281,0.248931600114838,0.7967429748591812,0.09727251906891664,8,40
locations,attack_p,Attack-P,0.1925,0.6160069775520614,0.24878614993084688,0.7967429748591812,0.09727251906891664,8,40
locations,attack_p,Attack-P,0.195,0.6204877939352268,0.2484790885729948,0.7967429748591812,0.09727251906891664,8,40
locations,attack_p,Attack-P,0.1975,0.6249447998659743,0.2477123835761269,0.7967429748591812,0.09727251906891664,8,40
locations,attack_p,Attack-P,0.2,0.630125950548226,0.24719730067951187,0.7967429748591812,0.09727251906891664,8,40
locations,attack_p,Attack-P,0.2025,0.634635587691365,0.24663560346751098,0.7967429748591812,0.09727251906891664,8,40
locations,attack_p,Attack-P,0.20500000000000002,0.639402786803649,0.24558083056257285,0.7967429748591812,0.09727251906891664,8,40
locations,attack_p,Attack-P,0.20750000000000002,0.6433901921289437,0.2445689400890332,0.7967429748591812,0.09727251906891664,8,40
locations,attack_p,Attack-P,0.21,0.647109224624087,0.24411708366419677,0.7967429748591812,0.09727251906891664,8,40
locations,attack_p,Attack-P,0.2125,0.6513625355856071,0.24378853539627982,0.7967429748591812,0.09727251906891664,8,40
locations,attack_p,Attack-P,0.215,0.6550376204537978,0.24296834174932766,0.7967429748591812,0.09727251906891664,8,40
locations,attack_p,Attack-P,0.2175,0.6582466073285789,0.24201982354673177,0.7967429748591812,0.09727251906891664,8,40
locations,attack_p,Attack-P,0.22,0.6620208998836143,0.241406784998601,0.7967429748591812,0.09727251906891664,8,40
locations,attack_p,Attack-P,0.2225,0.6656714904786667,0.2404643755778115,0.7967429748591812,0.09727251906891664,8,40
locations,attack_p,Attack-P,0.225,0.6693291035212836,0.23960088393692014,0.7967429748591812,0.09727251906891664,8,40
locations,attack_p,Attack-P,0.2275,0.6731214058205186,0.23833426918631104,0.7967429748591812,0.09727251906891664,8,40
locations,attack_p,Attack-P,0.23,0.6774640464189997,0.23745666106833144,0.7967429748591812,0.09727251906891664,8,40
locations,attack_p,Attack-P,0.2325,0.6808199801206335,0.23594825682167073,0.7967429748591812,0.09727251906891664,8,40
locations,attack_p,Attack-P,0.23500000000000001,0.6844161077157372,0.23470210129380453,0.7967429748591812,0.09727251906891664,8,40
locations,attack_p,Attack-P,0.23750000000000002,0.687932184608813,0.2332659558847581,0.7967429748591812,0.09727251906891664,8,40
locations,attack_p,Attack-P,0.24,0.6913688710405559,0.23230720103712169,0.7967429748591812,0.09727251906891664,8,40
locations,attack_p,Attack-P,0.2425,0.6947158571342853,0.23147361778405126,0.7967429748591812,0.09727251906891664,8,40
locations,attack_p,Attack-P,0.245,0.6978933833067609,0.2298422243105515,0.7967429748591812,0.09727251906891664,8,40
locations,attack_p,Attack-P,0.2475,0.7005253705148207,0.22834376263477682,0.7967429748591812,0.09727251906891664,8,40
locations,attack_p,Attack-P,0.25,0.7032494645023896,0.226907540785561,0.7967429748591812,0.09727251906891664,8,40
locations,attack_p,Attack-P,0.2525,0.7060391601973602,0.22544242993530203,0.7967429748591812,0.09727251906891664,8,40
locations,attack_p,Attack-P,0.255,0.7086023023301885,0.224132329656696,0.7967429748591812,0.09727251906891664,8,40
locations,attack_p,Attack-P,0.2575,0.7112211354406557,0.22287535315076773,0.7967429748591812,0.09727251906891664,8,40
locations,attack_p,Attack-P,0.26,0.714448609338313,0.22186723385974086,0.7967429748591812,0.09727251906891664,8,40
locations,attack_p,Attack-P,0.2625,0.7175789082320869,0.2205463218621099,0.7967429748591812,0.09727251906891664,8,40
locations,attack_p,Attack-P,0.265,0.7200749400456539,0.21937962518417264,0.7967429748591812,0.09727251906891664,8,40
locations,attack_p,Attack-P,0.2675,0.7227129824205956,0.21804055366526068,0.7967429748591812,0.09727251906891664,8,40
locations,attack_p,Attack-P,0.27,0.725462640760176,0.21679237786672093,0.7967429748591812,0.09727251906891664,8,40
locations,attack_p,Attack-P,0.2725,0.7286842147263813,0.21535296242006052,0.7967429748591812,0.09727251906891664,8,40
locations,attack_p,Attack-P,0.275,0.7317090536803291,0.21458784865908948,0.7967429748591812,0.09727251906891664,8,40
locations,attack_p,Attack-P,0.2775,0.7348886244858887,0.2135369378736655,0.7967429748591812,0.09727251906891664,8,40
locations,attack_p,Attack-P,0.28,0.7376641831958993,0.21242932656215438,0.7967429748591812,0.09727251906891664,8,40
locations,attack_p,Attack-P,0.28250000000000003,0.7411972069902277,0.21016426278929493,0.7967429748591812,0.09727251906891664,8,40
locations,attack_p,Attack-P,0.28500000000000003,0.7441544377528349,0.20834765879227915,0.7967429748591812,0.09727251906891664,8,40
locations,attack_p,Attack-P,0.28750000000000003,0.7468593527978133,0.2068853544223331,0.7967429748591812,0.09727251906891664,8,40
locations,attack_p,Attack-P,0.29,0.7492729526544699,0.20555105630522408,0.7967429748591812,0.09727251906891664,8,40
locations,attack_p,Attack-P,0.2925,0.7513257757764857,0.2045203900715314,0.7967429748591812,0.09727251906891664,8,40
locations,attack_p,Attack-P,0.295,0.7538480391501374,0.20317985354954093,0.7967429748591812,0.09727251906891664,8,40
locations,attack_p,Attack-P,0.2975,0.7560677315021171,0.20204442334103864,0.7967429748591812,0.09727251906891664,8,40
locations,attack_p,Attack-P,0.3,0.7586722717480128,0.20124253418883184,0.7967429748591812,0.09727251906891664,8,40
locations,attack_p,Attack-P,0.3025,0.7611440537014338,0.20009138834725312,0.7967429748591812,0.09727251906891664,8,40
locations,attack_p,Attack-P,0.305,0.7639928949625518,0.1992201239404046,0.7967429748591812,0.09727251906891664,8,40
locations,attack_p,Attack-P,0.3075,0.7666966903546272,0.19807716719802737,0.7967429748591812,0.09727251906891664,8,40
locations,attack_p,Attack-P,0.31,0.769291320380088,0.1966829425504271,0.7967429748591812,0.09727251906891664,8,40
locations,attack_p,Attack-P,0.3125,0.7715429549000142,0.19555164595033514,0.7967429748591812,0.09727251906891664,8,40
locations,attack_p,Attack-P,0.315,0.7737389959462015,0.19452932224583888,0.7967429748591812,0.09727251906891664,8,40
locations,attack_p,Attack-P,0.3175,0.7761684569541873,0.19301822840499655,0.7967429748591812,0.09727251906891664,8,40
locations,attack_p,Attack-P,0.32,0.7784968524195515,0.1913237153750248,0.7967429748591812,0.09727251906891664,8,40
locations,attack_p,Attack-P,0.3225,0.7813170705578223,0.18939603187328324,0.7967429748591812,0.09727251906891664,8,40
locations,attack_p,Attack-P,0.325,0.7837038912887685,0.18754285934171694,0.7967429748591812,0.09727251906891664,8,40
locations,attack_p,Attack-P,0.3275,0.7860803861245359,0.18623896326568815,0.7967429748591812,0.09727251906891664,8,40
locations,attack_p,Attack-P,0.33,0.7886205366136724,0.1848074579033645,0.7967429748591812,0.09727251906891664,8,40
locations,attack_p,Attack-P,0.3325,0.7909377184340621,0.18360663520684598,0.7967429748591812,0.09727251906891664,8,40
locations,attack_p,Attack-P,0.335,0.7937353409720805,0.18225161170430354,0.7967429748591812,0.09727251906891664,8,40
locations,attack_p,Attack-P,0.3375,0.7962640559680828,0.18083792832820914,0.7967429748591812,0.09727251906891664,8,40
locations,attack_p,Attack-P,0.34,0.7986524728521608,0.1795764983059373,0.7967429748591812,0.09727251906891664,8,40
locations,attack_p,Attack-P,0.3425,0.8007194356280745,0.17830983605531586,0.7967429748591812,0.09727251906891664,8,40
locations,attack_p,Attack-P,0.34500000000000003,0.8028615154086683,0.17729541315817082,0.7967429748591812,0.09727251906891664,8,40
locations,attack_p,Attack-P,0.34750000000000003,0.8055145852717226,0.17614181271427828,0.7967429748591812,0.09727251906891664,8,40
locations,attack_p,Attack-P,0.35000000000000003,0.8080559379518037,0.1746573542375374,0.7967429748591812,0.09727251906891664,8,40
locations,attack_p,Attack-P,0.3525,0.8102928124170422,0.17354975717200563,0.7967429748591812,0.09727251906891664,8,40
locations,attack_p,Attack-P,0.355,0.8125886052390148,0.17210559560832314,0.7967429748591812,0.09727251906891664,8,40
locations,attack_p,Attack-P,0.3575,0.8152979698652232,0.17087401764233215,0.7967429748591812,0.09727251906891664,8,40
locations,attack_p,Attack-P,0.36,0.8173496508431767,0.16957017290083104,0.7967429748591812,0.09727251906891664,8,40
locations,attack_p,Attack-P,0.3625,0.8195145923326429,0.16809699344078102,0.7967429748591812,0.09727251906891664,8,40
locations,attack_p,Attack-P,0.365,0.8217253203790618,0.16664056579485442,0.7967429748591812,0.09727251906891664,8,40
locations,attack_p,Attack-P,0.3675,0.8239520568634369,0.16485795079556254,0.7967429748591812,0.09727251906891664,8,40
locations,attack_p,Attack-P,0.37,0.8264854700434515,0.1628638574124467,0.7967429748591812,0.09727251906891664,8,40
locations,attack_p,Attack-P,0.3725,0.8285795206668212,0.16113462672928208,0.7967429748591812,0.09727251906891664,8,40
locations,attack_p,Attack-P,0.375,0.8304762159674063,0.15995071671165365,0.7967429748591812,0.09727251906891664,8,40
locations,attack_p,Attack-P,0.3775,0.832355732628465,0.15851277995172708,0.7967429748591812,0.09727251906891664,8,40
locations,attack_p,Attack-P,0.38,0.8342749782596347,0.1569425673678192,0.7967429748591812,0.09727251906891664,8,40
locations,attack_p,Attack-P,0.3825,0.8367706474477467,0.15512775266156115,0.7967429748591812,0.09727251906891664,8,40
locations,attack_p,Attack-P,0.385,0.838919662412547,0.15369625996853872,0.7967429748591812,0.09727251906891664,8,40
locations,attack_p,Attack-P,0.3875,0.8412466828189934,0.15238577304599127,0.7967429748591812,0.09727251906891664,8,40
locations,attack_p,Attack-P,0.39,0.8432936687467499,0.15071907253984929,0.7967429748591812,0.09727251906891664,8,40
locations,attack_p,Attack-P,0.3925,0.8449497181672981,0.14913965477837174,0.7967429748591812,0.09727251906891664,8,40
locations,attack_p,Attack-P,0.395,0.8467634384855914,0.14754923208865506,0.7967429748591812,0.09727251906891664,8,40
locations,attack_p,Attack-P,0.3975,0.8483757014371484,0.14634270026555418,0.7967429748591812,0.09727251906891664,8,40
locations,attack_p,Attack-P,0.4,0.8499890322885643,0.1452823790059868,0.7967429748591812,0.09727251906891664,8,40
locations,attack_p,Attack-P,0.4025,0.8514722037907491,0.14415151351159833,0.7967429748591812,0.09727251906891664,8,40
locations,attack_p,Attack-P,0.405,0.8528629575247946,0.14299223533968994,0.7967429748591812,0.09727251906891664,8,40
locations,attack_p,Attack-P,0.40750000000000003,0.8545067664167607,0.14166690600167417,0.7967429748591812,0.09727251906891664,8,40
locations,attack_p,Attack-P,0.41000000000000003,0.8559491006783129,0.1404770209415552,0.7967429748591812,0.09727251906891664,8,40
locations,attack_p,Attack-P,0.41250000000000003,0.8575015430974382,0.1394140920907333,0.7967429748591812,0.09727251906891664,8,40
locations,attack_p,Attack-P,0.41500000000000004,0.8593041257364581,0.13808807440738866,0.7967429748591812,0.09727251906891664,8,40
locations,attack_p,Attack-P,0.4175,0.8607016681202962,0.1368453694477495,0.7967429748591812,0.09727251906891664,8,40
locations,attack_p,Attack-P,0.42,0.8623131456686839,0.13559298573572648,0.7967429748591812,0.09727251906891664,8,40
locations,attack_p,Attack-P,0.4225,0.8637058982050839,0.13452871016500317,0.7967429748591812,0.09727251906891664,8,40
locations,attack_p,Attack-P,0.425,0.8651106257399646,0.1336707517419667,0.7967429748591812,0.09727251906891664,8,40
locations,attack_p,Attack-P,0.4275,0.8667764783448481,0.13247587232704175,0.7967429748591812,0.09727251906891664,8,40
locations,attack_p,Attack-P,0.43,0.8683741359719324,0.1310939134891838,0.7967429748591812,0.09727251906891664,8,40
locations,attack_p,Attack-P,0.4325,0.870140073955231,0.1296285188111207,0.7967429748591812,0.09727251906891664,8,40
locations,attack_p,Attack-P,0.435,0.8718587076470071,0.12863582042759025,0.7967429748591812,0.09727251906891664,8,40
locations,attack_p,Attack-P,0.4375,0.8732841846141379,0.1276170731847525,0.7967429748591812,0.09727251906891664,8,40
locations,attack_p,Attack-P,0.44,0.8746985696051218,0.12653299703321577,0.7967429748591812,0.09727251906891664,8,40
locations,attack_p,Attack-P,0.4425,0.876285964602004,0.12553235336484195,0.7967429748591812,0.09727251906891664,8,40
locations,attack_p,Attack-P,0.445,0.8778140038437036,0.12466658144957046,0.7967429748591812,0.09727251906891664,8,40
locations,attack_p,Attack-P,0.4475,0.8792058148505595,0.12373185668203675,0.7967429748591812,0.09727251906891664,8,40
locations,attack_p,Attack-P,0.45,0.8810045997077979,0.12281845824863381,0.7967429748591812,0.09727251906891664,8,40
locations,attack_p,Attack-P,0.4525,0.8826221337841609,0.12180958169854483,0.7967429748591812,0.09727251906891664,8,40
locations,attack_p,Attack-P,0.455,0.883972582391391,0.12081681691330876,0.7967429748591812,0.09727251906891664,8,40
locations,attack_p,Attack-P,0.4575,0.8856360075295869,0.11970553722679682,0.7967429748591812,0.09727251906891664,8,40
locations,attack_p,Attack-P,0.46,0.8870936068871327,0.11866478144908421,0.7967429748591812,0.09727251906891664,8,40
locations,attack_p,Attack-P,0.4625,0.8885709060951724,0.11746222112757357,0.7967429748591812,0.09727251906891664,8,40
locations,attack_p,Attack-P,0.465,0.8898182465334328,0.11605727656586001,0.7967429748591812,0.09727251906891664,8,40
locations,attack_p,Attack-P,0.4675,0.8914744068959187,0.11464573264423114,0.7967429748591812,0.09727251906891664,8,40
locations,attack_p,Attack-P,0.47000000000000003,0.8932580373572085,0.11305637018599086,0.7967429748591812,0.09727251906891664,8,40
locations,attack_p,Attack-P,0.47250000000000003,0.8948286751737927,0.11143245423643029,0.7967429748591812,0.09727251906891664,8,40
locations,attack_p,Attack-P,0.47500000000000003,0.8965411231627837,0.1095827374092433,0.7967429748591812,0.09727251906891664,8,40
locations,attack_p,Attack-P,0.47750000000000004,0.8977054594773077,0.10843562501793245,0.7967429748591812,0.09727251906891664,8,40
locations,attack_p,Attack-P,0.48,0.8990430732229289,0.1069416999527105,0.7967429748591812,0.09727251906891664,8,40
locations,attack_p,Attack-P,0.4825,0.9008917601614779,0.10488984723005508,0.7967429748591812,0.09727251906891664,8,40
locations,attack_p,Attack-P,0.485,0.901996723476082,0.10376160219838294,0.7967429748591812,0.09727251906891664,8,40
locations,attack_p,Attack-P,0.4875,0.9035294810899579,0.10253294827828208,0.7967429748591812,0.09727251906891664,8,40
locations,attack_p,Attack-P,0.49,0.9049355703037646,0.10134270637065695,0.7967429748591812,0.09727251906891664,8,40
locations,attack_p,Attack-P,0.4925,0.9062711692574845,0.10035597280990853,0.7967429748591812,0.09727251906891664,8,40
locations,attack_p,Attack-P,0.495,0.9075159437448926,0.09916114681334538,0.7967429748591812,0.09727251906891664,8,40
locations,attack_p,Attack-P,0.4975,0.9088351624600699,0.09788033595616513,0.7967429748591812,0.09727251906891664,8,40
locations,attack_p,Attack-P,0.5,0.9104130915236609,0.09665595642682072,0.7967429748591812,0.09727251906891664,8,40
locations,attack_p,Attack-P,0.5025000000000001,0.9117761962799941,0.09547775852531876,0.7967429748591812,0.09727251906891664,8,40
locations,attack_p,Attack-P,0.505,0.9131245832809503,0.09427951181439785,0.7967429748591812,0.09727251906891664,8,40
locations,attack_p,Attack-P,0.5075000000000001,0.9144197192709137,0.0930631560510717,0.7967429748591812,0.09727251906891664,8,40
locations,attack_p,Attack-P,0.51,0.9155009945397816,0.09210016619886975,0.7967429748591812,0.09727251906891664,8,40
locations,attack_p,Attack-P,0.5125,0.9165502235267982,0.09107563293268033,0.7967429748591812,0.09727251906891664,8,40
locations,attack_p,Attack-P,0.515,0.917642575238724,0.08993404069967624,0.7967429748591812,0.09727251906891664,8,40
locations,attack_p,Attack-P,0.5175,0.9188098447687908,0.08876955682001614,0.7967429748591812,0.09727251906891664,8,40
locations,attack_p,Attack-P,0.52,0.920286510889007,0.08751109853967641,0.7967429748591812,0.09727251906891664,8,40
locations,attack_p,Attack-P,0.5225,0.9216911044477494,0.08627312034988878,0.7967429748591812,0.09727251906891664,8,40
locations,attack_p,Attack-P,0.525,0.9230071897518759,0.0851698757942472,0.7967429748591812,0.09727251906891664,8,40
locations,attack_p,Attack-P,0.5275,0.9242906570369958,0.08398497377725275,0.7967429748591812,0.09727251906891664,8,40
locations,attack_p,Attack-P,0.53,0.9257193475596167,0.08245070723099879,0.7967429748591812,0.09727251906891664,8,40
locations,attack_p,Attack-P,0.5325,0.9268443779715475,0.08137082105286578,0.7967429748591812,0.09727251906891664,8,40
locations,attack_p,Attack-P,0.535,0.9280284567454127,0.08037601418392294,0.7967429748591812,0.09727251906891664,8,40
locations,attack_p,Attack-P,0.5375,0.9292648590812054,0.07923115671571478,0.7967429748591812,0.09727251906891664,8,40
locations,attack_p,Attack-P,0.54,0.9302870632118518,0.07837671518381786,0.7967429748591812,0.09727251906891664,8,40
locations,attack_p,Attack-P,0.5425,0.9313239408774917,0.0774533260570351,0.7967429748591812,0.09727251906891664,8,40
locations,attack_p,Attack-P,0.545,0.9324324086924517,0.07659114129858655,0.7967429748591812,0.09727251906891664,8,40
locations,attack_p,Attack-P,0.5475,0.9334208329556695,0.07559413045069717,0.7967429748591812,0.09727251906891664,8,40
locations,attack_p,Attack-P,0.55,0.9343107977805101,0.07465085405510936,0.7967429748591812,0.09727251906891664,8,40
locations,attack_p,Attack-P,0.5525,0.9349723587906265,0.07390620353553878,0.7967429748591812,0.09727251906891664,8,40
locations,attack_p,Attack-P,0.555,0.9356397273187578,0.07314821306521871,0.7967429748591812,0.09727251906891664,8,40
locations,attack_p,Attack-P,0.5575,0.9365161974349788,0.07222425571252043,0.7967429748591812,0.09727251906891664,8,40
locations,attack_p,Attack-P,0.56,0.9374491317643137,0.07125467629332943,0.7967429748591812,0.09727251906891664,8,40
locations,attack_p,Attack-P,0.5625,0.938369157463667,0.07046643297469689,0.7967429748591812,0.09727251906891664,8,40
locations,attack_p,Attack-P,0.5650000000000001,0.9391512736466398,0.06962672023350061,0.7967429748591812,0.09727251906891664,8,40
locations,attack_p,Attack-P,0.5675,0.9400026907266482,0.06887833443470913,0.7967429748591812,0.09727251906891664,8,40
locations,attack_p,Attack-P,0.5700000000000001,0.9408777200011446,0.0681048027082918,0.7967429748591812,0.09727251906891664,8,40
locations,attack_p,Attack-P,0.5725,0.9419993772657606,0.06701435741922417,0.7967429748591812,0.09727251906891664,8,40
locations,attack_p,Attack-P,0.5750000000000001,0.9430561944367727,0.06603262381876626,0.7967429748591812,0.09727251906891664,8,40
locations,attack_p,Attack-P,0.5775,0.9443809592899779,0.06481025340881535,0.7967429748591812,0.09727251906891664,8,40
locations,attack_p,Attack-P,0.58,0.9456186290165209,0.0635083090484357,0.7967429748591812,0.09727251906891664,8,40
locations,attack_p,Attack-P,0.5825,0.9467652001526917,0.062322633236419206,0.7967429748591812,0.09727251906891664,8,40
locations,attack_p,Attack-P,0.585,0.9474965936460426,0.0616003758418174,0.7967429748591812,0.09727251906891664,8,40
locations,attack_p,Attack-P,0.5875,0.9482685406365332,0.06083283957162461,0.7967429748591812,0.09727251906891664,8,40
locations,attack_p,Attack-P,0.59,0.9491266216438131,0.06020823432750618,0.7967429748591812,0.09727251906891664,8,40
locations,attack_p,Attack-P,0.5925,0.9501054858395634,0.05914246368385541,0.7967429748591812,0.09727251906891664,8,40
locations,attack_p,Attack-P,0.595,0.9512690855675922,0.05801272409469861,0.7967429748591812,0.09727251906891664,8,40
locations,attack_p,Attack-P,0.5975,0.9522163567646601,0.05696257570225112,0.7967429748591812,0.09727251906891664,8,40
locations,attack_p,Attack-P,0.6,0.9531346122395266,0.05607554999061798,0.7967429748591812,0.09727251906891664,8,40
locations,attack_p,Attack-P,0.6025,0.9540625671940708,0.055259468153600555,0.7967429748591812,0.09727251906891664,8,40
locations,attack_p,Attack-P,0.605,0.9549228535132982,0.054280902770948096,0.7967429748591812,0.09727251906891664,8,40
locations,attack_p,Attack-P,0.6075,0.9556069636231395,0.05346022529325495,0.7967429748591812,0.09727251906891664,8,40
locations,attack_p,Attack-P,0.61,0.9562800080111312,0.05294152366900843,0.7967429748591812,0.09727251906891664,8,40
locations,attack_p,Attack-P,0.6125,0.9567608137095754,0.05250984939683006,0.7967429748591812,0.09727251906891664,8,40
locations,attack_p,Attack-P,0.615,0.9574801529493613,0.05175751142822849,0.7967429748591812,0.09727251906891664,8,40
locations,attack_p,Attack-P,0.6175,0.9581267802806707,0.05124708058542271,0.7967429748591812,0.09727251906891664,8,40
locations,attack_p,Attack-P,0.62,0.9587395672583661,0.050747906882387166,0.7967429748591812,0.09727251906891664,8,40
locations,attack_p,Attack-P,0.6225,0.9594408000238928,0.05021918389255265,0.7967429748591812,0.09727251906891664,8,40
locations,attack_p,Attack-P,0.625,0.9601726366044814,0.049666688769710074,0.7967429748591812,0.09727251906891664,8,40
locations,attack_p,Attack-P,0.6275000000000001,0.960905040480489,0.04917451886465726,0.7967429748591812,0.09727251906891664,8,40
locations,attack_p,Attack-P,0.63,0.9616924950585246,0.048394551883031565,0.7967429748591812,0.09727251906891664,8,40
locations,attack_p,Attack-P,0.6325000000000001,0.9623687171872625,0.04762638876022481,0.7967429748591812,0.09727251906891664,8,40
locations,attack_p,Attack-P,0.635,0.9629885012727641,0.04692281607103137,0.7967429748591812,0.09727251906891664,8,40
locations,attack_p,Attack-P,0.6375000000000001,0.963773683545622,0.04582530389718333,0.7967429748591812,0.09727251906891664,8,40
locations,attack_p,Attack-P,0.64,0.9646830179988526,0.044768100322658086,0.7967429748591812,0.09727251906891664,8,40
locations,attack_p,Attack-P,0.6425,0.9653723249610486,0.04413664624407383,0.7967429748591812,0.09727251906891664,8,40
locations,attack_p,Attack-P,0.645,0.9662261445979075,0.04313196838786098,0.7967429748591812,0.09727251906891664,8,40
locations,attack_p,Attack-P,0.6475,0.9667639260039512,0.0425604351439217,0.7967429748591812,0.09727251906891664,8,40
locations,attack_p,Attack-P,0.65,0.9673636205293772,0.04195233900188409,0.7967429748591812,0.09727251906891664,8,40
locations,attack_p,Attack-P,0.6525,0.9678894581719563,0.04142028068867765,0.7967429748591812,0.09727251906891664,8,40
locations,attack_p,Attack-P,0.655,0.9685149242163381,0.04075947081694993,0.7967429748591812,0.09727251906891664,8,40
locations,attack_p,Attack-P,0.6575,0.9692708420003467,0.03987293105397275,0.7967429748591812,0.09727251906891664,8,40
locations,attack_p,Attack-P,0.66,0.9700452244756458,0.03898014170528725,0.7967429748591812,0.09727251906891664,8,40
locations,attack_p,Attack-P,0.6625,0.9707773715115271,0.038086658440322524,0.7967429748591812,0.09727251906891664,8,40
locations,attack_p,Attack-P,0.665,0.971267266857341,0.03749684800937281,0.7967429748591812,0.09727251906891664,8,40
locations,attack_p,Attack-P,0.6675,0.9719226991645457,0.03682309787390183,0.7967429748591812,0.09727251906891664,8,40
locations,attack_p,Attack-P,0.67,0.9724852324356131,0.03632075932882044,0.7967429748591812,0.09727251906891664,8,40
locations,attack_p,Attack-P,0.6725,0.9730724666947205,0.035951381968079274,0.7967429748591812,0.09727251906891664,8,40
locations,attack_p,Attack-P,0.675,0.9735313663204425,0.035510419875497794,0.7967429748591812,0.09727251906891664,8,40
locations,attack_p,Attack-P,0.6775,0.9739777691962942,0.03507518185119656,0.7967429748591812,0.09727251906891664,8,40
locations,attack_p,Attack-P,0.68,0.974438459643649,0.03454201501478478,0.7967429748591812,0.09727251906891664,8,40
locations,attack_p,Attack-P,0.6825,0.9747858048250502,0.03422312354441892,0.7967429748591812,0.09727251906891664,8,40
locations,attack_p,Attack-P,0.685,0.9752671528665658,0.03361726529348986,0.7967429748591812,0.09727251906891664,8,40
locations,attack_p,Attack-P,0.6875,0.9760130371145297,0.032847901777893755,0.7967429748591812,0.09727251906891664,8,40
locations,attack_p,Attack-P,0.6900000000000001,0.9765102051638457,0.03248726535310496,0.7967429748591812,0.09727251906891664,8,40
locations,attack_p,Attack-P,0.6925,0.9769979120847164,0.031955397721937194,0.7967429748591812,0.09727251906891664,8,40
locations,attack_p,Attack-P,0.6950000000000001,0.9775089809400646,0.03152109387897183,0.7967429748591812,0.09727251906891664,8,40
locations,attack_p,Attack-P,0.6975,0.9779474719792363,0.031184893510383484,0.7967429748591812,0.09727251906891664,8,40
locations,attack_p,Attack-P,0.7000000000000001,0.9783626309338088,0.03079392846855881,0.7967429748591812,0.09727251906891664,8,40
locations,attack_p,Attack-P,0.7025,0.9788365364525294,0.030225612717789598,0.7967429748591812,0.09727251906891664,8,40
locations,attack_p,Attack-P,0.705,0.9795898742199688,0.02924201751987761,0.7967429748591812,0.09727251906891664,8,40
locations,attack_p,Attack-P,0.7075,0.9801653690522621,0.028661134804496412,0.7967429748591812,0.09727251906891664,8,40
locations,attack_p,Attack-P,0.71,0.9806277333593344,0.028308136105190236,0.7967429748591812,0.09727251906891664,8,40
locations,attack_p,Attack-P,0.7125,0.9810246017429982,0.027878041447581253,0.7967429748591812,0.09727251906891664,8,40
locations,attack_p,Attack-P,0.715,0.9816531013204813,0.026931264307606957,0.7967429748591812,0.09727251906891664,8,40
locations,attack_p,Attack-P,0.7175,0.9823682252200803,0.02587370373565817,0.7967429748591812,0.09727251906891664,8,40
locations,attack_p,Attack-P,0.72,0.9830557917316693,0.024896994491787658,0.7967429748591812,0.09727251906891664,8,40
locations,attack_p,Attack-P,0.7225,0.983759739711017,0.024000735629579308,0.7967429748591812,0.09727251906891664,8,40
locations,attack_p,Attack-P,0.725,0.9841657194859222,0.023591811640023018,0.7967429748591812,0.09727251906891664,8,40
locations,attack_p,Attack-P,0.7275,0.9845796718297304,0.02297241144913838,0.7967429748591812,0.09727251906891664,8,40
locations,attack_p,Attack-P,0.73,0.9849194617784711,0.022468239124287127,0.7967429748591812,0.09727251906891664,8,40
locations,attack_p,Attack-P,0.7325,0.9854926695639254,0.021836791585193638,0.7967429748591812,0.09727251906891664,8,40
locations,attack_p,Attack-P,0.735,0.9860220850976896,0.021060413455936816,0.7967429748591812,0.09727251906891664,8,40
locations,attack_p,Attack-P,0.7375,0.9865113267030682,0.02030851269826028,0.7967429748591812,0.09727251906891664,8,40
locations,attack_p,Attack-P,0.74,0.9869535621424858,0.01972467855029985,0.7967429748591812,0.09727251906891664,8,40
locations,attack_p,Attack-P,0.7425,0.9873523595943838,0.01918183975431741,0.7967429748591812,0.09727251906891664,8,40
locations,attack_p,Attack-P,0.745,0.9876010400416015,0.019069873899310887,0.7967429748591812,0.09727251906891664,8,40
locations,attack_p,Attack-P,0.7475,0.9878592823712948,0.01899127826567614,0.7967429748591812,0.09727251906891664,8,40
locations,attack_p,Attack-P,0.75,0.9881174318401308,0.018642302031691385,0.7967429748591812,0.09727251906891664,8,40
locations,attack_p,Attack-P,0.7525000000000001,0.9883889848451081,0.018172199154207515,0.7967429748591812,0.09727251906891664,8,40
locations,attack_p,Attack-P,0.755,0.9886942741995395,0.017651014851144436,0.7967429748591812,0.09727251906891664,8,40
locations,attack_p,Attack-P,0.7575000000000001,0.9889661197162172,0.01728470404797739,0.7967429748591812,0.09727251906891664,8,40
locations,attack_p,Attack-P,0.76,0.9892366094643785,0.016770030807802136,0.7967429748591812,0.09727251906891664,8,40
locations,attack_p,Attack-P,0.7625000000000001,0.9894409776391057,0.016577374651435182,0.7967429748591812,0.09727251906891664,8,40
locations,attack_p,Attack-P,0.765,0.9896172275462447,0.016352409371203965,0.7967429748591812,0.09727251906891664,8,40
locations,attack_p,Attack-P,0.7675000000000001,0.9898484232226432,0.016012524334086606,0.7967429748591812,0.09727251906891664,8,40
locations,attack_p,Attack-P,0.77,0.9900246266993536,0.015786060858916064,0.7967429748591812,0.09727251906891664,8,40
locations,attack_p,Attack-P,0.7725,0.9902913847073364,0.01557356447615861,0.7967429748591812,0.09727251906891664,8,40
locations,attack_p,Attack-P,0.775,0.990831868664357,0.01473183990500877,0.7967429748591812,0.09727251906891664,8,40
locations,attack_p,Attack-P,0.7775,0.9911198110197136,0.014335057621594604,0.7967429748591812,0.09727251906891664,8,40
locations,attack_p,Attack-P,0.78,0.9913196284215006,0.014101099974097276,0.7967429748591812,0.09727251906891664,8,40
locations,attack_p,Attack-P,0.7825,0.9916140324996117,0.013806811959119949,0.7967429748591812,0.09727251906891664,8,40
locations,attack_p,Attack-P,0.785,0.9919512389326742,0.013528443023583192,0.7967429748591812,0.09727251906891664,8,40
locations,attack_p,Attack-P,0.7875,0.9921769691566884,0.013228644732707094,0.7967429748591812,0.09727251906891664,8,40
locations,attack_p,Attack-P,0.79,0.9923989729589184,0.012908014077913454,0.7967429748591812,0.09727251906891664,8,40
locations,attack_p,Attack-P,0.7925,0.9927619600141149,0.012612158960269956,0.7967429748591812,0.09727251906891664,8,40
locations,attack_p,Attack-P,0.795,0.9929735699427977,0.012270895791628916,0.7967429748591812,0.09727251906891664,8,40
locations,attack_p,Attack-P,0.7975,0.9931740899635986,0.011896827152417966,0.7967429748591812,0.09727251906891664,8,40
locations,attack_p,Attack-P,0.8,0.9934183474481837,0.011564064078619594,0.7967429748591812,0.09727251906891664,8,40
locations,attack_p,Attack-P,0.8025,0.993488713923557,0.011443983413821409,0.7967429748591812,0.09727251906891664,8,40
locations,attack_p,Attack-P,0.805,0.993653902941832,0.011192037521851952,0.7967429748591812,0.09727251906891664,8,40
locations,attack_p,Attack-P,0.8075,0.9938036782185574,0.01102212724686186,0.7967429748591812,0.09727251906891664,8,40
locations,attack_p,Attack-P,0.81,0.9940963802837828,0.010729878578879425,0.7967429748591812,0.09727251906891664,8,40
locations,attack_p,Attack-P,0.8125,0.9943532183251617,0.01045672096943495,0.7967429748591812,0.09727251906891664,8,40
locations,attack_p,Attack-P,0.8150000000000001,0.9945749874637843,0.0099877514009721,0.7967429748591812,0.09727251906891664,8,40
locations,attack_p,Attack-P,0.8175,0.9947375766102073,0.009639134241933989,0.7967429748591812,0.09727251906891664,8,40
locations,attack_p,Attack-P,0.8200000000000001,0.9948528861154445,0.009438954763378568,0.7967429748591812,0.09727251906891664,8,40
locations,attack_p,Attack-P,0.8225,0.9949601144045762,0.009267111508594909,0.7967429748591812,0.09727251906891664,8,40
locations,attack_p,Attack-P,0.8250000000000001,0.9951350754030162,0.00894028602945433,0.7967429748591812,0.09727251906891664,8,40
locations,attack_p,Attack-P,0.8275,0.9952426092043682,0.008692220802152862,0.7967429748591812,0.09727251906891664,8,40
locations,attack_p,Attack-P,0.8300000000000001,0.9953613884555383,0.008495722031792207,0.7967429748591812,0.09727251906891664,8,40
locations,attack_p,Attack-P,0.8325,0.9954507345293812,0.00839648149237635,0.7967429748591812,0.09727251906891664,8,40
locations,attack_p,Attack-P,0.835,0.9956103094123766,0.008216851916524496,0.7967429748591812,0.09727251906891664,8,40
locations,attack_p,Attack-P,0.8375,0.9957415984139366,0.00799980788060879,0.7967429748591812,0.09727251906891664,8,40
locations,attack_p,Attack-P,0.84,0.9959036675151217,0.007698707025890648,0.7967429748591812,0.09727251906891664,8,40
locations,attack_p,Attack-P,0.8425,0.9961109597804966,0.007263060127233064,0.7967429748591812,0.09727251906891664,8,40
locations,attack_p,Attack-P,0.845,0.9962407299449874,0.007092667626813266,0.7967429748591812,0.09727251906891664,8,40
locations,attack_p,Attack-P,0.8475,0.9963467156581001,0.006913674473890255,0.7967429748591812,0.09727251906891664,8,40
locations,attack_p,Attack-P,0.85,0.9965368667378275,0.006462757331186791,0.7967429748591812,0.09727251906891664,8,40
locations,attack_p,Attack-P,0.8525,0.9967493137093906,0.006140163924758163,0.7967429748591812,0.09727251906891664,8,40
locations,attack_p,Attack-P,0.855,0.9968392307797576,0.00595194013183153,0.7967429748591812,0.09727251906891664,8,40
locations,attack_p,Attack-P,0.8575,0.9970026982921423,0.005580443708636702,0.7967429748591812,0.09727251906891664,8,40
locations,attack_p,Attack-P,0.86,0.997247393053617,0.005012327662095581,0.7967429748591812,0.09727251906891664,8,40
locations,attack_p,Attack-P,0.8625,0.9973587219804583,0.004783032553218235,0.7967429748591812,0.09727251906891664,8,40
locations,attack_p,Attack-P,0.865,0.9974400862563326,0.004620225170012984,0.7967429748591812,0.09727251906891664,8,40
locations,attack_p,Attack-P,0.8675,0.9976101102095463,0.00429183129418133,0.7967429748591812,0.09727251906891664,8,40
locations,attack_p,Attack-P,0.87,0.9977160655473838,0.004121428955677254,0.7967429748591812,0.09727251906891664,8,40
locations,attack_p,Attack-P,0.8725,0.9978104144999134,0.003942879316664835,0.7967429748591812,0.09727251906891664,8,40
locations,attack_p,Attack-P,0.875,0.9979835651759404,0.003548276985170901,0.7967429748591812,0.09727251906891664,8,40
locations,attack_p,Attack-P,0.8775000000000001,0.9981507020280811,0.0033064586734918504,0.7967429748591812,0.09727251906891664,8,40
locations,attack_p,Attack-P,0.88,0.9982728772008023,0.0031511945358168466,0.7967429748591812,0.09727251906891664,8,40
locations,attack_p,Attack-P,0.8825000000000001,0.9983644361488745,0.0030375747359434845,0.7967429748591812,0.09727251906891664,8,40
locations,attack_p,Attack-P,0.885,0.9984723646088701,0.0029014506199455453,0.7967429748591812,0.09727251906891664,8,40
locations,attack_p,Attack-P,0.8875000000000001,0.9985813182527301,0.0027694589707525554,0.7967429748591812,0.09727251906891664,8,40
locations,attack_p,Attack-P,0.89,0.9986599063962559,0.0026373390321228905,0.7967429748591812,0.09727251906891664,8,40
locations,attack_p,Attack-P,0.8925000000000001,0.9988092823712948,0.002446430121893652,0.7967429748591812,0.09727251906891664,8,40
locations,attack_p,Attack-P,0.895,0.9988697997919916,0.0022840704741007387,0.7967429748591812,0.09727251906891664,8,40
locations,attack_p,Attack-P,0.8975,0.9989383937857513,0.0021045164373137424,0.7967429748591812,0.09727251906891664,8,40
locations,attack_p,Attack-P,0.9,0.9989645085803432,0.002080680096923175,0.7967429748591812,0.09727251906891664,8,40
locations,attack_p,Attack-P,0.9025,0.9990463089356908,0.001959175183303099,0.7967429748591812,0.09727251906891664,8,40
locations,attack_p,Attack-P,0.905,0.9991811405789565,0.0017308633952810848,0.7967429748591812,0.09727251906891664,8,40
locations,attack_p,Attack-P,0.9075,0.9992969102097418,0.0015135286789977572,0.7967429748591812,0.09727251906891664,8,40
locations,attack_p,Attack-P,0.91,0.9993720748829954,0.0013446499420449415,0.7967429748591812,0.09727251906891664,8,40
locations,attack_p,Attack-P,0.9125,0.999406851274051,0.0012520276525048917,0.7967429748591812,0.09727251906891664,8,40
locations,attack_p,Attack-P,0.915,0.9994453544808459,0.0011505914610896,0.7967429748591812,0.09727251906891664,8,40
locations,attack_p,Attack-P,0.9175,0.9994940414283239,0.001024523623872727,0.7967429748591812,0.09727251906891664,8,40
locations,attack_p,Attack-P,0.92,0.9995292078349801,0.0009404327894717647,0.7967429748591812,0.09727251906891664,8,40
locations,attack_p,Attack-P,0.9225,0.9995429260920438,0.00091853317131226,0.7967429748591812,0.09727251906891664,8,40
locations,attack_p,Attack-P,0.925,0.9995839021060843,0.0008278317783795691,0.7967429748591812,0.09727251906891664,8,40
locations,attack_p,Attack-P,0.9275,0.9996381918344915,0.0007051956684400049,0.7967429748591812,0.09727251906891664,8,40
locations,attack_p,Attack-P,0.93,0.9996517072046518,0.0006829539595915209,0.7967429748591812,0.09727251906891664,8,40
locations,attack_p,Attack-P,0.9325,0.9996879166075734,0.000601493711553932,0.7967429748591812,0.09727251906891664,8,40
locations,attack_p,Attack-P,0.935,0.9997190558076869,0.0005297982703740553,0.7967429748591812,0.09727251906891664,8,40
locations,attack_p,Attack-P,0.9375,0.9997403958658347,0.00048379841044898976,0.7967429748591812,0.09727251906891664,8,40
locations,attack_p,Attack-P,0.9400000000000001,0.9998147780456672,0.0003486066123429013,0.7967429748591812,0.09727251906891664,8,40
locations,attack_p,Attack-P,0.9425,0.9998407495390724,0.0002949561280464262,0.7967429748591812,0.09727251906891664,8,40
locations,attack_p,Attack-P,0.9450000000000001,0.9998439937597503,0.00028886742582607297,0.7967429748591812,0.09727251906891664,8,40
locations,attack_p,Attack-P,0.9475,0.9998439937597503,0.00028886742582607297,0.7967429748591812,0.09727251906891664,8,40
locations,attack_p,Attack-P,0.9500000000000001,0.9998790951638065,0.00023611709567622098,0.7967429748591812,0.09727251906891664,8,40
locations,attack_p,Attack-P,0.9525,0.9998829953198127,0.0002321447142411337,0.7967429748591812,0.09727251906891664,8,40
locations,attack_p,Attack-P,0.9550000000000001,0.9998829953198127,0.0002321447142411337,0.7967429748591812,0.09727251906891664,8,40
locations,attack_p,Attack-P,0.9575,0.9998829953198127,0.0002321447142411337,0.7967429748591812,0.09727251906891664,8,40
locations,attack_p,Attack-P,0.96,0.9998829953198127,0.0002321447142411337,0.7967429748591812,0.09727251906891664,8,40
locations,attack_p,Attack-P,0.9625,0.9998829953198127,0.0002321447142411337,0.7967429748591812,0.09727251906891664,8,40
locations,attack_p,Attack-P,0.965,0.9998829953198127,0.0002321447142411337,0.7967429748591812,0.09727251906891664,8,40
locations,attack_p,Attack-P,0.9675,0.9998829953198127,0.0002321447142411337,0.7967429748591812,0.09727251906891664,8,40
locations,attack_p,Attack-P,0.97,0.9998829953198127,0.0002321447142411337,0.7967429748591812,0.09727251906891664,8,40
locations,attack_p,Attack-P,0.9725,0.9998829953198127,0.0002321447142411337,0.7967429748591812,0.09727251906891664,8,40
locations,attack_p,Attack-P,0.975,0.9998829953198127,0.0002321447142411337,0.7967429748591812,0.09727251906891664,8,40
locations,attack_p,Attack-P,0.9775,0.9998951248049922,0.00022284896803210247,0.7967429748591812,0.09727251906891664,8,40
locations,attack_p,Attack-P,0.98,0.9999076443057722,0.0002185518331573782,0.7967429748591812,0.09727251906891664,8,40
locations,attack_p,Attack-P,0.9825,0.9999276228549142,0.00019885431456577842,0.7967429748591812,0.09727251906891664,8,40
locations,attack_p,Attack-P,0.985,0.9999718213728549,7.970119335524137e-05,0.7967429748591812,0.09727251906891664,8,40
locations,attack_p,Attack-P,0.9875,0.9999997562402496,6.894566899091571e-07,0.7967429748591812,0.09727251906891664,8,40
locations,attack_p,Attack-P,0.99,1.0,0.0,0.7967429748591812,0.09727251906891664,8,40
locations,attack_p,Attack-P,0.9925,1.0,0.0,0.7967429748591812,0.09727251906891664,8,40
locations,attack_p,Attack-P,0.995,1.0,0.0,0.7967429748591812,0.09727251906891664,8,40
locations,attack_p,Attack-P,0.9975,1.0,0.0,0.7967429748591812,0.09727251906891664,8,40
locations,attack_p,Attack-P,1.0,1.0,0.0,0.7967429748591812,0.09727251906891664,8,40
dropout_success,rmia,RMIA,0.0,0.0,0.0,0.7616013681015856,0.1288248231708546,8,40
dropout_success,rmia,RMIA,0.0025,0.10751414419071234,0.13917727464910948,0.7616013681015856,0.1288248231708546,8,40
dropout_success,rmia,RMIA,0.005,0.1408305253598371,0.167634185874355,0.7616013681015856,0.1288248231708546,8,40
dropout_success,rmia,RMIA,0.0075,0.1643850245055828,0.1865058154460178,0.7616013681015856,0.1288248231708546,8,40
dropout_success,rmia,RMIA,0.01,0.1834868544112441,0.19904020757625396,0.7616013681015856,0.1288248231708546,8,40
dropout_success,rmia,RMIA,0.0125,0.1988256373664093,0.20931080885509112,0.7616013681015856,0.1288248231708546,8,40
dropout_success,rmia,RMIA,0.015,0.21207275386420393,0.2156426988421265,0.7616013681015856,0.1288248231708546,8,40
dropout_success,rmia,RMIA,0.0175,0.22438677504087481,0.2232988513910293,0.7616013681015856,0.1288248231708546,8,40
dropout_success,rmia,RMIA,0.02,0.23645777666928208,0.22953772621008034,0.7616013681015856,0.1288248231708546,8,40
dropout_success,rmia,RMIA,0.0225,0.24738513120613315,0.23583246895038865,0.7616013681015856,0.1288248231708546,8,40
dropout_success,rmia,RMIA,0.025,0.25717239985752643,0.2403693082243292,0.7616013681015856,0.1288248231708546,8,40
dropout_success,rmia,RMIA,0.0275,0.26766145393811536,0.24691081585676605,0.7616013681015856,0.1288248231708546,8,40
dropout_success,rmia,RMIA,0.03,0.27616623216797265,0.24887935317944548,0.7616013681015856,0.1288248231708546,8,40
dropout_success,rmia,RMIA,0.0325,0.28422540812738595,0.2527122699717586,0.7616013681015856,0.1288248231708546,8,40
dropout_success,rmia,RMIA,0.035,0.29196665113631093,0.25531914615066975,0.7616013681015856,0.1288248231708546,8,40
dropout_success,rmia,RMIA,0.0375,0.29864823460719425,0.2578990752814184,0.7616013681015856,0.1288248231708546,8,40
dropout_success,rmia,RMIA,0.04,0.3054988110509811,0.2597359937259464,0.7616013681015856,0.1288248231708546,8,40
dropout_success,rmia,RMIA,0.0425,0.312274198433904,0.26176696647890096,0.7616013681015856,0.1288248231708546,8,40
dropout_success,rmia,RMIA,0.045,0.3188901045841089,0.26300830868224406,0.7616013681015856,0.1288248231708546,8,40
dropout_success,rmia,RMIA,0.0475,0.32589053267052254,0.2634011621593883,0.7616013681015856,0.1288248231708546,8,40
dropout_success,rmia,RMIA,0.05,0.33265235010075656,0.26347252473467997,0.7616013681015856,0.1288248231708546,8,40
dropout_success,rmia,RMIA,0.0525,0.33828376102415436,0.26331441380065645,0.7616013681015856,0.1288248231708546,8,40
dropout_success,rmia,RMIA,0.055,0.3436463700283207,0.26332010901454694,0.7616013681015856,0.1288248231708546,8,40
dropout_success,rmia,RMIA,0.0575,0.34913601208415856,0.2626080329009313,0.7616013681015856,0.1288248231708546,8,40
dropout_success,rmia,RMIA,0.06,0.3554538509285571,0.26396969433138956,0.7616013681015856,0.1288248231708546,8,40
dropout_success,rmia,RMIA,0.0625,0.36114294005265124,0.2644194294615486,0.7616013681015856,0.1288248231708546,8,40
dropout_success,rmia,RMIA,0.065,0.3673930284748153,0.26397655523082936,0.7616013681015856,0.1288248231708546,8,40
dropout_success,rmia,RMIA,0.0675,0.37235194659638887,0.26421359211072515,0.7616013681015856,0.1288248231708546,8,40
dropout_success,rmia,RMIA,0.07,0.37684945151056204,0.2643195546256189,0.7616013681015856,0.1288248231708546,8,40
dropout_success,rmia,RMIA,0.0725,0.3812605474808096,0.26446225087514824,0.7616013681015856,0.1288248231708546,8,40
dropout_success,rmia,RMIA,0.075,0.38610895550609076,0.2643481565635334,0.7616013681015856,0.1288248231708546,8,40
dropout_success,rmia,RMIA,0.0775,0.39040357729977154,0.2637419684699734,0.7616013681015856,0.1288248231708546,8,40
dropout_success,rmia,RMIA,0.08,0.39527089612216193,0.26370350688758437,0.7616013681015856,0.1288248231708546,8,40
dropout_success,rmia,RMIA,0.0825,0.3995350059801603,0.2631514753193651,0.7616013681015856,0.1288248231708546,8,40
dropout_success,rmia,RMIA,0.085,0.40326557241775374,0.2623276218194785,0.7616013681015856,0.1288248231708546,8,40
dropout_success,rmia,RMIA,0.08750000000000001,0.40719836381282476,0.26165112812229147,0.7616013681015856,0.1288248231708546,8,40
dropout_success,rmia,RMIA,0.09,0.41213719006781846,0.2614026830150845,0.7616013681015856,0.1288248231708546,8,40
dropout_success,rmia,RMIA,0.0925,0.41654734621855444,0.26052674916229585,0.7616013681015856,0.1288248231708546,8,40
dropout_success,rmia,RMIA,0.095,0.42073700659145963,0.2599552639539324,0.7616013681015856,0.1288248231708546,8,40
dropout_success,rmia,RMIA,0.0975,0.4252707757859716,0.25938354721439244,0.7616013681015856,0.1288248231708546,8,40
dropout_success,rmia,RMIA,0.1,0.4296884948396756,0.2591223602969506,0.7616013681015856,0.1288248231708546,8,40
dropout_success,rmia,RMIA,0.10250000000000001,0.43357537021425374,0.2589034113939527,0.7616013681015856,0.1288248231708546,8,40
dropout_success,rmia,RMIA,0.105,0.43717230622590425,0.2590035836122104,0.7616013681015856,0.1288248231708546,8,40
dropout_success,rmia,RMIA,0.1075,0.44153144548119405,0.25913637420777685,0.7616013681015856,0.1288248231708546,8,40
dropout_success,rmia,RMIA,0.11,0.44562875853928063,0.2589590814573591,0.7616013681015856,0.1288248231708546,8,40
dropout_success,rmia,RMIA,0.1125,0.44952152064676076,0.2588145648894659,0.7616013681015856,0.1288248231708546,8,40
dropout_success,rmia,RMIA,0.115,0.45348795719237067,0.2582441737685947,0.7616013681015856,0.1288248231708546,8,40
dropout_success,rmia,RMIA,0.11750000000000001,0.45786065364964545,0.2581795515991077,0.7616013681015856,0.1288248231708546,8,40
dropout_success,rmia,RMIA,0.12,0.46175128160969037,0.2577185497952049,0.7616013681015856,0.1288248231708546,8,40
dropout_success,rmia,RMIA,0.1225,0.4652352804597578,0.2571316629287664,0.7616013681015856,0.1288248231708546,8,40
dropout_success,rmia,RMIA,0.125,0.4684399794112441,0.25679956776694857,0.7616013681015856,0.1288248231708546,8,40
dropout_success,rmia,RMIA,0.1275,0.47243752755233603,0.2566266828286194,0.7616013681015856,0.1288248231708546,8,40
dropout_success,rmia,RMIA,0.13,0.47521119536773926,0.2563430991209203,0.7616013681015856,0.1288248231708546,8,40
dropout_success,rmia,RMIA,0.1325,0.47933816588504086,0.25598067583924067,0.7616013681015856,0.1288248231708546,8,40
dropout_success,rmia,RMIA,0.135,0.48323665223665224,0.2556216319646869,0.7616013681015856,0.1288248231708546,8,40
dropout_success,rmia,RMIA,0.1375,0.4866230381345096,0.2553569939574799,0.7616013681015856,0.1288248231708546,8,40
dropout_success,rmia,RMIA,0.14,0.48968389439908433,0.25465075032841017,0.7616013681015856,0.1288248231708546,8,40
dropout_success,rmia,RMIA,0.14250000000000002,0.49331294656175995,0.2539732151158102,0.7616013681015856,0.1288248231708546,8,40
dropout_success,rmia,RMIA,0.145,0.49655476494906875,0.25343774281271647,0.7616013681015856,0.1288248231708546,8,40
dropout_success,rmia,RMIA,0.1475,0.4994961128672956,0.2528746031182312,0.7616013681015856,0.1288248231708546,8,40
dropout_success,rmia,RMIA,0.15,0.5023801075858039,0.25240237594943166,0.7616013681015856,0.1288248231708546,8,40
dropout_success,rmia,RMIA,0.1525,0.505512513290302,0.2519435609691541,0.7616013681015856,0.1288248231708546,8,40
dropout_success,rmia,RMIA,0.155,0.5085732868815599,0.25135843450451056,0.7616013681015856,0.1288248231708546,8,40
dropout_success,rmia,RMIA,0.1575,0.5114009000629085,0.2507626565375011,0.7616013681015856,0.1288248231708546,8,40
dropout_success,rmia,RMIA,0.16,0.5146542524182669,0.2500519172219704,0.7616013681015856,0.1288248231708546,8,40
dropout_success,rmia,RMIA,0.1625,0.5177834812458739,0.24942266569147198,0.7616013681015856,0.1288248231708546,8,40
dropout_success,rmia,RMIA,0.165,0.5209010412671015,0.2489032321366124,0.7616013681015856,0.1288248231708546,8,40
dropout_success,rmia,RMIA,0.1675,0.52402225908008,0.24794577520674255,0.7616013681015856,0.1288248231708546,8,40
dropout_success,rmia,RMIA,0.17,0.5267756391250401,0.24730936116302954,0.7616013681015856,0.1288248231708546,8,40
dropout_success,rmia,RMIA,0.17250000000000001,0.5295887198075432,0.24711396308184852,0.7616013681015856,0.1288248231708546,8,40
dropout_success,rmia,RMIA,0.17500000000000002,0.5327606902465628,0.24639958039008128,0.7616013681015856,0.1288248231708546,8,40
dropout_success,rmia,RMIA,0.1775,0.5359825153742932,0.24609790323516317,0.7616013681015856,0.1288248231708546,8,40
dropout_success,rmia,RMIA,0.18,0.5391456019116508,0.24539371572603857,0.7616013681015856,0.1288248231708546,8,40
dropout_success,rmia,RMIA,0.1825,0.5422647582899193,0.24466871146283484,0.7616013681015856,0.1288248231708546,8,40
dropout_success,rmia,RMIA,0.185,0.5450342739099859,0.24390551637651786,0.7616013681015856,0.1288248231708546,8,40
dropout_success,rmia,RMIA,0.1875,0.5477039541862807,0.24338193897307822,0.7616013681015856,0.1288248231708546,8,40
dropout_success,rmia,RMIA,0.19,0.5504290076016342,0.2428343214341609,0.7616013681015856,0.1288248231708546,8,40
dropout_success,rmia,RMIA,0.1925,0.5534560885280624,0.2419240804499787,0.7616013681015856,0.1288248231708546,8,40
dropout_success,rmia,RMIA,0.195,0.556489997530306,0.24136632524278961,0.7616013681015856,0.1288248231708546,8,40
dropout_success,rmia,RMIA,0.1975,0.5594120389356517,0.2409941470806733,0.7616013681015856,0.1288248231708546,8,40
dropout_success,rmia,RMIA,0.2,0.5618328130830391,0.24044137552525083,0.7616013681015856,0.1288248231708546,8,40
dropout_success,rmia,RMIA,0.2025,0.5648263981289665,0.23965002460408816,0.7616013681015856,0.1288248231708546,8,40
dropout_success,rmia,RMIA,0.20500000000000002,0.5678043476157909,0.23887929161883373,0.7616013681015856,0.1288248231708546,8,40
dropout_success,rmia,RMIA,0.20750000000000002,0.5709706700616793,0.238174916767218,0.7616013681015856,0.1288248231708546,8,40
dropout_success,rmia,RMIA,0.21,0.5738501557162949,0.23777543252309769,0.7616013681015856,0.1288248231708546,8,40
dropout_success,rmia,RMIA,0.2125,0.5762158778595827,0.2371246529064231,0.7616013681015856,0.1288248231708546,8,40
dropout_success,rmia,RMIA,0.215,0.5790965596206837,0.23606485362216179,0.7616013681015856,0.1288248231708546,8,40
dropout_success,rmia,RMIA,0.2175,0.5814913393126238,0.2354264643503909,0.7616013681015856,0.1288248231708546,8,40
dropout_success,rmia,RMIA,0.22,0.584517084399928,0.23463847674826266,0.7616013681015856,0.1288248231708546,8,40
dropout_success,rmia,RMIA,0.2225,0.5872248589194821,0.23399649641924516,0.7616013681015856,0.1288248231708546,8,40
dropout_success,rmia,RMIA,0.225,0.5897011567197202,0.2332765252978261,0.7616013681015856,0.1288248231708546,8,40
dropout_success,rmia,RMIA,0.2275,0.592187909309773,0.23271059590034365,0.7616013681015856,0.1288248231708546,8,40
dropout_success,rmia,RMIA,0.23,0.5944755543682759,0.23231266408186096,0.7616013681015856,0.1288248231708546,8,40
dropout_success,rmia,RMIA,0.2325,0.5969124053234163,0.23165104114151058,0.7616013681015856,0.1288248231708546,8,40
dropout_success,rmia,RMIA,0.23500000000000001,0.5994780290135907,0.23095749560364562,0.7616013681015856,0.1288248231708546,8,40
dropout_success,rmia,RMIA,0.23750000000000002,0.602256066895816,0.23023212926771272,0.7616013681015856,0.1288248231708546,8,40
dropout_success,rmia,RMIA,0.24,0.6042704697653161,0.2297754632516799,0.7616013681015856,0.1288248231708546,8,40
dropout_success,rmia,RMIA,0.2425,0.606823681075806,0.2291589486754982,0.7616013681015856,0.1288248231708546,8,40
dropout_success,rmia,RMIA,0.245,0.6092001588557364,0.22851895964311703,0.7616013681015856,0.1288248231708546,8,40
dropout_success,rmia,RMIA,0.2475,0.6115214722415933,0.2277885997884792,0.7616013681015856,0.1288248231708546,8,40
dropout_success,rmia,RMIA,0.25,0.6142644384379305,0.22705705335355608,0.7616013681015856,0.1288248231708546,8,40
dropout_success,rmia,RMIA,0.2525,0.6169895021638565,0.22623488108407447,0.7616013681015856,0.1288248231708546,8,40
dropout_success,rmia,RMIA,0.255,0.6199942197149605,0.22562014033623629,0.7616013681015856,0.1288248231708546,8,40
dropout_success,rmia,RMIA,0.2575,0.6228763253077251,0.2248875346250196,0.7616013681015856,0.1288248231708546,8,40
dropout_success,rmia,RMIA,0.26,0.6250192157735106,0.22434795460557036,0.7616013681015856,0.1288248231708546,8,40
dropout_success,rmia,RMIA,0.2625,0.6274002056035142,0.22368772812741947,0.7616013681015856,0.1288248231708546,8,40
dropout_success,rmia,RMIA,0.265,0.6299673736688768,0.22276759292235593,0.7616013681015856,0.1288248231708546,8,40
dropout_success,rmia,RMIA,0.2675,0.6325084963151928,0.22229677372818227,0.7616013681015856,0.1288248231708546,8,40
dropout_success,rmia,RMIA,0.27,0.635065358610397,0.22171468161093666,0.7616013681015856,0.1288248231708546,8,40
dropout_success,rmia,RMIA,0.2725,0.6370968647053921,0.22066701099527902,0.7616013681015856,0.1288248231708546,8,40
dropout_success,rmia,RMIA,0.275,0.639412778181483,0.21996585879541156,0.7616013681015856,0.1288248231708546,8,40
dropout_success,rmia,RMIA,0.2775,0.6418345882762757,0.218977168520653,0.7616013681015856,0.1288248231708546,8,40
dropout_success,rmia,RMIA,0.28,0.6439993200490488,0.21818904011827972,0.7616013681015856,0.1288248231708546,8,40
dropout_success,rmia,RMIA,0.28250000000000003,0.6462907329651085,0.21705494254353286,0.7616013681015856,0.1288248231708546,8,40
dropout_success,rmia,RMIA,0.28500000000000003,0.6485727092910355,0.2159444995837484,0.7616013681015856,0.1288248231708546,8,40
dropout_success,rmia,RMIA,0.28750000000000003,0.650640499134848,0.21511685590417132,0.7616013681015856,0.1288248231708546,8,40
dropout_success,rmia,RMIA,0.29,0.6528694741644899,0.21437777234601932,0.7616013681015856,0.1288248231708546,8,40
dropout_success,rmia,RMIA,0.2925,0.654961664504937,0.21377346667295033,0.7616013681015856,0.1288248231708546,8,40
dropout_success,rmia,RMIA,0.295,0.657356210443038,0.21309061267885518,0.7616013681015856,0.1288248231708546,8,40
dropout_success,rmia,RMIA,0.2975,0.6600037067384971,0.21203668429831143,0.7616013681015856,0.1288248231708546,8,40
dropout_success,rmia,RMIA,0.3,0.6621958114469417,0.2110905051888908,0.7616013681015856,0.1288248231708546,8,40
dropout_success,rmia,RMIA,0.3025,0.6641566656171963,0.21020331445093554,0.7616013681015856,0.1288248231708546,8,40
dropout_success,rmia,RMIA,0.305,0.6667104168460634,0.20868429030607577,0.7616013681015856,0.1288248231708546,8,40
dropout_success,rmia,RMIA,0.3075,0.6689760474073596,0.2077290140960621,0.7616013681015856,0.1288248231708546,8,40
dropout_success,rmia,RMIA,0.31,0.6708303599534048,0.20697349058983672,0.7616013681015856,0.1288248231708546,8,40
dropout_success,rmia,RMIA,0.3125,0.673051707123602,0.2062341643955592,0.7616013681015856,0.1288248231708546,8,40
dropout_success,rmia,RMIA,0.315,0.6756772539257508,0.2049847278868414,0.7616013681015856,0.1288248231708546,8,40
dropout_success,rmia,RMIA,0.3175,0.6784789693648476,0.20385602026964475,0.7616013681015856,0.1288248231708546,8,40
dropout_success,rmia,RMIA,0.32,0.680875355168574,0.20290217214962897,0.7616013681015856,0.1288248231708546,8,40
dropout_success,rmia,RMIA,0.3225,0.6833101619383689,0.2017635439455059,0.7616013681015856,0.1288248231708546,8,40
dropout_success,rmia,RMIA,0.325,0.6853287241848216,0.20101050305258794,0.7616013681015856,0.1288248231708546,8,40
dropout_success,rmia,RMIA,0.3275,0.6877839224719424,0.20021187544603322,0.7616013681015856,0.1288248231708546,8,40
dropout_success,rmia,RMIA,0.33,0.69024805103476,0.19935551809113847,0.7616013681015856,0.1288248231708546,8,40
dropout_success,rmia,RMIA,0.3325,0.6929228685883636,0.19794340459964083,0.7616013681015856,0.1288248231708546,8,40
dropout_success,rmia,RMIA,0.335,0.695283579914033,0.19732287030352788,0.7616013681015856,0.1288248231708546,8,40
dropout_success,rmia,RMIA,0.3375,0.6976470007570539,0.1966881518424365,0.7616013681015856,0.1288248231708546,8,40
dropout_success,rmia,RMIA,0.34,0.6998535976531003,0.19559467455583948,0.7616013681015856,0.1288248231708546,8,40
dropout_success,rmia,RMIA,0.3425,0.7019520031498246,0.19472651204712899,0.7616013681015856,0.1288248231708546,8,40
dropout_success,rmia,RMIA,0.34500000000000003,0.7038140108894856,0.1941987632459673,0.7616013681015856,0.1288248231708546,8,40
dropout_success,rmia,RMIA,0.34750000000000003,0.7063157059119678,0.19304962922610536,0.7616013681015856,0.1288248231708546,8,40
dropout_success,rmia,RMIA,0.35000000000000003,0.7085960992535361,0.19184622055768027,0.7616013681015856,0.1288248231708546,8,40
dropout_success,rmia,RMIA,0.3525,0.7106055224120238,0.19062082310698317,0.7616013681015856,0.1288248231708546,8,40
dropout_success,rmia,RMIA,0.355,0.7129212525833118,0.18935377787421884,0.7616013681015856,0.1288248231708546,8,40
dropout_success,rmia,RMIA,0.3575,0.7152227463295445,0.18830903004201519,0.7616013681015856,0.1288248231708546,8,40
dropout_success,rmia,RMIA,0.36,0.7172662719940297,0.1874835751134564,0.7616013681015856,0.1288248231708546,8,40
dropout_success,rmia,RMIA,0.3625,0.7192499050259954,0.18668399315061718,0.7616013681015856,0.1288248231708546,8,40
dropout_success,rmia,RMIA,0.365,0.7212622345716361,0.18584511857452438,0.7616013681015856,0.1288248231708546,8,40
dropout_success,rmia,RMIA,0.3675,0.7230837288942985,0.18504017912478452,0.7616013681015856,0.1288248231708546,8,40
dropout_success,rmia,RMIA,0.37,0.7247865175578337,0.18432363400729923,0.7616013681015856,0.1288248231708546,8,40
dropout_success,rmia,RMIA,0.3725,0.7267371698464252,0.1834865596108361,0.7616013681015856,0.1288248231708546,8,40
dropout_success,rmia,RMIA,0.375,0.7291059988040127,0.18241029742011683,0.7616013681015856,0.1288248231708546,8,40
dropout_success,rmia,RMIA,0.3775,0.7312200732905086,0.18142615632335998,0.7616013681015856,0.1288248231708546,8,40
dropout_success,rmia,RMIA,0.38,0.7334395207366667,0.18045886522461016,0.7616013681015856,0.1288248231708546,8,40
dropout_success,rmia,RMIA,0.3825,0.7351977389332677,0.17963707037749654,0.7616013681015856,0.1288248231708546,8,40
dropout_success,rmia,RMIA,0.385,0.7371424232163573,0.1787427200096434,0.7616013681015856,0.1288248231708546,8,40
dropout_success,rmia,RMIA,0.3875,0.7390781774481006,0.17780148760464803,0.7616013681015856,0.1288248231708546,8,40
dropout_success,rmia,RMIA,0.39,0.7411901630807738,0.17682992078033813,0.7616013681015856,0.1288248231708546,8,40
dropout_success,rmia,RMIA,0.3925,0.7434111008057702,0.17574077738106558,0.7616013681015856,0.1288248231708546,8,40
dropout_success,rmia,RMIA,0.395,0.7452387600930598,0.17500423261624262,0.7616013681015856,0.1288248231708546,8,40
dropout_success,rmia,RMIA,0.3975,0.7471364772479018,0.17409133729221127,0.7616013681015856,0.1288248231708546,8,40
dropout_success,rmia,RMIA,0.4,0.7489976248607955,0.1729788404506312,0.7616013681015856,0.1288248231708546,8,40
dropout_success,rmia,RMIA,0.4025,0.7509005544054237,0.17196988800172242,0.7616013681015856,0.1288248231708546,8,40
dropout_success,rmia,RMIA,0.405,0.7526029759213811,0.17095846596475922,0.7616013681015856,0.1288248231708546,8,40
dropout_success,rmia,RMIA,0.40750000000000003,0.7541414620199346,0.17033185467788386,0.7616013681015856,0.1288248231708546,8,40
dropout_success,rmia,RMIA,0.41000000000000003,0.7561003519762336,0.16928724151159705,0.7616013681015856,0.1288248231708546,8,40
dropout_success,rmia,RMIA,0.41250000000000003,0.7579384355017972,0.16822392265537736,0.7616013681015856,0.1288248231708546,8,40
dropout_success,rmia,RMIA,0.41500000000000004,0.7597567469117932,0.16720772274026374,0.7616013681015856,0.1288248231708546,8,40
dropout_success,rmia,RMIA,0.4175,0.761773398711119,0.16603092237135458,0.7616013681015856,0.1288248231708546,8,40
dropout_success,rmia,RMIA,0.42,0.7636910142499654,0.16495270833205647,0.7616013681015856,0.1288248231708546,8,40
dropout_success,rmia,RMIA,0.4225,0.7655369409103303,0.16380049380032244,0.7616013681015856,0.1288248231708546,8,40
dropout_success,rmia,RMIA,0.425,0.7675389514983209,0.16299240862267664,0.7616013681015856,0.1288248231708546,8,40
dropout_success,rmia,RMIA,0.4275,0.7694355952560348,0.16195814964112804,0.7616013681015856,0.1288248231708546,8,40
dropout_success,rmia,RMIA,0.43,0.7714354850167916,0.16082921924378674,0.7616013681015856,0.1288248231708546,8,40
dropout_success,rmia,RMIA,0.4325,0.7733686535661445,0.1595184941046213,0.7616013681015856,0.1288248231708546,8,40
dropout_success,rmia,RMIA,0.435,0.7753036030757718,0.15849143956102574,0.7616013681015856,0.1288248231708546,8,40
dropout_success,rmia,RMIA,0.4375,0.7774188499788212,0.15705497466910717,0.7616013681015856,0.1288248231708546,8,40
dropout_success,rmia,RMIA,0.44,0.7798555074956521,0.15569044084958034,0.7616013681015856,0.1288248231708546,8,40
dropout_success,rmia,RMIA,0.4425,0.7816379723214884,0.15477513048980504,0.7616013681015856,0.1288248231708546,8,40
dropout_success,rmia,RMIA,0.445,0.7832463524727483,0.15393754265087842,0.7616013681015856,0.1288248231708546,8,40
dropout_success,rmia,RMIA,0.4475,0.7847413813742391,0.1531462383725643,0.7616013681015856,0.1288248231708546,8,40
dropout_success,rmia,RMIA,0.45,0.7867049999557766,0.15239438356080523,0.7616013681015856,0.1288248231708546,8,40
dropout_success,rmia,RMIA,0.4525,0.7885992609102521,0.1514382284899923,0.7616013681015856,0.1288248231708546,8,40
dropout_success,rmia,RMIA,0.455,0.7904641909522705,0.1503219092446837,0.7616013681015856,0.1288248231708546,8,40
dropout_success,rmia,RMIA,0.4575,0.7920254315227196,0.14946785078907773,0.7616013681015856,0.1288248231708546,8,40
dropout_success,rmia,RMIA,0.46,0.7938119025262882,0.14850000989049983,0.7616013681015856,0.1288248231708546,8,40
dropout_success,rmia,RMIA,0.4625,0.7958486920195511,0.1473093442924248,0.7616013681015856,0.1288248231708546,8,40
dropout_success,rmia,RMIA,0.465,0.7978968303190545,0.1462599959505026,0.7616013681015856,0.1288248231708546,8,40
dropout_success,rmia,RMIA,0.4675,0.7999185069353998,0.14521915732725982,0.7616013681015856,0.1288248231708546,8,40
dropout_success,rmia,RMIA,0.47000000000000003,0.8021066684712024,0.14409179111644585,0.7616013681015856,0.1288248231708546,8,40
dropout_success,rmia,RMIA,0.47250000000000003,0.8041644581143876,0.14321154696125207,0.7616013681015856,0.1288248231708546,8,40
dropout_success,rmia,RMIA,0.47500000000000003,0.8059610596612063,0.14222441714732748,0.7616013681015856,0.1288248231708546,8,40
dropout_success,rmia,RMIA,0.47750000000000004,0.8073808843849041,0.1414747454749531,0.7616013681015856,0.1288248231708546,8,40
dropout_success,rmia,RMIA,0.48,0.8092315196248553,0.14065331804729692,0.7616013681015856,0.1288248231708546,8,40
dropout_success,rmia,RMIA,0.4825,0.8109944675944534,0.13950492908812706,0.7616013681015856,0.1288248231708546,8,40
dropout_success,rmia,RMIA,0.485,0.8129327932735086,0.138242260559421,0.7616013681015856,0.1288248231708546,8,40
dropout_success,rmia,RMIA,0.4875,0.8150473190584656,0.13693641995031738,0.7616013681015856,0.1288248231708546,8,40
dropout_success,rmia,RMIA,0.49,0.8168996899373482,0.13588916393810455,0.7616013681015856,0.1288248231708546,8,40
dropout_success,rmia,RMIA,0.4925,0.8185865177762606,0.13506395184657777,0.7616013681015856,0.1288248231708546,8,40
dropout_success,rmia,RMIA,0.495,0.8207678168495179,0.13340866159832082,0.7616013681015856,0.1288248231708546,8,40
dropout_success,rmia,RMIA,0.4975,0.8225958365845727,0.13235272306012985,0.7616013681015856,0.1288248231708546,8,40
dropout_success,rmia,RMIA,0.5,0.8240900193165996,0.13163681978262695,0.7616013681015856,0.1288248231708546,8,40
dropout_success,rmia,RMIA,0.5025000000000001,0.8254665457981716,0.1306550957984428,0.7616013681015856,0.1288248231708546,8,40
dropout_success,rmia,RMIA,0.505,0.82715791273788,0.12957788606627585,0.7616013681015856,0.1288248231708546,8,40
dropout_success,rmia,RMIA,0.5075000000000001,0.8286397893853392,0.12882893394785117,0.7616013681015856,0.1288248231708546,8,40
dropout_success,rmia,RMIA,0.51,0.8301348143723031,0.1279819368875461,0.7616013681015856,0.1288248231708546,8,40
dropout_success,rmia,RMIA,0.5125,0.8318727245641095,0.12704220483585651,0.7616013681015856,0.1288248231708546,8,40
dropout_success,rmia,RMIA,0.515,0.833570326741648,0.12613239801319237,0.7616013681015856,0.1288248231708546,8,40
dropout_success,rmia,RMIA,0.5175,0.8352480120934546,0.12513948237428463,0.7616013681015856,0.1288248231708546,8,40
dropout_success,rmia,RMIA,0.52,0.8367546081455213,0.1243385954681291,0.7616013681015856,0.1288248231708546,8,40
dropout_success,rmia,RMIA,0.5225,0.8384853372021036,0.1233363974752166,0.7616013681015856,0.1288248231708546,8,40
dropout_success,rmia,RMIA,0.525,0.8400536352366992,0.12241690492118774,0.7616013681015856,0.1288248231708546,8,40
dropout_success,rmia,RMIA,0.5275,0.8418350857889849,0.12153798253410947,0.7616013681015856,0.1288248231708546,8,40
dropout_success,rmia,RMIA,0.53,0.8436362270841475,0.12043027933807589,0.7616013681015856,0.1288248231708546,8,40
dropout_success,rmia,RMIA,0.5325,0.8452169883813192,0.11963414960408732,0.7616013681015856,0.1288248231708546,8,40
dropout_success,rmia,RMIA,0.535,0.8470808306396235,0.1186298058844422,0.7616013681015856,0.1288248231708546,8,40
dropout_success,rmia,RMIA,0.5375,0.8486791667494651,0.11753248552703961,0.7616013681015856,0.1288248231708546,8,40
dropout_success,rmia,RMIA,0.54,0.8502532345492563,0.11634407976378426,0.7616013681015856,0.1288248231708546,8,40
dropout_success,rmia,RMIA,0.5425,0.8517990896102844,0.11534734427817685,0.7616013681015856,0.1288248231708546,8,40
dropout_success,rmia,RMIA,0.545,0.8535644049208526,0.1140941285514597,0.7616013681015856,0.1288248231708546,8,40
dropout_success,rmia,RMIA,0.5475,0.8552781082079087,0.11300959692828123,0.7616013681015856,0.1288248231708546,8,40
dropout_success,rmia,RMIA,0.55,0.8567462671696396,0.11229166342197833,0.7616013681015856,0.1288248231708546,8,40
dropout_success,rmia,RMIA,0.5525,0.858551884920635,0.11089619253523679,0.7616013681015856,0.1288248231708546,8,40
dropout_success,rmia,RMIA,0.555,0.8601253777604253,0.10978882210249491,0.7616013681015856,0.1288248231708546,8,40
dropout_success,rmia,RMIA,0.5575,0.8616414621218645,0.1088487582481969,0.7616013681015856,0.1288248231708546,8,40
dropout_success,rmia,RMIA,0.56,0.8630271053338866,0.10793865122677648,0.7616013681015856,0.1288248231708546,8,40
dropout_success,rmia,RMIA,0.5625,0.8647188377412722,0.10689645465642512,0.7616013681015856,0.1288248231708546,8,40
dropout_success,rmia,RMIA,0.5650000000000001,0.8661792410234431,0.10619380882368726,0.7616013681015856,0.1288248231708546,8,40
dropout_success,rmia,RMIA,0.5675,0.86747435302667,0.10552644790909167,0.7616013681015856,0.1288248231708546,8,40
dropout_success,rmia,RMIA,0.5700000000000001,0.8690348552241409,0.1045866907693575,0.7616013681015856,0.1288248231708546,8,40
dropout_success,rmia,RMIA,0.5725,0.8704981742802607,0.10359408217219446,0.7616013681015856,0.1288248231708546,8,40
dropout_success,rmia,RMIA,0.5750000000000001,0.8719137033329506,0.10275357968063852,0.7616013681015856,0.1288248231708546,8,40
dropout_success,rmia,RMIA,0.5775,0.8736098791793441,0.10170139455084479,0.7616013681015856,0.1288248231708546,8,40
dropout_success,rmia,RMIA,0.58,0.8750179357185912,0.10083673833974578,0.7616013681015856,0.1288248231708546,8,40
dropout_success,rmia,RMIA,0.5825,0.8762906783705042,0.10005954347746025,0.7616013681015856,0.1288248231708546,8,40
dropout_success,rmia,RMIA,0.585,0.8778002385975487,0.09876081073172191,0.7616013681015856,0.1288248231708546,8,40
dropout_success,rmia,RMIA,0.5875,0.8790772387805333,0.09778363601523034,0.7616013681015856,0.1288248231708546,8,40
dropout_success,rmia,RMIA,0.59,0.8801484372757541,0.09725245826876286,0.7616013681015856,0.1288248231708546,8,40
dropout_success,rmia,RMIA,0.5925,0.8812954311559363,0.09685888223103058,0.7616013681015856,0.1288248231708546,8,40
dropout_success,rmia,RMIA,0.595,0.8823886199434064,0.09644095784354634,0.7616013681015856,0.1288248231708546,8,40
dropout_success,rmia,RMIA,0.5975,0.8836009937976598,0.09584650823207448,0.7616013681015856,0.1288248231708546,8,40
dropout_success,rmia,RMIA,0.6,0.8850226685610953,0.09494908576101865,0.7616013681015856,0.1288248231708546,8,40
dropout_success,rmia,RMIA,0.6025,0.8866027278756088,0.09402197378455421,0.7616013681015856,0.1288248231708546,8,40
dropout_success,rmia,RMIA,0.605,0.8880175251421693,0.09316794109941826,0.7616013681015856,0.1288248231708546,8,40
dropout_success,rmia,RMIA,0.6075,0.8892808672015188,0.0923573692850107,0.7616013681015856,0.1288248231708546,8,40
dropout_success,rmia,RMIA,0.61,0.890523111616466,0.09142640322952234,0.7616013681015856,0.1288248231708546,8,40
dropout_success,rmia,RMIA,0.6125,0.891961012484351,0.09050848547148567,0.7616013681015856,0.1288248231708546,8,40
dropout_success,rmia,RMIA,0.615,0.8932602181573699,0.0898180977910417,0.7616013681015856,0.1288248231708546,8,40
dropout_success,rmia,RMIA,0.6175,0.8949416308770344,0.08868523520500862,0.7616013681015856,0.1288248231708546,8,40
dropout_success,rmia,RMIA,0.62,0.8962020269429853,0.08786670990288364,0.7616013681015856,0.1288248231708546,8,40
dropout_success,rmia,RMIA,0.6225,0.8973276961822,0.08699073927815129,0.7616013681015856,0.1288248231708546,8,40
dropout_success,rmia,RMIA,0.625,0.8985499189127127,0.08604177146656745,0.7616013681015856,0.1288248231708546,8,40
dropout_success,rmia,RMIA,0.6275000000000001,0.8998361015786254,0.08526842900999843,0.7616013681015856,0.1288248231708546,8,40
dropout_success,rmia,RMIA,0.63,0.9008385152412051,0.08455155052918012,0.7616013681015856,0.1288248231708546,8,40
dropout_success,rmia,RMIA,0.6325000000000001,0.9020283853298433,0.08383257105641066,0.7616013681015856,0.1288248231708546,8,40
dropout_success,rmia,RMIA,0.635,0.9031766521005785,0.08327557955740993,0.7616013681015856,0.1288248231708546,8,40
dropout_success,rmia,RMIA,0.6375000000000001,0.9042113633907726,0.08275377360321148,0.7616013681015856,0.1288248231708546,8,40
dropout_success,rmia,RMIA,0.64,0.9056246923165123,0.08189389675546109,0.7616013681015856,0.1288248231708546,8,40
dropout_success,rmia,RMIA,0.6425,0.9067601092309286,0.08102177225249374,0.7616013681015856,0.1288248231708546,8,40
dropout_success,rmia,RMIA,0.645,0.9080754445449065,0.08009129596095695,0.7616013681015856,0.1288248231708546,8,40
dropout_success,rmia,RMIA,0.6475,0.9093436274095688,0.0791518259357232,0.7616013681015856,0.1288248231708546,8,40
dropout_success,rmia,RMIA,0.65,0.9105792659491234,0.0782642801236234,0.7616013681015856,0.1288248231708546,8,40
dropout_success,rmia,RMIA,0.6525,0.9118828442831071,0.0774789519857933,0.7616013681015856,0.1288248231708546,8,40
dropout_success,rmia,RMIA,0.655,0.9130351012275514,0.07701303520786962,0.7616013681015856,0.1288248231708546,8,40
dropout_success,rmia,RMIA,0.6575,0.914315504714544,0.0761546322314919,0.7616013681015856,0.1288248231708546,8,40
dropout_success,rmia,RMIA,0.66,0.9155312617912528,0.07508579226758375,0.7616013681015856,0.1288248231708546,8,40
dropout_success,rmia,RMIA,0.6625,0.9167536344570137,0.07401212644987676,0.7616013681015856,0.1288248231708546,8,40
dropout_success,rmia,RMIA,0.665,0.918003629235693,0.07332627000517516,0.7616013681015856,0.1288248231708546,8,40
dropout_success,rmia,RMIA,0.6675,0.9193740580882223,0.07246841206728503,0.7616013681015856,0.1288248231708546,8,40
dropout_success,rmia,RMIA,0.67,0.9204721497459744,0.07186467460677219,0.7616013681015856,0.1288248231708546,8,40
dropout_success,rmia,RMIA,0.6725,0.9213142778534505,0.07143900705030845,0.7616013681015856,0.1288248231708546,8,40
dropout_success,rmia,RMIA,0.675,0.9225820627157654,0.07033182229929204,0.7616013681015856,0.1288248231708546,8,40
dropout_success,rmia,RMIA,0.6775,0.9238881496156672,0.06952053734657945,0.7616013681015856,0.1288248231708546,8,40
dropout_success,rmia,RMIA,0.68,0.9249108393849804,0.06873800799246109,0.7616013681015856,0.1288248231708546,8,40
dropout_success,rmia,RMIA,0.6825,0.9260749917178546,0.06776157033636238,0.7616013681015856,0.1288248231708546,8,40
dropout_success,rmia,RMIA,0.685,0.9273018994517639,0.06650354149392325,0.7616013681015856,0.1288248231708546,8,40
dropout_success,rmia,RMIA,0.6875,0.9283997874598152,0.06561949303842209,0.7616013681015856,0.1288248231708546,8,40
dropout_success,rmia,RMIA,0.6900000000000001,0.929347795454328,0.06496905228157211,0.7616013681015856,0.1288248231708546,8,40
dropout_success,rmia,RMIA,0.6925,0.9301734851896103,0.06451865541231326,0.7616013681015856,0.1288248231708546,8,40
dropout_success,rmia,RMIA,0.6950000000000001,0.9313657825999598,0.06336602073885843,0.7616013681015856,0.1288248231708546,8,40
dropout_success,rmia,RMIA,0.6975,0.9323817489020925,0.06257638950338985,0.7616013681015856,0.1288248231708546,8,40
dropout_success,rmia,RMIA,0.7000000000000001,0.9332984263325582,0.061824435152436866,0.7616013681015856,0.1288248231708546,8,40
dropout_success,rmia,RMIA,0.7025,0.9342611795509344,0.06121580760630583,0.7616013681015856,0.1288248231708546,8,40
dropout_success,rmia,RMIA,0.705,0.935313232476535,0.06022764400700077,0.7616013681015856,0.1288248231708546,8,40
dropout_success,rmia,RMIA,0.7075,0.9365833101014668,0.05941031648905057,0.7616013681015856,0.1288248231708546,8,40
dropout_success,rmia,RMIA,0.71,0.9376219158127386,0.058924720647229915,0.7616013681015856,0.1288248231708546,8,40
dropout_success,rmia,RMIA,0.7125,0.9388992602579006,0.05769621527955559,0.7616013681015856,0.1288248231708546,8,40
dropout_success,rmia,RMIA,0.715,0.9398347254513619,0.05689489354726239,0.7616013681015856,0.1288248231708546,8,40
dropout_success,rmia,RMIA,0.7175,0.940625706956211,0.05622763276499402,0.7616013681015856,0.1288248231708546,8,40
dropout_success,rmia,RMIA,0.72,0.9414978368895186,0.05561646692794152,0.7616013681015856,0.1288248231708546,8,40
dropout_success,rmia,RMIA,0.7225,0.9424107314097311,0.054934841374524444,0.7616013681015856,0.1288248231708546,8,40
dropout_success,rmia,RMIA,0.725,0.9432747807935986,0.05438845743223049,0.7616013681015856,0.1288248231708546,8,40
dropout_success,rmia,RMIA,0.7275,0.9442935817403665,0.053298177590224385,0.7616013681015856,0.1288248231708546,8,40
dropout_success,rmia,RMIA,0.73,0.9453072300388983,0.05240011537241995,0.7616013681015856,0.1288248231708546,8,40
dropout_success,rmia,RMIA,0.7325,0.9463430165995097,0.051356418943750204,0.7616013681015856,0.1288248231708546,8,40
dropout_success,rmia,RMIA,0.735,0.9471966430808993,0.050887758909114775,0.7616013681015856,0.1288248231708546,8,40
dropout_success,rmia,RMIA,0.7375,0.9484159630988152,0.05012843749588069,0.7616013681015856,0.1288248231708546,8,40
dropout_success,rmia,RMIA,0.74,0.949500598652068,0.04915585686647428,0.7616013681015856,0.1288248231708546,8,40
dropout_success,rmia,RMIA,0.7425,0.9504699781494876,0.048153527671746764,0.7616013681015856,0.1288248231708546,8,40
dropout_success,rmia,RMIA,0.745,0.9513045308418725,0.04748223326210192,0.7616013681015856,0.1288248231708546,8,40
dropout_success,rmia,RMIA,0.7475,0.9520617654155545,0.047109360114193394,0.7616013681015856,0.1288248231708546,8,40
dropout_success,rmia,RMIA,0.75,0.952714891775979,0.04668452043872177,0.7616013681015856,0.1288248231708546,8,40
dropout_success,rmia,RMIA,0.7525000000000001,0.9535273066522671,0.04611966650704482,0.7616013681015856,0.1288248231708546,8,40
dropout_success,rmia,RMIA,0.755,0.9545243143160921,0.04540298306522865,0.7616013681015856,0.1288248231708546,8,40
dropout_success,rmia,RMIA,0.7575000000000001,0.9554802703597262,0.04451863049065353,0.7616013681015856,0.1288248231708546,8,40
dropout_success,rmia,RMIA,0.76,0.9562634820172795,0.04380032431985867,0.7616013681015856,0.1288248231708546,8,40
dropout_success,rmia,RMIA,0.7625000000000001,0.9569608338984328,0.04323325616390951,0.7616013681015856,0.1288248231708546,8,40
dropout_success,rmia,RMIA,0.765,0.9577241856288928,0.04271316894559775,0.7616013681015856,0.1288248231708546,8,40
dropout_success,rmia,RMIA,0.7675000000000001,0.9583159985935302,0.042158124119979073,0.7616013681015856,0.1288248231708546,8,40
dropout_success,rmia,RMIA,0.77,0.9589366932695594,0.04173048870755938,0.7616013681015856,0.1288248231708546,8,40
dropout_success,rmia,RMIA,0.7725,0.9596469144917268,0.04104079451198188,0.7616013681015856,0.1288248231708546,8,40
dropout_success,rmia,RMIA,0.775,0.9603335865544275,0.040605338805541645,0.7616013681015856,0.1288248231708546,8,40
dropout_success,rmia,RMIA,0.7775,0.9610243578795794,0.04010908787075032,0.7616013681015856,0.1288248231708546,8,40
dropout_success,rmia,RMIA,0.78,0.962080412038233,0.039030573627294673,0.7616013681015856,0.1288248231708546,8,40
dropout_success,rmia,RMIA,0.7825,0.9630010421450577,0.03829365711179223,0.7616013681015856,0.1288248231708546,8,40
dropout_success,rmia,RMIA,0.785,0.9640098650219581,0.03738089283077156,0.7616013681015856,0.1288248231708546,8,40
dropout_success,rmia,RMIA,0.7875,0.9646931480793793,0.036799222031559914,0.7616013681015856,0.1288248231708546,8,40
dropout_success,rmia,RMIA,0.79,0.9652845074844283,0.03649127508132401,0.7616013681015856,0.1288248231708546,8,40
dropout_success,rmia,RMIA,0.7925,0.9660934408995666,0.0357929388269295,0.7616013681015856,0.1288248231708546,8,40
dropout_success,rmia,RMIA,0.795,0.9668348113823589,0.03495956573204023,0.7616013681015856,0.1288248231708546,8,40
dropout_success,rmia,RMIA,0.7975,0.9673787309297593,0.03437798031589638,0.7616013681015856,0.1288248231708546,8,40
dropout_success,rmia,RMIA,0.8,0.968305119450237,0.03333629172584882,0.7616013681015856,0.1288248231708546,8,40
dropout_success,rmia,RMIA,0.8025,0.9691407837793151,0.03244635526374693,0.7616013681015856,0.1288248231708546,8,40
dropout_success,rmia,RMIA,0.805,0.9697117034512603,0.031819359492501156,0.7616013681015856,0.1288248231708546,8,40
dropout_success,rmia,RMIA,0.8075,0.970291461033253,0.031126638336503205,0.7616013681015856,0.1288248231708546,8,40
dropout_success,rmia,RMIA,0.81,0.9707716775739832,0.030612053096176414,0.7616013681015856,0.1288248231708546,8,40
dropout_success,rmia,RMIA,0.8125,0.9712757120253165,0.030102291305246436,0.7616013681015856,0.1288248231708546,8,40
dropout_success,rmia,RMIA,0.8150000000000001,0.971766330444721,0.029569939490566008,0.7616013681015856,0.1288248231708546,8,40
dropout_success,rmia,RMIA,0.8175,0.9724081042234212,0.028867400418953297,0.7616013681015856,0.1288248231708546,8,40
dropout_success,rmia,RMIA,0.8200000000000001,0.9730012355862944,0.028195455018593246,0.7616013681015856,0.1288248231708546,8,40
dropout_success,rmia,RMIA,0.8225,0.9735429152673728,0.027679917164346462,0.7616013681015856,0.1288248231708546,8,40
dropout_success,rmia,RMIA,0.8250000000000001,0.974378967356985,0.026520941175355067,0.7616013681015856,0.1288248231708546,8,40
dropout_success,rmia,RMIA,0.8275,0.9752657694143059,0.025720435062615874,0.7616013681015856,0.1288248231708546,8,40
dropout_success,rmia,RMIA,0.8300000000000001,0.9759743764172335,0.025150596478534498,0.7616013681015856,0.1288248231708546,8,40
dropout_success,rmia,RMIA,0.8325,0.9766036031369297,0.02458819768784149,0.7616013681015856,0.1288248231708546,8,40
dropout_success,rmia,RMIA,0.835,0.9772288288627687,0.024060145828529795,0.7616013681015856,0.1288248231708546,8,40
dropout_success,rmia,RMIA,0.8375,0.9778681905515371,0.023427524029915953,0.7616013681015856,0.1288248231708546,8,40
dropout_success,rmia,RMIA,0.84,0.9783590867992766,0.022841294572567453,0.7616013681015856,0.1288248231708546,8,40
dropout_success,rmia,RMIA,0.8425,0.9787726086874623,0.02235815482046949,0.7616013681015856,0.1288248231708546,8,40
dropout_success,rmia,RMIA,0.845,0.9792817331314957,0.021973866056289707,0.7616013681015856,0.1288248231708546,8,40
dropout_success,rmia,RMIA,0.8475,0.9798623825278098,0.021321619909221767,0.7616013681015856,0.1288248231708546,8,40
dropout_success,rmia,RMIA,0.85,0.9802869646803869,0.02081778860471599,0.7616013681015856,0.1288248231708546,8,40
dropout_success,rmia,RMIA,0.8525,0.9808718483595968,0.02016406174704802,0.7616013681015856,0.1288248231708546,8,40
dropout_success,rmia,RMIA,0.855,0.9814426608829184,0.019479265290109068,0.7616013681015856,0.1288248231708546,8,40
dropout_success,rmia,RMIA,0.8575,0.9819459542915268,0.018885850072343745,0.7616013681015856,0.1288248231708546,8,40
dropout_success,rmia,RMIA,0.86,0.982375300549193,0.01843439904255786,0.7616013681015856,0.1288248231708546,8,40
dropout_success,rmia,RMIA,0.8625,0.9828027847167484,0.018105276865591016,0.7616013681015856,0.1288248231708546,8,40
dropout_success,rmia,RMIA,0.865,0.98341123391502,0.017507950782249176,0.7616013681015856,0.1288248231708546,8,40
dropout_success,rmia,RMIA,0.8675,0.9838278543916484,0.017141432050706507,0.7616013681015856,0.1288248231708546,8,40
dropout_success,rmia,RMIA,0.87,0.9842711705664239,0.01680670190402704,0.7616013681015856,0.1288248231708546,8,40
dropout_success,rmia,RMIA,0.8725,0.9847437200502723,0.016392724990278985,0.7616013681015856,0.1288248231708546,8,40
dropout_success,rmia,RMIA,0.875,0.9851184399128851,0.01590121769683893,0.7616013681015856,0.1288248231708546,8,40
dropout_success,rmia,RMIA,0.8775000000000001,0.9857035480173083,0.01524632118123873,0.7616013681015856,0.1288248231708546,8,40
dropout_success,rmia,RMIA,0.88,0.986221628060507,0.014771243763337487,0.7616013681015856,0.1288248231708546,8,40
dropout_success,rmia,RMIA,0.8825000000000001,0.9865611443891902,0.01439809339414879,0.7616013681015856,0.1288248231708546,8,40
dropout_success,rmia,RMIA,0.885,0.9870030971038204,0.01387021289513183,0.7616013681015856,0.1288248231708546,8,40
dropout_success,rmia,RMIA,0.8875000000000001,0.9874153472042826,0.01349912428279208,0.7616013681015856,0.1288248231708546,8,40
dropout_success,rmia,RMIA,0.89,0.9877981528814599,0.013169431119194223,0.7616013681015856,0.1288248231708546,8,40
dropout_success,rmia,RMIA,0.8925000000000001,0.9883706271525298,0.012673253636806306,0.7616013681015856,0.1288248231708546,8,40
dropout_success,rmia,RMIA,0.895,0.9887833907126629,0.012170519983697212,0.7616013681015856,0.1288248231708546,8,40
dropout_success,rmia,RMIA,0.8975,0.9891745534058316,0.011730764683800455,0.7616013681015856,0.1288248231708546,8,40
dropout_success,rmia,RMIA,0.9,0.9896302060908752,0.011187221031138821,0.7616013681015856,0.1288248231708546,8,40
dropout_success,rmia,RMIA,0.9025,0.9900898218860328,0.010747398017261276,0.7616013681015856,0.1288248231708546,8,40
dropout_success,rmia,RMIA,0.905,0.9904491818615632,0.010430122005299554,0.7616013681015856,0.1288248231708546,8,40
dropout_success,rmia,RMIA,0.9075,0.9909874215139641,0.009819917121884847,0.7616013681015856,0.1288248231708546,8,40
dropout_success,rmia,RMIA,0.91,0.9913759644364075,0.009219457277268792,0.7616013681015856,0.1288248231708546,8,40
dropout_success,rmia,RMIA,0.9125,0.9916356307194915,0.008916682105123428,0.7616013681015856,0.1288248231708546,8,40
dropout_success,rmia,RMIA,0.915,0.9920291157995611,0.008301515196225519,0.7616013681015856,0.1288248231708546,8,40
dropout_success,rmia,RMIA,0.9175,0.9924142901716027,0.007865354711340894,0.7616013681015856,0.1288248231708546,8,40
dropout_success,rmia,RMIA,0.92,0.9927312329021191,0.007537351263247336,0.7616013681015856,0.1288248231708546,8,40
dropout_success,rmia,RMIA,0.9225,0.9931473730603081,0.00725051795556247,0.7616013681015856,0.1288248231708546,8,40
dropout_success,rmia,RMIA,0.925,0.9934939775853542,0.00699176308588922,0.7616013681015856,0.1288248231708546,8,40
dropout_success,rmia,RMIA,0.9275,0.9939023516210281,0.006723208013854835,0.7616013681015856,0.1288248231708546,8,40
dropout_success,rmia,RMIA,0.93,0.9941701331318871,0.00646701104810968,0.7616013681015856,0.1288248231708546,8,40
dropout_success,rmia,RMIA,0.9325,0.9944234960730072,0.006210488489774973,0.7616013681015856,0.1288248231708546,8,40
dropout_success,rmia,RMIA,0.935,0.9947498337890008,0.005947608268768875,0.7616013681015856,0.1288248231708546,8,40
dropout_success,rmia,RMIA,0.9375,0.995046102697408,0.005617811532970575,0.7616013681015856,0.1288248231708546,8,40
dropout_success,rmia,RMIA,0.9400000000000001,0.9955242415109503,0.004904239663603133,0.7616013681015856,0.1288248231708546,8,40
dropout_success,rmia,RMIA,0.9425,0.9958029686558167,0.004603189145947959,0.7616013681015856,0.1288248231708546,8,40
dropout_success,rmia,RMIA,0.9450000000000001,0.9960468906972072,0.004221607691546374,0.7616013681015856,0.1288248231708546,8,40
dropout_success,rmia,RMIA,0.9475,0.9963094924151095,0.0039026152138516073,0.7616013681015856,0.1288248231708546,8,40
dropout_success,rmia,RMIA,0.9500000000000001,0.9966218982318664,0.0034898633158598684,0.7616013681015856,0.1288248231708546,8,40
dropout_success,rmia,RMIA,0.9525,0.9968765541281561,0.0032615178781419903,0.7616013681015856,0.1288248231708546,8,40
dropout_success,rmia,RMIA,0.9550000000000001,0.997091371349876,0.0030015444796564076,0.7616013681015856,0.1288248231708546,8,40
dropout_success,rmia,RMIA,0.9575,0.9972651867339763,0.002758309157132546,0.7616013681015856,0.1288248231708546,8,40
dropout_success,rmia,RMIA,0.96,0.9974184850311433,0.002644637769672673,0.7616013681015856,0.1288248231708546,8,40
dropout_success,rmia,RMIA,0.9625,0.9976306133212779,0.0023869249045432523,0.7616013681015856,0.1288248231708546,8,40
dropout_success,rmia,RMIA,0.965,0.9979431287194906,0.002057876891846247,0.7616013681015856,0.1288248231708546,8,40
dropout_success,rmia,RMIA,0.9675,0.9982036131980921,0.001913687634276393,0.7616013681015856,0.1288248231708546,8,40
dropout_success,rmia,RMIA,0.97,0.9984454252059473,0.0016306042955140769,0.7616013681015856,0.1288248231708546,8,40
dropout_success,rmia,RMIA,0.9725,0.9986741250376733,0.0014764202858001734,0.7616013681015856,0.1288248231708546,8,40
dropout_success,rmia,RMIA,0.975,0.9988687462326703,0.0013197277650894839,0.7616013681015856,0.1288248231708546,8,40
dropout_success,rmia,RMIA,0.9775,0.9990658827331917,0.0011330912661305574,0.7616013681015856,0.1288248231708546,8,40
dropout_success,rmia,RMIA,0.98,0.9992860276318686,0.0008749762957086205,0.7616013681015856,0.1288248231708546,8,40
dropout_success,rmia,RMIA,0.9825,0.9994298439488314,0.0007514779482075743,0.7616013681015856,0.1288248231708546,8,40
dropout_success,rmia,RMIA,0.985,0.9995101897896993,0.000700586144081626,0.7616013681015856,0.1288248231708546,8,40
dropout_success,rmia,RMIA,0.9875,0.9996249387808921,0.0005961238779259024,0.7616013681015856,0.1288248231708546,8,40
dropout_success,rmia,RMIA,0.99,0.9996997016633657,0.0004683757152383833,0.7616013681015856,0.1288248231708546,8,40
dropout_success,rmia,RMIA,0.9925,0.9998489935793394,0.0002794258576762664,0.7616013681015856,0.1288248231708546,8,40
dropout_success,rmia,RMIA,0.995,0.9999139138522051,0.00019851797209412573,0.7616013681015856,0.1288248231708546,8,40
dropout_success,rmia,RMIA,0.9975,0.9999757628462138,6.282325698114474e-05,0.7616013681015856,0.1288248231708546,8,40
dropout_success,rmia,RMIA,1.0,1.0,0.0,0.7616013681015856,0.1288248231708546,8,40
dropout_success,lira,LiRA,0.0,0.0,0.0,0.6461480768133777,0.06979106660587224,8,40
dropout_success,lira,LiRA,0.0025,0.0040045882550643844,0.0007545482782004109,0.6461480768133777,0.06979106660587224,8,40
dropout_success,lira,LiRA,0.005,0.008009176510128769,0.0015090965564008218,0.6461480768133777,0.06979106660587224,8,40
dropout_success,lira,LiRA,0.0075,0.012013764765193152,0.0022636448346012327,0.6461480768133777,0.06979106660587224,8,40
dropout_success,lira,LiRA,0.01,0.016018353020257538,0.0030181931128016436,0.6461480768133777,0.06979106660587224,8,40
dropout_success,lira,LiRA,0.0125,0.020022941275321924,0.003772741391002056,0.6461480768133777,0.06979106660587224,8,40
dropout_success,lira,LiRA,0.015,0.024027529530386303,0.0045272896692024655,0.6461480768133777,0.06979106660587224,8,40
dropout_success,lira,LiRA,0.0175,0.028032117785450693,0.005281837947402875,0.6461480768133777,0.06979106660587224,8,40
dropout_success,lira,LiRA,0.02,0.032036706040515076,0.006036386225603287,0.6461480768133777,0.06979106660587224,8,40
dropout_success,lira,LiRA,0.0225,0.03604129429557945,0.006790934503803697,0.6461480768133777,0.06979106660587224,8,40
dropout_success,lira,LiRA,0.025,0.04004588255064385,0.007545482782004112,0.6461480768133777,0.06979106660587224,8,40
dropout_success,lira,LiRA,0.0275,0.04405047080570823,0.008300031060204521,0.6461480768133777,0.06979106660587224,8,40
dropout_success,lira,LiRA,0.03,0.048055059060772606,0.009054579338404931,0.6461480768133777,0.06979106660587224,8,40
dropout_success,lira,LiRA,0.0325,0.052059647315837,0.009809127616605342,0.6461480768133777,0.06979106660587224,8,40
dropout_success,lira,LiRA,0.035,0.056064235570901386,0.01056367589480575,0.6461480768133777,0.06979106660587224,8,40
dropout_success,lira,LiRA,0.0375,0.06006882382596576,0.011318224173006161,0.6461480768133777,0.06979106660587224,8,40
dropout_success,lira,LiRA,0.04,0.06407341208103015,0.012072772451206575,0.6461480768133777,0.06979106660587224,8,40
dropout_success,lira,LiRA,0.0425,0.06807800033609454,0.012827320729406984,0.6461480768133777,0.06979106660587224,8,40
dropout_success,lira,LiRA,0.045,0.0720825885911589,0.013581869007607394,0.6461480768133777,0.06979106660587224,8,40
dropout_success,lira,LiRA,0.0475,0.0760871768462233,0.014336417285807809,0.6461480768133777,0.06979106660587224,8,40
dropout_success,lira,LiRA,0.05,0.0800917651012877,0.015090965564008223,0.6461480768133777,0.06979106660587224,8,40
dropout_success,lira,LiRA,0.0525,0.08409635335635207,0.015845513842208635,0.6461480768133777,0.06979106660587224,8,40
dropout_success,lira,LiRA,0.055,0.08810094161141646,0.016600062120409043,0.6461480768133777,0.06979106660587224,8,40
dropout_success,lira,LiRA,0.0575,0.09210552986648085,0.01735461039860945,0.6461480768133777,0.06979106660587224,8,40
dropout_success,lira,LiRA,0.06,0.09611011812154521,0.018109158676809862,0.6461480768133777,0.06979106660587224,8,40
dropout_success,lira,LiRA,0.0625,0.1001147063766096,0.018863706955010273,0.6461480768133777,0.06979106660587224,8,40
dropout_success,lira,LiRA,0.065,0.104119294631674,0.019618255233210685,0.6461480768133777,0.06979106660587224,8,40
dropout_success,lira,LiRA,0.0675,0.10812388288673838,0.020372803511411096,0.6461480768133777,0.06979106660587224,8,40
dropout_success,lira,LiRA,0.07,0.11212847114180277,0.0211273517896115,0.6461480768133777,0.06979106660587224,8,40
dropout_success,lira,LiRA,0.0725,0.1161330593968671,0.0218819000678119,0.6461480768133777,0.06979106660587224,8,40
dropout_success,lira,LiRA,0.075,0.12013764765193152,0.022636448346012323,0.6461480768133777,0.06979106660587224,8,40
dropout_success,lira,LiRA,0.0775,0.12414223590699588,0.02339099662421273,0.6461480768133777,0.06979106660587224,8,40
dropout_success,lira,LiRA,0.08,0.1281468241620603,0.02414554490241315,0.6461480768133777,0.06979106660587224,8,40
dropout_success,lira,LiRA,0.0825,0.13215141241712472,0.024900093180613567,0.6461480768133777,0.06979106660587224,8,40
dropout_success,lira,LiRA,0.085,0.13615600067218908,0.02565464145881397,0.6461480768133777,0.06979106660587224,8,40
dropout_success,lira,LiRA,0.08750000000000001,0.14016058892725347,0.026409189737014387,0.6461480768133777,0.06979106660587224,8,40
dropout_success,lira,LiRA,0.09,0.1441651771823178,0.027163738015214788,0.6461480768133777,0.06979106660587224,8,40
dropout_success,lira,LiRA,0.0925,0.14816976543738222,0.027918286293415202,0.6461480768133777,0.06979106660587224,8,40
dropout_success,lira,LiRA,0.095,0.1521743536924466,0.028672834571615617,0.6461480768133777,0.06979106660587224,8,40
dropout_success,lira,LiRA,0.0975,0.156178941947511,0.029427382849816018,0.6461480768133777,0.06979106660587224,8,40
dropout_success,lira,LiRA,0.1,0.1601835302025754,0.030181931128016447,0.6461480768133777,0.06979106660587224,8,40
dropout_success,lira,LiRA,0.10250000000000001,0.16418811845763978,0.030936479406216858,0.6461480768133777,0.06979106660587224,8,40
dropout_success,lira,LiRA,0.105,0.16819270671270414,0.03169102768441727,0.6461480768133777,0.06979106660587224,8,40
dropout_success,lira,LiRA,0.1075,0.1721972949677685,0.03244557596261767,0.6461480768133777,0.06979106660587224,8,40
dropout_success,lira,LiRA,0.11,0.17620188322283292,0.033200124240818085,0.6461480768133777,0.06979106660587224,8,40
dropout_success,lira,LiRA,0.1125,0.1802064714778973,0.03395467251901847,0.6461480768133777,0.06979106660587224,8,40
dropout_success,lira,LiRA,0.115,0.1842110597329617,0.0347092207972189,0.6461480768133777,0.06979106660587224,8,40
dropout_success,lira,LiRA,0.11750000000000001,0.1882156479880261,0.03546376907541931,0.6461480768133777,0.06979106660587224,8,40
dropout_success,lira,LiRA,0.12,0.19222023624309043,0.036218317353619724,0.6461480768133777,0.06979106660587224,8,40
dropout_success,lira,LiRA,0.1225,0.19622482449815482,0.03697286563182014,0.6461480768133777,0.06979106660587224,8,40
dropout_success,lira,LiRA,0.125,0.2002294127532192,0.037727413910020546,0.6461480768133777,0.06979106660587224,8,40
dropout_success,lira,LiRA,0.1275,0.2042340010082836,0.03848196218822094,0.6461480768133777,0.06979106660587224,8,40
dropout_success,lira,LiRA,0.13,0.208238589263348,0.03923651046642137,0.6461480768133777,0.06979106660587224,8,40
dropout_success,lira,LiRA,0.1325,0.21224317751841235,0.039991058744621756,0.6461480768133777,0.06979106660587224,8,40
dropout_success,lira,LiRA,0.135,0.21624776577347676,0.04074560702282219,0.6461480768133777,0.06979106660587224,8,40
dropout_success,lira,LiRA,0.1375,0.22025235402854115,0.041500155301022607,0.6461480768133777,0.06979106660587224,8,40
dropout_success,lira,LiRA,0.14,0.22425694228360554,0.042254703579223,0.6461480768133777,0.06979106660587224,8,40
dropout_success,lira,LiRA,0.14250000000000002,0.22826153053866993,0.04300925185742342,0.6461480768133777,0.06979106660587224,8,40
dropout_success,lira,LiRA,0.145,0.2322661187937342,0.0437638001356238,0.6461480768133777,0.06979106660587224,8,40
dropout_success,lira,LiRA,0.1475,0.23627070704879868,0.04451834841382424,0.6461480768133777,0.06979106660587224,8,40
dropout_success,lira,LiRA,0.15,0.24027529530386305,0.045272896692024646,0.6461480768133777,0.06979106660587224,8,40
dropout_success,lira,LiRA,0.1525,0.24427988355892744,0.04602744497022507,0.6461480768133777,0.06979106660587224,8,40
dropout_success,lira,LiRA,0.155,0.24828447181399177,0.04678199324842546,0.6461480768133777,0.06979106660587224,8,40
dropout_success,lira,LiRA,0.1575,0.25228906006905616,0.047536541526625876,0.6461480768133777,0.06979106660587224,8,40
dropout_success,lira,LiRA,0.16,0.2562936483241206,0.0482910898048263,0.6461480768133777,0.06979106660587224,8,40
dropout_success,lira,LiRA,0.1625,0.260298236579185,0.0490456380830267,0.6461480768133777,0.06979106660587224,8,40
dropout_success,lira,LiRA,0.165,0.26430282483424944,0.049800186361227135,0.6461480768133777,0.06979106660587224,8,40
dropout_success,lira,LiRA,0.1675,0.2683074130893138,0.05055473463942752,0.6461480768133777,0.06979106660587224,8,40
dropout_success,lira,LiRA,0.17,0.27231200134437816,0.05130928291762794,0.6461480768133777,0.06979106660587224,8,40
dropout_success,lira,LiRA,0.17250000000000001,0.27631658959944255,0.05206383119582836,0.6461480768133777,0.06979106660587224,8,40
dropout_success,lira,LiRA,0.17500000000000002,0.28032117785450694,0.05281837947402877,0.6461480768133777,0.06979106660587224,8,40
dropout_success,lira,LiRA,0.1775,0.2843257661095713,0.05357292775222917,0.6461480768133777,0.06979106660587224,8,40
dropout_success,lira,LiRA,0.18,0.2883303543646356,0.054327476030429575,0.6461480768133777,0.06979106660587224,8,40
dropout_success,lira,LiRA,0.1825,0.29233494261970006,0.05508202430862998,0.6461480768133777,0.06979106660587224,8,40
dropout_success,lira,LiRA,0.185,0.29633953087476445,0.055836572586830405,0.6461480768133777,0.06979106660587224,8,40
dropout_success,lira,LiRA,0.1875,0.3003441191298288,0.056591120865030806,0.6461480768133777,0.06979106660587224,8,40
dropout_success,lira,LiRA,0.19,0.3043487073848932,0.057345669143231234,0.6461480768133777,0.06979106660587224,8,40
dropout_success,lira,LiRA,0.1925,0.30835329563995756,0.05810021742143164,0.6461480768133777,0.06979106660587224,8,40
dropout_success,lira,LiRA,0.195,0.312357883895022,0.058854765699632036,0.6461480768133777,0.06979106660587224,8,40
dropout_success,lira,LiRA,0.1975,0.31636247215008634,0.059609313977832444,0.6461480768133777,0.06979106660587224,8,40
dropout_success,lira,LiRA,0.2,0.3203670604051508,0.060363862256032894,0.6461480768133777,0.06979106660587224,8,40
dropout_success,lira,LiRA,0.2025,0.3243716486602152,0.06111841053423325,0.6461480768133777,0.06979106660587224,8,40
dropout_success,lira,LiRA,0.20500000000000002,0.32837623691527956,0.061872958812433716,0.6461480768133777,0.06979106660587224,8,40
dropout_success,lira,LiRA,0.20750000000000002,0.3323808251703439,0.0626275070906341,0.6461480768133777,0.06979106660587224,8,40
dropout_success,lira,LiRA,0.21,0.3363854134254083,0.06338205536883454,0.6461480768133777,0.06979106660587224,8,40
dropout_success,lira,LiRA,0.2125,0.3403900016804727,0.06413660364703491,0.6461480768133777,0.06979106660587224,8,40
dropout_success,lira,LiRA,0.215,0.344394589935537,0.06489115192523534,0.6461480768133777,0.06979106660587224,8,40
dropout_success,lira,LiRA,0.2175,0.3483991781906014,0.06564570020343573,0.6461480768133777,0.06979106660587224,8,40
dropout_success,lira,LiRA,0.22,0.35240376644566584,0.06640024848163617,0.6461480768133777,0.06979106660587224,8,40
dropout_success,lira,LiRA,0.2225,0.3564083547007302,0.06715479675983657,0.6461480768133777,0.06979106660587224,8,40
dropout_success,lira,LiRA,0.225,0.3604129429557946,0.06790934503803694,0.6461480768133777,0.06979106660587224,8,40
dropout_success,lira,LiRA,0.2275,0.364417531210859,0.06866389331623737,0.6461480768133777,0.06979106660587224,8,40
dropout_success,lira,LiRA,0.23,0.3684221194659234,0.0694184415944378,0.6461480768133777,0.06979106660587224,8,40
dropout_success,lira,LiRA,0.2325,0.37242670772098774,0.07017298987263822,0.6461480768133777,0.06979106660587224,8,40
dropout_success,lira,LiRA,0.23500000000000001,0.3764312959760522,0.07092753815083862,0.6461480768133777,0.06979106660587224,8,40
dropout_success,lira,LiRA,0.23750000000000002,0.3804358842311165,0.07168208642903903,0.6461480768133777,0.06979106660587224,8,40
dropout_success,lira,LiRA,0.24,0.38444047248618085,0.07243663470723945,0.6461480768133777,0.06979106660587224,8,40
dropout_success,lira,LiRA,0.2425,0.38844506074124524,0.07319118298543985,0.6461480768133777,0.06979106660587224,8,40
dropout_success,lira,LiRA,0.245,0.39244964899630963,0.07394573126364028,0.6461480768133777,0.06979106660587224,8,40
dropout_success,lira,LiRA,0.2475,0.3964542372513741,0.07470027954184068,0.6461480768133777,0.06979106660587224,8,40
dropout_success,lira,LiRA,0.25,0.4004588255064384,0.07545482782004109,0.6461480768133777,0.06979106660587224,8,40
dropout_success,lira,LiRA,0.2525,0.40446341376150274,0.0762093760982415,0.6461480768133777,0.06979106660587224,8,40
dropout_success,lira,LiRA,0.255,0.4084680020165672,0.07696392437644188,0.6461480768133777,0.06979106660587224,8,40
dropout_success,lira,LiRA,0.2575,0.4124725902716316,0.0777184726546423,0.6461480768133777,0.06979106660587224,8,40
dropout_success,lira,LiRA,0.26,0.416477178526696,0.07847302093284274,0.6461480768133777,0.06979106660587224,8,40
dropout_success,lira,LiRA,0.2625,0.42048176678176036,0.07922756921104313,0.6461480768133777,0.06979106660587224,8,40
dropout_success,lira,LiRA,0.265,0.4244863550368247,0.07998211748924351,0.6461480768133777,0.06979106660587224,8,40
dropout_success,lira,LiRA,0.2675,0.42849094329188914,0.08073666576744394,0.6461480768133777,0.06979106660587224,8,40
dropout_success,lira,LiRA,0.27,0.4324955315469535,0.08149121404564438,0.6461480768133777,0.06979106660587224,8,40
dropout_success,lira,LiRA,0.2725,0.43650011980201786,0.08224576232384481,0.6461480768133777,0.06979106660587224,8,40
dropout_success,lira,LiRA,0.275,0.4405047080570823,0.08300031060204521,0.6461480768133777,0.06979106660587224,8,40
dropout_success,lira,LiRA,0.2775,0.44450929631214675,0.0837548588802456,0.6461480768133777,0.06979106660587224,8,40
dropout_success,lira,LiRA,0.28,0.4485138845672111,0.084509407158446,0.6461480768133777,0.06979106660587224,8,40
dropout_success,lira,LiRA,0.28250000000000003,0.45251847282227553,0.08526395543664644,0.6461480768133777,0.06979106660587224,8,40
dropout_success,lira,LiRA,0.28500000000000003,0.45652306107733986,0.08601850371484684,0.6461480768133777,0.06979106660587224,8,40
dropout_success,lira,LiRA,0.28750000000000003,0.4605276493324042,0.08677305199304726,0.6461480768133777,0.06979106660587224,8,40
dropout_success,lira,LiRA,0.29,0.4645322375874684,0.0875276002712476,0.6461480768133777,0.06979106660587224,8,40
dropout_success,lira,LiRA,0.2925,0.4685368258425329,0.08828214854944808,0.6461480768133777,0.06979106660587224,8,40
dropout_success,lira,LiRA,0.295,0.47254141409759737,0.08903669682764848,0.6461480768133777,0.06979106660587224,8,40
dropout_success,lira,LiRA,0.2975,0.4765460023526617,0.08979124510584892,0.6461480768133777,0.06979106660587224,8,40
dropout_success,lira,LiRA,0.3,0.4805505906077261,0.09054579338404929,0.6461480768133777,0.06979106660587224,8,40
dropout_success,lira,LiRA,0.3025,0.48455517886279054,0.09130034166224973,0.6461480768133777,0.06979106660587224,8,40
dropout_success,lira,LiRA,0.305,0.48855976711785487,0.09205488994045014,0.6461480768133777,0.06979106660587224,8,40
dropout_success,lira,LiRA,0.3075,0.4925643553729193,0.09280943821865054,0.6461480768133777,0.06979106660587224,8,40
dropout_success,lira,LiRA,0.31,0.49656894362798354,0.09356398649685092,0.6461480768133777,0.06979106660587224,8,40
dropout_success,lira,LiRA,0.3125,0.500573531883048,0.09431853477505135,0.6461480768133777,0.06979106660587224,8,40
dropout_success,lira,LiRA,0.315,0.5045781201381123,0.09507308305325175,0.6461480768133777,0.06979106660587224,8,40
dropout_success,lira,LiRA,0.3175,0.5085827083931769,0.0958276313314522,0.6461480768133777,0.06979106660587224,8,40
dropout_success,lira,LiRA,0.32,0.5125872966482412,0.0965821796096526,0.6461480768133777,0.06979106660587224,8,40
dropout_success,lira,LiRA,0.3225,0.5165918849033057,0.09733672788785301,0.6461480768133777,0.06979106660587224,8,40
dropout_success,lira,LiRA,0.325,0.52059647315837,0.0980912761660534,0.6461480768133777,0.06979106660587224,8,40
dropout_success,lira,LiRA,0.3275,0.5246010614134344,0.09884582444425383,0.6461480768133777,0.06979106660587224,8,40
dropout_success,lira,LiRA,0.33,0.5286056496684989,0.09960037272245427,0.6461480768133777,0.06979106660587224,8,40
dropout_success,lira,LiRA,0.3325,0.5326102379235632,0.10035492100065464,0.6461480768133777,0.06979106660587224,8,40
dropout_success,lira,LiRA,0.335,0.5366148261786275,0.10110946927885504,0.6461480768133777,0.06979106660587224,8,40
dropout_success,lira,LiRA,0.3375,0.5406194144336919,0.10186401755705544,0.6461480768133777,0.06979106660587224,8,40
dropout_success,lira,LiRA,0.34,0.5446240026887563,0.10261856583525587,0.6461480768133777,0.06979106660587224,8,40
dropout_success,lira,LiRA,0.3425,0.5486285909438207,0.10337311411345629,0.6461480768133777,0.06979106660587224,8,40
dropout_success,lira,LiRA,0.34500000000000003,0.5526331791988851,0.10412766239165672,0.6461480768133777,0.06979106660587224,8,40
dropout_success,lira,LiRA,0.34750000000000003,0.5566377674539496,0.1048822106698571,0.6461480768133777,0.06979106660587224,8,40
dropout_success,lira,LiRA,0.35000000000000003,0.5606423557090139,0.10563675894805755,0.6461480768133777,0.06979106660587224,8,40
dropout_success,lira,LiRA,0.3525,0.5646469439640781,0.10639130722625795,0.6461480768133777,0.06979106660587224,8,40
dropout_success,lira,LiRA,0.355,0.5686515322191426,0.10714585550445833,0.6461480768133777,0.06979106660587224,8,40
dropout_success,lira,LiRA,0.3575,0.5726561204742069,0.10790040378265872,0.6461480768133777,0.06979106660587224,8,40
dropout_success,lira,LiRA,0.36,0.5766607087292712,0.10865495206085915,0.6461480768133777,0.06979106660587224,8,40
dropout_success,lira,LiRA,0.3625,0.5806652969843357,0.10940950033905956,0.6461480768133777,0.06979106660587224,8,40
dropout_success,lira,LiRA,0.365,0.5846698852394001,0.11016404861725997,0.6461480768133777,0.06979106660587224,8,40
dropout_success,lira,LiRA,0.3675,0.5886744734944644,0.11091859689546038,0.6461480768133777,0.06979106660587224,8,40
dropout_success,lira,LiRA,0.37,0.5926790617495289,0.11167314517366081,0.6461480768133777,0.06979106660587224,8,40
dropout_success,lira,LiRA,0.3725,0.5966836500045932,0.11242769345186121,0.6461480768133777,0.06979106660587224,8,40
dropout_success,lira,LiRA,0.375,0.6006882382596576,0.11318224173006161,0.6461480768133777,0.06979106660587224,8,40
dropout_success,lira,LiRA,0.3775,0.604692826514722,0.11393679000826201,0.6461480768133777,0.06979106660587224,8,40
dropout_success,lira,LiRA,0.38,0.6086974147697864,0.11469133828646247,0.6461480768133777,0.06979106660587224,8,40
dropout_success,lira,LiRA,0.3825,0.6127020030248508,0.11544588656466288,0.6461480768133777,0.06979106660587224,8,40
dropout_success,lira,LiRA,0.385,0.6167065912799151,0.11620043484286328,0.6461480768133777,0.06979106660587224,8,40
dropout_success,lira,LiRA,0.3875,0.6207111795349796,0.11695498312106367,0.6461480768133777,0.06979106660587224,8,40
dropout_success,lira,LiRA,0.39,0.624715767790044,0.11770953139926407,0.6461480768133777,0.06979106660587224,8,40
dropout_success,lira,LiRA,0.3925,0.6287203560451083,0.11846407967746449,0.6461480768133777,0.06979106660587224,8,40
dropout_success,lira,LiRA,0.395,0.6327249443001727,0.11921862795566489,0.6461480768133777,0.06979106660587224,8,40
dropout_success,lira,LiRA,0.3975,0.6367295325552371,0.11997317623386534,0.6461480768133777,0.06979106660587224,8,40
dropout_success,lira,LiRA,0.4,0.6407341208103016,0.12072772451206579,0.6461480768133777,0.06979106660587224,8,40
dropout_success,lira,LiRA,0.4025,0.6447387090653659,0.12148227279026616,0.6461480768133777,0.06979106660587224,8,40
dropout_success,lira,LiRA,0.405,0.6487432973204303,0.1222368210684665,0.6461480768133777,0.06979106660587224,8,40
dropout_success,lira,LiRA,0.40750000000000003,0.6527478855754947,0.12299136934666702,0.6461480768133777,0.06979106660587224,8,40
dropout_success,lira,LiRA,0.41000000000000003,0.6567524738305591,0.12374591762486743,0.6461480768133777,0.06979106660587224,8,40
dropout_success,lira,LiRA,0.41250000000000003,0.6607570620856235,0.12450046590306783,0.6461480768133777,0.06979106660587224,8,40
dropout_success,lira,LiRA,0.41500000000000004,0.6647616503406878,0.1252550141812682,0.6461480768133777,0.06979106660587224,8,40
dropout_success,lira,LiRA,0.4175,0.6687662385957521,0.1260095624594686,0.6461480768133777,0.06979106660587224,8,40
dropout_success,lira,LiRA,0.42,0.6727708268508166,0.12676411073766908,0.6461480768133777,0.06979106660587224,8,40
dropout_success,lira,LiRA,0.4225,0.6767754151058809,0.12751865901586948,0.6461480768133777,0.06979106660587224,8,40
dropout_success,lira,LiRA,0.425,0.6807800033609454,0.12827320729406982,0.6461480768133777,0.06979106660587224,8,40
dropout_success,lira,LiRA,0.4275,0.6847845916160096,0.12902775557227023,0.6461480768133777,0.06979106660587224,8,40
dropout_success,lira,LiRA,0.43,0.688789179871074,0.12978230385047068,0.6461480768133777,0.06979106660587224,8,40
dropout_success,lira,LiRA,0.4325,0.6927937681261384,0.13053685212867105,0.6461480768133777,0.06979106660587224,8,40
dropout_success,lira,LiRA,0.435,0.6967092417716684,0.13113379398019245,0.6461480768133777,0.06979106660587224,8,40
dropout_success,lira,LiRA,0.4375,0.7004746893522075,0.1315180377828437,0.6461480768133777,0.06979106660587224,8,40
dropout_success,lira,LiRA,0.44,0.7042313102491892,0.13189177274632133,0.6461480768133777,0.06979106660587224,8,40
dropout_success,lira,LiRA,0.4425,0.707987931146171,0.13226602392659634,0.6461480768133777,0.06979106660587224,8,40
dropout_success,lira,LiRA,0.445,0.7117445520431527,0.13264078695409104,0.6461480768133777,0.06979106660587224,8,40
dropout_success,lira,LiRA,0.4475,0.7155011729401346,0.1330160575025289,0.6461480768133777,0.06979106660587224,8,40
dropout_success,lira,LiRA,0.45,0.7192577938371164,0.133391831288492,0.6461480768133777,0.06979106660587224,8,40
dropout_success,lira,LiRA,0.4525,0.722933618555415,0.1337860324632454,0.6461480768133777,0.06979106660587224,8,40
dropout_success,lira,LiRA,0.455,0.7265665311673634,0.13419062490635195,0.6461480768133777,0.06979106660587224,8,40
dropout_success,lira,LiRA,0.4575,0.7300913715799623,0.1344624892904694,0.6461480768133777,0.06979106660587224,8,40
dropout_success,lira,LiRA,0.46,0.7335435147080712,0.13461062094464632,0.6461480768133777,0.06979106660587224,8,40
dropout_success,lira,LiRA,0.4625,0.7369313975549009,0.1346478902650226,0.6461480768133777,0.06979106660587224,8,40
dropout_success,lira,LiRA,0.465,0.7403192804017305,0.13468684757725669,0.6461480768133777,0.06979106660587224,8,40
dropout_success,lira,LiRA,0.4675,0.7436720150785913,0.13478147977676197,0.6461480768133777,0.06979106660587224,8,40
dropout_success,lira,LiRA,0.47000000000000003,0.7469137586713265,0.13481289731922255,0.6461480768133777,0.06979106660587224,8,40
dropout_success,lira,LiRA,0.47250000000000003,0.7500238553165057,0.134724679319683,0.6461480768133777,0.06979106660587224,8,40
dropout_success,lira,LiRA,0.47500000000000003,0.7530931731612633,0.13464805158879084,0.6461480768133777,0.06979106660587224,8,40
dropout_success,lira,LiRA,0.47750000000000004,0.7560185390863107,0.1343584947557583,0.6461480768133777,0.06979106660587224,8,40
dropout_success,lira,LiRA,0.48,0.7588823984011379,0.1340848611765273,0.6461480768133777,0.06979106660587224,8,40
dropout_success,lira,LiRA,0.4825,0.7617462577159652,0.13381306106450555,0.6461480768133777,0.06979106660587224,8,40
dropout_success,lira,LiRA,0.485,0.7644623304982513,0.1334377009034018,0.6461480768133777,0.06979106660587224,8,40
dropout_success,lira,LiRA,0.4875,0.7669770513197218,0.13301512130670506,0.6461480768133777,0.06979106660587224,8,40
dropout_success,lira,LiRA,0.49,0.7693097313652026,0.13266113361729326,0.6461480768133777,0.06979106660587224,8,40
dropout_success,lira,LiRA,0.4925,0.7714935958630568,0.13230865448583576,0.6461480768133777,0.06979106660587224,8,40
dropout_success,lira,LiRA,0.495,0.7736759751864847,0.1319570894850979,0.6461480768133777,0.06979106660587224,8,40
dropout_success,lira,LiRA,0.4975,0.775753578508358,0.1314360689957727,0.6461480768133777,0.06979106660587224,8,40
dropout_success,lira,LiRA,0.5,0.777731569855007,0.13091428423353982,0.6461480768133777,0.06979106660587224,8,40
dropout_success,lira,LiRA,0.5025000000000001,0.779700103324191,0.1304088812010956,0.6461480768133777,0.06979106660587224,8,40
dropout_success,lira,LiRA,0.505,0.7815449919983802,0.12996202744960125,0.6461480768133777,0.06979106660587224,8,40
dropout_success,lira,LiRA,0.5075000000000001,0.7833268358658555,0.12953262133418902,0.6461480768133777,0.06979106660587224,8,40
dropout_success,lira,LiRA,0.51,0.7850098177072963,0.12916566143098604,0.6461480768133777,0.06979106660587224,8,40
dropout_success,lira,LiRA,0.5125,0.7866398429250068,0.12881377119051846,0.6461480768133777,0.06979106660587224,8,40
dropout_success,lira,LiRA,0.515,0.7882490030089435,0.12847170299078886,0.6461480768133777,0.06979106660587224,8,40
dropout_success,lira,LiRA,0.5175,0.7897647059014707,0.12803174608721632,0.6461480768133777,0.06979106660587224,8,40
dropout_success,lira,LiRA,0.52,0.791145461180494,0.1275532612914637,0.6461480768133777,0.06979106660587224,8,40
dropout_success,lira,LiRA,0.5225,0.7925090729787254,0.12707058098499888,0.6461480768133777,0.06979106660587224,8,40
dropout_success,lira,LiRA,0.525,0.7938726847769569,0.12658877741113533,0.6461480768133777,0.06979106660587224,8,40
dropout_success,lira,LiRA,0.5275,0.7951767520765306,0.12600463552915198,0.6461480768133777,0.06979106660587224,8,40
dropout_success,lira,LiRA,0.53,0.7964240101371023,0.12532272410307035,0.6461480768133777,0.06979106660587224,8,40
dropout_success,lira,LiRA,0.5325,0.7976614736352928,0.12463425493002152,0.6461480768133777,0.06979106660587224,8,40
dropout_success,lira,LiRA,0.535,0.7988114312228695,0.12388162925488354,0.6461480768133777,0.06979106660587224,8,40
dropout_success,lira,LiRA,0.5375,0.7999613888104459,0.12312913723442127,0.6461480768133777,0.06979106660587224,8,40
dropout_success,lira,LiRA,0.54,0.8011113463980224,0.12237678133415332,0.6461480768133777,0.06979106660587224,8,40
dropout_success,lira,LiRA,0.5425,0.8022613039855988,0.12162456408015233,0.6461480768133777,0.06979106660587224,8,40
dropout_success,lira,LiRA,0.545,0.8034112615731754,0.12087248806090113,0.6461480768133777,0.06979106660587224,8,40
dropout_success,lira,LiRA,0.5475,0.8045612191607521,0.1201205559292163,0.6461480768133777,0.06979106660587224,8,40
dropout_success,lira,LiRA,0.55,0.8057111767483286,0.11936877040424339,0.6461480768133777,0.06979106660587224,8,40
dropout_success,lira,LiRA,0.5525,0.8068611343359051,0.11861713427352583,0.6461480768133777,0.06979106660587224,8,40
dropout_success,lira,LiRA,0.555,0.8080110919234815,0.11786565039515129,0.6461480768133777,0.06979106660587224,8,40
dropout_success,lira,LiRA,0.5575,0.8091610495110582,0.11711432169997867,0.6461480768133777,0.06979106660587224,8,40
dropout_success,lira,LiRA,0.56,0.8103110070986346,0.1163631511939491,0.6461480768133777,0.06979106660587224,8,40
dropout_success,lira,LiRA,0.5625,0.8114609646862113,0.11561214196048489,0.6461480768133777,0.06979106660587224,8,40
dropout_success,lira,LiRA,0.5650000000000001,0.8126109222737877,0.11486129716298021,0.6461480768133777,0.06979106660587224,8,40
dropout_success,lira,LiRA,0.5675,0.8137608798613644,0.11411062004738776,0.6461480768133777,0.06979106660587224,8,40
dropout_success,lira,LiRA,0.5700000000000001,0.814910837448941,0.11336011394490492,0.6461480768133777,0.06979106660587224,8,40
dropout_success,lira,LiRA,0.5725,0.8160607950365174,0.11260978227476529,0.6461480768133777,0.06979106660587224,8,40
dropout_success,lira,LiRA,0.5750000000000001,0.817210752624094,0.11185962854713921,0.6461480768133777,0.06979106660587224,8,40
dropout_success,lira,LiRA,0.5775,0.8183607102116705,0.11110965636614831,0.6461480768133777,0.06979106660587224,8,40
dropout_success,lira,LiRA,0.58,0.819510667799247,0.11035986943300026,0.6461480768133777,0.06979106660587224,8,40
dropout_success,lira,LiRA,0.5825,0.8206606253868237,0.10961027154924788,0.6461480768133777,0.06979106660587224,8,40
dropout_success,lira,LiRA,0.585,0.8218105829744001,0.10886086662017967,0.6461480768133777,0.06979106660587224,8,40
dropout_success,lira,LiRA,0.5875,0.8229605405619768,0.10811165865834693,0.6461480768133777,0.06979106660587224,8,40
dropout_success,lira,LiRA,0.59,0.8241104981495533,0.10736265178723464,0.6461480768133777,0.06979106660587224,8,40
dropout_success,lira,LiRA,0.5925,0.8252497887899385,0.10663193604788454,0.6461480768133777,0.06979106660587224,8,40
dropout_success,lira,LiRA,0.595,0.8263847874042349,0.10590874352855092,0.6461480768133777,0.06979106660587224,8,40
dropout_success,lira,LiRA,0.5975,0.8275197860185315,0.10518580833143976,0.6461480768133777,0.06979106660587224,8,40
dropout_success,lira,LiRA,0.6,0.828654784632828,0.10446313579893234,0.6461480768133777,0.06979106660587224,8,40
dropout_success,lira,LiRA,0.6025,0.8297897832471245,0.1037407314203045,0.6461480768133777,0.06979106660587224,8,40
dropout_success,lira,LiRA,0.605,0.8309247818614209,0.10301860083673788,0.6461480768133777,0.06979106660587224,8,40
dropout_success,lira,LiRA,0.6075,0.8320597804757175,0.10229674984653361,0.6461480768133777,0.06979106660587224,8,40
dropout_success,lira,LiRA,0.61,0.833194779090014,0.10157518441053999,0.6461480768133777,0.06979106660587224,8,40
dropout_success,lira,LiRA,0.6125,0.8343297777043105,0.10085391065780205,0.6461480768133777,0.06979106660587224,8,40
dropout_success,lira,LiRA,0.615,0.8354647763186069,0.10013293489144526,0.6461480768133777,0.06979106660587224,8,40
dropout_success,lira,LiRA,0.6175,0.8365997749329035,0.09941226359480353,0.6461480768133777,0.06979106660587224,8,40
dropout_success,lira,LiRA,0.62,0.8377347735471999,0.09869190343780364,0.6461480768133777,0.06979106660587224,8,40
dropout_success,lira,LiRA,0.6225,0.8388697721614965,0.09797186128361858,0.6461480768133777,0.06979106660587224,8,40
dropout_success,lira,LiRA,0.625,0.840004770775793,0.09725214419560242,0.6461480768133777,0.06979106660587224,8,40
dropout_success,lira,LiRA,0.6275000000000001,0.8411393960443522,0.09653314648011384,0.6461480768133777,0.06979106660587224,8,40
dropout_success,lira,LiRA,0.63,0.8422055745943899,0.09588527301380434,0.6461480768133777,0.06979106660587224,8,40
dropout_success,lira,LiRA,0.6325000000000001,0.8432717531444279,0.09523739954749486,0.6461480768133777,0.06979106660587224,8,40
dropout_success,lira,LiRA,0.635,0.8443379316944659,0.09458952608118538,0.6461480768133777,0.06979106660587224,8,40
dropout_success,lira,LiRA,0.6375000000000001,0.8454041102445039,0.09394165261487591,0.6461480768133777,0.06979106660587224,8,40
dropout_success,lira,LiRA,0.64,0.8464702887945418,0.09329377914856643,0.6461480768133777,0.06979106660587224,8,40
dropout_success,lira,LiRA,0.6425,0.8475364673445797,0.0926459056822569,0.6461480768133777,0.06979106660587224,8,40
dropout_success,lira,LiRA,0.645,0.8486026458946175,0.0919980322159474,0.6461480768133777,0.06979106660587224,8,40
dropout_success,lira,LiRA,0.6475,0.8496688244446554,0.09135015874963795,0.6461480768133777,0.06979106660587224,8,40
dropout_success,lira,LiRA,0.65,0.8507350029946933,0.09070228528332847,0.6461480768133777,0.06979106660587224,8,40
dropout_success,lira,LiRA,0.6525,0.8518011815447312,0.09005441181701894,0.6461480768133777,0.06979106660587224,8,40
dropout_success,lira,LiRA,0.655,0.8528673600947692,0.08940653835070946,0.6461480768133777,0.06979106660587224,8,40
dropout_success,lira,LiRA,0.6575,0.853933538644807,0.0887586648844,0.6461480768133777,0.06979106660587224,8,40
dropout_success,lira,LiRA,0.66,0.8549997171948449,0.08811079141809046,0.6461480768133777,0.06979106660587224,8,40
dropout_success,lira,LiRA,0.6625,0.8560658957448828,0.08746291795178103,0.6461480768133777,0.06979106660587224,8,40
dropout_success,lira,LiRA,0.665,0.8571320742949207,0.08681504448547148,0.6461480768133777,0.06979106660587224,8,40
dropout_success,lira,LiRA,0.6675,0.8581982528449585,0.086167171019162,0.6461480768133777,0.06979106660587224,8,40
dropout_success,lira,LiRA,0.67,0.8592644313949966,0.08551929755285255,0.6461480768133777,0.06979106660587224,8,40
dropout_success,lira,LiRA,0.6725,0.8603306099450345,0.08487142408654304,0.6461480768133777,0.06979106660587224,8,40
dropout_success,lira,LiRA,0.675,0.8613967884950724,0.0842235506202336,0.6461480768133777,0.06979106660587224,8,40
dropout_success,lira,LiRA,0.6775,0.8624629670451102,0.08357567715392408,0.6461480768133777,0.06979106660587224,8,40
dropout_success,lira,LiRA,0.68,0.8635291455951483,0.0829278036876145,0.6461480768133777,0.06979106660587224,8,40
dropout_success,lira,LiRA,0.6825,0.8645953241451861,0.08227993022130507,0.6461480768133777,0.06979106660587224,8,40
dropout_success,lira,LiRA,0.685,0.8656615026952241,0.08163205675499562,0.6461480768133777,0.06979106660587224,8,40
dropout_success,lira,LiRA,0.6875,0.8667276812452618,0.08098418328868605,0.6461480768133777,0.06979106660587224,8,40
dropout_success,lira,LiRA,0.6900000000000001,0.8677938597952998,0.08033630982237665,0.6461480768133777,0.06979106660587224,8,40
dropout_success,lira,LiRA,0.6925,0.8688600383453378,0.07968843635606719,0.6461480768133777,0.06979106660587224,8,40
dropout_success,lira,LiRA,0.6950000000000001,0.8699262168953756,0.07904056288975767,0.6461480768133777,0.06979106660587224,8,40
dropout_success,lira,LiRA,0.6975,0.8709923954454136,0.07839268942344817,0.6461480768133777,0.06979106660587224,8,40
dropout_success,lira,LiRA,0.7000000000000001,0.8720585739954515,0.07774481595713865,0.6461480768133777,0.06979106660587224,8,40
dropout_success,lira,LiRA,0.7025,0.8731247525454894,0.07709694249082916,0.6461480768133777,0.06979106660587224,8,40
dropout_success,lira,LiRA,0.705,0.8741909310955273,0.07644906902451973,0.6461480768133777,0.06979106660587224,8,40
dropout_success,lira,LiRA,0.7075,0.8752571096455652,0.07580119555821017,0.6461480768133777,0.06979106660587224,8,40
dropout_success,lira,LiRA,0.71,0.8763232881956031,0.07515332209190069,0.6461480768133777,0.06979106660587224,8,40
dropout_success,lira,LiRA,0.7125,0.8773894667456409,0.0745054486255912,0.6461480768133777,0.06979106660587224,8,40
dropout_success,lira,LiRA,0.715,0.8784556452956789,0.07385757515928175,0.6461480768133777,0.06979106660587224,8,40
dropout_success,lira,LiRA,0.7175,0.8795218238457169,0.07320970169297226,0.6461480768133777,0.06979106660587224,8,40
dropout_success,lira,LiRA,0.72,0.8805880023957546,0.07256182822666278,0.6461480768133777,0.06979106660587224,8,40
dropout_success,lira,LiRA,0.7225,0.8816541809457926,0.07191395476035324,0.6461480768133777,0.06979106660587224,8,40
dropout_success,lira,LiRA,0.725,0.8827203594958304,0.07126608129404377,0.6461480768133777,0.06979106660587224,8,40
dropout_success,lira,LiRA,0.7275,0.8837865380458683,0.0706182078277343,0.6461480768133777,0.06979106660587224,8,40
dropout_success,lira,LiRA,0.73,0.8848527165959061,0.06997033436142482,0.6461480768133777,0.06979106660587224,8,40
dropout_success,lira,LiRA,0.7325,0.8859188951459441,0.06932246089511528,0.6461480768133777,0.06979106660587224,8,40
dropout_success,lira,LiRA,0.735,0.886985073695982,0.06867458742880578,0.6461480768133777,0.06979106660587224,8,40
dropout_success,lira,LiRA,0.7375,0.8880512522460199,0.0680267139624963,0.6461480768133777,0.06979106660587224,8,40
dropout_success,lira,LiRA,0.74,0.8891174307960579,0.06737884049618682,0.6461480768133777,0.06979106660587224,8,40
dropout_success,lira,LiRA,0.7425,0.890183609346096,0.06673096702987737,0.6461480768133777,0.06979106660587224,8,40
dropout_success,lira,LiRA,0.745,0.8912497878961338,0.0660830935635679,0.6461480768133777,0.06979106660587224,8,40
dropout_success,lira,LiRA,0.7475,0.8923159664461717,0.06543522009725836,0.6461480768133777,0.06979106660587224,8,40
dropout_success,lira,LiRA,0.75,0.8933821449962095,0.0647873466309489,0.6461480768133777,0.06979106660587224,8,40
dropout_success,lira,LiRA,0.7525000000000001,0.8944483235462475,0.06413947316463939,0.6461480768133777,0.06979106660587224,8,40
dropout_success,lira,LiRA,0.755,0.8955145020962854,0.06349159969832992,0.6461480768133777,0.06979106660587224,8,40
dropout_success,lira,LiRA,0.7575000000000001,0.8965806806463233,0.06284372623202039,0.6461480768133777,0.06979106660587224,8,40
dropout_success,lira,LiRA,0.76,0.8976468591963612,0.06219585276571089,0.6461480768133777,0.06979106660587224,8,40
dropout_success,lira,LiRA,0.7625000000000001,0.898713037746399,0.06154797929940146,0.6461480768133777,0.06979106660587224,8,40
dropout_success,lira,LiRA,0.765,0.8997792162964369,0.06090010583309199,0.6461480768133777,0.06979106660587224,8,40
dropout_success,lira,LiRA,0.7675000000000001,0.9008453948464749,0.06025223236678246,0.6461480768133777,0.06979106660587224,8,40
dropout_success,lira,LiRA,0.77,0.9019115733965127,0.059604358900473,0.6461480768133777,0.06979106660587224,8,40
dropout_success,lira,LiRA,0.7725,0.9029777519465506,0.0589564854341635,0.6461480768133777,0.06979106660587224,8,40
dropout_success,lira,LiRA,0.775,0.9040439304965886,0.05830861196785396,0.6461480768133777,0.06979106660587224,8,40
dropout_success,lira,LiRA,0.7775,0.9051101090466265,0.057660738501544524,0.6461480768133777,0.06979106660587224,8,40
dropout_success,lira,LiRA,0.78,0.9061762875966644,0.05701286503523502,0.6461480768133777,0.06979106660587224,8,40
dropout_success,lira,LiRA,0.7825,0.9072424661467023,0.05636499156892553,0.6461480768133777,0.06979106660587224,8,40
dropout_success,lira,LiRA,0.785,0.9083086446967402,0.05571711810261601,0.6461480768133777,0.06979106660587224,8,40
dropout_success,lira,LiRA,0.7875,0.9093748232467781,0.05506924463630658,0.6461480768133777,0.06979106660587224,8,40
dropout_success,lira,LiRA,0.79,0.910441001796816,0.05442137116999705,0.6461480768133777,0.06979106660587224,8,40
dropout_success,lira,LiRA,0.7925,0.9115071803468539,0.053773497703687605,0.6461480768133777,0.06979106660587224,8,40
dropout_success,lira,LiRA,0.795,0.9125733588968917,0.05312562423737809,0.6461480768133777,0.06979106660587224,8,40
dropout_success,lira,LiRA,0.7975,0.9136395374469297,0.052477750771068594,0.6461480768133777,0.06979106660587224,8,40
dropout_success,lira,LiRA,0.8,0.9147057159969675,0.051829877304759096,0.6461480768133777,0.06979106660587224,8,40
dropout_success,lira,LiRA,0.8025,0.9157718945470054,0.05118200383844966,0.6461480768133777,0.06979106660587224,8,40
dropout_success,lira,LiRA,0.805,0.9168380730970435,0.05053413037214012,0.6461480768133777,0.06979106660587224,8,40
dropout_success,lira,LiRA,0.8075,0.9179042516470814,0.049886256905830664,0.6461480768133777,0.06979106660587224,8,40
dropout_success,lira,LiRA,0.81,0.9189704301971194,0.049238383439521166,0.6461480768133777,0.06979106660587224,8,40
dropout_success,lira,LiRA,0.8125,0.9200366087471572,0.048590509973211654,0.6461480768133777,0.06979106660587224,8,40
dropout_success,lira,LiRA,0.8150000000000001,0.9211027872971952,0.047942636506902135,0.6461480768133777,0.06979106660587224,8,40
dropout_success,lira,LiRA,0.8175,0.922168965847233,0.047294763040592595,0.6461480768133777,0.06979106660587224,8,40
dropout_success,lira,LiRA,0.8200000000000001,0.923235144397271,0.0466468895742832,0.6461480768133777,0.06979106660587224,8,40
dropout_success,lira,LiRA,0.8225,0.9243013229473088,0.04599901610797373,0.6461480768133777,0.06979106660587224,8,40
dropout_success,lira,LiRA,0.8250000000000001,0.9253675014973467,0.04535114264166424,0.6461480768133777,0.06979106660587224,8,40
dropout_success,lira,LiRA,0.8275,0.9264336800473846,0.04470326917535472,0.6461480768133777,0.06979106660587224,8,40
dropout_success,lira,LiRA,0.8300000000000001,0.9274998585974225,0.04405539570904519,0.6461480768133777,0.06979106660587224,8,40
dropout_success,lira,LiRA,0.8325,0.9285660371474603,0.04340752224273574,0.6461480768133777,0.06979106660587224,8,40
dropout_success,lira,LiRA,0.835,0.9296322156974981,0.04275964877642628,0.6461480768133777,0.06979106660587224,8,40
dropout_success,lira,LiRA,0.8375,0.9306983942475362,0.042111775310116784,0.6461480768133777,0.06979106660587224,8,40
dropout_success,lira,LiRA,0.84,0.931764572797574,0.041463901843807306,0.6461480768133777,0.06979106660587224,8,40
dropout_success,lira,LiRA,0.8425,0.932830751347612,0.040816028377497746,0.6461480768133777,0.06979106660587224,8,40
dropout_success,lira,LiRA,0.845,0.9338969298976498,0.04016815491118833,0.6461480768133777,0.06979106660587224,8,40
dropout_success,lira,LiRA,0.8475,0.9349631084476878,0.03952028144487887,0.6461480768133777,0.06979106660587224,8,40
dropout_success,lira,LiRA,0.85,0.9360292869977257,0.038872407978569334,0.6461480768133777,0.06979106660587224,8,40
dropout_success,lira,LiRA,0.8525,0.9370954655477636,0.0382245345122598,0.6461480768133777,0.06979106660587224,8,40
dropout_success,lira,LiRA,0.855,0.9381616440978016,0.03757666104595036,0.6461480768133777,0.06979106660587224,8,40
dropout_success,lira,LiRA,0.8575,0.9392278226478394,0.03692878757964083,0.6461480768133777,0.06979106660587224,8,40
dropout_success,lira,LiRA,0.86,0.9402940011978773,0.03628091411333141,0.6461480768133777,0.06979106660587224,8,40
dropout_success,lira,LiRA,0.8625,0.9413601797479153,0.03563304064702187,0.6461480768133777,0.06979106660587224,8,40
dropout_success,lira,LiRA,0.865,0.9424263582979532,0.034985167180712366,0.6461480768133777,0.06979106660587224,8,40
dropout_success,lira,LiRA,0.8675,0.943492536847991,0.03433729371440288,0.6461480768133777,0.06979106660587224,8,40
dropout_success,lira,LiRA,0.87,0.9445587153980289,0.033689420248093405,0.6461480768133777,0.06979106660587224,8,40
dropout_success,lira,LiRA,0.8725,0.9456248939480668,0.03304154678178391,0.6461480768133777,0.06979106660587224,8,40
dropout_success,lira,LiRA,0.875,0.9466910724981047,0.032393673315474464,0.6461480768133777,0.06979106660587224,8,40
dropout_success,lira,LiRA,0.8775000000000001,0.9477572510481427,0.031745799849164966,0.6461480768133777,0.06979106660587224,8,40
dropout_success,lira,LiRA,0.88,0.9488234295981806,0.03109792638285542,0.6461480768133777,0.06979106660587224,8,40
dropout_success,lira,LiRA,0.8825000000000001,0.9498896081482187,0.030450052916545962,0.6461480768133777,0.06979106660587224,8,40
dropout_success,lira,LiRA,0.885,0.9509557866982563,0.0298021794502365,0.6461480768133777,0.06979106660587224,8,40
dropout_success,lira,LiRA,0.8875000000000001,0.9520219652482943,0.029154305983926983,0.6461480768133777,0.06979106660587224,8,40
dropout_success,lira,LiRA,0.89,0.9530881437983322,0.028506432517617527,0.6461480768133777,0.06979106660587224,8,40
dropout_success,lira,LiRA,0.8925000000000001,0.9541543223483702,0.02785855905130803,0.6461480768133777,0.06979106660587224,8,40
dropout_success,lira,LiRA,0.895,0.955220500898408,0.027210685584998544,0.6461480768133777,0.06979106660587224,8,40
dropout_success,lira,LiRA,0.8975,0.9562866794484458,0.026562812118689064,0.6461480768133777,0.06979106660587224,8,40
dropout_success,lira,LiRA,0.9,0.9573528579984837,0.025914938652379555,0.6461480768133777,0.06979106660587224,8,40
dropout_success,lira,LiRA,0.9025,0.9584190365485217,0.0252670651860701,0.6461480768133777,0.06979106660587224,8,40
dropout_success,lira,LiRA,0.905,0.9594852150985596,0.024619191719760534,0.6461480768133777,0.06979106660587224,8,40
dropout_success,lira,LiRA,0.9075,0.9605513936485975,0.02397131825345111,0.6461480768133777,0.06979106660587224,8,40
dropout_success,lira,LiRA,0.91,0.9616175721986352,0.02332344478714164,0.6461480768133777,0.06979106660587224,8,40
dropout_success,lira,LiRA,0.9125,0.9626837507486733,0.02267557132083213,0.6461480768133777,0.06979106660587224,8,40
dropout_success,lira,LiRA,0.915,0.9637499292987114,0.022027697854522667,0.6461480768133777,0.06979106660587224,8,40
dropout_success,lira,LiRA,0.9175,0.9648161078487493,0.021379824388213148,0.6461480768133777,0.06979106660587224,8,40
dropout_success,lira,LiRA,0.92,0.9658822863987871,0.020731950921903584,0.6461480768133777,0.06979106660587224,8,40
dropout_success,lira,LiRA,0.9225,0.966948464948825,0.020084077455594124,0.6461480768133777,0.06979106660587224,8,40
dropout_success,lira,LiRA,0.925,0.9680146434988629,0.019436203989284674,0.6461480768133777,0.06979106660587224,8,40
dropout_success,lira,LiRA,0.9275,0.9690808220489008,0.018788330522975148,0.6461480768133777,0.06979106660587224,8,40
dropout_success,lira,LiRA,0.93,0.9701470005989388,0.018140457056665643,0.6461480768133777,0.06979106660587224,8,40
dropout_success,lira,LiRA,0.9325,0.9712131791489766,0.017492583590356204,0.6461480768133777,0.06979106660587224,8,40
dropout_success,lira,LiRA,0.935,0.9722793576990145,0.01684471012404667,0.6461480768133777,0.06979106660587224,8,40
dropout_success,lira,LiRA,0.9375,0.9733455362490524,0.016196836657737156,0.6461480768133777,0.06979106660587224,8,40
dropout_success,lira,LiRA,0.9400000000000001,0.9744117147990903,0.015548963191427685,0.6461480768133777,0.06979106660587224,8,40
dropout_success,lira,LiRA,0.9425,0.9754778933491282,0.014901089725118213,0.6461480768133777,0.06979106660587224,8,40
dropout_success,lira,LiRA,0.9450000000000001,0.9765440718991661,0.01425321625880874,0.6461480768133777,0.06979106660587224,8,40
dropout_success,lira,LiRA,0.9475,0.9776102504492038,0.013605342792499276,0.6461480768133777,0.06979106660587224,8,40
dropout_success,lira,LiRA,0.9500000000000001,0.978676428999242,0.012957469326189798,0.6461480768133777,0.06979106660587224,8,40
dropout_success,lira,LiRA,0.9525,0.9797426075492799,0.012309595859880255,0.6461480768133777,0.06979106660587224,8,40
dropout_success,lira,LiRA,0.9550000000000001,0.9808087860993178,0.011661722393570774,0.6461480768133777,0.06979106660587224,8,40
dropout_success,lira,LiRA,0.9575,0.9818749646493558,0.011013848927261378,0.6461480768133777,0.06979106660587224,8,40
dropout_success,lira,LiRA,0.96,0.9829411431993934,0.010365975460951828,0.6461480768133777,0.06979106660587224,8,40
dropout_success,lira,LiRA,0.9625,0.9840073217494314,0.009718101994642304,0.6461480768133777,0.06979106660587224,8,40
dropout_success,lira,LiRA,0.965,0.9850735002994694,0.009070228528332796,0.6461480768133777,0.06979106660587224,8,40
dropout_success,lira,LiRA,0.9675,0.9861396788495072,0.00842235506202336,0.6461480768133777,0.06979106660587224,8,40
dropout_success,lira,LiRA,0.97,0.9872058573995451,0.00777448159571391,0.6461480768133777,0.06979106660587224,8,40
dropout_success,lira,LiRA,0.9725,0.988272035949583,0.00712660812940437,0.6461480768133777,0.06979106660587224,8,40
dropout_success,lira,LiRA,0.975,0.9893382144996209,0.0064787346630949105,0.6461480768133777,0.06979106660587224,8,40
dropout_success,lira,LiRA,0.9775,0.9904043930496589,0.005830861196785359,0.6461480768133777,0.06979106660587224,8,40
dropout_success,lira,LiRA,0.98,0.9914705715996968,0.005182987730475952,0.6461480768133777,0.06979106660587224,8,40
dropout_success,lira,LiRA,0.9825,0.9925367501497347,0.00453511426416642,0.6461480768133777,0.06979106660587224,8,40
dropout_success,lira,LiRA,0.985,0.9936029286997726,0.0038872407978569026,0.6461480768133777,0.06979106660587224,8,40
dropout_success,lira,LiRA,0.9875,0.9946691072498105,0.0032393673315474166,0.6461480768133777,0.06979106660587224,8,40
dropout_success,lira,LiRA,0.99,0.9957352857998485,0.0025914938652379467,0.6461480768133777,0.06979106660587224,8,40
dropout_success,lira,LiRA,0.9925,0.9968014643498864,0.001943620398928466,0.6461480768133777,0.06979106660587224,8,40
dropout_success,lira,LiRA,0.995,0.9978676428999242,0.0012957469326189608,0.6461480768133777,0.06979106660587224,8,40
dropout_success,lira,LiRA,0.9975,0.9989338214499621,0.0006478734663094574,0.6461480768133777,0.06979106660587224,8,40
dropout_success,lira,LiRA,1.0,1.0,0.0,0.6461480768133777,0.06979106660587224,8,40
dropout_success,attack_p,Attack-P,0.0,0.0,0.0,0.6284442386151705,0.11916645954152581,8,40
dropout_success,attack_p,Attack-P,0.0025,0.01772498618645771,0.038538790368909906,0.6284442386151705,0.11916645954152581,8,40
dropout_success,attack_p,Attack-P,0.005,0.025263457619334653,0.04979809584362401,0.6284442386151705,0.11916645954152581,8,40
dropout_success,attack_p,Attack-P,0.0075,0.031648200561870315,0.05659646267761938,0.6284442386151705,0.11916645954152581,8,40
dropout_success,attack_p,Attack-P,0.01,0.037581329717349156,0.06368652279342472,0.6284442386151705,0.11916645954152581,8,40
dropout_success,attack_p,Attack-P,0.0125,0.04376752776652472,0.06997604215681238,0.6284442386151705,0.11916645954152581,8,40
dropout_success,attack_p,Attack-P,0.015,0.048418789722768016,0.07457968110646725,0.6284442386151705,0.11916645954152581,8,40
dropout_success,attack_p,Attack-P,0.0175,0.0542250766621698,0.0800009388840921,0.6284442386151705,0.11916645954152581,8,40
dropout_success,attack_p,Attack-P,0.02,0.060502752195429235,0.08722477231197727,0.6284442386151705,0.11916645954152581,8,40
dropout_success,attack_p,Attack-P,0.0225,0.06594337818355757,0.09338850453305265,0.6284442386151705,0.11916645954152581,8,40
dropout_success,attack_p,Attack-P,0.025,0.07045614231667668,0.09824476363472667,0.6284442386151705,0.11916645954152581,8,40
dropout_success,attack_p,Attack-P,0.0275,0.07590839778254549,0.10400759575933494,0.6284442386151705,0.11916645954152581,8,40
dropout_success,attack_p,Attack-P,0.03,0.08066365742016846,0.10853987291484,0.6284442386151705,0.11916645954152581,8,40
dropout_success,attack_p,Attack-P,0.0325,0.08605441284611837,0.11482774086959835,0.6284442386151705,0.11916645954152581,8,40
dropout_success,attack_p,Attack-P,0.035,0.09101875934239874,0.12191871973165404,0.6284442386151705,0.11916645954152581,8,40
dropout_success,attack_p,Attack-P,0.0375,0.09586666031167614,0.12745627473927074,0.6284442386151705,0.11916645954152581,8,40
dropout_success,attack_p,Attack-P,0.04,0.10074636598917791,0.13234484292316354,0.6284442386151705,0.11916645954152581,8,40
dropout_success,attack_p,Attack-P,0.0425,0.10573028347063157,0.13739164382801455,0.6284442386151705,0.11916645954152581,8,40
dropout_success,attack_p,Attack-P,0.045,0.11050436666403551,0.14168617753688853,0.6284442386151705,0.11916645954152581,8,40
dropout_success,attack_p,Attack-P,0.0475,0.11502985121847295,0.1459399125509836,0.6284442386151705,0.11916645954152581,8,40
dropout_success,attack_p,Attack-P,0.05,0.11980529244046423,0.15032828887025024,0.6284442386151705,0.11916645954152581,8,40
dropout_success,attack_p,Attack-P,0.0525,0.12415586803054875,0.1538132396414044,0.6284442386151705,0.11916645954152581,8,40
dropout_success,attack_p,Attack-P,0.055,0.12861544584254236,0.15760478441318676,0.6284442386151705,0.11916645954152581,8,40
dropout_success,attack_p,Attack-P,0.0575,0.13362547487789067,0.16312527792030243,0.6284442386151705,0.11916645954152581,8,40
dropout_success,attack_p,Attack-P,0.06,0.13859855355196676,0.16898497554667094,0.6284442386151705,0.11916645954152581,8,40
dropout_success,attack_p,Attack-P,0.0625,0.14296319081030318,0.1739747734842182,0.6284442386151705,0.11916645954152581,8,40
dropout_success,attack_p,Attack-P,0.065,0.14801253692581112,0.17946416717267247,0.6284442386151705,0.11916645954152581,8,40
dropout_success,attack_p,Attack-P,0.0675,0.15198155617028808,0.18246223091015562,0.6284442386151705,0.11916645954152581,8,40
dropout_success,attack_p,Attack-P,0.07,0.15687730213745132,0.18754064095557152,0.6284442386151705,0.11916645954152581,8,40
dropout_success,attack_p,Attack-P,0.0725,0.16268017085438252,0.19438902847144482,0.6284442386151705,0.11916645954152581,8,40
dropout_success,attack_p,Attack-P,0.075,0.16788119561291465,0.1996310038873885,0.6284442386151705,0.11916645954152581,8,40
dropout_success,attack_p,Attack-P,0.0775,0.17289170322553005,0.2032658595830998,0.6284442386151705,0.11916645954152581,8,40
dropout_success,attack_p,Attack-P,0.08,0.17743842250108074,0.20734082849368088,0.6284442386151705,0.11916645954152581,8,40
dropout_success,attack_p,Attack-P,0.0825,0.1817302893812077,0.20961405421269438,0.6284442386151705,0.11916645954152581,8,40
dropout_success,attack_p,Attack-P,0.085,0.18631884531900356,0.2125444110796569,0.6284442386151705,0.11916645954152581,8,40
dropout_success,attack_p,Attack-P,0.08750000000000001,0.19052476682292743,0.21593640917330906,0.6284442386151705,0.11916645954152581,8,40
dropout_success,attack_p,Attack-P,0.09,0.19482137250182002,0.21850319041762153,0.6284442386151705,0.11916645954152581,8,40
dropout_success,attack_p,Attack-P,0.0925,0.1988760328796806,0.21944959101834002,0.6284442386151705,0.11916645954152581,8,40
dropout_success,attack_p,Attack-P,0.095,0.20269122881923515,0.22146308851282542,0.6284442386151705,0.11916645954152581,8,40
dropout_success,attack_p,Attack-P,0.0975,0.20687954502915795,0.22372230041997263,0.6284442386151705,0.11916645954152581,8,40
dropout_success,attack_p,Attack-P,0.1,0.21045565929031118,0.22551559505727925,0.6284442386151705,0.11916645954152581,8,40
dropout_success,attack_p,Attack-P,0.10250000000000001,0.21459753643274215,0.22681684517131082,0.6284442386151705,0.11916645954152581,8,40
dropout_success,attack_p,Attack-P,0.105,0.21877821185787957,0.22723502295513787,0.6284442386151705,0.11916645954152581,8,40
dropout_success,attack_p,Attack-P,0.1075,0.22217298027853805,0.22793038924398681,0.6284442386151705,0.11916645954152581,8,40
dropout_success,attack_p,Attack-P,0.11,0.22568594748681775,0.22860561721471848,0.6284442386151705,0.11916645954152581,8,40
dropout_success,attack_p,Attack-P,0.1125,0.22965770482771164,0.22940025655152724,0.6284442386151705,0.11916645954152581,8,40
dropout_success,attack_p,Attack-P,0.115,0.23410358453555524,0.2302140889018984,0.6284442386151705,0.11916645954152581,8,40
dropout_success,attack_p,Attack-P,0.11750000000000001,0.23750937010799492,0.2302019408335419,0.6284442386151705,0.11916645954152581,8,40
dropout_success,attack_p,Attack-P,0.12,0.2411274626496358,0.2305995602970703,0.6284442386151705,0.11916645954152581,8,40
dropout_success,attack_p,Attack-P,0.1225,0.2442079857542192,0.230593946590634,0.6284442386151705,0.11916645954152581,8,40
dropout_success,attack_p,Attack-P,0.125,0.24758945988091324,0.23099237432314823,0.6284442386151705,0.11916645954152581,8,40
dropout_success,attack_p,Attack-P,0.1275,0.25048975071326285,0.23109190662651147,0.6284442386151705,0.11916645954152581,8,40
dropout_success,attack_p,Attack-P,0.13,0.25364571208230124,0.23181439921653416,0.6284442386151705,0.11916645954152581,8,40
dropout_success,attack_p,Attack-P,0.1325,0.25739985983845015,0.23199167273466595,0.6284442386151705,0.11916645954152581,8,40
dropout_success,attack_p,Attack-P,0.135,0.26156668131739336,0.23241436616539468,0.6284442386151705,0.11916645954152581,8,40
dropout_success,attack_p,Attack-P,0.1375,0.2647164204597099,0.23268979953066746,0.6284442386151705,0.11916645954152581,8,40
dropout_success,attack_p,Attack-P,0.14,0.2678526756412833,0.23266918019063212,0.6284442386151705,0.11916645954152581,8,40
dropout_success,attack_p,Attack-P,0.14250000000000002,0.27107277761931076,0.23246377692437464,0.6284442386151705,0.11916645954152581,8,40
dropout_success,attack_p,Attack-P,0.145,0.27424336594166504,0.23246660869859298,0.6284442386151705,0.11916645954152581,8,40
dropout_success,attack_p,Attack-P,0.1475,0.2776756381587445,0.23228315753905035,0.6284442386151705,0.11916645954152581,8,40
dropout_success,attack_p,Attack-P,0.15,0.2808400266224633,0.23208835883842038,0.6284442386151705,0.11916645954152581,8,40
dropout_success,attack_p,Attack-P,0.1525,0.284259232364711,0.23169534420806648,0.6284442386151705,0.11916645954152581,8,40
dropout_success,attack_p,Attack-P,0.155,0.2872627244469582,0.23198128009823776,0.6284442386151705,0.11916645954152581,8,40
dropout_success,attack_p,Attack-P,0.1575,0.29052869919976043,0.23167144170303924,0.6284442386151705,0.11916645954152581,8,40
dropout_success,attack_p,Attack-P,0.16,0.2933522639857631,0.23160596999343036,0.6284442386151705,0.11916645954152581,8,40
dropout_success,attack_p,Attack-P,0.1625,0.29627910033883137,0.23129931329668568,0.6284442386151705,0.11916645954152581,8,40
dropout_success,attack_p,Attack-P,0.165,0.2994142233821031,0.23116192519025658,0.6284442386151705,0.11916645954152581,8,40
dropout_success,attack_p,Attack-P,0.1675,0.30251941991195214,0.23091673578629127,0.6284442386151705,0.11916645954152581,8,40
dropout_success,attack_p,Attack-P,0.17,0.3054704243252729,0.23027944038364762,0.6284442386151705,0.11916645954152581,8,40
dropout_success,attack_p,Attack-P,0.17250000000000001,0.3084780623905681,0.23006530830820543,0.6284442386151705,0.11916645954152581,8,40
dropout_success,attack_p,Attack-P,0.17500000000000002,0.31223300591813247,0.22935011367659786,0.6284442386151705,0.11916645954152581,8,40
dropout_success,attack_p,Attack-P,0.1775,0.31555508222971773,0.22852932393107056,0.6284442386151705,0.11916645954152581,8,40
dropout_success,attack_p,Attack-P,0.18,0.3185763502696821,0.2278876367199479,0.6284442386151705,0.11916645954152581,8,40
dropout_success,attack_p,Attack-P,0.1825,0.32201860356884093,0.22748042204678753,0.6284442386151705,0.11916645954152581,8,40
dropout_success,attack_p,Attack-P,0.185,0.3248412746904158,0.22716533956361978,0.6284442386151705,0.11916645954152581,8,40
dropout_success,attack_p,Attack-P,0.1875,0.32822792454870325,0.22700314157293483,0.6284442386151705,0.11916645954152581,8,40
dropout_success,attack_p,Attack-P,0.19,0.33081419775556303,0.22704163598247534,0.6284442386151705,0.11916645954152581,8,40
dropout_success,attack_p,Attack-P,0.1925,0.3333862071521967,0.2268314122911418,0.6284442386151705,0.11916645954152581,8,40
dropout_success,attack_p,Attack-P,0.195,0.3364603231113121,0.22664883159941396,0.6284442386151705,0.11916645954152581,8,40
dropout_success,attack_p,Attack-P,0.1975,0.3395449975243262,0.22593598306063906,0.6284442386151705,0.11916645954152581,8,40
dropout_success,attack_p,Attack-P,0.2,0.34236486474144706,0.2257853998907086,0.6284442386151705,0.11916645954152581,8,40
dropout_success,attack_p,Attack-P,0.2025,0.34527002458875766,0.2253751027541249,0.6284442386151705,0.11916645954152581,8,40
dropout_success,attack_p,Attack-P,0.20500000000000002,0.34865330437846265,0.2250420828934184,0.6284442386151705,0.11916645954152581,8,40
dropout_success,attack_p,Attack-P,0.20750000000000002,0.35226502976190477,0.22457493627269717,0.6284442386151705,0.11916645954152581,8,40
dropout_success,attack_p,Attack-P,0.21,0.3557641885415167,0.2237939144516568,0.6284442386151705,0.11916645954152581,8,40
dropout_success,attack_p,Attack-P,0.2125,0.3586944866716567,0.22320846460549976,0.6284442386151705,0.11916645954152581,8,40
dropout_success,attack_p,Attack-P,0.215,0.3616396020131667,0.22259455063871308,0.6284442386151705,0.11916645954152581,8,40
dropout_success,attack_p,Attack-P,0.2175,0.3644322344391343,0.22203307578890114,0.6284442386151705,0.11916645954152581,8,40
dropout_success,attack_p,Attack-P,0.22,0.3670236107523178,0.22147620312282745,0.6284442386151705,0.11916645954152581,8,40
dropout_success,attack_p,Attack-P,0.2225,0.3698179849629726,0.22074271091683978,0.6284442386151705,0.11916645954152581,8,40
dropout_success,attack_p,Attack-P,0.225,0.3727638776765981,0.21989229995260723,0.6284442386151705,0.11916645954152581,8,40
dropout_success,attack_p,Attack-P,0.2275,0.3760705507387555,0.2187531505969619,0.6284442386151705,0.11916645954152581,8,40
dropout_success,attack_p,Attack-P,0.23,0.37897457306552895,0.2179085429668232,0.6284442386151705,0.11916645954152581,8,40
dropout_success,attack_p,Attack-P,0.2325,0.38175867464611757,0.2172692616047786,0.6284442386151705,0.11916645954152581,8,40
dropout_success,attack_p,Attack-P,0.23500000000000001,0.38503781438261553,0.21657289452903927,0.6284442386151705,0.11916645954152581,8,40
dropout_success,attack_p,Attack-P,0.23750000000000002,0.3884075506996937,0.21590561671805114,0.6284442386151705,0.11916645954152581,8,40
dropout_success,attack_p,Attack-P,0.24,0.39127956400879227,0.21508934155146675,0.6284442386151705,0.11916645954152581,8,40
dropout_success,attack_p,Attack-P,0.2425,0.3944328133355046,0.2141440735068076,0.6284442386151705,0.11916645954152581,8,40
dropout_success,attack_p,Attack-P,0.245,0.397453923857328,0.2135372692452525,0.6284442386151705,0.11916645954152581,8,40
dropout_success,attack_p,Attack-P,0.2475,0.40026962794706367,0.21317821499194423,0.6284442386151705,0.11916645954152581,8,40
dropout_success,attack_p,Attack-P,0.25,0.40311066131935636,0.21263771638567175,0.6284442386151705,0.11916645954152581,8,40
dropout_success,attack_p,Attack-P,0.2525,0.40578467169838,0.21214049060081572,0.6284442386151705,0.11916645954152581,8,40
dropout_success,attack_p,Attack-P,0.255,0.4087304383467185,0.2112330724416178,0.6284442386151705,0.11916645954152581,8,40
dropout_success,attack_p,Attack-P,0.2575,0.41171232612248154,0.21056695342712203,0.6284442386151705,0.11916645954152581,8,40
dropout_success,attack_p,Attack-P,0.26,0.41461524032217545,0.20965435249648184,0.6284442386151705,0.11916645954152581,8,40
dropout_success,attack_p,Attack-P,0.2625,0.41720147245698996,0.20898785625998412,0.6284442386151705,0.11916645954152581,8,40
dropout_success,attack_p,Attack-P,0.265,0.41996976349131365,0.20851235874284219,0.6284442386151705,0.11916645954152581,8,40
dropout_success,attack_p,Attack-P,0.2675,0.42259168672482506,0.20795066386778085,0.6284442386151705,0.11916645954152581,8,40
dropout_success,attack_p,Attack-P,0.27,0.4250307690606617,0.20726174274503864,0.6284442386151705,0.11916645954152581,8,40
dropout_success,attack_p,Attack-P,0.2725,0.42738376368849607,0.2067465851664073,0.6284442386151705,0.11916645954152581,8,40
dropout_success,attack_p,Attack-P,0.275,0.43013021262171963,0.2059388582588241,0.6284442386151705,0.11916645954152581,8,40
dropout_success,attack_p,Attack-P,0.2775,0.43256580804383543,0.20534749088481466,0.6284442386151705,0.11916645954152581,8,40
dropout_success,attack_p,Attack-P,0.28,0.43499554652945455,0.20465488651926325,0.6284442386151705,0.11916645954152581,8,40
dropout_success,attack_p,Attack-P,0.28250000000000003,0.43788236663815894,0.2037427243752512,0.6284442386151705,0.11916645954152581,8,40
dropout_success,attack_p,Attack-P,0.28500000000000003,0.44013328128411566,0.20309581305577926,0.6284442386151705,0.11916645954152581,8,40
dropout_success,attack_p,Attack-P,0.28750000000000003,0.4427985115274914,0.2023870025044254,0.6284442386151705,0.11916645954152581,8,40
dropout_success,attack_p,Attack-P,0.29,0.44550822323082107,0.20191280693418512,0.6284442386151705,0.11916645954152581,8,40
dropout_success,attack_p,Attack-P,0.2925,0.44830583623902764,0.20111389883151642,0.6284442386151705,0.11916645954152581,8,40
dropout_success,attack_p,Attack-P,0.295,0.4508634130732582,0.20022621370474575,0.6284442386151705,0.11916645954152581,8,40
dropout_success,attack_p,Attack-P,0.2975,0.45365708856548226,0.19943462900828102,0.6284442386151705,0.11916645954152581,8,40
dropout_success,attack_p,Attack-P,0.3,0.45623246428622494,0.19849668949688526,0.6284442386151705,0.11916645954152581,8,40
dropout_success,attack_p,Attack-P,0.3025,0.45881495422724017,0.19795114649844467,0.6284442386151705,0.11916645954152581,8,40
dropout_success,attack_p,Attack-P,0.305,0.461260448979565,0.1971318246801202,0.6284442386151705,0.11916645954152581,8,40
dropout_success,attack_p,Attack-P,0.3075,0.463838133680654,0.19626875860493975,0.6284442386151705,0.11916645954152581,8,40
dropout_success,attack_p,Attack-P,0.31,0.46690289478522595,0.19533316108897178,0.6284442386151705,0.11916645954152581,8,40
dropout_success,attack_p,Attack-P,0.3125,0.4696885904299013,0.19449554458839738,0.6284442386151705,0.11916645954152581,8,40
dropout_success,attack_p,Attack-P,0.315,0.47238065887158576,0.19389219928903798,0.6284442386151705,0.11916645954152581,8,40
dropout_success,attack_p,Attack-P,0.3175,0.4750757768321284,0.19298052703892213,0.6284442386151705,0.11916645954152581,8,40
dropout_success,attack_p,Attack-P,0.32,0.4773865294393183,0.1923083845690468,0.6284442386151705,0.11916645954152581,8,40
dropout_success,attack_p,Attack-P,0.3225,0.4801210100223073,0.191398965794524,0.6284442386151705,0.11916645954152581,8,40
dropout_success,attack_p,Attack-P,0.325,0.4822986534971312,0.19086804532310356,0.6284442386151705,0.11916645954152581,8,40
dropout_success,attack_p,Attack-P,0.3275,0.48454489022005215,0.19028309443726105,0.6284442386151705,0.11916645954152581,8,40
dropout_success,attack_p,Attack-P,0.33,0.4873054968839876,0.18944086664706578,0.6284442386151705,0.11916645954152581,8,40
dropout_success,attack_p,Attack-P,0.3325,0.4901902521762563,0.18858079718213383,0.6284442386151705,0.11916645954152581,8,40
dropout_success,attack_p,Attack-P,0.335,0.49270576816415323,0.18784417946868764,0.6284442386151705,0.11916645954152581,8,40
dropout_success,attack_p,Attack-P,0.3375,0.49543221324425996,0.18697102550172523,0.6284442386151705,0.11916645954152581,8,40
dropout_success,attack_p,Attack-P,0.34,0.4982373294081148,0.18604996118647502,0.6284442386151705,0.11916645954152581,8,40
dropout_success,attack_p,Attack-P,0.3425,0.5007756027078902,0.1852094701117019,0.6284442386151705,0.11916645954152581,8,40
dropout_success,attack_p,Attack-P,0.34500000000000003,0.5034891562551372,0.18433684816819837,0.6284442386151705,0.11916645954152581,8,40
dropout_success,attack_p,Attack-P,0.34750000000000003,0.5062251819689936,0.18357115085728207,0.6284442386151705,0.11916645954152581,8,40
dropout_success,attack_p,Attack-P,0.35000000000000003,0.5090093182020274,0.18287376471773467,0.6284442386151705,0.11916645954152581,8,40
dropout_success,attack_p,Attack-P,0.3525,0.5116206952748924,0.18217787674689165,0.6284442386151705,0.11916645954152581,8,40
dropout_success,attack_p,Attack-P,0.355,0.5140323518477431,0.18143660092018915,0.6284442386151705,0.11916645954152581,8,40
dropout_success,attack_p,Attack-P,0.3575,0.5163940390958534,0.18104580605381773,0.6284442386151705,0.11916645954152581,8,40
dropout_success,attack_p,Attack-P,0.36,0.5191288964142572,0.18009075956995563,0.6284442386151705,0.11916645954152581,8,40
dropout_success,attack_p,Attack-P,0.3625,0.5215460542047136,0.17915482344990633,0.6284442386151705,0.11916645954152581,8,40
dropout_success,attack_p,Attack-P,0.365,0.5242193470019152,0.1781599442504675,0.6284442386151705,0.11916645954152581,8,40
dropout_success,attack_p,Attack-P,0.3675,0.5268978289669077,0.17703526353559315,0.6284442386151705,0.11916645954152581,8,40
dropout_success,attack_p,Attack-P,0.37,0.5294120850164991,0.17625490008595895,0.6284442386151705,0.11916645954152581,8,40
dropout_success,attack_p,Attack-P,0.3725,0.532221948598836,0.1755054124269422,0.6284442386151705,0.11916645954152581,8,40
dropout_success,attack_p,Attack-P,0.375,0.5348904204099779,0.1747389775793282,0.6284442386151705,0.11916645954152581,8,40
dropout_success,attack_p,Attack-P,0.3775,0.5375656338426983,0.17387256446825294,0.6284442386151705,0.11916645954152581,8,40
dropout_success,attack_p,Attack-P,0.38,0.5398505726370821,0.17308057868830493,0.6284442386151705,0.11916645954152581,8,40
dropout_success,attack_p,Attack-P,0.3825,0.5422907141586539,0.17225889212258144,0.6284442386151705,0.11916645954152581,8,40
dropout_success,attack_p,Attack-P,0.385,0.5447401740865122,0.17145843369425312,0.6284442386151705,0.11916645954152581,8,40
dropout_success,attack_p,Attack-P,0.3875,0.5470488746746941,0.17069813695276356,0.6284442386151705,0.11916645954152581,8,40
dropout_success,attack_p,Attack-P,0.39,0.5492046895481117,0.16998897569288549,0.6284442386151705,0.11916645954152581,8,40
dropout_success,attack_p,Attack-P,0.3925,0.5517730542638997,0.16907701109791137,0.6284442386151705,0.11916645954152581,8,40
dropout_success,attack_p,Attack-P,0.395,0.5543920233724484,0.16818341185051364,0.6284442386151705,0.11916645954152581,8,40
dropout_success,attack_p,Attack-P,0.3975,0.5569341685975643,0.1671682417323287,0.6284442386151705,0.11916645954152581,8,40
dropout_success,attack_p,Attack-P,0.4,0.5597629610192901,0.16605973876593272,0.6284442386151705,0.11916645954152581,8,40
dropout_success,attack_p,Attack-P,0.4025,0.5625808905822554,0.16523125147374662,0.6284442386151705,0.11916645954152581,8,40
dropout_success,attack_p,Attack-P,0.405,0.5648947568844155,0.16456386234639747,0.6284442386151705,0.11916645954152581,8,40
dropout_success,attack_p,Attack-P,0.40750000000000003,0.5671999730629025,0.16400399550409428,0.6284442386151705,0.11916645954152581,8,40
dropout_success,attack_p,Attack-P,0.41000000000000003,0.5695607290514387,0.16319824077187,0.6284442386151705,0.11916645954152581,8,40
dropout_success,attack_p,Attack-P,0.41250000000000003,0.572545128056091,0.1621402816118184,0.6284442386151705,0.11916645954152581,8,40
dropout_success,attack_p,Attack-P,0.41500000000000004,0.574768655398165,0.16158270238135677,0.6284442386151705,0.11916645954152581,8,40
dropout_success,attack_p,Attack-P,0.4175,0.5772233814235962,0.16094107290908657,0.6284442386151705,0.11916645954152581,8,40
dropout_success,attack_p,Attack-P,0.42,0.5798872563793449,0.16019700162126083,0.6284442386151705,0.11916645954152581,8,40
dropout_success,attack_p,Attack-P,0.4225,0.5826989156369299,0.15933132880779138,0.6284442386151705,0.11916645954152581,8,40
dropout_success,attack_p,Attack-P,0.425,0.585410505737105,0.1583975000344506,0.6284442386151705,0.11916645954152581,8,40
dropout_success,attack_p,Attack-P,0.4275,0.588140509378857,0.15762109555546455,0.6284442386151705,0.11916645954152581,8,40
dropout_success,attack_p,Attack-P,0.43,0.5909464964523622,0.15686740120122794,0.6284442386151705,0.11916645954152581,8,40
dropout_success,attack_p,Attack-P,0.4325,0.5932870807362217,0.1560874225797813,0.6284442386151705,0.11916645954152581,8,40
dropout_success,attack_p,Attack-P,0.435,0.5954974853902125,0.1553975054844701,0.6284442386151705,0.11916645954152581,8,40
dropout_success,attack_p,Attack-P,0.4375,0.5978695447720226,0.15467958755143033,0.6284442386151705,0.11916645954152581,8,40
dropout_success,attack_p,Attack-P,0.44,0.6002373350746768,0.15399637450148956,0.6284442386151705,0.11916645954152581,8,40
dropout_success,attack_p,Attack-P,0.4425,0.6028920172417036,0.15312493299276767,0.6284442386151705,0.11916645954152581,8,40
dropout_success,attack_p,Attack-P,0.445,0.6052173011192394,0.15241399234165093,0.6284442386151705,0.11916645954152581,8,40
dropout_success,attack_p,Attack-P,0.4475,0.607827347388898,0.1516782035564968,0.6284442386151705,0.11916645954152581,8,40
dropout_success,attack_p,Attack-P,0.45,0.6104771000172221,0.15080763708869366,0.6284442386151705,0.11916645954152581,8,40
dropout_success,attack_p,Attack-P,0.4525,0.6131427405051332,0.14971675754747568,0.6284442386151705,0.11916645954152581,8,40
dropout_success,attack_p,Attack-P,0.455,0.6155501698886305,0.14882300844784443,0.6284442386151705,0.11916645954152581,8,40
dropout_success,attack_p,Attack-P,0.4575,0.6179808105678981,0.1480225394442714,0.6284442386151705,0.11916645954152581,8,40
dropout_success,attack_p,Attack-P,0.46,0.6202980937311634,0.147387500650028,0.6284442386151705,0.11916645954152581,8,40
dropout_success,attack_p,Attack-P,0.4625,0.623057241211358,0.14644453573947286,0.6284442386151705,0.11916645954152581,8,40
dropout_success,attack_p,Attack-P,0.465,0.6259425238238755,0.14553629673599297,0.6284442386151705,0.11916645954152581,8,40
dropout_success,attack_p,Attack-P,0.4675,0.628561819952137,0.14459510922252763,0.6284442386151705,0.11916645954152581,8,40
dropout_success,attack_p,Attack-P,0.47000000000000003,0.6308500034683354,0.1438513385231489,0.6284442386151705,0.11916645954152581,8,40
dropout_success,attack_p,Attack-P,0.47250000000000003,0.6331489458802155,0.14315610080472613,0.6284442386151705,0.11916645954152581,8,40
dropout_success,attack_p,Attack-P,0.47500000000000003,0.6357314701196934,0.14220229239961593,0.6284442386151705,0.11916645954152581,8,40
dropout_success,attack_p,Attack-P,0.47750000000000004,0.6384246147905365,0.14124124098945465,0.6284442386151705,0.11916645954152581,8,40
dropout_success,attack_p,Attack-P,0.48,0.6405641264100577,0.14063493609588068,0.6284442386151705,0.11916645954152581,8,40
dropout_success,attack_p,Attack-P,0.4825,0.6429123246846207,0.13982206128367458,0.6284442386151705,0.11916645954152581,8,40
dropout_success,attack_p,Attack-P,0.485,0.6459127252025986,0.13881521550403866,0.6284442386151705,0.11916645954152581,8,40
dropout_success,attack_p,Attack-P,0.4875,0.6485147390805731,0.13824009585447847,0.6284442386151705,0.11916645954152581,8,40
dropout_success,attack_p,Attack-P,0.49,0.6507526691537315,0.13766463744887128,0.6284442386151705,0.11916645954152581,8,40
dropout_success,attack_p,Attack-P,0.4925,0.6533120310709483,0.13681378426158022,0.6284442386151705,0.11916645954152581,8,40
dropout_success,attack_p,Attack-P,0.495,0.6560096675959413,0.1357488504744101,0.6284442386151705,0.11916645954152581,8,40
dropout_success,attack_p,Attack-P,0.4975,0.6585786373568414,0.1349492067348945,0.6284442386151705,0.11916645954152581,8,40
dropout_success,attack_p,Attack-P,0.5,0.6613378684807256,0.13404205111810635,0.6284442386151705,0.11916645954152581,8,40
dropout_success,attack_p,Attack-P,0.5025000000000001,0.6636803390985438,0.13339010551164782,0.6284442386151705,0.11916645954152581,8,40
dropout_success,attack_p,Attack-P,0.505,0.6663398277911727,0.13274912127232164,0.6284442386151705,0.11916645954152581,8,40
dropout_success,attack_p,Attack-P,0.5075000000000001,0.6685254399104932,0.1321496199383336,0.6284442386151705,0.11916645954152581,8,40
dropout_success,attack_p,Attack-P,0.51,0.6707289174249166,0.13147970479743942,0.6284442386151705,0.11916645954152581,8,40
dropout_success,attack_p,Attack-P,0.5125,0.6733966913725757,0.13058168314712937,0.6284442386151705,0.11916645954152581,8,40
dropout_success,attack_p,Attack-P,0.515,0.6759193642127413,0.12972945448089593,0.6284442386151705,0.11916645954152581,8,40
dropout_success,attack_p,Attack-P,0.5175,0.6785710409918592,0.12881933615178814,0.6284442386151705,0.11916645954152581,8,40
dropout_success,attack_p,Attack-P,0.52,0.6812452028782952,0.12812780398618875,0.6284442386151705,0.11916645954152581,8,40
dropout_success,attack_p,Attack-P,0.5225,0.6838882578587567,0.12746892098790463,0.6284442386151705,0.11916645954152581,8,40
dropout_success,attack_p,Attack-P,0.525,0.6862803005536674,0.12662479678086308,0.6284442386151705,0.11916645954152581,8,40
dropout_success,attack_p,Attack-P,0.5275,0.6889912847855547,0.12583212564199486,0.6284442386151705,0.11916645954152581,8,40
dropout_success,attack_p,Attack-P,0.53,0.6912203214548829,0.1253630698449168,0.6284442386151705,0.11916645954152581,8,40
dropout_success,attack_p,Attack-P,0.5325,0.6934955674973928,0.12507130313497497,0.6284442386151705,0.11916645954152581,8,40
dropout_success,attack_p,Attack-P,0.535,0.6963519057306468,0.12421725064025849,0.6284442386151705,0.11916645954152581,8,40
dropout_success,attack_p,Attack-P,0.5375,0.6989418973109638,0.12353546914934421,0.6284442386151705,0.11916645954152581,8,40
dropout_success,attack_p,Attack-P,0.54,0.7011984153295637,0.12310634984178269,0.6284442386151705,0.11916645954152581,8,40
dropout_success,attack_p,Attack-P,0.5425,0.7033920188141424,0.12247021659784806,0.6284442386151705,0.11916645954152581,8,40
dropout_success,attack_p,Attack-P,0.545,0.7053980619290294,0.12193755634316375,0.6284442386151705,0.11916645954152581,8,40
dropout_success,attack_p,Attack-P,0.5475,0.7077882619424353,0.12107667639085973,0.6284442386151705,0.11916645954152581,8,40
dropout_success,attack_p,Attack-P,0.55,0.7104367252702769,0.12058414567935591,0.6284442386151705,0.11916645954152581,8,40
dropout_success,attack_p,Attack-P,0.5525,0.7134020238255288,0.11985376596348239,0.6284442386151705,0.11916645954152581,8,40
dropout_success,attack_p,Attack-P,0.555,0.7161396286802345,0.11898402818635057,0.6284442386151705,0.11916645954152581,8,40
dropout_success,attack_p,Attack-P,0.5575,0.7187491099551635,0.11812524717800309,0.6284442386151705,0.11916645954152581,8,40
dropout_success,attack_p,Attack-P,0.56,0.7221619762813707,0.11708542479704621,0.6284442386151705,0.11916645954152581,8,40
dropout_success,attack_p,Attack-P,0.5625,0.7250853075935015,0.11635257623556694,0.6284442386151705,0.11916645954152581,8,40
dropout_success,attack_p,Attack-P,0.5650000000000001,0.7279298722038041,0.11585973836582346,0.6284442386151705,0.11916645954152581,8,40
dropout_success,attack_p,Attack-P,0.5675,0.7306800897693952,0.11520538730016786,0.6284442386151705,0.11916645954152581,8,40
dropout_success,attack_p,Attack-P,0.5700000000000001,0.7336028620574054,0.11446157547577833,0.6284442386151705,0.11916645954152581,8,40
dropout_success,attack_p,Attack-P,0.5725,0.7360850248931256,0.11356876839101507,0.6284442386151705,0.11916645954152581,8,40
dropout_success,attack_p,Attack-P,0.5750000000000001,0.7382244424398019,0.11283716456670868,0.6284442386151705,0.11916645954152581,8,40
dropout_success,attack_p,Attack-P,0.5775,0.7404819005520634,0.11194717370849742,0.6284442386151705,0.11916645954152581,8,40
dropout_success,attack_p,Attack-P,0.58,0.7428709000688882,0.11140192704043546,0.6284442386151705,0.11916645954152581,8,40
dropout_success,attack_p,Attack-P,0.5825,0.7452388137665404,0.110863021700927,0.6284442386151705,0.11916645954152581,8,40
dropout_success,attack_p,Attack-P,0.585,0.7478719837348293,0.11018315348566533,0.6284442386151705,0.11916645954152581,8,40
dropout_success,attack_p,Attack-P,0.5875,0.7506007072303902,0.1097491792760153,0.6284442386151705,0.11916645954152581,8,40
dropout_success,attack_p,Attack-P,0.59,0.7531816932765407,0.10884198246117469,0.6284442386151705,0.11916645954152581,8,40
dropout_success,attack_p,Attack-P,0.5925,0.7560978947742665,0.1078063859914663,0.6284442386151705,0.11916645954152581,8,40
dropout_success,attack_p,Attack-P,0.595,0.7588267862421754,0.10695234350645935,0.6284442386151705,0.11916645954152581,8,40
dropout_success,attack_p,Attack-P,0.5975,0.761671912359353,0.10601145761155241,0.6284442386151705,0.11916645954152581,8,40
dropout_success,attack_p,Attack-P,0.6,0.764335514796636,0.10515896478453743,0.6284442386151705,0.11916645954152581,8,40
dropout_success,attack_p,Attack-P,0.6025,0.7670620502077413,0.10415979765136749,0.6284442386151705,0.11916645954152581,8,40
dropout_success,attack_p,Attack-P,0.605,0.7699725550030139,0.10314756976731203,0.6284442386151705,0.11916645954152581,8,40
dropout_success,attack_p,Attack-P,0.6075,0.772870476015972,0.10193776842663338,0.6284442386151705,0.11916645954152581,8,40
dropout_success,attack_p,Attack-P,0.61,0.7757858258867413,0.10091796157532928,0.6284442386151705,0.11916645954152581,8,40
dropout_success,attack_p,Attack-P,0.6125,0.7786790471354922,0.0995609528771583,0.6284442386151705,0.11916645954152581,8,40
dropout_success,attack_p,Attack-P,0.615,0.781180542728695,0.09868931148202383,0.6284442386151705,0.11916645954152581,8,40
dropout_success,attack_p,Attack-P,0.6175,0.783948832441732,0.09781986342114797,0.6284442386151705,0.11916645954152581,8,40
dropout_success,attack_p,Attack-P,0.62,0.7862507904216539,0.09681122363081365,0.6284442386151705,0.11916645954152581,8,40
dropout_success,attack_p,Attack-P,0.6225,0.7884230138996527,0.09637300830618843,0.6284442386151705,0.11916645954152581,8,40
dropout_success,attack_p,Attack-P,0.625,0.7914112417118747,0.09527085744178843,0.6284442386151705,0.11916645954152581,8,40
dropout_success,attack_p,Attack-P,0.6275000000000001,0.793909367016849,0.09451671531781465,0.6284442386151705,0.11916645954152581,8,40
dropout_success,attack_p,Attack-P,0.63,0.7966357990533511,0.09377417212488773,0.6284442386151705,0.11916645954152581,8,40
dropout_success,attack_p,Attack-P,0.6325000000000001,0.7992628851796687,0.09282044730669041,0.6284442386151705,0.11916645954152581,8,40
dropout_success,attack_p,Attack-P,0.635,0.8016068411738619,0.09212678949397222,0.6284442386151705,0.11916645954152581,8,40
dropout_success,attack_p,Attack-P,0.6375000000000001,0.8038915895492099,0.09148440571725824,0.6284442386151705,0.11916645954152581,8,40
dropout_success,attack_p,Attack-P,0.64,0.8060983262434438,0.09092160730762243,0.6284442386151705,0.11916645954152581,8,40
dropout_success,attack_p,Attack-P,0.6425,0.8086877022371088,0.09005501088572293,0.6284442386151705,0.11916645954152581,8,40
dropout_success,attack_p,Attack-P,0.645,0.811522396057579,0.08924879029334577,0.6284442386151705,0.11916645954152581,8,40
dropout_success,attack_p,Attack-P,0.6475,0.8136591361782055,0.08849996871564318,0.6284442386151705,0.11916645954152581,8,40
dropout_success,attack_p,Attack-P,0.65,0.8157743324650535,0.0877057249942599,0.6284442386151705,0.11916645954152581,8,40
dropout_success,attack_p,Attack-P,0.6525,0.8179052659645082,0.08675029084140391,0.6284442386151705,0.11916645954152581,8,40
dropout_success,attack_p,Attack-P,0.655,0.8204933995486381,0.08572053972179901,0.6284442386151705,0.11916645954152581,8,40
dropout_success,attack_p,Attack-P,0.6575,0.8226595403140158,0.08492844269562405,0.6284442386151705,0.11916645954152581,8,40
dropout_success,attack_p,Attack-P,0.66,0.8247259436263956,0.08404951819037813,0.6284442386151705,0.11916645954152581,8,40
dropout_success,attack_p,Attack-P,0.6625,0.8269881777605557,0.0830801170597175,0.6284442386151705,0.11916645954152581,8,40
dropout_success,attack_p,Attack-P,0.665,0.8291456559100434,0.08239645580713316,0.6284442386151705,0.11916645954152581,8,40
dropout_success,attack_p,Attack-P,0.6675,0.8311569448440097,0.08167766465188588,0.6284442386151705,0.11916645954152581,8,40
dropout_success,attack_p,Attack-P,0.67,0.8333330622413266,0.08112408970592086,0.6284442386151705,0.11916645954152581,8,40
dropout_success,attack_p,Attack-P,0.6725,0.8357064590444284,0.08031332461444254,0.6284442386151705,0.11916645954152581,8,40
dropout_success,attack_p,Attack-P,0.675,0.8376033003127411,0.07957624088314971,0.6284442386151705,0.11916645954152581,8,40
dropout_success,attack_p,Attack-P,0.6775,0.8396260591446494,0.07870977507835988,0.6284442386151705,0.11916645954152581,8,40
dropout_success,attack_p,Attack-P,0.68,0.8419628168144896,0.07800395373908435,0.6284442386151705,0.11916645954152581,8,40
dropout_success,attack_p,Attack-P,0.6825,0.8440756003350707,0.07715723568770685,0.6284442386151705,0.11916645954152581,8,40
dropout_success,attack_p,Attack-P,0.685,0.8458948981755151,0.07624090844741965,0.6284442386151705,0.11916645954152581,8,40
dropout_success,attack_p,Attack-P,0.6875,0.8478483860580096,0.07534702681898627,0.6284442386151705,0.11916645954152581,8,40
dropout_success,attack_p,Attack-P,0.6900000000000001,0.8496806601965682,0.07470059186686684,0.6284442386151705,0.11916645954152581,8,40
dropout_success,attack_p,Attack-P,0.6925,0.8517795460905883,0.07388514430086403,0.6284442386151705,0.11916645954152581,8,40
dropout_success,attack_p,Attack-P,0.6950000000000001,0.8539851969057667,0.07330407305655666,0.6284442386151705,0.11916645954152581,8,40
dropout_success,attack_p,Attack-P,0.6975,0.8561369904686559,0.07234827038542155,0.6284442386151705,0.11916645954152581,8,40
dropout_success,attack_p,Attack-P,0.7000000000000001,0.8588954601882949,0.07132088734341825,0.6284442386151705,0.11916645954152581,8,40
dropout_success,attack_p,Attack-P,0.7025,0.8611897336079297,0.07037303334149639,0.6284442386151705,0.11916645954152581,8,40
dropout_success,attack_p,Attack-P,0.705,0.8629538635488397,0.06957254789070494,0.6284442386151705,0.11916645954152581,8,40
dropout_success,attack_p,Attack-P,0.7075,0.8651476752775973,0.06893102416952177,0.6284442386151705,0.11916645954152581,8,40
dropout_success,attack_p,Attack-P,0.71,0.8673701760294323,0.06820608119221082,0.6284442386151705,0.11916645954152581,8,40
dropout_success,attack_p,Attack-P,0.7125,0.8691535082891039,0.06750261307018661,0.6284442386151705,0.11916645954152581,8,40
dropout_success,attack_p,Attack-P,0.715,0.8710027160571747,0.06658741520613218,0.6284442386151705,0.11916645954152581,8,40
dropout_success,attack_p,Attack-P,0.7175,0.8727496164703415,0.06613012244160524,0.6284442386151705,0.11916645954152581,8,40
dropout_success,attack_p,Attack-P,0.72,0.8748754685840581,0.06522692573612139,0.6284442386151705,0.11916645954152581,8,40
dropout_success,attack_p,Attack-P,0.7225,0.8769668202750509,0.06420496914186602,0.6284442386151705,0.11916645954152581,8,40
dropout_success,attack_p,Attack-P,0.725,0.8790757296061884,0.06335943230584308,0.6284442386151705,0.11916645954152581,8,40
dropout_success,attack_p,Attack-P,0.7275,0.880983747054633,0.062498705627956626,0.6284442386151705,0.11916645954152581,8,40
dropout_success,attack_p,Attack-P,0.73,0.8829091879300628,0.06169088889462276,0.6284442386151705,0.11916645954152581,8,40
dropout_success,attack_p,Attack-P,0.7325,0.8849051854154109,0.0608875500646569,0.6284442386151705,0.11916645954152581,8,40
dropout_success,attack_p,Attack-P,0.735,0.8867075604925515,0.06048632025231732,0.6284442386151705,0.11916645954152581,8,40
dropout_success,attack_p,Attack-P,0.7375,0.8884336577721806,0.059689925310195534,0.6284442386151705,0.11916645954152581,8,40
dropout_success,attack_p,Attack-P,0.74,0.890241168980206,0.058941765665655184,0.6284442386151705,0.11916645954152581,8,40
dropout_success,attack_p,Attack-P,0.7425,0.8922661961114408,0.0578354217418023,0.6284442386151705,0.11916645954152581,8,40
dropout_success,attack_p,Attack-P,0.745,0.8940094611494928,0.057139838965754496,0.6284442386151705,0.11916645954152581,8,40
dropout_success,attack_p,Attack-P,0.7475,0.8955913796632802,0.05640152333311194,0.6284442386151705,0.11916645954152581,8,40
dropout_success,attack_p,Attack-P,0.75,0.8974162295096406,0.0558189990442239,0.6284442386151705,0.11916645954152581,8,40
dropout_success,attack_p,Attack-P,0.7525000000000001,0.8989231949434934,0.055183243694767244,0.6284442386151705,0.11916645954152581,8,40
dropout_success,attack_p,Attack-P,0.755,0.9007184907174736,0.054471566549356,0.6284442386151705,0.11916645954152581,8,40
dropout_success,attack_p,Attack-P,0.7575000000000001,0.9026142497153573,0.053708965351124995,0.6284442386151705,0.11916645954152581,8,40
dropout_success,attack_p,Attack-P,0.76,0.9042633425880261,0.052902196541731845,0.6284442386151705,0.11916645954152581,8,40
dropout_success,attack_p,Attack-P,0.7625000000000001,0.9060378601143183,0.0523080839126671,0.6284442386151705,0.11916645954152581,8,40
dropout_success,attack_p,Attack-P,0.765,0.9077728881018268,0.05147086381090232,0.6284442386151705,0.11916645954152581,8,40
dropout_success,attack_p,Attack-P,0.7675000000000001,0.9092693566297827,0.0507255583432144,0.6284442386151705,0.11916645954152581,8,40
dropout_success,attack_p,Attack-P,0.77,0.9105214816028062,0.050361222343997994,0.6284442386151705,0.11916645954152581,8,40
dropout_success,attack_p,Attack-P,0.7725,0.9121639872938692,0.049932571038346044,0.6284442386151705,0.11916645954152581,8,40
dropout_success,attack_p,Attack-P,0.775,0.9137402467316041,0.049432970871392944,0.6284442386151705,0.11916645954152581,8,40
dropout_success,attack_p,Attack-P,0.7775,0.9151034965849912,0.04885160161108426,0.6284442386151705,0.11916645954152581,8,40
dropout_success,attack_p,Attack-P,0.78,0.9166765256543736,0.04828016695837948,0.6284442386151705,0.11916645954152581,8,40
dropout_success,attack_p,Attack-P,0.7825,0.9181473326449395,0.04783601789597521,0.6284442386151705,0.11916645954152581,8,40
dropout_success,attack_p,Attack-P,0.785,0.9193256852218256,0.04754278256297415,0.6284442386151705,0.11916645954152581,8,40
dropout_success,attack_p,Attack-P,0.7875,0.9207013787978272,0.04717906334234521,0.6284442386151705,0.11916645954152581,8,40
dropout_success,attack_p,Attack-P,0.79,0.9220691346264245,0.04652061902898358,0.6284442386151705,0.11916645954152581,8,40
dropout_success,attack_p,Attack-P,0.7925,0.9236787619029679,0.0457423510811353,0.6284442386151705,0.11916645954152581,8,40
dropout_success,attack_p,Attack-P,0.795,0.9253323330175952,0.04515296869460774,0.6284442386151705,0.11916645954152581,8,40
dropout_success,attack_p,Attack-P,0.7975,0.9266027862094205,0.0445301418031597,0.6284442386151705,0.11916645954152581,8,40
dropout_success,attack_p,Attack-P,0.8,0.928191252923622,0.043818842459089215,0.6284442386151705,0.11916645954152581,8,40
dropout_success,attack_p,Attack-P,0.8025,0.929756824936374,0.043335224268821596,0.6284442386151705,0.11916645954152581,8,40
dropout_success,attack_p,Attack-P,0.805,0.9312451813759962,0.04274625313108963,0.6284442386151705,0.11916645954152581,8,40
dropout_success,attack_p,Attack-P,0.8075,0.9325936618265451,0.04228963163913175,0.6284442386151705,0.11916645954152581,8,40
dropout_success,attack_p,Attack-P,0.81,0.9339297892872148,0.04192040572424239,0.6284442386151705,0.11916645954152581,8,40
dropout_success,attack_p,Attack-P,0.8125,0.9351720705423521,0.0416216496501933,0.6284442386151705,0.11916645954152581,8,40
dropout_success,attack_p,Attack-P,0.8150000000000001,0.9365533811947295,0.041044389963951274,0.6284442386151705,0.11916645954152581,8,40
dropout_success,attack_p,Attack-P,0.8175,0.938004213860218,0.04032539590865236,0.6284442386151705,0.11916645954152581,8,40
dropout_success,attack_p,Attack-P,0.8200000000000001,0.939297648403435,0.03955771939532758,0.6284442386151705,0.11916645954152581,8,40
dropout_success,attack_p,Attack-P,0.8225,0.9406271611615814,0.03886963507976017,0.6284442386151705,0.11916645954152581,8,40
dropout_success,attack_p,Attack-P,0.8250000000000001,0.9420061664609585,0.038666385367415325,0.6284442386151705,0.11916645954152581,8,40
dropout_success,attack_p,Attack-P,0.8275,0.9432087487262839,0.038263383408120855,0.6284442386151705,0.11916645954152581,8,40
dropout_success,attack_p,Attack-P,0.8300000000000001,0.9443705335615259,0.03782767584308586,0.6284442386151705,0.11916645954152581,8,40
dropout_success,attack_p,Attack-P,0.8325,0.9458041429493738,0.03716050581508996,0.6284442386151705,0.11916645954152581,8,40
dropout_success,attack_p,Attack-P,0.835,0.9471764376953311,0.03634249836535181,0.6284442386151705,0.11916645954152581,8,40
dropout_success,attack_p,Attack-P,0.8375,0.9481996653487343,0.03593593953822919,0.6284442386151705,0.11916645954152581,8,40
dropout_success,attack_p,Attack-P,0.84,0.9495075889427501,0.03537659075552435,0.6284442386151705,0.11916645954152581,8,40
dropout_success,attack_p,Attack-P,0.8425,0.9508618764805501,0.034586687000717486,0.6284442386151705,0.11916645954152581,8,40
dropout_success,attack_p,Attack-P,0.845,0.9519953816424602,0.03407890193603576,0.6284442386151705,0.11916645954152581,8,40
dropout_success,attack_p,Attack-P,0.8475,0.9531242672842696,0.03342755860595425,0.6284442386151705,0.11916645954152581,8,40
dropout_success,attack_p,Attack-P,0.85,0.9543251952412954,0.03298524479112958,0.6284442386151705,0.11916645954152581,8,40
dropout_success,attack_p,Attack-P,0.8525,0.955296956810029,0.03244876041431525,0.6284442386151705,0.11916645954152581,8,40
dropout_success,attack_p,Attack-P,0.855,0.9564069527987609,0.03187596751733381,0.6284442386151705,0.11916645954152581,8,40
dropout_success,attack_p,Attack-P,0.8575,0.9575472733997571,0.031190460457596846,0.6284442386151705,0.11916645954152581,8,40
dropout_success,attack_p,Attack-P,0.86,0.9588505468876042,0.030644374244903683,0.6284442386151705,0.11916645954152581,8,40
dropout_success,attack_p,Attack-P,0.8625,0.9598466641233583,0.03014909270633548,0.6284442386151705,0.11916645954152581,8,40
dropout_success,attack_p,Attack-P,0.865,0.9608659026575613,0.02940940006315819,0.6284442386151705,0.11916645954152581,8,40
dropout_success,attack_p,Attack-P,0.8675,0.9618534329343551,0.028621611280752607,0.6284442386151705,0.11916645954152581,8,40
dropout_success,attack_p,Attack-P,0.87,0.9630088665001865,0.027634545044447692,0.6284442386151705,0.11916645954152581,8,40
dropout_success,attack_p,Attack-P,0.8725,0.9638177665475472,0.02723357730424249,0.6284442386151705,0.11916645954152581,8,40
dropout_success,attack_p,Attack-P,0.875,0.9649339775467148,0.026617310977293567,0.6284442386151705,0.11916645954152581,8,40
dropout_success,attack_p,Attack-P,0.8775000000000001,0.9659707423792303,0.025946094772526827,0.6284442386151705,0.11916645954152581,8,40
dropout_success,attack_p,Attack-P,0.88,0.9670650922816384,0.025237143118387678,0.6284442386151705,0.11916645954152581,8,40
dropout_success,attack_p,Attack-P,0.8825000000000001,0.9680919047708746,0.02436124781240734,0.6284442386151705,0.11916645954152581,8,40
dropout_success,attack_p,Attack-P,0.885,0.9694872594290882,0.02338231268726906,0.6284442386151705,0.11916645954152581,8,40
dropout_success,attack_p,Attack-P,0.8875000000000001,0.9705292423272052,0.02247408611324834,0.6284442386151705,0.11916645954152581,8,40
dropout_success,attack_p,Attack-P,0.89,0.9716006395490686,0.02169173541144296,0.6284442386151705,0.11916645954152581,8,40
dropout_success,attack_p,Attack-P,0.8925000000000001,0.9725053812717069,0.02107910804872549,0.6284442386151705,0.11916645954152581,8,40
dropout_success,attack_p,Attack-P,0.895,0.9736918945004162,0.020293089577231534,0.6284442386151705,0.11916645954152581,8,40
dropout_success,attack_p,Attack-P,0.8975,0.9746942520415339,0.01965623784671072,0.6284442386151705,0.11916645954152581,8,40
dropout_success,attack_p,Attack-P,0.9,0.9759175454928167,0.01866291710865817,0.6284442386151705,0.11916645954152581,8,40
dropout_success,attack_p,Attack-P,0.9025,0.9769109708011832,0.017974451820672067,0.6284442386151705,0.11916645954152581,8,40
dropout_success,attack_p,Attack-P,0.905,0.9778592419773816,0.017247166508449527,0.6284442386151705,0.11916645954152581,8,40
dropout_success,attack_p,Attack-P,0.9075,0.9787740413042854,0.01684676126863986,0.6284442386151705,0.11916645954152581,8,40
dropout_success,attack_p,Attack-P,0.91,0.9795628369069147,0.01633181665872044,0.6284442386151705,0.11916645954152581,8,40
dropout_success,attack_p,Attack-P,0.9125,0.9803124901467747,0.015877285233703513,0.6284442386151705,0.11916645954152581,8,40
dropout_success,attack_p,Attack-P,0.915,0.9810091411945163,0.015464052347705357,0.6284442386151705,0.11916645954152581,8,40
dropout_success,attack_p,Attack-P,0.9175,0.9817638409329017,0.014822070851403071,0.6284442386151705,0.11916645954152581,8,40
dropout_success,attack_p,Attack-P,0.92,0.9824775486284528,0.01420311074685917,0.6284442386151705,0.11916645954152581,8,40
dropout_success,attack_p,Attack-P,0.9225,0.9832160295095536,0.01390538630053475,0.6284442386151705,0.11916645954152581,8,40
dropout_success,attack_p,Attack-P,0.925,0.9839865074282175,0.013488748685523766,0.6284442386151705,0.11916645954152581,8,40
dropout_success,attack_p,Attack-P,0.9275,0.9846956445632049,0.01302316907622206,0.6284442386151705,0.11916645954152581,8,40
dropout_success,attack_p,Attack-P,0.93,0.9855016769999139,0.012485121251407093,0.6284442386151705,0.11916645954152581,8,40
dropout_success,attack_p,Attack-P,0.9325,0.9861528345867179,0.011973662887660289,0.6284442386151705,0.11916645954152581,8,40
dropout_success,attack_p,Attack-P,0.935,0.9869546902656984,0.01122886262032501,0.6284442386151705,0.11916645954152581,8,40
dropout_success,attack_p,Attack-P,0.9375,0.9877721015045834,0.01056304279756761,0.6284442386151705,0.11916645954152581,8,40
dropout_success,attack_p,Attack-P,0.9400000000000001,0.9884760810116144,0.010187270503423431,0.6284442386151705,0.11916645954152581,8,40
dropout_success,attack_p,Attack-P,0.9425,0.9890397773133994,0.009847578925979029,0.6284442386151705,0.11916645954152581,8,40
dropout_success,attack_p,Attack-P,0.9450000000000001,0.9897498074968384,0.00935193652988294,0.6284442386151705,0.11916645954152581,8,40
dropout_success,attack_p,Attack-P,0.9475,0.9904904460518386,0.008867853468103645,0.6284442386151705,0.11916645954152581,8,40
dropout_success,attack_p,Attack-P,0.9500000000000001,0.9912942781542997,0.008213257304840451,0.6284442386151705,0.11916645954152581,8,40
dropout_success,attack_p,Attack-P,0.9525,0.9921681651506019,0.007559661438534499,0.6284442386151705,0.11916645954152581,8,40
dropout_success,attack_p,Attack-P,0.9550000000000001,0.9927366900241109,0.007046320020346793,0.6284442386151705,0.11916645954152581,8,40
dropout_success,attack_p,Attack-P,0.9575,0.9932967410070088,0.006452905078946541,0.6284442386151705,0.11916645954152581,8,40
dropout_success,attack_p,Attack-P,0.96,0.9939032320101037,0.005928553865787007,0.6284442386151705,0.11916645954152581,8,40
dropout_success,attack_p,Attack-P,0.9625,0.9944295881591033,0.00545562937274107,0.6284442386151705,0.11916645954152581,8,40
dropout_success,attack_p,Attack-P,0.965,0.9949817363654323,0.005136080650657731,0.6284442386151705,0.11916645954152581,8,40
dropout_success,attack_p,Attack-P,0.9675,0.9957141853049236,0.004467179592338335,0.6284442386151705,0.11916645954152581,8,40
dropout_success,attack_p,Attack-P,0.97,0.9962720393220579,0.003912201365608183,0.6284442386151705,0.11916645954152581,8,40
dropout_success,attack_p,Attack-P,0.9725,0.9969527103754813,0.003204726738674057,0.6284442386151705,0.11916645954152581,8,40
dropout_success,attack_p,Attack-P,0.975,0.9973328563285051,0.002693310403872201,0.6284442386151705,0.11916645954152581,8,40
dropout_success,attack_p,Attack-P,0.9775,0.9977047727854407,0.0023541152637951567,0.6284442386151705,0.11916645954152581,8,40
dropout_success,attack_p,Attack-P,0.98,0.9981070050805132,0.0019117710808904038,0.6284442386151705,0.11916645954152581,8,40
dropout_success,attack_p,Attack-P,0.9825,0.9985335449316858,0.0014867178367655308,0.6284442386151705,0.11916645954152581,8,40
dropout_success,attack_p,Attack-P,0.985,0.9988641827406068,0.0010748307791988512,0.6284442386151705,0.11916645954152581,8,40
dropout_success,attack_p,Attack-P,0.9875,0.9991241853149487,0.0008428711090310686,0.6284442386151705,0.11916645954152581,8,40
dropout_success,attack_p,Attack-P,0.99,0.9993739765420936,0.0006093226704632665,0.6284442386151705,0.11916645954152581,8,40
dropout_success,attack_p,Attack-P,0.9925,0.9996539048372513,0.00043378607339079813,0.6284442386151705,0.11916645954152581,8,40
dropout_success,attack_p,Attack-P,0.995,0.9998058091082617,0.00026818844020912695,0.6284442386151705,0.11916645954152581,8,40
dropout_success,attack_p,Attack-P,0.9975,0.9999344553126199,9.545321307932336e-05,0.6284442386151705,0.11916645954152581,8,40
dropout_success,attack_p,Attack-P,1.0,1.0,0.0,0.6284442386151705,0.11916645954152581,8,40
