dataset,model,attack,attack_label,fpr,mean_tpr,std_tpr_across_seeds,mean_auc,std_auc_across_seeds,n_seeds
locations,tabpfn,rmia,RMIA,0.0,0.0,0.0,0.8363312289500925,0.02298074553300779,5
locations,tabpfn,rmia,RMIA,0.0025,0.06862870514820593,0.021543713470699475,0.8363312289500925,0.02298074553300779,5
locations,tabpfn,rmia,RMIA,0.005,0.10444513780551223,0.014336269514383486,0.8363312289500925,0.02298074553300779,5
locations,tabpfn,rmia,RMIA,0.0075,0.13517602704108164,0.011837207628768056,0.8363312289500925,0.02298074553300779,5
locations,tabpfn,rmia,RMIA,0.01,0.15544721788871554,0.017321634307453322,0.8363312289500925,0.02298074553300779,5
locations,tabpfn,rmia,RMIA,0.0125,0.1732921216848674,0.019560020023481936,0.8363312289500925,0.02298074553300779,5
locations,tabpfn,rmia,RMIA,0.015,0.1884505460218409,0.02181951324542405,0.8363312289500925,0.02298074553300779,5
locations,tabpfn,rmia,RMIA,0.0175,0.2030446177847114,0.025008404320394768,0.8363312289500925,0.02298074553300779,5
locations,tabpfn,rmia,RMIA,0.02,0.21655912636505464,0.026671378944904324,0.8363312289500925,0.02298074553300779,5
locations,tabpfn,rmia,RMIA,0.0225,0.22854264170566824,0.03282691856224725,0.8363312289500925,0.02298074553300779,5
locations,tabpfn,rmia,RMIA,0.025,0.24302392095683828,0.03534063093688715,0.8363312289500925,0.02298074553300779,5
locations,tabpfn,rmia,RMIA,0.0275,0.25328315132605306,0.04066727158150775,0.8363312289500925,0.02298074553300779,5
locations,tabpfn,rmia,RMIA,0.03,0.2655163806552262,0.04898551302995218,0.8363312289500925,0.02298074553300779,5
locations,tabpfn,rmia,RMIA,0.0325,0.2794633385335414,0.05610479005150938,0.8363312289500925,0.02298074553300779,5
locations,tabpfn,rmia,RMIA,0.035,0.2893646385855434,0.054432834639385974,0.8363312289500925,0.02298074553300779,5
locations,tabpfn,rmia,RMIA,0.0375,0.2967626105044202,0.05312018446544596,0.8363312289500925,0.02298074553300779,5
locations,tabpfn,rmia,RMIA,0.04,0.3062770670826833,0.05416596162782383,0.8363312289500925,0.02298074553300779,5
locations,tabpfn,rmia,RMIA,0.0425,0.3166436557462299,0.05765273231975547,0.8363312289500925,0.02298074553300779,5
locations,tabpfn,rmia,RMIA,0.045,0.32682579303172127,0.059100003829566,0.8363312289500925,0.02298074553300779,5
locations,tabpfn,rmia,RMIA,0.0475,0.3381563962558502,0.06452562446733734,0.8363312289500925,0.02298074553300779,5
locations,tabpfn,rmia,RMIA,0.05,0.3465522620904837,0.065778565562439,0.8363312289500925,0.02298074553300779,5
locations,tabpfn,rmia,RMIA,0.0525,0.35853354134165366,0.0657461922399117,0.8363312289500925,0.02298074553300779,5
locations,tabpfn,rmia,RMIA,0.055,0.3698384468712082,0.063916051352229,0.8363312289500925,0.02298074553300779,5
locations,tabpfn,rmia,RMIA,0.0575,0.38165266944011095,0.06161229423022671,0.8363312289500925,0.02298074553300779,5
locations,tabpfn,rmia,RMIA,0.06,0.3896728722482233,0.06172277556884062,0.8363312289500925,0.02298074553300779,5
locations,tabpfn,rmia,RMIA,0.0625,0.39713446871208186,0.06206214310500695,0.8363312289500925,0.02298074553300779,5
locations,tabpfn,rmia,RMIA,0.065,0.4024811405789565,0.06235557332445402,0.8363312289500925,0.02298074553300779,5
locations,tabpfn,rmia,RMIA,0.0675,0.40946840873634943,0.05994671187749518,0.8363312289500925,0.02298074553300779,5
locations,tabpfn,rmia,RMIA,0.07,0.4128850754030161,0.06088750218649261,0.8363312289500925,0.02298074553300779,5
locations,tabpfn,rmia,RMIA,0.0725,0.42143382735309415,0.06693745680125845,0.8363312289500925,0.02298074553300779,5
locations,tabpfn,rmia,RMIA,0.075,0.4308073322932917,0.07074446310572413,0.8363312289500925,0.02298074553300779,5
locations,tabpfn,rmia,RMIA,0.0775,0.43703042121684865,0.06964138952289001,0.8363312289500925,0.02298074553300779,5
locations,tabpfn,rmia,RMIA,0.08,0.4467780254067305,0.06990427070965251,0.8363312289500925,0.02298074553300779,5
locations,tabpfn,rmia,RMIA,0.0825,0.452814046133274,0.07138136967864625,0.8363312289500925,0.02298074553300779,5
locations,tabpfn,rmia,RMIA,0.085,0.4603695676398485,0.07370849190318662,0.8363312289500925,0.02298074553300779,5
locations,tabpfn,rmia,RMIA,0.08750000000000001,0.46769419991085365,0.07647524190959683,0.8363312289500925,0.02298074553300779,5
locations,tabpfn,rmia,RMIA,0.09,0.47738237129485184,0.07992065715858719,0.8363312289500925,0.02298074553300779,5
locations,tabpfn,rmia,RMIA,0.0925,0.4830894955798232,0.08210450261108707,0.8363312289500925,0.02298074553300779,5
locations,tabpfn,rmia,RMIA,0.095,0.4917186687467499,0.08404598532940186,0.8363312289500925,0.02298074553300779,5
locations,tabpfn,rmia,RMIA,0.0975,0.49963754550182016,0.08215718877022658,0.8363312289500925,0.02298074553300779,5
locations,tabpfn,rmia,RMIA,0.1,0.5050026001040042,0.08301452838345562,0.8363312289500925,0.02298074553300779,5
locations,tabpfn,rmia,RMIA,0.10250000000000001,0.5095734789391575,0.08466454274963671,0.8363312289500925,0.02298074553300779,5
locations,tabpfn,rmia,RMIA,0.105,0.5154488299531981,0.08425190595222067,0.8363312289500925,0.02298074553300779,5
locations,tabpfn,rmia,RMIA,0.1075,0.5232556682267291,0.08358346585682766,0.8363312289500925,0.02298074553300779,5
locations,tabpfn,rmia,RMIA,0.11,0.5311185647425897,0.08307317214302427,0.8363312289500925,0.02298074553300779,5
locations,tabpfn,rmia,RMIA,0.1125,0.5381402756110244,0.08352097420574593,0.8363312289500925,0.02298074553300779,5
locations,tabpfn,rmia,RMIA,0.115,0.5431411856474259,0.08384418953857085,0.8363312289500925,0.02298074553300779,5
locations,tabpfn,rmia,RMIA,0.11750000000000001,0.5484981799271971,0.0844265025284999,0.8363312289500925,0.02298074553300779,5
locations,tabpfn,rmia,RMIA,0.12,0.5552698907956317,0.08538806358829362,0.8363312289500925,0.02298074553300779,5
locations,tabpfn,rmia,RMIA,0.1225,0.5627792511700468,0.08605306308018924,0.8363312289500925,0.02298074553300779,5
locations,tabpfn,rmia,RMIA,0.125,0.5694422776911077,0.08478154470505446,0.8363312289500925,0.02298074553300779,5
locations,tabpfn,rmia,RMIA,0.1275,0.5775799531981279,0.08392130208331795,0.8363312289500925,0.02298074553300779,5
locations,tabpfn,rmia,RMIA,0.13,0.5815798231929278,0.08296648612253059,0.8363312289500925,0.02298074553300779,5
locations,tabpfn,rmia,RMIA,0.1325,0.5887640405616226,0.08284467781647603,0.8363312289500925,0.02298074553300779,5
locations,tabpfn,rmia,RMIA,0.135,0.6021912636505462,0.07602911933522004,0.8363312289500925,0.02298074553300779,5
locations,tabpfn,rmia,RMIA,0.1375,0.609574536314786,0.07265316461202205,0.8363312289500925,0.02298074553300779,5
locations,tabpfn,rmia,RMIA,0.14,0.6137600277344427,0.07203828700466332,0.8363312289500925,0.02298074553300779,5
locations,tabpfn,rmia,RMIA,0.14250000000000002,0.6176773704281505,0.07135442769765749,0.8363312289500925,0.02298074553300779,5
locations,tabpfn,rmia,RMIA,0.145,0.6208982319292772,0.07022722551844342,0.8363312289500925,0.02298074553300779,5
locations,tabpfn,rmia,RMIA,0.1475,0.624644829507466,0.07009894288104081,0.8363312289500925,0.02298074553300779,5
locations,tabpfn,rmia,RMIA,0.15,0.6285942351979793,0.07029152572271147,0.8363312289500925,0.02298074553300779,5
locations,tabpfn,rmia,RMIA,0.1525,0.6326769828888394,0.07058705316226267,0.8363312289500925,0.02298074553300779,5
locations,tabpfn,rmia,RMIA,0.155,0.6376341282222718,0.06970607083274867,0.8363312289500925,0.02298074553300779,5
locations,tabpfn,rmia,RMIA,0.1575,0.6428162809845728,0.06892907071510776,0.8363312289500925,0.02298074553300779,5
locations,tabpfn,rmia,RMIA,0.16,0.6463673080256543,0.06719911397805746,0.8363312289500925,0.02298074553300779,5
locations,tabpfn,rmia,RMIA,0.1625,0.6505467802045415,0.06614160061038098,0.8363312289500925,0.02298074553300779,5
locations,tabpfn,rmia,RMIA,0.165,0.6556266684000693,0.06566365073063887,0.8363312289500925,0.02298074553300779,5
locations,tabpfn,rmia,RMIA,0.1675,0.6592351144045762,0.06430727058946661,0.8363312289500925,0.02298074553300779,5
locations,tabpfn,rmia,RMIA,0.17,0.6624576183047324,0.06264242245188745,0.8363312289500925,0.02298074553300779,5
locations,tabpfn,rmia,RMIA,0.17250000000000001,0.6683926157046282,0.06141411734053486,0.8363312289500925,0.02298074553300779,5
locations,tabpfn,rmia,RMIA,0.17500000000000002,0.6723036921476859,0.06022553769064932,0.8363312289500925,0.02298074553300779,5
locations,tabpfn,rmia,RMIA,0.1775,0.6761250650026002,0.0579740134832717,0.8363312289500925,0.02298074553300779,5
locations,tabpfn,rmia,RMIA,0.18,0.6810379615184607,0.055639627662773646,0.8363312289500925,0.02298074553300779,5
locations,tabpfn,rmia,RMIA,0.1825,0.6868655226209048,0.055046475826590474,0.8363312289500925,0.02298074553300779,5
locations,tabpfn,rmia,RMIA,0.185,0.6910593863754549,0.054122876114433685,0.8363312289500925,0.02298074553300779,5
locations,tabpfn,rmia,RMIA,0.1875,0.6948322932917318,0.051655883749160116,0.8363312289500925,0.02298074553300779,5
locations,tabpfn,rmia,RMIA,0.19,0.69936245449818,0.05106679348903031,0.8363312289500925,0.02298074553300779,5
locations,tabpfn,rmia,RMIA,0.1925,0.7049620384815393,0.04488654643307246,0.8363312289500925,0.02298074553300779,5
locations,tabpfn,rmia,RMIA,0.195,0.7104745709828393,0.042605048243489665,0.8363312289500925,0.02298074553300779,5
locations,tabpfn,rmia,RMIA,0.1975,0.7151889235569423,0.04122785369891757,0.8363312289500925,0.02298074553300779,5
locations,tabpfn,rmia,RMIA,0.2,0.718978679147166,0.03994533639701863,0.8363312289500925,0.02298074553300779,5
locations,tabpfn,rmia,RMIA,0.2025,0.7221120644825794,0.03835815033227746,0.8363312289500925,0.02298074553300779,5
locations,tabpfn,rmia,RMIA,0.20500000000000002,0.7254381546690439,0.03553021633465602,0.8363312289500925,0.02298074553300779,5
locations,tabpfn,rmia,RMIA,0.20750000000000002,0.728638956986851,0.031632276884773304,0.8363312289500925,0.02298074553300779,5
locations,tabpfn,rmia,RMIA,0.21,0.7343274348116781,0.028440478366258955,0.8363312289500925,0.02298074553300779,5
locations,tabpfn,rmia,RMIA,0.2125,0.7368627145085803,0.026721822262119617,0.8363312289500925,0.02298074553300779,5
locations,tabpfn,rmia,RMIA,0.215,0.73938127925117,0.027030658043395318,0.8363312289500925,0.02298074553300779,5
locations,tabpfn,rmia,RMIA,0.2175,0.7410569422776911,0.027165623618790217,0.8363312289500925,0.02298074553300779,5
locations,tabpfn,rmia,RMIA,0.22,0.7422400416016641,0.027599642932181794,0.8363312289500925,0.02298074553300779,5
locations,tabpfn,rmia,RMIA,0.2225,0.7441096203848154,0.02840350350317748,0.8363312289500925,0.02298074553300779,5
locations,tabpfn,rmia,RMIA,0.225,0.7465343213728549,0.028066346107577893,0.8363312289500925,0.02298074553300779,5
locations,tabpfn,rmia,RMIA,0.2275,0.7498527301092043,0.02472835987504352,0.8363312289500925,0.02298074553300779,5
locations,tabpfn,rmia,RMIA,0.23,0.7526219968798753,0.02272282984172261,0.8363312289500925,0.02298074553300779,5
locations,tabpfn,rmia,RMIA,0.2325,0.7549870124804994,0.022897375777196194,0.8363312289500925,0.02298074553300779,5
locations,tabpfn,rmia,RMIA,0.23500000000000001,0.758155616224649,0.023441398909907867,0.8363312289500925,0.02298074553300779,5
locations,tabpfn,rmia,RMIA,0.23750000000000002,0.7600120904836194,0.02313606035585948,0.8363312289500925,0.02298074553300779,5
locations,tabpfn,rmia,RMIA,0.24,0.7616661466458658,0.022767889270679974,0.8363312289500925,0.02298074553300779,5
locations,tabpfn,rmia,RMIA,0.2425,0.7630173950235319,0.022629486884635005,0.8363312289500925,0.02298074553300779,5
locations,tabpfn,rmia,RMIA,0.245,0.7649806939000249,0.023394031596020125,0.8363312289500925,0.02298074553300779,5
locations,tabpfn,rmia,RMIA,0.2475,0.7675870504988266,0.024652427532648083,0.8363312289500925,0.02298074553300779,5
locations,tabpfn,rmia,RMIA,0.25,0.7701402089697034,0.02573737523631514,0.8363312289500925,0.02298074553300779,5
locations,tabpfn,rmia,RMIA,0.2525,0.7730656373313758,0.02683322827454871,0.8363312289500925,0.02298074553300779,5
locations,tabpfn,rmia,RMIA,0.255,0.7770250527668167,0.028367949596814934,0.8363312289500925,0.02298074553300779,5
locations,tabpfn,rmia,RMIA,0.2575,0.7793233917591997,0.02957207444129117,0.8363312289500925,0.02298074553300779,5
locations,tabpfn,rmia,RMIA,0.26,0.7817714967422227,0.029498305915165182,0.8363312289500925,0.02298074553300779,5
locations,tabpfn,rmia,RMIA,0.2625,0.7834894925208774,0.030158941575024505,0.8363312289500925,0.02298074553300779,5
locations,tabpfn,rmia,RMIA,0.265,0.7873972958918357,0.029679150963105173,0.8363312289500925,0.02298074553300779,5
locations,tabpfn,rmia,RMIA,0.2675,0.7904622495488056,0.029790883437539432,0.8363312289500925,0.02298074553300779,5
locations,tabpfn,rmia,RMIA,0.27,0.7932942277691108,0.0297525129499995,0.8363312289500925,0.02298074553300779,5
locations,tabpfn,rmia,RMIA,0.2725,0.7957602184087363,0.029379828839393368,0.8363312289500925,0.02298074553300779,5
locations,tabpfn,rmia,RMIA,0.275,0.7972776911076442,0.029627876513189988,0.8363312289500925,0.02298074553300779,5
locations,tabpfn,rmia,RMIA,0.2775,0.7995276911076443,0.028802084664910722,0.8363312289500925,0.02298074553300779,5
locations,tabpfn,rmia,RMIA,0.28,0.8021435257410298,0.02901803212755493,0.8363312289500925,0.02298074553300779,5
locations,tabpfn,rmia,RMIA,0.28250000000000003,0.8054204368174727,0.029203814032720713,0.8363312289500925,0.02298074553300779,5
locations,tabpfn,rmia,RMIA,0.28500000000000003,0.807263130525221,0.027068449426814765,0.8363312289500925,0.02298074553300779,5
locations,tabpfn,rmia,RMIA,0.28750000000000003,0.8083372334893395,0.02698463985859344,0.8363312289500925,0.02298074553300779,5
locations,tabpfn,rmia,RMIA,0.29,0.8098356734269372,0.027354400224675224,0.8363312289500925,0.02298074553300779,5
locations,tabpfn,rmia,RMIA,0.2925,0.8113879355174207,0.027649400697710134,0.8363312289500925,0.02298074553300779,5
locations,tabpfn,rmia,RMIA,0.295,0.8142581194156857,0.028212686235770876,0.8363312289500925,0.02298074553300779,5
locations,tabpfn,rmia,RMIA,0.2975,0.8166709686569282,0.02857350279973407,0.8363312289500925,0.02298074553300779,5
locations,tabpfn,rmia,RMIA,0.3,0.8193022266345199,0.028939476416265708,0.8363312289500925,0.02298074553300779,5
locations,tabpfn,rmia,RMIA,0.3025,0.8213900628752423,0.02936743072324831,0.8363312289500925,0.02298074553300779,5
locations,tabpfn,rmia,RMIA,0.305,0.8239791991679667,0.02994895785263677,0.8363312289500925,0.02298074553300779,5
locations,tabpfn,rmia,RMIA,0.3075,0.8259554909469106,0.030647051594923803,0.8363312289500925,0.02298074553300779,5
locations,tabpfn,rmia,RMIA,0.31,0.8278448257930316,0.030863726187389327,0.8363312289500925,0.02298074553300779,5
locations,tabpfn,rmia,RMIA,0.3125,0.830127405096204,0.031097473313847174,0.8363312289500925,0.02298074553300779,5
locations,tabpfn,rmia,RMIA,0.315,0.8318244409776391,0.031450240504847606,0.8363312289500925,0.02298074553300779,5
locations,tabpfn,rmia,RMIA,0.3175,0.8330046801872075,0.03162101632881321,0.8363312289500925,0.02298074553300779,5
locations,tabpfn,rmia,RMIA,0.32,0.8345460218408738,0.03196344695192661,0.8363312289500925,0.02298074553300779,5
locations,tabpfn,rmia,RMIA,0.3225,0.8359437077483101,0.03244185232902316,0.8363312289500925,0.02298074553300779,5
locations,tabpfn,rmia,RMIA,0.325,0.8371866874674987,0.03347656574147381,0.8363312289500925,0.02298074553300779,5
locations,tabpfn,rmia,RMIA,0.3275,0.8393704591040784,0.03425052454590331,0.8363312289500925,0.02298074553300779,5
locations,tabpfn,rmia,RMIA,0.33,0.8405284897110171,0.03338321881037538,0.8363312289500925,0.02298074553300779,5
locations,tabpfn,rmia,RMIA,0.3325,0.8414290357328579,0.03270658131788115,0.8363312289500925,0.02298074553300779,5
locations,tabpfn,rmia,RMIA,0.335,0.842334373374935,0.032858066913081733,0.8363312289500925,0.02298074553300779,5
locations,tabpfn,rmia,RMIA,0.3375,0.8434685387415495,0.03311317255294862,0.8363312289500925,0.02298074553300779,5
locations,tabpfn,rmia,RMIA,0.34,0.8442802763539113,0.03358940393290339,0.8363312289500925,0.02298074553300779,5
locations,tabpfn,rmia,RMIA,0.3425,0.8452099286828616,0.0337578553739277,0.8363312289500925,0.02298074553300779,5
locations,tabpfn,rmia,RMIA,0.34500000000000003,0.847208112324493,0.03344695123570634,0.8363312289500925,0.02298074553300779,5
locations,tabpfn,rmia,RMIA,0.34750000000000003,0.8503312532501301,0.03446736504856762,0.8363312289500925,0.02298074553300779,5
locations,tabpfn,rmia,RMIA,0.35000000000000003,0.8532423296931878,0.03520559496628708,0.8363312289500925,0.02298074553300779,5
locations,tabpfn,rmia,RMIA,0.3525,0.8545258710348413,0.03493474768737395,0.8363312289500925,0.02298074553300779,5
locations,tabpfn,rmia,RMIA,0.355,0.8565418616744669,0.03432447072917799,0.8363312289500925,0.02298074553300779,5
locations,tabpfn,rmia,RMIA,0.3575,0.8586502860114404,0.03305256534047081,0.8363312289500925,0.02298074553300779,5
locations,tabpfn,rmia,RMIA,0.36,0.8603307332293291,0.03160911299792108,0.8363312289500925,0.02298074553300779,5
locations,tabpfn,rmia,RMIA,0.3625,0.8613806552262091,0.031041834430281825,0.8363312289500925,0.02298074553300779,5
locations,tabpfn,rmia,RMIA,0.365,0.8621580863234529,0.031213805541997416,0.8363312289500925,0.02298074553300779,5
locations,tabpfn,rmia,RMIA,0.3675,0.8634789391575662,0.030226049518979125,0.8363312289500925,0.02298074553300779,5
locations,tabpfn,rmia,RMIA,0.37,0.8653242701136616,0.029234135657890133,0.8363312289500925,0.02298074553300779,5
locations,tabpfn,rmia,RMIA,0.3725,0.8673508654631901,0.0289617251304615,0.8363312289500925,0.02298074553300779,5
locations,tabpfn,rmia,RMIA,0.375,0.8692630562365352,0.028773066924364522,0.8363312289500925,0.02298074553300779,5
locations,tabpfn,rmia,RMIA,0.3775,0.8709084763390535,0.028248334141357644,0.8363312289500925,0.02298074553300779,5
locations,tabpfn,rmia,RMIA,0.38,0.8731030384072506,0.02767777291789246,0.8363312289500925,0.02298074553300779,5
locations,tabpfn,rmia,RMIA,0.3825,0.8749552782111284,0.027228481705432156,0.8363312289500925,0.02298074553300779,5
locations,tabpfn,rmia,RMIA,0.385,0.8755423816952679,0.026791402366408763,0.8363312289500925,0.02298074553300779,5
locations,tabpfn,rmia,RMIA,0.3875,0.8761986479459178,0.02670116196578913,0.8363312289500925,0.02298074553300779,5
locations,tabpfn,rmia,RMIA,0.39,0.8770379615184607,0.026476656169466206,0.8363312289500925,0.02298074553300779,5
locations,tabpfn,rmia,RMIA,0.3925,0.8782254290171607,0.02605493458467838,0.8363312289500925,0.02298074553300779,5
locations,tabpfn,rmia,RMIA,0.395,0.8791390535621426,0.0262259776060941,0.8363312289500925,0.02298074553300779,5
locations,tabpfn,rmia,RMIA,0.3975,0.8818365574622984,0.026860159972144262,0.8363312289500925,0.02298074553300779,5
locations,tabpfn,rmia,RMIA,0.4,0.8836848673946959,0.027646736439802727,0.8363312289500925,0.02298074553300779,5
locations,tabpfn,rmia,RMIA,0.4025,0.8852480387786941,0.028096634724721667,0.8363312289500925,0.02298074553300779,5
locations,tabpfn,rmia,RMIA,0.405,0.8865000891464231,0.028455821246355793,0.8363312289500925,0.02298074553300779,5
locations,tabpfn,rmia,RMIA,0.40750000000000003,0.8873374749275685,0.02851295100816148,0.8363312289500925,0.02298074553300779,5
locations,tabpfn,rmia,RMIA,0.41000000000000003,0.888019166480945,0.028661960872389834,0.8363312289500925,0.02298074553300779,5
locations,tabpfn,rmia,RMIA,0.41250000000000003,0.888541341653666,0.028790897748024243,0.8363312289500925,0.02298074553300779,5
locations,tabpfn,rmia,RMIA,0.41500000000000004,0.8890289725874749,0.02866291403509326,0.8363312289500925,0.02298074553300779,5
locations,tabpfn,rmia,RMIA,0.4175,0.8894609891538519,0.028175054880228947,0.8363312289500925,0.02298074553300779,5
locations,tabpfn,rmia,RMIA,0.42,0.8901664066562663,0.02769437113184243,0.8363312289500925,0.02298074553300779,5
locations,tabpfn,rmia,RMIA,0.4225,0.8917748402793254,0.02670552262269031,0.8363312289500925,0.02298074553300779,5
locations,tabpfn,rmia,RMIA,0.425,0.8933895141519945,0.025510832942683803,0.8363312289500925,0.02298074553300779,5
locations,tabpfn,rmia,RMIA,0.4275,0.8950805939380432,0.023922851298867894,0.8363312289500925,0.02298074553300779,5
locations,tabpfn,rmia,RMIA,0.43,0.8973474481836418,0.02559573981036005,0.8363312289500925,0.02298074553300779,5
locations,tabpfn,rmia,RMIA,0.4325,0.8993052150657455,0.025813754121996418,0.8363312289500925,0.02298074553300779,5
locations,tabpfn,rmia,RMIA,0.435,0.9009519295057518,0.025582081789720587,0.8363312289500925,0.02298074553300779,5
locations,tabpfn,rmia,RMIA,0.4375,0.9028591143645744,0.02469548615662654,0.8363312289500925,0.02298074553300779,5
locations,tabpfn,rmia,RMIA,0.44,0.903709988399536,0.025006305762221778,0.8363312289500925,0.02298074553300779,5
locations,tabpfn,rmia,RMIA,0.4425,0.904266920676827,0.02519842047496466,0.8363312289500925,0.02298074553300779,5
locations,tabpfn,rmia,RMIA,0.445,0.9044538581543261,0.025040745776127766,0.8363312289500925,0.02298074553300779,5
locations,tabpfn,rmia,RMIA,0.4475,0.904838793551742,0.025102770948751997,0.8363312289500925,0.02298074553300779,5
locations,tabpfn,rmia,RMIA,0.45,0.9054286171446858,0.02535279560346692,0.8363312289500925,0.02298074553300779,5
locations,tabpfn,rmia,RMIA,0.4525,0.9061197667906715,0.0255477726923852,0.8363312289500925,0.02298074553300779,5
locations,tabpfn,rmia,RMIA,0.455,0.9065014040561623,0.025441273470499286,0.8363312289500925,0.02298074553300779,5
locations,tabpfn,rmia,RMIA,0.4575,0.9073415756630265,0.02520672204288385,0.8363312289500925,0.02298074553300779,5
locations,tabpfn,rmia,RMIA,0.46,0.908041809672387,0.02465770769292656,0.8363312289500925,0.02298074553300779,5
locations,tabpfn,rmia,RMIA,0.4625,0.9088018720748829,0.02417609822148403,0.8363312289500925,0.02298074553300779,5
locations,tabpfn,rmia,RMIA,0.465,0.9092719708788352,0.024056042807779825,0.8363312289500925,0.02298074553300779,5
locations,tabpfn,rmia,RMIA,0.4675,0.9098690847633906,0.0238885278970607,0.8363312289500925,0.02298074553300779,5
locations,tabpfn,rmia,RMIA,0.47000000000000003,0.9106619864794592,0.024085431554383235,0.8363312289500925,0.02298074553300779,5
locations,tabpfn,rmia,RMIA,0.47250000000000003,0.9110352314092565,0.024102101011278968,0.8363312289500925,0.02298074553300779,5
locations,tabpfn,rmia,RMIA,0.47500000000000003,0.9113273530941237,0.024144562667602353,0.8363312289500925,0.02298074553300779,5
locations,tabpfn,rmia,RMIA,0.47750000000000004,0.9119658086323454,0.0241125843207866,0.8363312289500925,0.02298074553300779,5
locations,tabpfn,rmia,RMIA,0.48,0.9127122204888195,0.024039136032540924,0.8363312289500925,0.02298074553300779,5
locations,tabpfn,rmia,RMIA,0.4825,0.9136803952158086,0.023949324258617476,0.8363312289500925,0.02298074553300779,5
locations,tabpfn,rmia,RMIA,0.485,0.9155476859074362,0.023705634975079548,0.8363312289500925,0.02298074553300779,5
locations,tabpfn,rmia,RMIA,0.4875,0.9171235049401976,0.023498614528718174,0.8363312289500925,0.02298074553300779,5
locations,tabpfn,rmia,RMIA,0.49,0.9177786271450857,0.023079616438550398,0.8363312289500925,0.02298074553300779,5
locations,tabpfn,rmia,RMIA,0.4925,0.9183317082683308,0.02296370529302831,0.8363312289500925,0.02298074553300779,5
locations,tabpfn,rmia,RMIA,0.495,0.9189141185647426,0.022621982424303935,0.8363312289500925,0.02298074553300779,5
locations,tabpfn,rmia,RMIA,0.4975,0.9196341263650547,0.022466618942547676,0.8363312289500925,0.02298074553300779,5
locations,tabpfn,rmia,RMIA,0.5,0.920241809672387,0.02230517598841208,0.8363312289500925,0.02298074553300779,5
locations,tabpfn,rmia,RMIA,0.5025000000000001,0.9205547971918877,0.022529755162432295,0.8363312289500925,0.02298074553300779,5
locations,tabpfn,rmia,RMIA,0.505,0.9212343993759751,0.022569113760827913,0.8363312289500925,0.02298074553300779,5
locations,tabpfn,rmia,RMIA,0.5075000000000001,0.9221342303692148,0.022182202997070157,0.8363312289500925,0.02298074553300779,5
locations,tabpfn,rmia,RMIA,0.51,0.9227116484659387,0.021710113932166,0.8363312289500925,0.02298074553300779,5
locations,tabpfn,rmia,RMIA,0.5125,0.9233135075403016,0.02108501570986611,0.8363312289500925,0.02298074553300779,5
locations,tabpfn,rmia,RMIA,0.515,0.9236167446697868,0.021115572205312766,0.8363312289500925,0.02298074553300779,5
locations,tabpfn,rmia,RMIA,0.5175,0.9240156006240248,0.020795677971338102,0.8363312289500925,0.02298074553300779,5
locations,tabpfn,rmia,RMIA,0.52,0.9250171606864275,0.021015070154421927,0.8363312289500925,0.02298074553300779,5
locations,tabpfn,rmia,RMIA,0.5225,0.9260709828393136,0.021020790980051794,0.8363312289500925,0.02298074553300779,5
locations,tabpfn,rmia,RMIA,0.525,0.9271177847113885,0.021068964386997874,0.8363312289500925,0.02298074553300779,5
locations,tabpfn,rmia,RMIA,0.5275,0.9283365834633385,0.020830504574947575,0.8363312289500925,0.02298074553300779,5
locations,tabpfn,rmia,RMIA,0.53,0.92901872074883,0.02068163582815614,0.8363312289500925,0.02298074553300779,5
locations,tabpfn,rmia,RMIA,0.5325,0.9303124024960999,0.01942790049598783,0.8363312289500925,0.02298074553300779,5
locations,tabpfn,rmia,RMIA,0.535,0.9309578783151325,0.018868596944908604,0.8363312289500925,0.02298074553300779,5
locations,tabpfn,rmia,RMIA,0.5375,0.9319988299531982,0.018478054645551214,0.8363312289500925,0.02298074553300779,5
locations,tabpfn,rmia,RMIA,0.54,0.9325865834633384,0.018484594753057644,0.8363312289500925,0.02298074553300779,5
locations,tabpfn,rmia,RMIA,0.5425,0.9340042121684867,0.01861814859166886,0.8363312289500925,0.02298074553300779,5
locations,tabpfn,rmia,RMIA,0.545,0.9361120124804992,0.01926217451984197,0.8363312289500925,0.02298074553300779,5
locations,tabpfn,rmia,RMIA,0.5475,0.9374998439937599,0.018926436869377963,0.8363312289500925,0.02298074553300779,5
locations,tabpfn,rmia,RMIA,0.55,0.9383005720228809,0.01888009637371572,0.8363312289500925,0.02298074553300779,5
locations,tabpfn,rmia,RMIA,0.5525,0.9386116484659386,0.01884801329045803,0.8363312289500925,0.02298074553300779,5
locations,tabpfn,rmia,RMIA,0.555,0.9389466458658348,0.018747398686051745,0.8363312289500925,0.02298074553300779,5
locations,tabpfn,rmia,RMIA,0.5575,0.9393277691107645,0.01852995117937343,0.8363312289500925,0.02298074553300779,5
locations,tabpfn,rmia,RMIA,0.56,0.9398127925117004,0.018373190780891557,0.8363312289500925,0.02298074553300779,5
locations,tabpfn,rmia,RMIA,0.5625,0.9402886115444617,0.018407538169314657,0.8363312289500925,0.02298074553300779,5
locations,tabpfn,rmia,RMIA,0.5650000000000001,0.9423369734789393,0.018137315280992067,0.8363312289500925,0.02298074553300779,5
locations,tabpfn,rmia,RMIA,0.5675,0.9434512835058857,0.018736310852200597,0.8363312289500925,0.02298074553300779,5
locations,tabpfn,rmia,RMIA,0.5700000000000001,0.9444427740745993,0.019146659402353338,0.8363312289500925,0.02298074553300779,5
locations,tabpfn,rmia,RMIA,0.5725,0.9452454970926111,0.019296297188369293,0.8363312289500925,0.02298074553300779,5
locations,tabpfn,rmia,RMIA,0.5750000000000001,0.9459062544319956,0.0193902949870097,0.8363312289500925,0.02298074553300779,5
locations,tabpfn,rmia,RMIA,0.5775,0.9467547392804804,0.01986847197253371,0.8363312289500925,0.02298074553300779,5
locations,tabpfn,rmia,RMIA,0.58,0.9473187727509101,0.020258364446365366,0.8363312289500925,0.02298074553300779,5
locations,tabpfn,rmia,RMIA,0.5825,0.9476471067933627,0.020473581432132897,0.8363312289500925,0.02298074553300779,5
locations,tabpfn,rmia,RMIA,0.585,0.9479789391575663,0.020369557195161512,0.8363312289500925,0.02298074553300779,5
locations,tabpfn,rmia,RMIA,0.5875,0.9485101404056163,0.01969757178247964,0.8363312289500925,0.02298074553300779,5
locations,tabpfn,rmia,RMIA,0.59,0.9503057722308892,0.019793453039927383,0.8363312289500925,0.02298074553300779,5
locations,tabpfn,rmia,RMIA,0.5925,0.9515663026521061,0.019379904157706348,0.8363312289500925,0.02298074553300779,5
locations,tabpfn,rmia,RMIA,0.595,0.9524134165366615,0.018498421106980207,0.8363312289500925,0.02298074553300779,5
locations,tabpfn,rmia,RMIA,0.5975,0.9532264690587624,0.017481377221289132,0.8363312289500925,0.02298074553300779,5
locations,tabpfn,rmia,RMIA,0.6,0.9540509620384816,0.016663790484423815,0.8363312289500925,0.02298074553300779,5
locations,tabpfn,rmia,RMIA,0.6025,0.9541341653666147,0.016715251464560217,0.8363312289500925,0.02298074553300779,5
locations,tabpfn,rmia,RMIA,0.605,0.9550059282371295,0.01738956201919594,0.8363312289500925,0.02298074553300779,5
locations,tabpfn,rmia,RMIA,0.6075,0.9560705148205928,0.018229253219264503,0.8363312289500925,0.02298074553300779,5
locations,tabpfn,rmia,RMIA,0.61,0.9562708268330733,0.018306693886279615,0.8363312289500925,0.02298074553300779,5
locations,tabpfn,rmia,RMIA,0.6125,0.9567327093083723,0.018108423226296504,0.8363312289500925,0.02298074553300779,5
locations,tabpfn,rmia,RMIA,0.615,0.9577252210088403,0.01791020404211478,0.8363312289500925,0.02298074553300779,5
locations,tabpfn,rmia,RMIA,0.6175,0.9580116930391501,0.017630053315509295,0.8363312289500925,0.02298074553300779,5
locations,tabpfn,rmia,RMIA,0.62,0.958582869029047,0.017480688560299624,0.8363312289500925,0.02298074553300779,5
locations,tabpfn,rmia,RMIA,0.6225,0.9592803840725057,0.017374493314194175,0.8363312289500925,0.02298074553300779,5
locations,tabpfn,rmia,RMIA,0.625,0.9596723868954757,0.017204065156673463,0.8363312289500925,0.02298074553300779,5
locations,tabpfn,rmia,RMIA,0.6275000000000001,0.9599344773790952,0.017404023846895027,0.8363312289500925,0.02298074553300779,5
locations,tabpfn,rmia,RMIA,0.63,0.9610745115518906,0.017501530507494114,0.8363312289500925,0.02298074553300779,5
locations,tabpfn,rmia,RMIA,0.6325000000000001,0.9616025183864497,0.017423861648069937,0.8363312289500925,0.02298074553300779,5
locations,tabpfn,rmia,RMIA,0.635,0.962210608424337,0.01740340108188431,0.8363312289500925,0.02298074553300779,5
locations,tabpfn,rmia,RMIA,0.6375000000000001,0.9628454238169526,0.017455788898120786,0.8363312289500925,0.02298074553300779,5
locations,tabpfn,rmia,RMIA,0.64,0.9634288091523662,0.017640176578323008,0.8363312289500925,0.02298074553300779,5
locations,tabpfn,rmia,RMIA,0.6425,0.9637624544981799,0.017552806543186243,0.8363312289500925,0.02298074553300779,5
locations,tabpfn,rmia,RMIA,0.645,0.9641304509323231,0.017470063600780916,0.8363312289500925,0.02298074553300779,5
locations,tabpfn,rmia,RMIA,0.6475,0.9646073842953717,0.017765340993695488,0.8363312289500925,0.02298074553300779,5
locations,tabpfn,rmia,RMIA,0.65,0.9651935220265953,0.01812432922388947,0.8363312289500925,0.02298074553300779,5
locations,tabpfn,rmia,RMIA,0.6525,0.9659723274645271,0.018511080764268776,0.8363312289500925,0.02298074553300779,5
locations,tabpfn,rmia,RMIA,0.655,0.9665270410816433,0.01872157519338108,0.8363312289500925,0.02298074553300779,5
locations,tabpfn,rmia,RMIA,0.6575,0.9674174466978679,0.018018845922954847,0.8363312289500925,0.02298074553300779,5
locations,tabpfn,rmia,RMIA,0.66,0.9683484139365575,0.01685494978230519,0.8363312289500925,0.02298074553300779,5
locations,tabpfn,rmia,RMIA,0.6625,0.9686134945397816,0.016718461821368113,0.8363312289500925,0.02298074553300779,5
locations,tabpfn,rmia,RMIA,0.665,0.9696263650546021,0.016938429261705815,0.8363312289500925,0.02298074553300779,5
locations,tabpfn,rmia,RMIA,0.6675,0.9712320592823712,0.01698227242274117,0.8363312289500925,0.02298074553300779,5
locations,tabpfn,rmia,RMIA,0.67,0.9723182527301091,0.01655765232384678,0.8363312289500925,0.02298074553300779,5
locations,tabpfn,rmia,RMIA,0.6725,0.9730873634945398,0.016950205794220366,0.8363312289500925,0.02298074553300779,5
locations,tabpfn,rmia,RMIA,0.675,0.973166926677067,0.0169968064898157,0.8363312289500925,0.02298074553300779,5
locations,tabpfn,rmia,RMIA,0.6775,0.9734648985959439,0.016355035681874637,0.8363312289500925,0.02298074553300779,5
locations,tabpfn,rmia,RMIA,0.68,0.9737909516380654,0.01565513098820856,0.8363312289500925,0.02298074553300779,5
locations,tabpfn,rmia,RMIA,0.6825,0.9740737315206894,0.015801538660466526,0.8363312289500925,0.02298074553300779,5
locations,tabpfn,rmia,RMIA,0.685,0.9748010548993389,0.01597237363201078,0.8363312289500925,0.02298074553300779,5
locations,tabpfn,rmia,RMIA,0.6875,0.9758897927345664,0.015882913462834984,0.8363312289500925,0.02298074553300779,5
locations,tabpfn,rmia,RMIA,0.6900000000000001,0.9765363048807666,0.015793370060727584,0.8363312289500925,0.02298074553300779,5
locations,tabpfn,rmia,RMIA,0.6925,0.9768466235792289,0.015523046113530933,0.8363312289500925,0.02298074553300779,5
locations,tabpfn,rmia,RMIA,0.6950000000000001,0.9772129485179407,0.015419128437085575,0.8363312289500925,0.02298074553300779,5
locations,tabpfn,rmia,RMIA,0.6975,0.9776751170046802,0.015008408457463152,0.8363312289500925,0.02298074553300779,5
locations,tabpfn,rmia,RMIA,0.7000000000000001,0.9781279251170047,0.014396236070495533,0.8363312289500925,0.02298074553300779,5
locations,tabpfn,rmia,RMIA,0.7025,0.9785503120124804,0.013625729866271202,0.8363312289500925,0.02298074553300779,5
locations,tabpfn,rmia,RMIA,0.705,0.978783151326053,0.01312679186768342,0.8363312289500925,0.02298074553300779,5
locations,tabpfn,rmia,RMIA,0.7075,0.9788813312532503,0.013209239355241226,0.8363312289500925,0.02298074553300779,5
locations,tabpfn,rmia,RMIA,0.71,0.9792215140034173,0.013430821090418892,0.8363312289500925,0.02298074553300779,5
locations,tabpfn,rmia,RMIA,0.7125,0.9795874749275686,0.013615777446758922,0.8363312289500925,0.02298074553300779,5
locations,tabpfn,rmia,RMIA,0.715,0.9799271227991977,0.01330060317040884,0.8363312289500925,0.02298074553300779,5
locations,tabpfn,rmia,RMIA,0.7175,0.9802215288611545,0.01297887725278489,0.8363312289500925,0.02298074553300779,5
locations,tabpfn,rmia,RMIA,0.72,0.980455538221529,0.012999534856068386,0.8363312289500925,0.02298074553300779,5
locations,tabpfn,rmia,RMIA,0.7225,0.9812067082683308,0.013206466023828238,0.8363312289500925,0.02298074553300779,5
locations,tabpfn,rmia,RMIA,0.725,0.9814196567862716,0.013303180013993613,0.8363312289500925,0.02298074553300779,5
locations,tabpfn,rmia,RMIA,0.7275,0.9820678627145087,0.012823760514200982,0.8363312289500925,0.02298074553300779,5
locations,tabpfn,rmia,RMIA,0.73,0.9822152886115445,0.01294005700675677,0.8363312289500925,0.02298074553300779,5
locations,tabpfn,rmia,RMIA,0.7325,0.9822152886115445,0.01294005700675677,0.8363312289500925,0.02298074553300779,5
locations,tabpfn,rmia,RMIA,0.735,0.9824867394695789,0.013173097089496672,0.8363312289500925,0.02298074553300779,5
locations,tabpfn,rmia,RMIA,0.7375,0.982564352574103,0.013227712010084956,0.8363312289500925,0.02298074553300779,5
locations,tabpfn,rmia,RMIA,0.74,0.9826957878315132,0.01329692353904296,0.8363312289500925,0.02298074553300779,5
locations,tabpfn,rmia,RMIA,0.7425,0.9832026521060844,0.013018565000461049,0.8363312289500925,0.02298074553300779,5
locations,tabpfn,rmia,RMIA,0.745,0.9845773790951637,0.01255797486804214,0.8363312289500925,0.02298074553300779,5
locations,tabpfn,rmia,RMIA,0.7475,0.9855129485179408,0.012403865403369456,0.8363312289500925,0.02298074553300779,5
locations,tabpfn,rmia,RMIA,0.75,0.9857371294851796,0.012442503223757355,0.8363312289500925,0.02298074553300779,5
locations,tabpfn,rmia,RMIA,0.7525000000000001,0.9858998829953199,0.012490869213709952,0.8363312289500925,0.02298074553300779,5
locations,tabpfn,rmia,RMIA,0.755,0.9860626365054603,0.012543360399257079,0.8363312289500925,0.02298074553300779,5
locations,tabpfn,rmia,RMIA,0.7575000000000001,0.9863040171606865,0.012381958118943551,0.8363312289500925,0.02298074553300779,5
locations,tabpfn,rmia,RMIA,0.76,0.9868673946957879,0.011334174917837843,0.8363312289500925,0.02298074553300779,5
locations,tabpfn,rmia,RMIA,0.7625000000000001,0.9872074882995321,0.011325236451096147,0.8363312289500925,0.02298074553300779,5
locations,tabpfn,rmia,RMIA,0.765,0.9872345293811753,0.011325089392793699,0.8363312289500925,0.02298074553300779,5
locations,tabpfn,rmia,RMIA,0.7675000000000001,0.9875683827353094,0.011337396798940904,0.8363312289500925,0.02298074553300779,5
locations,tabpfn,rmia,RMIA,0.77,0.9879022360894437,0.011375746285551215,0.8363312289500925,0.02298074553300779,5
locations,tabpfn,rmia,RMIA,0.7725,0.9880886635465419,0.011292562120737018,0.8363312289500925,0.02298074553300779,5
locations,tabpfn,rmia,RMIA,0.775,0.9882293291731671,0.010988214562682879,0.8363312289500925,0.02298074553300779,5
locations,tabpfn,rmia,RMIA,0.7775,0.9884797191887676,0.010447958306481046,0.8363312289500925,0.02298074553300779,5
locations,tabpfn,rmia,RMIA,0.78,0.9887301092043682,0.009909881829340864,0.8363312289500925,0.02298074553300779,5
locations,tabpfn,rmia,RMIA,0.7825,0.9889804992199688,0.009374360488489865,0.8363312289500925,0.02298074553300779,5
locations,tabpfn,rmia,RMIA,0.785,0.9890795631825273,0.009163291828760295,0.8363312289500925,0.02298074553300779,5
locations,tabpfn,rmia,RMIA,0.7875,0.9892589703588144,0.00917206911299417,0.8363312289500925,0.02298074553300779,5
locations,tabpfn,rmia,RMIA,0.79,0.9896037441497659,0.009168991217439497,0.8363312289500925,0.02298074553300779,5
locations,tabpfn,rmia,RMIA,0.7925,0.9899820592823714,0.008660568259265516,0.8363312289500925,0.02298074553300779,5
locations,tabpfn,rmia,RMIA,0.795,0.9904360374414976,0.008476380706966451,0.8363312289500925,0.02298074553300779,5
locations,tabpfn,rmia,RMIA,0.7975,0.990561232449298,0.008202316507703322,0.8363312289500925,0.02298074553300779,5
locations,tabpfn,rmia,RMIA,0.8,0.9912012480499219,0.00845144998484077,0.8363312289500925,0.02298074553300779,5
locations,tabpfn,rmia,RMIA,0.8025,0.9914516380655227,0.008112452184582493,0.8363312289500925,0.02298074553300779,5
locations,tabpfn,rmia,RMIA,0.805,0.9917020280811233,0.007577360560748009,0.8363312289500925,0.02298074553300779,5
locations,tabpfn,rmia,RMIA,0.8075,0.9921706968278731,0.007146185943331891,0.8363312289500925,0.02298074553300779,5
locations,tabpfn,rmia,RMIA,0.81,0.9926453458138326,0.006882069996971483,0.8363312289500925,0.02298074553300779,5
locations,tabpfn,rmia,RMIA,0.8125,0.9928724648985959,0.006683143788211403,0.8363312289500925,0.02298074553300779,5
locations,tabpfn,rmia,RMIA,0.8150000000000001,0.9929976599063963,0.006715413828534805,0.8363312289500925,0.02298074553300779,5
locations,tabpfn,rmia,RMIA,0.8175,0.993253120124805,0.006818079338060759,0.8363312289500925,0.02298074553300779,5
locations,tabpfn,rmia,RMIA,0.8200000000000001,0.9934477379095163,0.006924287370100526,0.8363312289500925,0.02298074553300779,5
locations,tabpfn,rmia,RMIA,0.8225,0.9934477379095163,0.006924287370100526,0.8363312289500925,0.02298074553300779,5
locations,tabpfn,rmia,RMIA,0.8250000000000001,0.9934477379095163,0.006924287370100526,0.8363312289500925,0.02298074553300779,5
locations,tabpfn,rmia,RMIA,0.8275,0.9936435257410297,0.0070581404597834865,0.8363312289500925,0.02298074553300779,5
locations,tabpfn,rmia,RMIA,0.8300000000000001,0.9940280811232449,0.0073898099277239235,0.8363312289500925,0.02298074553300779,5
locations,tabpfn,rmia,RMIA,0.8325,0.994383775351014,0.006764269388043291,0.8363312289500925,0.02298074553300779,5
locations,tabpfn,rmia,RMIA,0.835,0.9944950598023921,0.006527286094613302,0.8363312289500925,0.02298074553300779,5
locations,tabpfn,rmia,RMIA,0.8375,0.9946619864794591,0.006173560817492033,0.8363312289500925,0.02298074553300779,5
locations,tabpfn,rmia,RMIA,0.84,0.9947623504940198,0.0059620315645555425,0.8363312289500925,0.02298074553300779,5
locations,tabpfn,rmia,RMIA,0.8425,0.9948458138325533,0.0057868622041960934,0.8363312289500925,0.02298074553300779,5
locations,tabpfn,rmia,RMIA,0.845,0.9949292771710869,0.005612431670206914,0.8363312289500925,0.02298074553300779,5
locations,tabpfn,rmia,RMIA,0.8475,0.9950078003120124,0.005449063711879259,0.8363312289500925,0.02298074553300779,5
locations,tabpfn,rmia,RMIA,0.85,0.9950078003120124,0.005449063711879259,0.8363312289500925,0.02298074553300779,5
locations,tabpfn,rmia,RMIA,0.8525,0.9950268330733228,0.005409581156037967,0.8363312289500925,0.02298074553300779,5
locations,tabpfn,rmia,RMIA,0.855,0.9951269890795633,0.005202611592206647,0.8363312289500925,0.02298074553300779,5
locations,tabpfn,rmia,RMIA,0.8575,0.9952807072282892,0.004999783190163252,0.8363312289500925,0.02298074553300779,5
locations,tabpfn,rmia,RMIA,0.86,0.9958523140925639,0.004866096693025698,0.8363312289500925,0.02298074553300779,5
locations,tabpfn,rmia,RMIA,0.8625,0.9961323452938118,0.004660110706388526,0.8363312289500925,0.02298074553300779,5
locations,tabpfn,rmia,RMIA,0.865,0.9967041081643266,0.0038511225215311718,0.8363312289500925,0.02298074553300779,5
locations,tabpfn,rmia,RMIA,0.8675,0.997191887675507,0.003000839947218647,0.8363312289500925,0.02298074553300779,5
locations,tabpfn,rmia,RMIA,0.87,0.997191887675507,0.003000839947218647,0.8363312289500925,0.02298074553300779,5
locations,tabpfn,rmia,RMIA,0.8725,0.9979945397815913,0.0017045430926566972,0.8363312289500925,0.02298074553300779,5
locations,tabpfn,rmia,RMIA,0.875,0.9981279251170048,0.001708962737925643,0.8363312289500925,0.02298074553300779,5
locations,tabpfn,rmia,RMIA,0.8775000000000001,0.9981279251170048,0.001708962737925643,0.8363312289500925,0.02298074553300779,5
locations,tabpfn,rmia,RMIA,0.88,0.9984274570982841,0.0018981029924198221,0.8363312289500925,0.02298074553300779,5
locations,tabpfn,rmia,RMIA,0.8825000000000001,0.9984399375975039,0.001910678426507942,0.8363312289500925,0.02298074553300779,5
locations,tabpfn,rmia,RMIA,0.885,0.9987519500780031,0.0013052418510672112,0.8363312289500925,0.02298074553300779,5
locations,tabpfn,rmia,RMIA,0.8875000000000001,0.9987519500780031,0.0013052418510672112,0.8363312289500925,0.02298074553300779,5
locations,tabpfn,rmia,RMIA,0.89,0.9987519500780031,0.0013052418510672112,0.8363312289500925,0.02298074553300779,5
locations,tabpfn,rmia,RMIA,0.8925000000000001,0.9987519500780031,0.0013052418510672112,0.8363312289500925,0.02298074553300779,5
locations,tabpfn,rmia,RMIA,0.895,0.9987519500780031,0.0013052418510672112,0.8363312289500925,0.02298074553300779,5
locations,tabpfn,rmia,RMIA,0.8975,0.9987519500780031,0.0013052418510672112,0.8363312289500925,0.02298074553300779,5
locations,tabpfn,rmia,RMIA,0.9,0.9987519500780031,0.0013052418510672112,0.8363312289500925,0.02298074553300779,5
locations,tabpfn,rmia,RMIA,0.9025,0.9987519500780031,0.0013052418510672112,0.8363312289500925,0.02298074553300779,5
locations,tabpfn,rmia,RMIA,0.905,0.9987519500780031,0.0013052418510672112,0.8363312289500925,0.02298074553300779,5
locations,tabpfn,rmia,RMIA,0.9075,0.9987519500780031,0.0013052418510672112,0.8363312289500925,0.02298074553300779,5
locations,tabpfn,rmia,RMIA,0.91,0.9987519500780031,0.0013052418510672112,0.8363312289500925,0.02298074553300779,5
locations,tabpfn,rmia,RMIA,0.9125,0.9987519500780031,0.0013052418510672112,0.8363312289500925,0.02298074553300779,5
locations,tabpfn,rmia,RMIA,0.915,0.9987519500780031,0.0013052418510672112,0.8363312289500925,0.02298074553300779,5
locations,tabpfn,rmia,RMIA,0.9175,0.9987546801872075,0.001300352311908331,0.8363312289500925,0.02298074553300779,5
locations,tabpfn,rmia,RMIA,0.92,0.9988798751950079,0.0010893883474036733,0.8363312289500925,0.02298074553300779,5
locations,tabpfn,rmia,RMIA,0.9225,0.9990605638511255,0.0008811074040676875,0.8363312289500925,0.02298074553300779,5
locations,tabpfn,rmia,RMIA,0.925,0.9991909962112772,0.0007827168894596612,0.8363312289500925,0.02298074553300779,5
locations,tabpfn,rmia,RMIA,0.9275,0.9992625362157345,0.0007858171542179584,0.8363312289500925,0.02298074553300779,5
locations,tabpfn,rmia,RMIA,0.93,0.9993340762201918,0.0008207016467989755,0.8363312289500925,0.02298074553300779,5
locations,tabpfn,rmia,RMIA,0.9325,0.9993759750390016,0.0008544813689627986,0.8363312289500925,0.02298074553300779,5
locations,tabpfn,rmia,RMIA,0.935,0.9993759750390016,0.0008544813689627986,0.8363312289500925,0.02298074553300779,5
locations,tabpfn,rmia,RMIA,0.9375,0.9993759750390016,0.0008544813689627986,0.8363312289500925,0.02298074553300779,5
locations,tabpfn,rmia,RMIA,0.9400000000000001,0.9993759750390016,0.0008544813689627986,0.8363312289500925,0.02298074553300779,5
locations,tabpfn,rmia,RMIA,0.9425,0.9993759750390016,0.0008544813689627986,0.8363312289500925,0.02298074553300779,5
locations,tabpfn,rmia,RMIA,0.9450000000000001,0.9993759750390016,0.0008544813689627986,0.8363312289500925,0.02298074553300779,5
locations,tabpfn,rmia,RMIA,0.9475,0.9993759750390016,0.0008544813689627986,0.8363312289500925,0.02298074553300779,5
locations,tabpfn,rmia,RMIA,0.9500000000000001,0.9993759750390016,0.0008544813689627986,0.8363312289500925,0.02298074553300779,5
locations,tabpfn,rmia,RMIA,0.9525,0.9993759750390016,0.0008544813689627986,0.8363312289500925,0.02298074553300779,5
locations,tabpfn,rmia,RMIA,0.9550000000000001,0.9993759750390016,0.0008544813689627986,0.8363312289500925,0.02298074553300779,5
locations,tabpfn,rmia,RMIA,0.9575,0.9993759750390016,0.0008544813689627986,0.8363312289500925,0.02298074553300779,5
locations,tabpfn,rmia,RMIA,0.96,0.9993759750390016,0.0008544813689627986,0.8363312289500925,0.02298074553300779,5
locations,tabpfn,rmia,RMIA,0.9625,0.9993759750390016,0.0008544813689627986,0.8363312289500925,0.02298074553300779,5
locations,tabpfn,rmia,RMIA,0.965,0.9993759750390016,0.0008544813689627986,0.8363312289500925,0.02298074553300779,5
locations,tabpfn,rmia,RMIA,0.9675,0.9993759750390016,0.0008544813689627986,0.8363312289500925,0.02298074553300779,5
locations,tabpfn,rmia,RMIA,0.97,0.9993759750390016,0.0008544813689627986,0.8363312289500925,0.02298074553300779,5
locations,tabpfn,rmia,RMIA,0.9725,0.9993759750390016,0.0008544813689627986,0.8363312289500925,0.02298074553300779,5
locations,tabpfn,rmia,RMIA,0.975,0.9993759750390016,0.0008544813689627986,0.8363312289500925,0.02298074553300779,5
locations,tabpfn,rmia,RMIA,0.9775,0.9994192667706707,0.0007988758199400671,0.8363312289500925,0.02298074553300779,5
locations,tabpfn,rmia,RMIA,0.98,0.9997254290171608,0.00037661858039330184,0.8363312289500925,0.02298074553300779,5
locations,tabpfn,rmia,RMIA,0.9825,0.9999816692667707,4.098876557817698e-05,0.8363312289500925,0.02298074553300779,5
locations,tabpfn,rmia,RMIA,0.985,1.0,0.0,0.8363312289500925,0.02298074553300779,5
locations,tabpfn,rmia,RMIA,0.9875,1.0,0.0,0.8363312289500925,0.02298074553300779,5
locations,tabpfn,rmia,RMIA,0.99,1.0,0.0,0.8363312289500925,0.02298074553300779,5
locations,tabpfn,rmia,RMIA,0.9925,1.0,0.0,0.8363312289500925,0.02298074553300779,5
locations,tabpfn,rmia,RMIA,0.995,1.0,0.0,0.8363312289500925,0.02298074553300779,5
locations,tabpfn,rmia,RMIA,0.9975,1.0,0.0,0.8363312289500925,0.02298074553300779,5
locations,tabpfn,rmia,RMIA,1.0,1.0,0.0,0.8363312289500925,0.02298074553300779,5
locations,tabpfn,lira,LiRA,0.0,0.0,0.0,0.7034996913895247,0.017363503690118284,5
locations,tabpfn,lira,LiRA,0.0025,0.00461952435911261,0.00038213442949423625,0.7034996913895247,0.017363503690118284,5
locations,tabpfn,lira,LiRA,0.005,0.00923904871822522,0.0007642688589884725,0.7034996913895247,0.017363503690118284,5
locations,tabpfn,lira,LiRA,0.0075,0.013858573077337833,0.001146403288482709,0.7034996913895247,0.017363503690118284,5
locations,tabpfn,lira,LiRA,0.01,0.01847809743645044,0.001528537717976945,0.7034996913895247,0.017363503690118284,5
locations,tabpfn,lira,LiRA,0.0125,0.023097621795563055,0.0019106721474711817,0.7034996913895247,0.017363503690118284,5
locations,tabpfn,lira,LiRA,0.015,0.027717146154675666,0.002292806576965418,0.7034996913895247,0.017363503690118284,5
locations,tabpfn,lira,LiRA,0.0175,0.03233667051378828,0.002674941006459656,0.7034996913895247,0.017363503690118284,5
locations,tabpfn,lira,LiRA,0.02,0.03695619487290088,0.00305707543595389,0.7034996913895247,0.017363503690118284,5
locations,tabpfn,lira,LiRA,0.0225,0.04157571923201349,0.003439209865448127,0.7034996913895247,0.017363503690118284,5
locations,tabpfn,lira,LiRA,0.025,0.04619524359112611,0.0038213442949423635,0.7034996913895247,0.017363503690118284,5
locations,tabpfn,lira,LiRA,0.0275,0.05081476795023872,0.004203478724436601,0.7034996913895247,0.017363503690118284,5
locations,tabpfn,lira,LiRA,0.03,0.05543429230935133,0.004585613153930836,0.7034996913895247,0.017363503690118284,5
locations,tabpfn,lira,LiRA,0.0325,0.06005381666846395,0.004967747583425072,0.7034996913895247,0.017363503690118284,5
locations,tabpfn,lira,LiRA,0.035,0.06467334102757656,0.005349882012919312,0.7034996913895247,0.017363503690118284,5
locations,tabpfn,lira,LiRA,0.0375,0.06929286538668916,0.0057320164424135445,0.7034996913895247,0.017363503690118284,5
locations,tabpfn,lira,LiRA,0.04,0.07391238974580176,0.00611415087190778,0.7034996913895247,0.017363503690118284,5
locations,tabpfn,lira,LiRA,0.0425,0.0785319141049144,0.006496285301402018,0.7034996913895247,0.017363503690118284,5
locations,tabpfn,lira,LiRA,0.045,0.08315143846402698,0.006878419730896254,0.7034996913895247,0.017363503690118284,5
locations,tabpfn,lira,LiRA,0.0475,0.0877709628231396,0.0072605541603904915,0.7034996913895247,0.017363503690118284,5
locations,tabpfn,lira,LiRA,0.05,0.09239048718225222,0.007642688589884727,0.7034996913895247,0.017363503690118284,5
locations,tabpfn,lira,LiRA,0.0525,0.09701001154136482,0.008024823019378959,0.7034996913895247,0.017363503690118284,5
locations,tabpfn,lira,LiRA,0.055,0.10162953590047744,0.008406957448873202,0.7034996913895247,0.017363503690118284,5
locations,tabpfn,lira,LiRA,0.0575,0.10624906025959005,0.008789091878367433,0.7034996913895247,0.017363503690118284,5
locations,tabpfn,lira,LiRA,0.06,0.11086858461870266,0.009171226307861671,0.7034996913895247,0.017363503690118284,5
locations,tabpfn,lira,LiRA,0.0625,0.11548810897781528,0.009553360737355908,0.7034996913895247,0.017363503690118284,5
locations,tabpfn,lira,LiRA,0.065,0.1201076333369279,0.009935495166850144,0.7034996913895247,0.017363503690118284,5
locations,tabpfn,lira,LiRA,0.0675,0.12472715769604051,0.010317629596344377,0.7034996913895247,0.017363503690118284,5
locations,tabpfn,lira,LiRA,0.07,0.12934668205515312,0.010699764025838623,0.7034996913895247,0.017363503690118284,5
locations,tabpfn,lira,LiRA,0.0725,0.1339662064142657,0.011081898455332856,0.7034996913895247,0.017363503690118284,5
locations,tabpfn,lira,LiRA,0.075,0.13858573077337832,0.011464032884827089,0.7034996913895247,0.017363503690118284,5
locations,tabpfn,lira,LiRA,0.0775,0.14320525513249094,0.011846167314321324,0.7034996913895247,0.017363503690118284,5
locations,tabpfn,lira,LiRA,0.08,0.14782477949160353,0.01222830174381556,0.7034996913895247,0.017363503690118284,5
locations,tabpfn,lira,LiRA,0.0825,0.15244430385071617,0.012610436173309798,0.7034996913895247,0.017363503690118284,5
locations,tabpfn,lira,LiRA,0.085,0.1570638282098288,0.012992570602804036,0.7034996913895247,0.017363503690118284,5
locations,tabpfn,lira,LiRA,0.08750000000000001,0.1616833525689414,0.013374705032298272,0.7034996913895247,0.017363503690118284,5
locations,tabpfn,lira,LiRA,0.09,0.16630287692805396,0.013756839461792509,0.7034996913895247,0.017363503690118284,5
locations,tabpfn,lira,LiRA,0.0925,0.1709224012871666,0.014138973891286735,0.7034996913895247,0.017363503690118284,5
locations,tabpfn,lira,LiRA,0.095,0.1755419256462792,0.014521108320780983,0.7034996913895247,0.017363503690118284,5
locations,tabpfn,lira,LiRA,0.0975,0.18016145000539183,0.01490324275027522,0.7034996913895247,0.017363503690118284,5
locations,tabpfn,lira,LiRA,0.1,0.18478097436450444,0.015285377179769454,0.7034996913895247,0.017363503690118284,5
locations,tabpfn,lira,LiRA,0.10250000000000001,0.18940049872361703,0.015667511609263687,0.7034996913895247,0.017363503690118284,5
locations,tabpfn,lira,LiRA,0.105,0.19402002308272964,0.016049646038757918,0.7034996913895247,0.017363503690118284,5
locations,tabpfn,lira,LiRA,0.1075,0.19863954744184226,0.016431780468252166,0.7034996913895247,0.017363503690118284,5
locations,tabpfn,lira,LiRA,0.11,0.20325907180095487,0.016813914897746404,0.7034996913895247,0.017363503690118284,5
locations,tabpfn,lira,LiRA,0.1125,0.20787859616006746,0.017196049327240632,0.7034996913895247,0.017363503690118284,5
locations,tabpfn,lira,LiRA,0.115,0.2124981205191801,0.017578183756734866,0.7034996913895247,0.017363503690118284,5
locations,tabpfn,lira,LiRA,0.11750000000000001,0.21711764487829271,0.017960318186229104,0.7034996913895247,0.017363503690118284,5
locations,tabpfn,lira,LiRA,0.12,0.22173716923740533,0.018342452615723343,0.7034996913895247,0.017363503690118284,5
locations,tabpfn,lira,LiRA,0.1225,0.22635669359651792,0.01872458704521758,0.7034996913895247,0.017363503690118284,5
locations,tabpfn,lira,LiRA,0.125,0.23097621795563056,0.019106721474711815,0.7034996913895247,0.017363503690118284,5
locations,tabpfn,lira,LiRA,0.1275,0.23559574231474315,0.01948885590420605,0.7034996913895247,0.017363503690118284,5
locations,tabpfn,lira,LiRA,0.13,0.2402152666738558,0.019870990333700288,0.7034996913895247,0.017363503690118284,5
locations,tabpfn,lira,LiRA,0.1325,0.24483479103296837,0.020253124763194515,0.7034996913895247,0.017363503690118284,5
locations,tabpfn,lira,LiRA,0.135,0.24945431539208102,0.020635259192688753,0.7034996913895247,0.017363503690118284,5
locations,tabpfn,lira,LiRA,0.1375,0.2540738397511936,0.02101739362218301,0.7034996913895247,0.017363503690118284,5
locations,tabpfn,lira,LiRA,0.14,0.25869336411030625,0.021399528051677247,0.7034996913895247,0.017363503690118284,5
locations,tabpfn,lira,LiRA,0.14250000000000002,0.2633128884694188,0.02178166248117147,0.7034996913895247,0.017363503690118284,5
locations,tabpfn,lira,LiRA,0.145,0.2679324128285314,0.022163796910665712,0.7034996913895247,0.017363503690118284,5
locations,tabpfn,lira,LiRA,0.1475,0.27255193718764403,0.022545931340159947,0.7034996913895247,0.017363503690118284,5
locations,tabpfn,lira,LiRA,0.15,0.27717146154675665,0.022928065769654178,0.7034996913895247,0.017363503690118284,5
locations,tabpfn,lira,LiRA,0.1525,0.28179098590586926,0.02331020019914841,0.7034996913895247,0.017363503690118284,5
locations,tabpfn,lira,LiRA,0.155,0.2864105102649819,0.023692334628642647,0.7034996913895247,0.017363503690118284,5
locations,tabpfn,lira,LiRA,0.1575,0.2910300346240945,0.024074469058136882,0.7034996913895247,0.017363503690118284,5
locations,tabpfn,lira,LiRA,0.16,0.29564955898320705,0.02445660348763112,0.7034996913895247,0.017363503690118284,5
locations,tabpfn,lira,LiRA,0.1625,0.3002690833423197,0.024838737917125375,0.7034996913895247,0.017363503690118284,5
locations,tabpfn,lira,LiRA,0.165,0.30488860770143233,0.025220872346619596,0.7034996913895247,0.017363503690118284,5
locations,tabpfn,lira,LiRA,0.1675,0.30950813206054495,0.025603006776113834,0.7034996913895247,0.017363503690118284,5
locations,tabpfn,lira,LiRA,0.17,0.3141276564196576,0.025985141205608072,0.7034996913895247,0.017363503690118284,5
locations,tabpfn,lira,LiRA,0.17250000000000001,0.3187471807787702,0.02636727563510231,0.7034996913895247,0.017363503690118284,5
locations,tabpfn,lira,LiRA,0.17500000000000002,0.3233667051378828,0.026749410064596545,0.7034996913895247,0.017363503690118284,5
locations,tabpfn,lira,LiRA,0.1775,0.32798622949699535,0.02713154449409078,0.7034996913895247,0.017363503690118284,5
locations,tabpfn,lira,LiRA,0.18,0.3326057538561079,0.027513678923585017,0.7034996913895247,0.017363503690118284,5
locations,tabpfn,lira,LiRA,0.1825,0.3372252782152206,0.027895813353079238,0.7034996913895247,0.017363503690118284,5
locations,tabpfn,lira,LiRA,0.185,0.3418448025743332,0.02827794778257347,0.7034996913895247,0.017363503690118284,5
locations,tabpfn,lira,LiRA,0.1875,0.34646432693344575,0.028660082212067707,0.7034996913895247,0.017363503690118284,5
locations,tabpfn,lira,LiRA,0.19,0.3510838512925584,0.029042216641561966,0.7034996913895247,0.017363503690118284,5
locations,tabpfn,lira,LiRA,0.1925,0.35570337565167104,0.029424351071056207,0.7034996913895247,0.017363503690118284,5
locations,tabpfn,lira,LiRA,0.195,0.36032290001078365,0.02980648550055044,0.7034996913895247,0.017363503690118284,5
locations,tabpfn,lira,LiRA,0.1975,0.36494242436989627,0.030188619930044677,0.7034996913895247,0.017363503690118284,5
locations,tabpfn,lira,LiRA,0.2,0.3695619487290089,0.030570754359538908,0.7034996913895247,0.017363503690118284,5
locations,tabpfn,lira,LiRA,0.2025,0.3741814730881215,0.03095288878903315,0.7034996913895247,0.017363503690118284,5
locations,tabpfn,lira,LiRA,0.20500000000000002,0.37880099744723406,0.03133502321852737,0.7034996913895247,0.017363503690118284,5
locations,tabpfn,lira,LiRA,0.20750000000000002,0.3834205218063467,0.031717157648021604,0.7034996913895247,0.017363503690118284,5
locations,tabpfn,lira,LiRA,0.21,0.3880400461654593,0.032099292077515836,0.7034996913895247,0.017363503690118284,5
locations,tabpfn,lira,LiRA,0.2125,0.39265957052457184,0.03248142650701008,0.7034996913895247,0.017363503690118284,5
locations,tabpfn,lira,LiRA,0.215,0.3972790948836845,0.03286356093650433,0.7034996913895247,0.017363503690118284,5
locations,tabpfn,lira,LiRA,0.2175,0.40189861924279713,0.03324569536599857,0.7034996913895247,0.017363503690118284,5
locations,tabpfn,lira,LiRA,0.22,0.40651814360190974,0.03362782979549281,0.7034996913895247,0.017363503690118284,5
locations,tabpfn,lira,LiRA,0.2225,0.4111376679610224,0.034009964224987026,0.7034996913895247,0.017363503690118284,5
locations,tabpfn,lira,LiRA,0.225,0.4157571923201349,0.034392098654481264,0.7034996913895247,0.017363503690118284,5
locations,tabpfn,lira,LiRA,0.2275,0.4203767166792476,0.034774233083975495,0.7034996913895247,0.017363503690118284,5
locations,tabpfn,lira,LiRA,0.23,0.4249962410383602,0.03515636751346973,0.7034996913895247,0.017363503690118284,5
locations,tabpfn,lira,LiRA,0.2325,0.42961576539747276,0.03553850194296397,0.7034996913895247,0.017363503690118284,5
locations,tabpfn,lira,LiRA,0.23500000000000001,0.43423528975658543,0.03592063637245821,0.7034996913895247,0.017363503690118284,5
locations,tabpfn,lira,LiRA,0.23750000000000002,0.43885481411569804,0.03630277080195247,0.7034996913895247,0.017363503690118284,5
locations,tabpfn,lira,LiRA,0.24,0.44347433847481066,0.036684905231446685,0.7034996913895247,0.017363503690118284,5
locations,tabpfn,lira,LiRA,0.2425,0.4480938628339232,0.0370670396609409,0.7034996913895247,0.017363503690118284,5
locations,tabpfn,lira,LiRA,0.245,0.45271338719303583,0.03744917409043516,0.7034996913895247,0.017363503690118284,5
locations,tabpfn,lira,LiRA,0.2475,0.4573329115521485,0.03783130851992937,0.7034996913895247,0.017363503690118284,5
locations,tabpfn,lira,LiRA,0.25,0.4619524359112611,0.03821344294942363,0.7034996913895247,0.017363503690118284,5
locations,tabpfn,lira,LiRA,0.2525,0.4665719602703737,0.03859557737891789,0.7034996913895247,0.017363503690118284,5
locations,tabpfn,lira,LiRA,0.255,0.4711914846294863,0.0389777118084121,0.7034996913895247,0.017363503690118284,5
locations,tabpfn,lira,LiRA,0.2575,0.47581100898859885,0.039359846237906365,0.7034996913895247,0.017363503690118284,5
locations,tabpfn,lira,LiRA,0.26,0.4804305333477116,0.039741980667400575,0.7034996913895247,0.017363503690118284,5
locations,tabpfn,lira,LiRA,0.2625,0.48505005770682413,0.04012411509689482,0.7034996913895247,0.017363503690118284,5
locations,tabpfn,lira,LiRA,0.265,0.48966958206593675,0.04050624952638903,0.7034996913895247,0.017363503690118284,5
locations,tabpfn,lira,LiRA,0.2675,0.4942891064250493,0.040888383955883296,0.7034996913895247,0.017363503690118284,5
locations,tabpfn,lira,LiRA,0.27,0.49890863078416203,0.04127051838537751,0.7034996913895247,0.017363503690118284,5
locations,tabpfn,lira,LiRA,0.2725,0.5035281551432746,0.04165265281487176,0.7034996913895247,0.017363503690118284,5
locations,tabpfn,lira,LiRA,0.275,0.5081476795023872,0.04203478724436602,0.7034996913895247,0.017363503690118284,5
locations,tabpfn,lira,LiRA,0.2775,0.5127672038614998,0.04241692167386024,0.7034996913895247,0.017363503690118284,5
locations,tabpfn,lira,LiRA,0.28,0.5173867282206125,0.042799056103354494,0.7034996913895247,0.017363503690118284,5
locations,tabpfn,lira,LiRA,0.28250000000000003,0.5220062525797251,0.0431811905328487,0.7034996913895247,0.017363503690118284,5
locations,tabpfn,lira,LiRA,0.28500000000000003,0.5266257769388376,0.04356332496234294,0.7034996913895247,0.017363503690118284,5
locations,tabpfn,lira,LiRA,0.28750000000000003,0.5312453012979502,0.04394545939183717,0.7034996913895247,0.017363503690118284,5
locations,tabpfn,lira,LiRA,0.29,0.5358648256570628,0.044327593821331425,0.7034996913895247,0.017363503690118284,5
locations,tabpfn,lira,LiRA,0.2925,0.5404843500161755,0.04470972825082563,0.7034996913895247,0.017363503690118284,5
locations,tabpfn,lira,LiRA,0.295,0.5451038743752881,0.045091862680319894,0.7034996913895247,0.017363503690118284,5
locations,tabpfn,lira,LiRA,0.2975,0.5497233987344007,0.04547399710981409,0.7034996913895247,0.017363503690118284,5
locations,tabpfn,lira,LiRA,0.3,0.5543429230935133,0.045856131539308356,0.7034996913895247,0.017363503690118284,5
locations,tabpfn,lira,LiRA,0.3025,0.5589624474526259,0.04623826596880261,0.7034996913895247,0.017363503690118284,5
locations,tabpfn,lira,LiRA,0.305,0.5635819718117385,0.04662040039829682,0.7034996913895247,0.017363503690118284,5
locations,tabpfn,lira,LiRA,0.3075,0.568201496170851,0.047002534827791084,0.7034996913895247,0.017363503690118284,5
locations,tabpfn,lira,LiRA,0.31,0.5728210205299638,0.047384669257285295,0.7034996913895247,0.017363503690118284,5
locations,tabpfn,lira,LiRA,0.3125,0.5774405448890763,0.04776680368677956,0.7034996913895247,0.017363503690118284,5
locations,tabpfn,lira,LiRA,0.315,0.582060069248189,0.048148938116273764,0.7034996913895247,0.017363503690118284,5
locations,tabpfn,lira,LiRA,0.3175,0.5866795936073016,0.04853107254576802,0.7034996913895247,0.017363503690118284,5
locations,tabpfn,lira,LiRA,0.32,0.5912991179664141,0.04891320697526224,0.7034996913895247,0.017363503690118284,5
locations,tabpfn,lira,LiRA,0.3225,0.5959186423255268,0.0492953414047565,0.7034996913895247,0.017363503690118284,5
locations,tabpfn,lira,LiRA,0.325,0.6005381666846394,0.04967747583425075,0.7034996913895247,0.017363503690118284,5
locations,tabpfn,lira,LiRA,0.3275,0.6051576910437519,0.050059610263744975,0.7034996913895247,0.017363503690118284,5
locations,tabpfn,lira,LiRA,0.33,0.6097772154028647,0.05044174469323919,0.7034996913895247,0.017363503690118284,5
locations,tabpfn,lira,LiRA,0.3325,0.6143967397619772,0.050823879122733416,0.7034996913895247,0.017363503690118284,5
locations,tabpfn,lira,LiRA,0.335,0.6190162641210899,0.05120601355222767,0.7034996913895247,0.017363503690118284,5
locations,tabpfn,lira,LiRA,0.3375,0.6236357884802025,0.051588147981721885,0.7034996913895247,0.017363503690118284,5
locations,tabpfn,lira,LiRA,0.34,0.6282553128393152,0.051970282411216144,0.7034996913895247,0.017363503690118284,5
locations,tabpfn,lira,LiRA,0.3425,0.6328748371984277,0.052352416840710354,0.7034996913895247,0.017363503690118284,5
locations,tabpfn,lira,LiRA,0.34500000000000003,0.6374943615575404,0.05273455127020462,0.7034996913895247,0.017363503690118284,5
locations,tabpfn,lira,LiRA,0.34750000000000003,0.6421138859166529,0.05311668569969883,0.7034996913895247,0.017363503690118284,5
locations,tabpfn,lira,LiRA,0.35000000000000003,0.6467334102757656,0.05349882012919309,0.7034996913895247,0.017363503690118284,5
locations,tabpfn,lira,LiRA,0.3525,0.6513529346348781,0.05388095455868735,0.7034996913895247,0.017363503690118284,5
locations,tabpfn,lira,LiRA,0.355,0.6559724589939907,0.05426308898818156,0.7034996913895247,0.017363503690118284,5
locations,tabpfn,lira,LiRA,0.3575,0.6605919833531033,0.05464522341767582,0.7034996913895247,0.017363503690118284,5
locations,tabpfn,lira,LiRA,0.36,0.6652115077122158,0.055027357847170034,0.7034996913895247,0.017363503690118284,5
locations,tabpfn,lira,LiRA,0.3625,0.6698310320713285,0.05540949227666429,0.7034996913895247,0.017363503690118284,5
locations,tabpfn,lira,LiRA,0.365,0.6744505564304412,0.055791626706158476,0.7034996913895247,0.017363503690118284,5
locations,tabpfn,lira,LiRA,0.3675,0.6790700807895538,0.05617376113565272,0.7034996913895247,0.017363503690118284,5
locations,tabpfn,lira,LiRA,0.37,0.6836896051486664,0.05655589556514694,0.7034996913895247,0.017363503690118284,5
locations,tabpfn,lira,LiRA,0.3725,0.688309129507779,0.05693802999464121,0.7034996913895247,0.017363503690118284,5
locations,tabpfn,lira,LiRA,0.375,0.6929286538668915,0.057320164424135414,0.7034996913895247,0.017363503690118284,5
locations,tabpfn,lira,LiRA,0.3775,0.6975481782260042,0.05770229885362968,0.7034996913895247,0.017363503690118284,5
locations,tabpfn,lira,LiRA,0.38,0.7021677025851168,0.05808443328312393,0.7034996913895247,0.017363503690118284,5
locations,tabpfn,lira,LiRA,0.3825,0.7067872269442295,0.05846656771261815,0.7034996913895247,0.017363503690118284,5
locations,tabpfn,lira,LiRA,0.385,0.7114067513033421,0.058848702142112415,0.7034996913895247,0.017363503690118284,5
locations,tabpfn,lira,LiRA,0.3875,0.7160262756624547,0.05923083657160661,0.7034996913895247,0.017363503690118284,5
locations,tabpfn,lira,LiRA,0.39,0.7206458000215673,0.05961297100110088,0.7034996913895247,0.017363503690118284,5
locations,tabpfn,lira,LiRA,0.3925,0.7252653243806799,0.059995105430595094,0.7034996913895247,0.017363503690118284,5
locations,tabpfn,lira,LiRA,0.395,0.7298848487397925,0.06037723986008935,0.7034996913895247,0.017363503690118284,5
locations,tabpfn,lira,LiRA,0.3975,0.7345043730989052,0.06075937428958357,0.7034996913895247,0.017363503690118284,5
locations,tabpfn,lira,LiRA,0.4,0.7391238974580178,0.061141508719077815,0.7034996913895247,0.017363503690118284,5
locations,tabpfn,lira,LiRA,0.4025,0.7437434218171303,0.06152364314857208,0.7034996913895247,0.017363503690118284,5
locations,tabpfn,lira,LiRA,0.405,0.748362946176243,0.0619057775780663,0.7034996913895247,0.017363503690118284,5
locations,tabpfn,lira,LiRA,0.40750000000000003,0.7529824705353556,0.06228791200756052,0.7034996913895247,0.017363503690118284,5
locations,tabpfn,lira,LiRA,0.41000000000000003,0.7576019948944681,0.06267004643705475,0.7034996913895247,0.017363503690118284,5
locations,tabpfn,lira,LiRA,0.41250000000000003,0.7622215192535808,0.063052180866549,0.7034996913895247,0.017363503690118284,5
locations,tabpfn,lira,LiRA,0.41500000000000004,0.7668410436126935,0.06343431529604321,0.7034996913895247,0.017363503690118284,5
locations,tabpfn,lira,LiRA,0.4175,0.771460567971806,0.06381644972553747,0.7034996913895247,0.017363503690118284,5
locations,tabpfn,lira,LiRA,0.42,0.7760800923309186,0.06419858415503167,0.7034996913895247,0.017363503690118284,5
locations,tabpfn,lira,LiRA,0.4225,0.7806996166900312,0.06458071858452594,0.7034996913895247,0.017363503690118284,5
locations,tabpfn,lira,LiRA,0.425,0.7853191410491437,0.06496285301402016,0.7034996913895247,0.017363503690118284,5
locations,tabpfn,lira,LiRA,0.4275,0.7896689176657918,0.06480945143767258,0.7034996913895247,0.017363503690118284,5
locations,tabpfn,lira,LiRA,0.43,0.7933369142740135,0.06331219617692216,0.7034996913895247,0.017363503690118284,5
locations,tabpfn,lira,LiRA,0.4325,0.797004910882235,0.061830888374348865,0.7034996913895247,0.017363503690118284,5
locations,tabpfn,lira,LiRA,0.435,0.8006729074904566,0.06036670202106775,0.7034996913895247,0.017363503690118284,5
locations,tabpfn,lira,LiRA,0.4375,0.8043409040986782,0.058920913536389286,0.7034996913895247,0.017363503690118284,5
locations,tabpfn,lira,LiRA,0.44,0.8080089007068997,0.05749491085607507,0.7034996913895247,0.017363503690118284,5
locations,tabpfn,lira,LiRA,0.4425,0.8116768973151214,0.056090203066635945,0.7034996913895247,0.017363503690118284,5
locations,tabpfn,lira,LiRA,0.445,0.815344893923343,0.05470843051201497,0.7034996913895247,0.017363503690118284,5
locations,tabpfn,lira,LiRA,0.4475,0.8190128905315645,0.053351375253526206,0.7034996913895247,0.017363503690118284,5
locations,tabpfn,lira,LiRA,0.45,0.8226808871397859,0.05202097170488311,0.7034996913895247,0.017363503690118284,5
locations,tabpfn,lira,LiRA,0.4525,0.8263488837480075,0.050719317189025795,0.7034996913895247,0.017363503690118284,5
locations,tabpfn,lira,LiRA,0.455,0.830016880356229,0.04944868206984741,0.7034996913895247,0.017363503690118284,5
locations,tabpfn,lira,LiRA,0.4575,0.8336848769644506,0.04821151899797154,0.7034996913895247,0.017363503690118284,5
locations,tabpfn,lira,LiRA,0.46,0.8373528735726721,0.04701047067475257,0.7034996913895247,0.017363503690118284,5
locations,tabpfn,lira,LiRA,0.4625,0.8410208701808937,0.0458483753840292,0.7034996913895247,0.017363503690118284,5
locations,tabpfn,lira,LiRA,0.465,0.8446888667891154,0.04472826937151735,0.7034996913895247,0.017363503690118284,5
locations,tabpfn,lira,LiRA,0.4675,0.848356863397337,0.043653384976542906,0.7034996913895247,0.017363503690118284,5
locations,tabpfn,lira,LiRA,0.47000000000000003,0.8520248600055584,0.042627143256059076,0.7034996913895247,0.017363503690118284,5
locations,tabpfn,lira,LiRA,0.47250000000000003,0.8555162663801014,0.04151303717660814,0.7034996913895247,0.017363503690118284,5
locations,tabpfn,lira,LiRA,0.47500000000000003,0.8583627345099053,0.03993863196745333,0.7034996913895247,0.017363503690118284,5
locations,tabpfn,lira,LiRA,0.47750000000000004,0.8612092026397091,0.03841808359685463,0.7034996913895247,0.017363503690118284,5
locations,tabpfn,lira,LiRA,0.48,0.8634965331186747,0.03691326354593748,0.7034996913895247,0.017363503690118284,5
locations,tabpfn,lira,LiRA,0.4825,0.8655693668264135,0.035449079815382034,0.7034996913895247,0.017363503690118284,5
locations,tabpfn,lira,LiRA,0.485,0.8676422005341522,0.03404843435625614,0.7034996913895247,0.017363503690118284,5
locations,tabpfn,lira,LiRA,0.4875,0.869715034241891,0.032719487964769665,0.7034996913895247,0.017363503690118284,5
locations,tabpfn,lira,LiRA,0.49,0.8717878679496298,0.031471324907772734,0.7034996913895247,0.017363503690118284,5
locations,tabpfn,lira,LiRA,0.4925,0.8738607016573685,0.03031392548704232,0.7034996913895247,0.017363503690118284,5
locations,tabpfn,lira,LiRA,0.495,0.8759335353651073,0.029258063053229928,0.7034996913895247,0.017363503690118284,5
locations,tabpfn,lira,LiRA,0.4975,0.8773188590567221,0.027846180765089285,0.7034996913895247,0.017363503690118284,5
locations,tabpfn,lira,LiRA,0.5,0.8786006866168774,0.026387916734571235,0.7034996913895247,0.017363503690118284,5
locations,tabpfn,lira,LiRA,0.5025000000000001,0.879882514177033,0.024950313161320428,0.7034996913895247,0.017363503690118284,5
locations,tabpfn,lira,LiRA,0.505,0.8811643417371882,0.02353715605110177,0.7034996913895247,0.017363503690118284,5
locations,tabpfn,lira,LiRA,0.5075000000000001,0.8824461692973437,0.022153124248478602,0.7034996913895247,0.017363503690118284,5
locations,tabpfn,lira,LiRA,0.51,0.8837279968574988,0.020804031432196245,0.7034996913895247,0.017363503690118284,5
locations,tabpfn,lira,LiRA,0.5125,0.8850098244176543,0.01949713170093864,0.7034996913895247,0.017363503690118284,5
locations,tabpfn,lira,LiRA,0.515,0.8862916519778097,0.01824149599578775,0.7034996913895247,0.017363503690118284,5
locations,tabpfn,lira,LiRA,0.5175,0.887573479537965,0.017048455021895583,0.7034996913895247,0.017363503690118284,5
locations,tabpfn,lira,LiRA,0.52,0.8888553070981203,0.01593207682543341,0.7034996913895247,0.017363503690118284,5
locations,tabpfn,lira,LiRA,0.5225,0.8901371346582756,0.014909592086240608,0.7034996913895247,0.017363503690118284,5
locations,tabpfn,lira,LiRA,0.525,0.891418962218431,0.01400158602635159,0.7034996913895247,0.017363503690118284,5
locations,tabpfn,lira,LiRA,0.5275,0.8927007897785864,0.013231647561706755,0.7034996913895247,0.017363503690118284,5
locations,tabpfn,lira,LiRA,0.53,0.8939826173387416,0.012625062138848116,0.7034996913895247,0.017363503690118284,5
locations,tabpfn,lira,LiRA,0.5325,0.895264444898897,0.012206207506469516,0.7034996913895247,0.017363503690118284,5
locations,tabpfn,lira,LiRA,0.535,0.8965462724590523,0.01199476636874884,0.7034996913895247,0.017363503690118284,5
locations,tabpfn,lira,LiRA,0.5375,0.8978281000192077,0.012001706114524073,0.7034996913895247,0.017363503690118284,5
locations,tabpfn,lira,LiRA,0.54,0.899109927579363,0.012226654896029457,0.7034996913895247,0.017363503690118284,5
locations,tabpfn,lira,LiRA,0.5425,0.9003917551395183,0.012657995145458706,0.7034996913895247,0.017363503690118284,5
locations,tabpfn,lira,LiRA,0.545,0.9016735826996737,0.01327562439687765,0.7034996913895247,0.017363503690118284,5
locations,tabpfn,lira,LiRA,0.5475,0.902955410259829,0.01405500537246958,0.7034996913895247,0.017363503690118284,5
locations,tabpfn,lira,LiRA,0.55,0.9042372378199843,0.014970897093427138,0.7034996913895247,0.017363503690118284,5
locations,tabpfn,lira,LiRA,0.5525,0.9055190653801397,0.015999873574890536,0.7034996913895247,0.017363503690118284,5
locations,tabpfn,lira,LiRA,0.555,0.906800892940295,0.017121558337710913,0.7034996913895247,0.017363503690118284,5
locations,tabpfn,lira,LiRA,0.5575,0.9080827205004504,0.018318929452330275,0.7034996913895247,0.017363503690118284,5
locations,tabpfn,lira,LiRA,0.56,0.9093645480606056,0.01957810520749978,0.7034996913895247,0.017363503690118284,5
locations,tabpfn,lira,LiRA,0.5625,0.9101079466367932,0.019885313618975674,0.7034996913895247,0.017363503690118284,5
locations,tabpfn,lira,LiRA,0.5650000000000001,0.9106216155131543,0.019771683255438655,0.7034996913895247,0.017363503690118284,5
locations,tabpfn,lira,LiRA,0.5675,0.9111352843895155,0.019658052891901655,0.7034996913895247,0.017363503690118284,5
locations,tabpfn,lira,LiRA,0.5700000000000001,0.9116489532658767,0.01954442252836465,0.7034996913895247,0.017363503690118284,5
locations,tabpfn,lira,LiRA,0.5725,0.9121626221422379,0.01943079216482763,0.7034996913895247,0.017363503690118284,5
locations,tabpfn,lira,LiRA,0.5750000000000001,0.912676291018599,0.019317161801290672,0.7034996913895247,0.017363503690118284,5
locations,tabpfn,lira,LiRA,0.5775,0.9131899598949603,0.019203531437753666,0.7034996913895247,0.017363503690118284,5
locations,tabpfn,lira,LiRA,0.58,0.9137036287713215,0.019089901074216643,0.7034996913895247,0.017363503690118284,5
locations,tabpfn,lira,LiRA,0.5825,0.9142172976476826,0.018976270710679644,0.7034996913895247,0.017363503690118284,5
locations,tabpfn,lira,LiRA,0.585,0.9147309665240438,0.018862640347142648,0.7034996913895247,0.017363503690118284,5
locations,tabpfn,lira,LiRA,0.5875,0.915244635400405,0.018749009983605618,0.7034996913895247,0.017363503690118284,5
locations,tabpfn,lira,LiRA,0.59,0.9157583042767662,0.018635379620068622,0.7034996913895247,0.017363503690118284,5
locations,tabpfn,lira,LiRA,0.5925,0.9162719731531273,0.018521749256531616,0.7034996913895247,0.017363503690118284,5
locations,tabpfn,lira,LiRA,0.595,0.9167856420294885,0.018408118892994593,0.7034996913895247,0.017363503690118284,5
locations,tabpfn,lira,LiRA,0.5975,0.9172993109058496,0.018294488529457597,0.7034996913895247,0.017363503690118284,5
locations,tabpfn,lira,LiRA,0.6,0.9178129797822109,0.018180858165920598,0.7034996913895247,0.017363503690118284,5
locations,tabpfn,lira,LiRA,0.6025,0.918326648658572,0.018067227802383613,0.7034996913895247,0.017363503690118284,5
locations,tabpfn,lira,LiRA,0.605,0.9188403175349332,0.017953597438846614,0.7034996913895247,0.017363503690118284,5
locations,tabpfn,lira,LiRA,0.6075,0.9193539864112944,0.017839967075309614,0.7034996913895247,0.017363503690118284,5
locations,tabpfn,lira,LiRA,0.61,0.9198676552876558,0.017726336711772588,0.7034996913895247,0.017363503690118284,5
locations,tabpfn,lira,LiRA,0.6125,0.9203813241640167,0.01761270634823559,0.7034996913895247,0.017363503690118284,5
locations,tabpfn,lira,LiRA,0.615,0.9208949930403779,0.01749907598469859,0.7034996913895247,0.017363503690118284,5
locations,tabpfn,lira,LiRA,0.6175,0.9214086619167393,0.01738544562116156,0.7034996913895247,0.017363503690118284,5
locations,tabpfn,lira,LiRA,0.62,0.9219223307931003,0.017271815257624563,0.7034996913895247,0.017363503690118284,5
locations,tabpfn,lira,LiRA,0.6225,0.9224359996694617,0.017158184894087606,0.7034996913895247,0.017363503690118284,5
locations,tabpfn,lira,LiRA,0.625,0.9229496685458226,0.017044554530550586,0.7034996913895247,0.017363503690118284,5
locations,tabpfn,lira,LiRA,0.6275000000000001,0.923463337422184,0.01693092416701358,0.7034996913895247,0.017363503690118284,5
locations,tabpfn,lira,LiRA,0.63,0.923977006298545,0.016817293803476577,0.7034996913895247,0.017363503690118284,5
locations,tabpfn,lira,LiRA,0.6325000000000001,0.9244906751749064,0.016703663439939547,0.7034996913895247,0.017363503690118284,5
locations,tabpfn,lira,LiRA,0.635,0.9250043440512675,0.01659003307640256,0.7034996913895247,0.017363503690118284,5
locations,tabpfn,lira,LiRA,0.6375000000000001,0.9255180129276287,0.016476402712865556,0.7034996913895247,0.017363503690118284,5
locations,tabpfn,lira,LiRA,0.64,0.9260316818039899,0.016362772349328526,0.7034996913895247,0.017363503690118284,5
locations,tabpfn,lira,LiRA,0.6425,0.926545350680351,0.016249141985791533,0.7034996913895247,0.017363503690118284,5
locations,tabpfn,lira,LiRA,0.645,0.9270590195567122,0.016135511622254572,0.7034996913895247,0.017363503690118284,5
locations,tabpfn,lira,LiRA,0.6475,0.9275726884330734,0.016021881258717553,0.7034996913895247,0.017363503690118284,5
locations,tabpfn,lira,LiRA,0.65,0.9280863573094346,0.015908250895180553,0.7034996913895247,0.017363503690118284,5
locations,tabpfn,lira,LiRA,0.6525,0.9286000261857957,0.01579462053164355,0.7034996913895247,0.017363503690118284,5
locations,tabpfn,lira,LiRA,0.655,0.929113695062157,0.015680990168106517,0.7034996913895247,0.017363503690118284,5
locations,tabpfn,lira,LiRA,0.6575,0.9296273639385181,0.015567359804569527,0.7034996913895247,0.017363503690118284,5
locations,tabpfn,lira,LiRA,0.66,0.9301410328148793,0.015453729441032522,0.7034996913895247,0.017363503690118284,5
locations,tabpfn,lira,LiRA,0.6625,0.9306547016912404,0.0153400990774955,0.7034996913895247,0.017363503690118284,5
locations,tabpfn,lira,LiRA,0.665,0.9311683705676016,0.015226468713958503,0.7034996913895247,0.017363503690118284,5
locations,tabpfn,lira,LiRA,0.6675,0.9316820394439628,0.015112838350421503,0.7034996913895247,0.017363503690118284,5
locations,tabpfn,lira,LiRA,0.67,0.9321957083203241,0.014999207986884505,0.7034996913895247,0.017363503690118284,5
locations,tabpfn,lira,LiRA,0.6725,0.9327093771966851,0.014885577623347518,0.7034996913895247,0.017363503690118284,5
locations,tabpfn,lira,LiRA,0.675,0.9332230460730464,0.01477194725981052,0.7034996913895247,0.017363503690118284,5
locations,tabpfn,lira,LiRA,0.6775,0.9337367149494075,0.014658316896273482,0.7034996913895247,0.017363503690118284,5
locations,tabpfn,lira,LiRA,0.68,0.9342503838257686,0.014544686532736493,0.7034996913895247,0.017363503690118284,5
locations,tabpfn,lira,LiRA,0.6825,0.9347640527021298,0.014431056169199484,0.7034996913895247,0.017363503690118284,5
locations,tabpfn,lira,LiRA,0.685,0.9352777215784911,0.014317425805662457,0.7034996913895247,0.017363503690118284,5
locations,tabpfn,lira,LiRA,0.6875,0.9357913904548522,0.014203795442125458,0.7034996913895247,0.017363503690118284,5
locations,tabpfn,lira,LiRA,0.6900000000000001,0.9363050593312134,0.014090165078588478,0.7034996913895247,0.017363503690118284,5
locations,tabpfn,lira,LiRA,0.6925,0.9368187282075746,0.013976534715051468,0.7034996913895247,0.017363503690118284,5
locations,tabpfn,lira,LiRA,0.6950000000000001,0.9373323970839358,0.013862904351514485,0.7034996913895247,0.017363503690118284,5
locations,tabpfn,lira,LiRA,0.6975,0.937846065960297,0.013749273987977477,0.7034996913895247,0.017363503690118284,5
locations,tabpfn,lira,LiRA,0.7000000000000001,0.9383597348366581,0.013635643624440454,0.7034996913895247,0.017363503690118284,5
locations,tabpfn,lira,LiRA,0.7025,0.9388734037130193,0.01352201326090345,0.7034996913895247,0.017363503690118284,5
locations,tabpfn,lira,LiRA,0.705,0.9393870725893805,0.01340838289736645,0.7034996913895247,0.017363503690118284,5
locations,tabpfn,lira,LiRA,0.7075,0.9399007414657417,0.013294752533829418,0.7034996913895247,0.017363503690118284,5
locations,tabpfn,lira,LiRA,0.71,0.9404144103421028,0.013181122170292431,0.7034996913895247,0.017363503690118284,5
locations,tabpfn,lira,LiRA,0.7125,0.940928079218464,0.013067491806755425,0.7034996913895247,0.017363503690118284,5
locations,tabpfn,lira,LiRA,0.715,0.9414417480948254,0.012953861443218435,0.7034996913895247,0.017363503690118284,5
locations,tabpfn,lira,LiRA,0.7175,0.9419554169711863,0.012840231079681448,0.7034996913895247,0.017363503690118284,5
locations,tabpfn,lira,LiRA,0.72,0.9424690858475475,0.012726600716144443,0.7034996913895247,0.017363503690118284,5
locations,tabpfn,lira,LiRA,0.7225,0.9429827547239087,0.01261297035260741,0.7034996913895247,0.017363503690118284,5
locations,tabpfn,lira,LiRA,0.725,0.9434964236002701,0.012499339989070423,0.7034996913895247,0.017363503690118284,5
locations,tabpfn,lira,LiRA,0.7275,0.944010092476631,0.012385709625533417,0.7034996913895247,0.017363503690118284,5
locations,tabpfn,lira,LiRA,0.73,0.9445237613529924,0.012272079261996385,0.7034996913895247,0.017363503690118284,5
locations,tabpfn,lira,LiRA,0.7325,0.9450374302293536,0.012158448898459398,0.7034996913895247,0.017363503690118284,5
locations,tabpfn,lira,LiRA,0.735,0.9455510991057148,0.012044818534922399,0.7034996913895247,0.017363503690118284,5
locations,tabpfn,lira,LiRA,0.7375,0.946064767982076,0.011931188171385401,0.7034996913895247,0.017363503690118284,5
locations,tabpfn,lira,LiRA,0.74,0.9465784368584371,0.011817557807848414,0.7034996913895247,0.017363503690118284,5
locations,tabpfn,lira,LiRA,0.7425,0.9470921057347981,0.011703927444311382,0.7034996913895247,0.017363503690118284,5
locations,tabpfn,lira,LiRA,0.745,0.9476057746111595,0.011590297080774376,0.7034996913895247,0.017363503690118284,5
locations,tabpfn,lira,LiRA,0.7475,0.9481194434875206,0.01147666671723739,0.7034996913895247,0.017363503690118284,5
locations,tabpfn,lira,LiRA,0.75,0.9486331123638818,0.011363036353700392,0.7034996913895247,0.017363503690118284,5
locations,tabpfn,lira,LiRA,0.7525000000000001,0.949146781240243,0.011249405990163351,0.7034996913895247,0.017363503690118284,5
locations,tabpfn,lira,LiRA,0.755,0.9496604501166042,0.011135775626626364,0.7034996913895247,0.017363503690118284,5
locations,tabpfn,lira,LiRA,0.7575000000000001,0.9501741189929653,0.011022145263089332,0.7034996913895247,0.017363503690118284,5
locations,tabpfn,lira,LiRA,0.76,0.9506877878693265,0.010908514899552375,0.7034996913895247,0.017363503690118284,5
locations,tabpfn,lira,LiRA,0.7625000000000001,0.9512014567456877,0.010794884536015369,0.7034996913895247,0.017363503690118284,5
locations,tabpfn,lira,LiRA,0.765,0.9517151256220491,0.010681254172478383,0.7034996913895247,0.017363503690118284,5
locations,tabpfn,lira,LiRA,0.7675000000000001,0.95222879449841,0.01056762380894135,0.7034996913895247,0.017363503690118284,5
locations,tabpfn,lira,LiRA,0.77,0.9527424633747712,0.010453993445404357,0.7034996913895247,0.017363503690118284,5
locations,tabpfn,lira,LiRA,0.7725,0.9532561322511324,0.010340363081867357,0.7034996913895247,0.017363503690118284,5
locations,tabpfn,lira,LiRA,0.775,0.9537698011274938,0.010226732718330326,0.7034996913895247,0.017363503690118284,5
locations,tabpfn,lira,LiRA,0.7775,0.9542834700038547,0.010113102354793338,0.7034996913895247,0.017363503690118284,5
locations,tabpfn,lira,LiRA,0.78,0.9547971388802161,0.009999471991256299,0.7034996913895247,0.017363503690118284,5
locations,tabpfn,lira,LiRA,0.7825,0.9553108077565773,0.009885841627719301,0.7034996913895247,0.017363503690118284,5
locations,tabpfn,lira,LiRA,0.785,0.9558244766329385,0.009772211264182354,0.7034996913895247,0.017363503690118284,5
locations,tabpfn,lira,LiRA,0.7875,0.9563381455092996,0.009658580900645348,0.7034996913895247,0.017363503690118284,5
locations,tabpfn,lira,LiRA,0.79,0.9568518143856608,0.009544950537108318,0.7034996913895247,0.017363503690118284,5
locations,tabpfn,lira,LiRA,0.7925,0.957365483262022,0.009431320173571327,0.7034996913895247,0.017363503690118284,5
locations,tabpfn,lira,LiRA,0.795,0.9578791521383831,0.00931768981003429,0.7034996913895247,0.017363503690118284,5
locations,tabpfn,lira,LiRA,0.7975,0.9583928210147443,0.009204059446497293,0.7034996913895247,0.017363503690118284,5
locations,tabpfn,lira,LiRA,0.8,0.9589064898911055,0.009090429082960306,0.7034996913895247,0.017363503690118284,5
locations,tabpfn,lira,LiRA,0.8025,0.9594201587674664,0.008976798719423305,0.7034996913895247,0.017363503690118284,5
locations,tabpfn,lira,LiRA,0.805,0.959933827643828,0.008863168355886308,0.7034996913895247,0.017363503690118284,5
locations,tabpfn,lira,LiRA,0.8075,0.960447496520189,0.00874953799234932,0.7034996913895247,0.017363503690118284,5
locations,tabpfn,lira,LiRA,0.81,0.9609611653965502,0.008635907628812289,0.7034996913895247,0.017363503690118284,5
locations,tabpfn,lira,LiRA,0.8125,0.9614748342729114,0.008522277265275284,0.7034996913895247,0.017363503690118284,5
locations,tabpfn,lira,LiRA,0.8150000000000001,0.9619885031492726,0.008408646901738296,0.7034996913895247,0.017363503690118284,5
locations,tabpfn,lira,LiRA,0.8175,0.9625021720256337,0.008295016538201264,0.7034996913895247,0.017363503690118284,5
locations,tabpfn,lira,LiRA,0.8200000000000001,0.963015840901995,0.008181386174664258,0.7034996913895247,0.017363503690118284,5
locations,tabpfn,lira,LiRA,0.8225,0.963529509778356,0.00806775581112726,0.7034996913895247,0.017363503690118284,5
locations,tabpfn,lira,LiRA,0.8250000000000001,0.9640431786547173,0.007954125447590239,0.7034996913895247,0.017363503690118284,5
locations,tabpfn,lira,LiRA,0.8275,0.9645568475310785,0.007840495084053281,0.7034996913895247,0.017363503690118284,5
locations,tabpfn,lira,LiRA,0.8300000000000001,0.9650705164074397,0.007726864720516276,0.7034996913895247,0.017363503690118284,5
locations,tabpfn,lira,LiRA,0.8325,0.9655841852838007,0.007613234356979255,0.7034996913895247,0.017363503690118284,5
locations,tabpfn,lira,LiRA,0.835,0.966097854160162,0.007499603993442256,0.7034996913895247,0.017363503690118284,5
locations,tabpfn,lira,LiRA,0.8375,0.9666115230365232,0.00738597362990525,0.7034996913895247,0.017363503690118284,5
locations,tabpfn,lira,LiRA,0.84,0.9671251919128844,0.007272343266368264,0.7034996913895247,0.017363503690118284,5
locations,tabpfn,lira,LiRA,0.8425,0.9676388607892455,0.007158712902831232,0.7034996913895247,0.017363503690118284,5
locations,tabpfn,lira,LiRA,0.845,0.9681525296656067,0.007045082539294245,0.7034996913895247,0.017363503690118284,5
locations,tabpfn,lira,LiRA,0.8475,0.9686661985419679,0.006931452175757205,0.7034996913895247,0.017363503690118284,5
locations,tabpfn,lira,LiRA,0.85,0.9691798674183291,0.006817821812220207,0.7034996913895247,0.017363503690118284,5
locations,tabpfn,lira,LiRA,0.8525,0.9696935362946902,0.0067041914486832485,0.7034996913895247,0.017363503690118284,5
locations,tabpfn,lira,LiRA,0.855,0.9702072051710516,0.006590561085146221,0.7034996913895247,0.017363503690118284,5
locations,tabpfn,lira,LiRA,0.8575,0.9707208740474126,0.0064769307216092226,0.7034996913895247,0.017363503690118284,5
locations,tabpfn,lira,LiRA,0.86,0.9712345429237738,0.0063633003580722365,0.7034996913895247,0.017363503690118284,5
locations,tabpfn,lira,LiRA,0.8625,0.9717482118001349,0.006249669994535197,0.7034996913895247,0.017363503690118284,5
locations,tabpfn,lira,LiRA,0.865,0.9722618806764963,0.0061360396309981975,0.7034996913895247,0.017363503690118284,5
locations,tabpfn,lira,LiRA,0.8675,0.9727755495528573,0.0060224092674612,0.7034996913895247,0.017363503690118284,5
locations,tabpfn,lira,LiRA,0.87,0.9732892184292185,0.005908778903924168,0.7034996913895247,0.017363503690118284,5
locations,tabpfn,lira,LiRA,0.8725,0.9738028873055796,0.005795148540387214,0.7034996913895247,0.017363503690118284,5
locations,tabpfn,lira,LiRA,0.875,0.974316556181941,0.005681518176850217,0.7034996913895247,0.017363503690118284,5
locations,tabpfn,lira,LiRA,0.8775000000000001,0.9748302250583022,0.005567887813313188,0.7034996913895247,0.017363503690118284,5
locations,tabpfn,lira,LiRA,0.88,0.9753438939346634,0.005454257449776179,0.7034996913895247,0.017363503690118284,5
locations,tabpfn,lira,LiRA,0.8825000000000001,0.9758575628110245,0.005340627086239157,0.7034996913895247,0.017363503690118284,5
locations,tabpfn,lira,LiRA,0.885,0.9763712316873857,0.005226996722702159,0.7034996913895247,0.017363503690118284,5
locations,tabpfn,lira,LiRA,0.8875000000000001,0.9768849005637469,0.005113366359165165,0.7034996913895247,0.017363503690118284,5
locations,tabpfn,lira,LiRA,0.89,0.9773985694401081,0.0049997359956281545,0.7034996913895247,0.017363503690118284,5
locations,tabpfn,lira,LiRA,0.8925000000000001,0.9779122383164692,0.004886105632091145,0.7034996913895247,0.017363503690118284,5
locations,tabpfn,lira,LiRA,0.895,0.9784259071928304,0.0047724752685541294,0.7034996913895247,0.017363503690118284,5
locations,tabpfn,lira,LiRA,0.8975,0.9789395760691916,0.00465884490501713,0.7034996913895247,0.017363503690118284,5
locations,tabpfn,lira,LiRA,0.9,0.9794532449455527,0.00454521454148015,0.7034996913895247,0.017363503690118284,5
locations,tabpfn,lira,LiRA,0.9025,0.9799669138219139,0.004431584177943152,0.7034996913895247,0.017363503690118284,5
locations,tabpfn,lira,LiRA,0.905,0.9804805826982751,0.004317953814406146,0.7034996913895247,0.017363503690118284,5
locations,tabpfn,lira,LiRA,0.9075,0.9809942515746363,0.004204323450869126,0.7034996913895247,0.017363503690118284,5
locations,tabpfn,lira,LiRA,0.91,0.9815079204509974,0.004090693087332127,0.7034996913895247,0.017363503690118284,5
locations,tabpfn,lira,LiRA,0.9125,0.9820215893273586,0.003977062723795121,0.7034996913895247,0.017363503690118284,5
locations,tabpfn,lira,LiRA,0.915,0.9825352582037198,0.003863432360258101,0.7034996913895247,0.017363503690118284,5
locations,tabpfn,lira,LiRA,0.9175,0.983048927080081,0.0037498019967211024,0.7034996913895247,0.017363503690118284,5
locations,tabpfn,lira,LiRA,0.92,0.9835625959564421,0.003636171633184111,0.7034996913895247,0.017363503690118284,5
locations,tabpfn,lira,LiRA,0.9225,0.9840762648328033,0.003522541269647117,0.7034996913895247,0.017363503690118284,5
locations,tabpfn,lira,LiRA,0.925,0.9845899337091645,0.0034089109061101186,0.7034996913895247,0.017363503690118284,5
locations,tabpfn,lira,LiRA,0.9275,0.9851036025855258,0.003295280542573119,0.7034996913895247,0.017363503690118284,5
locations,tabpfn,lira,LiRA,0.93,0.9856172714618868,0.0031816501790360922,0.7034996913895247,0.017363503690118284,5
locations,tabpfn,lira,LiRA,0.9325,0.986130940338248,0.003068019815499094,0.7034996913895247,0.017363503690118284,5
locations,tabpfn,lira,LiRA,0.935,0.9866446092146092,0.002954389451962061,0.7034996913895247,0.017363503690118284,5
locations,tabpfn,lira,LiRA,0.9375,0.9871582780909705,0.0028407590884250745,0.7034996913895247,0.017363503690118284,5
locations,tabpfn,lira,LiRA,0.9400000000000001,0.9876719469673316,0.0027271287248881097,0.7034996913895247,0.017363503690118284,5
locations,tabpfn,lira,LiRA,0.9425,0.9881856158436928,0.00261349836135107,0.7034996913895247,0.017363503690118284,5
locations,tabpfn,lira,LiRA,0.9450000000000001,0.9886992847200542,0.0024998679978140838,0.7034996913895247,0.017363503690118284,5
locations,tabpfn,lira,LiRA,0.9475,0.9892129535964151,0.002386237634277085,0.7034996913895247,0.017363503690118284,5
locations,tabpfn,lira,LiRA,0.9500000000000001,0.9897266224727763,0.0022726072707400526,0.7034996913895247,0.017363503690118284,5
locations,tabpfn,lira,LiRA,0.9525,0.9902402913491375,0.0021589769072030657,0.7034996913895247,0.017363503690118284,5
locations,tabpfn,lira,LiRA,0.9550000000000001,0.9907539602254989,0.00204534654366606,0.7034996913895247,0.017363503690118284,5
locations,tabpfn,lira,LiRA,0.9575,0.9912676291018601,0.0019317161801290282,0.7034996913895247,0.017363503690118284,5
locations,tabpfn,lira,LiRA,0.96,0.991781297978221,0.0018180858165920408,0.7034996913895247,0.017363503690118284,5
locations,tabpfn,lira,LiRA,0.9625,0.9922949668545822,0.0017044554530550354,0.7034996913895247,0.017363503690118284,5
locations,tabpfn,lira,LiRA,0.965,0.9928086357309434,0.0015908250895180364,0.7034996913895247,0.017363503690118284,5
locations,tabpfn,lira,LiRA,0.9675,0.9933223046073045,0.001477194725981057,0.7034996913895247,0.017363503690118284,5
locations,tabpfn,lira,LiRA,0.97,0.9938359734836659,0.001363564362444058,0.7034996913895247,0.017363503690118284,5
locations,tabpfn,lira,LiRA,0.9725,0.9943496423600271,0.0012499339989070193,0.7034996913895247,0.017363503690118284,5
locations,tabpfn,lira,LiRA,0.975,0.9948633112363883,0.0011363036353700322,0.7034996913895247,0.017363503690118284,5
locations,tabpfn,lira,LiRA,0.9775,0.9953769801127494,0.0010226732718330335,0.7034996913895247,0.017363503690118284,5
locations,tabpfn,lira,LiRA,0.98,0.9958906489891106,0.0009090429082959946,0.7034996913895247,0.017363503690118284,5
locations,tabpfn,lira,LiRA,0.9825,0.9964043178654716,0.0007954125447590074,0.7034996913895247,0.017363503690118284,5
locations,tabpfn,lira,LiRA,0.985,0.996917986741833,0.0006817821812220086,0.7034996913895247,0.017363503690118284,5
locations,tabpfn,lira,LiRA,0.9875,0.9974316556181941,0.0005681518176850174,0.7034996913895247,0.017363503690118284,5
locations,tabpfn,lira,LiRA,0.99,0.9979453244945553,0.0004545214541480236,0.7034996913895247,0.017363503690118284,5
locations,tabpfn,lira,LiRA,0.9925,0.9984589933709165,0.00034089109061102477,0.7034996913895247,0.017363503690118284,5
locations,tabpfn,lira,LiRA,0.995,0.9989726622472777,0.00022726072707399264,0.7034996913895247,0.017363503690118284,5
locations,tabpfn,lira,LiRA,0.9975,0.9994863311236388,0.0001136303635369988,0.7034996913895247,0.017363503690118284,5
locations,tabpfn,lira,LiRA,1.0,1.0,0.0,0.7034996913895247,0.017363503690118284,5
locations,tabpfn,attack_p,Attack-P,0.0,0.0,0.0,0.7121009326354362,0.009043241810796345,5
locations,tabpfn,attack_p,Attack-P,0.0025,0.007617914716588664,0.002015479050738277,0.7121009326354362,0.009043241810796345,5
locations,tabpfn,attack_p,Attack-P,0.005,0.011955434217368697,0.0024379203225311508,0.7121009326354362,0.009043241810796345,5
locations,tabpfn,attack_p,Attack-P,0.0075,0.015313806552262091,0.002810711491040429,0.7121009326354362,0.009043241810796345,5
locations,tabpfn,attack_p,Attack-P,0.01,0.018121996879875195,0.0031013115339787226,0.7121009326354362,0.009043241810796345,5
locations,tabpfn,attack_p,Attack-P,0.0125,0.020685777431097247,0.00292413241070707,0.7121009326354362,0.009043241810796345,5
locations,tabpfn,attack_p,Attack-P,0.015,0.024247009880395215,0.004085517864089091,0.7121009326354362,0.009043241810796345,5
locations,tabpfn,attack_p,Attack-P,0.0175,0.029290951638065534,0.0049461024390124305,0.7121009326354362,0.009043241810796345,5
locations,tabpfn,attack_p,Attack-P,0.02,0.03650546021840874,0.005971270038125871,0.7121009326354362,0.009043241810796345,5
locations,tabpfn,attack_p,Attack-P,0.0225,0.044701508060322415,0.006208233911411235,0.7121009326354362,0.009043241810796345,5
locations,tabpfn,attack_p,Attack-P,0.025,0.05130785231409256,0.005004859143784784,0.7121009326354362,0.009043241810796345,5
locations,tabpfn,attack_p,Attack-P,0.0275,0.055288351534061364,0.005989854295302425,0.7121009326354362,0.009043241810796345,5
locations,tabpfn,attack_p,Attack-P,0.03,0.06076235049401977,0.007095867804478162,0.7121009326354362,0.009043241810796345,5
locations,tabpfn,attack_p,Attack-P,0.0325,0.06473153926157046,0.007163785388401546,0.7121009326354362,0.009043241810796345,5
locations,tabpfn,attack_p,Attack-P,0.035,0.06792849713988561,0.006595685908091964,0.7121009326354362,0.009043241810796345,5
locations,tabpfn,attack_p,Attack-P,0.0375,0.07217483842210831,0.008014492364125402,0.7121009326354362,0.009043241810796345,5
locations,tabpfn,attack_p,Attack-P,0.04,0.07748393135725432,0.006787261067944662,0.7121009326354362,0.009043241810796345,5
locations,tabpfn,attack_p,Attack-P,0.0425,0.082010875863606,0.007535451998617133,0.7121009326354362,0.009043241810796345,5
locations,tabpfn,attack_p,Attack-P,0.045,0.09334566525518165,0.014945351321713497,0.7121009326354362,0.009043241810796345,5
locations,tabpfn,attack_p,Attack-P,0.0475,0.09820782259861824,0.015071251203270691,0.7121009326354362,0.009043241810796345,5
locations,tabpfn,attack_p,Attack-P,0.05,0.10215734343659462,0.015369078276416417,0.7121009326354362,0.009043241810796345,5
locations,tabpfn,attack_p,Attack-P,0.0525,0.11086779585469134,0.015891755198264412,0.7121009326354362,0.009043241810796345,5
locations,tabpfn,attack_p,Attack-P,0.055,0.11689003788722978,0.016238164953401694,0.7121009326354362,0.009043241810796345,5
locations,tabpfn,attack_p,Attack-P,0.0575,0.12281399598841096,0.016834270853146576,0.7121009326354362,0.009043241810796345,5
locations,tabpfn,attack_p,Attack-P,0.06,0.1280722086026298,0.017903989914085244,0.7121009326354362,0.009043241810796345,5
locations,tabpfn,attack_p,Attack-P,0.0625,0.13281841987965234,0.018026988410758487,0.7121009326354362,0.009043241810796345,5
locations,tabpfn,attack_p,Attack-P,0.065,0.1380412302206374,0.017385468998831883,0.7121009326354362,0.009043241810796345,5
locations,tabpfn,attack_p,Attack-P,0.0675,0.1428697347893916,0.017318488578852497,0.7121009326354362,0.009043241810796345,5
locations,tabpfn,attack_p,Attack-P,0.07,0.14808268330733232,0.016638702188508783,0.7121009326354362,0.009043241810796345,5
locations,tabpfn,attack_p,Attack-P,0.0725,0.15127535101404058,0.017064020204532803,0.7121009326354362,0.009043241810796345,5
locations,tabpfn,attack_p,Attack-P,0.075,0.15616614664586584,0.016936280948013572,0.7121009326354362,0.009043241810796345,5
locations,tabpfn,attack_p,Attack-P,0.0775,0.1619914196567863,0.01501854611789399,0.7121009326354362,0.009043241810796345,5
locations,tabpfn,attack_p,Attack-P,0.08,0.16953718148725952,0.01742144502083907,0.7121009326354362,0.009043241810796345,5
locations,tabpfn,attack_p,Attack-P,0.0825,0.175479979199168,0.0176578271237664,0.7121009326354362,0.009043241810796345,5
locations,tabpfn,attack_p,Attack-P,0.085,0.18306167446697869,0.016241385679989624,0.7121009326354362,0.009043241810796345,5
locations,tabpfn,attack_p,Attack-P,0.08750000000000001,0.1895366614664587,0.015765045254184665,0.7121009326354362,0.009043241810796345,5
locations,tabpfn,attack_p,Attack-P,0.09,0.1950808112324493,0.015128093860498537,0.7121009326354362,0.009043241810796345,5
locations,tabpfn,attack_p,Attack-P,0.0925,0.19930421216848676,0.015182318636101965,0.7121009326354362,0.009043241810796345,5
locations,tabpfn,attack_p,Attack-P,0.095,0.2021584577668821,0.014107188713523386,0.7121009326354362,0.009043241810796345,5
locations,tabpfn,attack_p,Attack-P,0.0975,0.20598956243964045,0.01563088484341179,0.7121009326354362,0.009043241810796345,5
locations,tabpfn,attack_p,Attack-P,0.1,0.21337136914047994,0.019756575121265427,0.7121009326354362,0.009043241810796345,5
locations,tabpfn,attack_p,Attack-P,0.10250000000000001,0.21753596315281185,0.02072319741682223,0.7121009326354362,0.009043241810796345,5
locations,tabpfn,attack_p,Attack-P,0.105,0.22100863234529378,0.019790256398297065,0.7121009326354362,0.009043241810796345,5
locations,tabpfn,attack_p,Attack-P,0.1075,0.22439583983359332,0.01885476014024237,0.7121009326354362,0.009043241810796345,5
locations,tabpfn,attack_p,Attack-P,0.11,0.23268360448703662,0.016433963314644515,0.7121009326354362,0.009043241810796345,5
locations,tabpfn,attack_p,Attack-P,0.1125,0.23711637036910052,0.016517198990336348,0.7121009326354362,0.009043241810796345,5
locations,tabpfn,attack_p,Attack-P,0.115,0.24118788980130637,0.017566420479338405,0.7121009326354362,0.009043241810796345,5
locations,tabpfn,attack_p,Attack-P,0.11750000000000001,0.24467074568697034,0.019110883904532163,0.7121009326354362,0.009043241810796345,5
locations,tabpfn,attack_p,Attack-P,0.12,0.2481069482779311,0.020633477448094482,0.7121009326354362,0.009043241810796345,5
locations,tabpfn,attack_p,Attack-P,0.1225,0.25208076323052925,0.02175338967682644,0.7121009326354362,0.009043241810796345,5
locations,tabpfn,attack_p,Attack-P,0.125,0.25805832233289333,0.02338729305334341,0.7121009326354362,0.009043241810796345,5
locations,tabpfn,attack_p,Attack-P,0.1275,0.2652613104524181,0.020794922294915485,0.7121009326354362,0.009043241810796345,5
locations,tabpfn,attack_p,Attack-P,0.13,0.2704876995079804,0.01975162162285254,0.7121009326354362,0.009043241810796345,5
locations,tabpfn,attack_p,Attack-P,0.1325,0.2759140665626626,0.01882597453474341,0.7121009326354362,0.009043241810796345,5
locations,tabpfn,attack_p,Attack-P,0.135,0.28469084763390545,0.020827697330286384,0.7121009326354362,0.009043241810796345,5
locations,tabpfn,attack_p,Attack-P,0.1375,0.29177912116484667,0.021549895225573646,0.7121009326354362,0.009043241810796345,5
locations,tabpfn,attack_p,Attack-P,0.14,0.297358710348414,0.021288288127632213,0.7121009326354362,0.009043241810796345,5
locations,tabpfn,attack_p,Attack-P,0.14250000000000002,0.3056278471138846,0.02029238364664919,0.7121009326354362,0.009043241810796345,5
locations,tabpfn,attack_p,Attack-P,0.145,0.3123455018200728,0.02037259627132876,0.7121009326354362,0.009043241810796345,5
locations,tabpfn,attack_p,Attack-P,0.1475,0.31699329173166924,0.019818027714990062,0.7121009326354362,0.009043241810796345,5
locations,tabpfn,attack_p,Attack-P,0.15,0.32158970358814354,0.019632426465539653,0.7121009326354362,0.009043241810796345,5
locations,tabpfn,attack_p,Attack-P,0.1525,0.3257953458138325,0.020324813447378957,0.7121009326354362,0.009043241810796345,5
locations,tabpfn,attack_p,Attack-P,0.155,0.3287616224648986,0.020359502188340796,0.7121009326354362,0.009043241810796345,5
locations,tabpfn,attack_p,Attack-P,0.1575,0.332729329173167,0.01880168177465509,0.7121009326354362,0.009043241810796345,5
locations,tabpfn,attack_p,Attack-P,0.16,0.3394383775351014,0.014991899360791624,0.7121009326354362,0.009043241810796345,5
locations,tabpfn,attack_p,Attack-P,0.1625,0.34408541341653665,0.015660503865795768,0.7121009326354362,0.009043241810796345,5
locations,tabpfn,attack_p,Attack-P,0.165,0.34874136394027194,0.016590780993466243,0.7121009326354362,0.009043241810796345,5
locations,tabpfn,attack_p,Attack-P,0.1675,0.35355920808260904,0.016662432320625958,0.7121009326354362,0.009043241810796345,5
locations,tabpfn,attack_p,Attack-P,0.17,0.3585972810340986,0.016874514082465895,0.7121009326354362,0.009043241810796345,5
locations,tabpfn,attack_p,Attack-P,0.17250000000000001,0.3672769667929575,0.013267786091017288,0.7121009326354362,0.009043241810796345,5
locations,tabpfn,attack_p,Attack-P,0.17500000000000002,0.3734330658940644,0.012097878801942337,0.7121009326354362,0.009043241810796345,5
locations,tabpfn,attack_p,Attack-P,0.1775,0.37950813832553304,0.01245707372836431,0.7121009326354362,0.009043241810796345,5
locations,tabpfn,attack_p,Attack-P,0.18,0.3842488373820667,0.012367072337426316,0.7121009326354362,0.009043241810796345,5
locations,tabpfn,attack_p,Attack-P,0.1825,0.38834747789911594,0.012407454178432552,0.7121009326354362,0.009043241810796345,5
locations,tabpfn,attack_p,Attack-P,0.185,0.39224154966198654,0.013159486706484974,0.7121009326354362,0.009043241810796345,5
locations,tabpfn,attack_p,Attack-P,0.1875,0.3971171346853874,0.014357125109018456,0.7121009326354362,0.009043241810796345,5
locations,tabpfn,attack_p,Attack-P,0.19,0.40166146645865836,0.014510618346117752,0.7121009326354362,0.009043241810796345,5
locations,tabpfn,attack_p,Attack-P,0.1925,0.40634945397815914,0.012929885401558212,0.7121009326354362,0.009043241810796345,5
locations,tabpfn,attack_p,Attack-P,0.195,0.41176599063962566,0.01117338349705005,0.7121009326354362,0.009043241810796345,5
locations,tabpfn,attack_p,Attack-P,0.1975,0.4167691107644306,0.014086122397702891,0.7121009326354362,0.009043241810796345,5
locations,tabpfn,attack_p,Attack-P,0.2,0.4238065522620905,0.01662458596496399,0.7121009326354362,0.009043241810796345,5
locations,tabpfn,attack_p,Attack-P,0.2025,0.43127847113884565,0.018917245546689623,0.7121009326354362,0.009043241810796345,5
locations,tabpfn,attack_p,Attack-P,0.20500000000000002,0.4398290864967932,0.02501244376032309,0.7121009326354362,0.009043241810796345,5
locations,tabpfn,attack_p,Attack-P,0.20750000000000002,0.4474512913849888,0.030788579371385433,0.7121009326354362,0.009043241810796345,5
locations,tabpfn,attack_p,Attack-P,0.21,0.45159745437436544,0.03079615144255513,0.7121009326354362,0.009043241810796345,5
locations,tabpfn,attack_p,Attack-P,0.2125,0.45711468934947874,0.0341670188716422,0.7121009326354362,0.009043241810796345,5
locations,tabpfn,attack_p,Attack-P,0.215,0.4623973949434168,0.03575386454580305,0.7121009326354362,0.009043241810796345,5
locations,tabpfn,attack_p,Attack-P,0.2175,0.46681205581556595,0.03429556365099408,0.7121009326354362,0.009043241810796345,5
locations,tabpfn,attack_p,Attack-P,0.22,0.4698075923036923,0.03230257624346745,0.7121009326354362,0.009043241810796345,5
locations,tabpfn,attack_p,Attack-P,0.2225,0.4725969838793552,0.030227559679255524,0.7121009326354362,0.009043241810796345,5
locations,tabpfn,attack_p,Attack-P,0.225,0.4767277691107644,0.029453807991605643,0.7121009326354362,0.009043241810796345,5
locations,tabpfn,attack_p,Attack-P,0.2275,0.4825891835673427,0.02904283843711867,0.7121009326354362,0.009043241810796345,5
locations,tabpfn,attack_p,Attack-P,0.23,0.48694955798231926,0.028012731279644265,0.7121009326354362,0.009043241810796345,5
locations,tabpfn,attack_p,Attack-P,0.2325,0.49000858034321376,0.027985140886687826,0.7121009326354362,0.009043241810796345,5
locations,tabpfn,attack_p,Attack-P,0.23500000000000001,0.49370202808112323,0.027583442289854453,0.7121009326354362,0.009043241810796345,5
locations,tabpfn,attack_p,Attack-P,0.23750000000000002,0.49773400936037443,0.027285725283069197,0.7121009326354362,0.009043241810796345,5
locations,tabpfn,attack_p,Attack-P,0.24,0.5014352574102964,0.025768264323646123,0.7121009326354362,0.009043241810796345,5
locations,tabpfn,attack_p,Attack-P,0.2425,0.5054689547581903,0.024031066210718766,0.7121009326354362,0.009043241810796345,5
locations,tabpfn,attack_p,Attack-P,0.245,0.5101878315132604,0.022055081210849693,0.7121009326354362,0.009043241810796345,5
locations,tabpfn,attack_p,Attack-P,0.2475,0.5132798881955278,0.021204222190991877,0.7121009326354362,0.009043241810796345,5
locations,tabpfn,attack_p,Attack-P,0.25,0.5155594557115618,0.0213077861039655,0.7121009326354362,0.009043241810796345,5
locations,tabpfn,attack_p,Attack-P,0.2525,0.5183730932570636,0.021696365888745184,0.7121009326354362,0.009043241810796345,5
locations,tabpfn,attack_p,Attack-P,0.255,0.5216854307505633,0.022268449156831075,0.7121009326354362,0.009043241810796345,5
locations,tabpfn,attack_p,Attack-P,0.2575,0.5248420220142139,0.02253693979679606,0.7121009326354362,0.009043241810796345,5
locations,tabpfn,attack_p,Attack-P,0.26,0.5280547755243543,0.022714284972414726,0.7121009326354362,0.009043241810796345,5
locations,tabpfn,attack_p,Attack-P,0.2625,0.5319203501473393,0.022620248415802457,0.7121009326354362,0.009043241810796345,5
locations,tabpfn,attack_p,Attack-P,0.265,0.5352229849193968,0.02276025105141568,0.7121009326354362,0.009043241810796345,5
locations,tabpfn,attack_p,Attack-P,0.2675,0.5379310192407697,0.022435808058037347,0.7121009326354362,0.009043241810796345,5
locations,tabpfn,attack_p,Attack-P,0.27,0.5419429017160688,0.022401690838955404,0.7121009326354362,0.009043241810796345,5
locations,tabpfn,attack_p,Attack-P,0.2725,0.5485631045241811,0.024426151316285078,0.7121009326354362,0.009043241810796345,5
locations,tabpfn,attack_p,Attack-P,0.275,0.5524375975039003,0.025095943183141192,0.7121009326354362,0.009043241810796345,5
locations,tabpfn,attack_p,Attack-P,0.2775,0.5566041341653667,0.02540246637200539,0.7121009326354362,0.009043241810796345,5
locations,tabpfn,attack_p,Attack-P,0.28,0.5615725429017162,0.02374115245298246,0.7121009326354362,0.009043241810796345,5
locations,tabpfn,attack_p,Attack-P,0.28250000000000003,0.5678030421216849,0.022263224595226692,0.7121009326354362,0.009043241810796345,5
locations,tabpfn,attack_p,Attack-P,0.28500000000000003,0.5717776911076443,0.022799767345118974,0.7121009326354362,0.009043241810796345,5
locations,tabpfn,attack_p,Attack-P,0.28750000000000003,0.5750188507540303,0.022991717422635286,0.7121009326354362,0.009043241810796345,5
locations,tabpfn,attack_p,Attack-P,0.29,0.5780566822672907,0.021647191737753157,0.7121009326354362,0.009043241810796345,5
locations,tabpfn,attack_p,Attack-P,0.2925,0.5805261310452419,0.021308316308229016,0.7121009326354362,0.009043241810796345,5
locations,tabpfn,attack_p,Attack-P,0.295,0.5850039001560062,0.01896846958221401,0.7121009326354362,0.009043241810796345,5
locations,tabpfn,attack_p,Attack-P,0.2975,0.5877457098283931,0.017339108942103415,0.7121009326354362,0.009043241810796345,5
locations,tabpfn,attack_p,Attack-P,0.3,0.5897503900156007,0.01647266337472286,0.7121009326354362,0.009043241810796345,5
locations,tabpfn,attack_p,Attack-P,0.3025,0.594347503900156,0.02009874425983701,0.7121009326354362,0.009043241810796345,5
locations,tabpfn,attack_p,Attack-P,0.305,0.5977277691107645,0.020024766323923,0.7121009326354362,0.009043241810796345,5
locations,tabpfn,attack_p,Attack-P,0.3075,0.6024775611024442,0.018538575386043574,0.7121009326354362,0.009043241810796345,5
locations,tabpfn,attack_p,Attack-P,0.31,0.6050612584503381,0.017722868113413587,0.7121009326354362,0.009043241810796345,5
locations,tabpfn,attack_p,Attack-P,0.3125,0.6074596983879356,0.016919082740233043,0.7121009326354362,0.009043241810796345,5
locations,tabpfn,attack_p,Attack-P,0.315,0.6099199167966718,0.01686788514606092,0.7121009326354362,0.009043241810796345,5
locations,tabpfn,attack_p,Attack-P,0.3175,0.6118984659386376,0.01628591028791585,0.7121009326354362,0.009043241810796345,5
locations,tabpfn,attack_p,Attack-P,0.32,0.6150125845033803,0.01558577715433447,0.7121009326354362,0.009043241810796345,5
locations,tabpfn,attack_p,Attack-P,0.3225,0.617387987519501,0.015564740013086843,0.7121009326354362,0.009043241810796345,5
locations,tabpfn,attack_p,Attack-P,0.325,0.6212464898595945,0.01463449873977922,0.7121009326354362,0.009043241810796345,5
locations,tabpfn,attack_p,Attack-P,0.3275,0.6250897035881435,0.013394823268520852,0.7121009326354362,0.009043241810796345,5
locations,tabpfn,attack_p,Attack-P,0.33,0.6280182007280292,0.013034540043242546,0.7121009326354362,0.009043241810796345,5
locations,tabpfn,attack_p,Attack-P,0.3325,0.6304366874674987,0.012974569966666459,0.7121009326354362,0.009043241810796345,5
locations,tabpfn,attack_p,Attack-P,0.335,0.6349303172126886,0.012164742458102326,0.7121009326354362,0.009043241810796345,5
locations,tabpfn,attack_p,Attack-P,0.3375,0.6396697867914718,0.014778281734844816,0.7121009326354362,0.009043241810796345,5
locations,tabpfn,attack_p,Attack-P,0.34,0.6440912265062031,0.016394156914938646,0.7121009326354362,0.009043241810796345,5
locations,tabpfn,attack_p,Attack-P,0.3425,0.6470978010548994,0.015113502169738283,0.7121009326354362,0.009043241810796345,5
locations,tabpfn,attack_p,Attack-P,0.34500000000000003,0.6509148280216924,0.013620317016526511,0.7121009326354362,0.009043241810796345,5
locations,tabpfn,attack_p,Attack-P,0.34750000000000003,0.6541184718817324,0.013140632033926236,0.7121009326354362,0.009043241810796345,5
locations,tabpfn,attack_p,Attack-P,0.35000000000000003,0.657960404130451,0.013278686361710612,0.7121009326354362,0.009043241810796345,5
locations,tabpfn,attack_p,Attack-P,0.3525,0.6616269630785232,0.015030913819231167,0.7121009326354362,0.009043241810796345,5
locations,tabpfn,attack_p,Attack-P,0.355,0.6645322115741773,0.016341843313203642,0.7121009326354362,0.009043241810796345,5
locations,tabpfn,attack_p,Attack-P,0.3575,0.6667874154966199,0.016222692303876234,0.7121009326354362,0.009043241810796345,5
locations,tabpfn,attack_p,Attack-P,0.36,0.6693083723348934,0.01590723144975664,0.7121009326354362,0.009043241810796345,5
locations,tabpfn,attack_p,Attack-P,0.3625,0.6720813832553303,0.01604567820913757,0.7121009326354362,0.009043241810796345,5
locations,tabpfn,attack_p,Attack-P,0.365,0.676015600624025,0.013812966638869165,0.7121009326354362,0.009043241810796345,5
locations,tabpfn,attack_p,Attack-P,0.3675,0.6816700468018722,0.012646598319588778,0.7121009326354362,0.009043241810796345,5
locations,tabpfn,attack_p,Attack-P,0.37,0.6867943837753512,0.01270167084441912,0.7121009326354362,0.009043241810796345,5
locations,tabpfn,attack_p,Attack-P,0.3725,0.6904384035361415,0.01310956779533272,0.7121009326354362,0.009043241810796345,5
locations,tabpfn,attack_p,Attack-P,0.375,0.693584614813164,0.013575509213846964,0.7121009326354362,0.009043241810796345,5
locations,tabpfn,attack_p,Attack-P,0.3775,0.6965990082460443,0.014141551986457076,0.7121009326354362,0.009043241810796345,5
locations,tabpfn,attack_p,Attack-P,0.38,0.70002941831959,0.013718314327649797,0.7121009326354362,0.009043241810796345,5
locations,tabpfn,attack_p,Attack-P,0.3825,0.704872464898596,0.015250981934726402,0.7121009326354362,0.009043241810796345,5
locations,tabpfn,attack_p,Attack-P,0.385,0.7089576183047323,0.01951056983421454,0.7121009326354362,0.009043241810796345,5
locations,tabpfn,attack_p,Attack-P,0.3875,0.712711908476339,0.021887834731151738,0.7121009326354362,0.009043241810796345,5
locations,tabpfn,attack_p,Attack-P,0.39,0.7152357774310973,0.02304217858547082,0.7121009326354362,0.009043241810796345,5
locations,tabpfn,attack_p,Attack-P,0.3925,0.7183072282891316,0.023691796039776385,0.7121009326354362,0.009043241810796345,5
locations,tabpfn,attack_p,Attack-P,0.395,0.7217765990639626,0.023750201626866006,0.7121009326354362,0.009043241810796345,5
locations,tabpfn,attack_p,Attack-P,0.3975,0.7242417316692669,0.023383651827316675,0.7121009326354362,0.009043241810796345,5
locations,tabpfn,attack_p,Attack-P,0.4,0.7259188767550702,0.024059398500675972,0.7121009326354362,0.009043241810796345,5
locations,tabpfn,attack_p,Attack-P,0.4025,0.7277298751950079,0.02446651625353331,0.7121009326354362,0.009043241810796345,5
locations,tabpfn,attack_p,Attack-P,0.405,0.7302603224128965,0.024599839715079383,0.7121009326354362,0.009043241810796345,5
locations,tabpfn,attack_p,Attack-P,0.40750000000000003,0.7341765470618824,0.024632981203098057,0.7121009326354362,0.009043241810796345,5
locations,tabpfn,attack_p,Attack-P,0.41000000000000003,0.7370432360151549,0.024427326363443264,0.7121009326354362,0.009043241810796345,5
locations,tabpfn,attack_p,Attack-P,0.41250000000000003,0.7384034432805884,0.024406647771919157,0.7121009326354362,0.009043241810796345,5
locations,tabpfn,attack_p,Attack-P,0.41500000000000004,0.7413673946957878,0.022987660710609602,0.7121009326354362,0.009043241810796345,5
locations,tabpfn,attack_p,Attack-P,0.4175,0.7427075997325607,0.021909685145790916,0.7121009326354362,0.009043241810796345,5
locations,tabpfn,attack_p,Attack-P,0.42,0.7448718520169378,0.01907921941745293,0.7121009326354362,0.009043241810796345,5
locations,tabpfn,attack_p,Attack-P,0.4225,0.7461359482950746,0.018007652889784453,0.7121009326354362,0.009043241810796345,5
locations,tabpfn,attack_p,Attack-P,0.425,0.7485019686501746,0.016123177684850172,0.7121009326354362,0.009043241810796345,5
locations,tabpfn,attack_p,Attack-P,0.4275,0.751675191293366,0.013558292574227087,0.7121009326354362,0.009043241810796345,5
locations,tabpfn,attack_p,Attack-P,0.43,0.7537737909516381,0.012179301641824871,0.7121009326354362,0.009043241810796345,5
locations,tabpfn,attack_p,Attack-P,0.4325,0.7562036438600401,0.012372344779609969,0.7121009326354362,0.009043241810796345,5
locations,tabpfn,attack_p,Attack-P,0.435,0.7586106529975484,0.013974890554681119,0.7121009326354362,0.009043241810796345,5
locations,tabpfn,attack_p,Attack-P,0.4375,0.7611990193893471,0.01535998537721059,0.7121009326354362,0.009043241810796345,5
locations,tabpfn,attack_p,Attack-P,0.44,0.7635435703142412,0.015536728650936514,0.7121009326354362,0.009043241810796345,5
locations,tabpfn,attack_p,Attack-P,0.4425,0.7662314464007132,0.015601211087634166,0.7121009326354362,0.009043241810796345,5
locations,tabpfn,attack_p,Attack-P,0.445,0.7685324270113663,0.015222937732032015,0.7121009326354362,0.009043241810796345,5
locations,tabpfn,attack_p,Attack-P,0.4475,0.7707776911076444,0.014071334081933175,0.7121009326354362,0.009043241810796345,5
locations,tabpfn,attack_p,Attack-P,0.45,0.7732917316692667,0.014168773472327457,0.7121009326354362,0.009043241810796345,5
locations,tabpfn,attack_p,Attack-P,0.4525,0.7758790951638066,0.015255544684994701,0.7121009326354362,0.009043241810796345,5
locations,tabpfn,attack_p,Attack-P,0.455,0.7787684867394696,0.016642765656621088,0.7121009326354362,0.009043241810796345,5
locations,tabpfn,attack_p,Attack-P,0.4575,0.7833703588143525,0.01903474318502926,0.7121009326354362,0.009043241810796345,5
locations,tabpfn,attack_p,Attack-P,0.46,0.7868422256890276,0.02066711956211102,0.7121009326354362,0.009043241810796345,5
locations,tabpfn,attack_p,Attack-P,0.4625,0.7891536661466458,0.02096982650229393,0.7121009326354362,0.009043241810796345,5
locations,tabpfn,attack_p,Attack-P,0.465,0.7906432657306293,0.021286774113593858,0.7121009326354362,0.009043241810796345,5
locations,tabpfn,attack_p,Attack-P,0.4675,0.7925746229849194,0.022109916147878248,0.7121009326354362,0.009043241810796345,5
locations,tabpfn,attack_p,Attack-P,0.47000000000000003,0.7959136765470619,0.022195321283611534,0.7121009326354362,0.009043241810796345,5
locations,tabpfn,attack_p,Attack-P,0.47250000000000003,0.7998971658866355,0.02091404361732325,0.7121009326354362,0.009043241810796345,5
locations,tabpfn,attack_p,Attack-P,0.47500000000000003,0.8021463858554343,0.020397393536365393,0.7121009326354362,0.009043241810796345,5
locations,tabpfn,attack_p,Attack-P,0.47750000000000004,0.8038187727509101,0.02011106866458118,0.7121009326354362,0.009043241810796345,5
locations,tabpfn,attack_p,Attack-P,0.48,0.805699427977119,0.02037369558851842,0.7121009326354362,0.009043241810796345,5
locations,tabpfn,attack_p,Attack-P,0.4825,0.8098140925637025,0.02091612815397201,0.7121009326354362,0.009043241810796345,5
locations,tabpfn,attack_p,Attack-P,0.485,0.8116344253770151,0.020773274256876858,0.7121009326354362,0.009043241810796345,5
locations,tabpfn,attack_p,Attack-P,0.4875,0.8139027561102445,0.019665134130137058,0.7121009326354362,0.009043241810796345,5
locations,tabpfn,attack_p,Attack-P,0.49,0.8154031201248051,0.01936407011532048,0.7121009326354362,0.009043241810796345,5
locations,tabpfn,attack_p,Attack-P,0.4925,0.8170605304212168,0.019086783756712782,0.7121009326354362,0.009043241810796345,5
locations,tabpfn,attack_p,Attack-P,0.495,0.8185783151326053,0.0192505854696489,0.7121009326354362,0.009043241810796345,5
locations,tabpfn,attack_p,Attack-P,0.4975,0.820455668226729,0.019166138345164344,0.7121009326354362,0.009043241810796345,5
locations,tabpfn,attack_p,Attack-P,0.5,0.8226209048361934,0.01880218607530677,0.7121009326354362,0.009043241810796345,5
locations,tabpfn,attack_p,Attack-P,0.5025000000000001,0.8245501820072804,0.018641799567082062,0.7121009326354362,0.009043241810796345,5
locations,tabpfn,attack_p,Attack-P,0.505,0.8264711388455538,0.018010603387997322,0.7121009326354362,0.009043241810796345,5
locations,tabpfn,attack_p,Attack-P,0.5075000000000001,0.8289404576183047,0.018434437357422426,0.7121009326354362,0.009043241810796345,5
locations,tabpfn,attack_p,Attack-P,0.51,0.8301331253250129,0.01804842809253306,0.7121009326354362,0.009043241810796345,5
locations,tabpfn,attack_p,Attack-P,0.5125,0.8314313572542901,0.0182416085679208,0.7121009326354362,0.009043241810796345,5
locations,tabpfn,attack_p,Attack-P,0.515,0.8331778471138845,0.018043939811254593,0.7121009326354362,0.009043241810796345,5
locations,tabpfn,attack_p,Attack-P,0.5175,0.8358439937597503,0.01749352243001747,0.7121009326354362,0.009043241810796345,5
locations,tabpfn,attack_p,Attack-P,0.52,0.8390639625585024,0.017654296446926558,0.7121009326354362,0.009043241810796345,5
locations,tabpfn,attack_p,Attack-P,0.5225,0.8409953198127924,0.017217130219015924,0.7121009326354362,0.009043241810796345,5
locations,tabpfn,attack_p,Attack-P,0.525,0.8430569794220342,0.017472454396343633,0.7121009326354362,0.009043241810796345,5
locations,tabpfn,attack_p,Attack-P,0.5275,0.8459424931282966,0.01791568946532184,0.7121009326354362,0.009043241810796345,5
locations,tabpfn,attack_p,Attack-P,0.53,0.8477563182527301,0.01853347080987941,0.7121009326354362,0.009043241810796345,5
locations,tabpfn,attack_p,Attack-P,0.5325,0.8491467907287721,0.01920223569561108,0.7121009326354362,0.009043241810796345,5
locations,tabpfn,attack_p,Attack-P,0.535,0.8504355991382514,0.01975197778264458,0.7121009326354362,0.009043241810796345,5
locations,tabpfn,attack_p,Attack-P,0.5375,0.8517930317212687,0.019741260786729102,0.7121009326354362,0.009043241810796345,5
locations,tabpfn,attack_p,Attack-P,0.54,0.8530886561176733,0.019720138931878562,0.7121009326354362,0.009043241810796345,5
locations,tabpfn,attack_p,Attack-P,0.5425,0.8549222828913157,0.01991642197808061,0.7121009326354362,0.009043241810796345,5
locations,tabpfn,attack_p,Attack-P,0.545,0.856866822672907,0.020016490405571057,0.7121009326354362,0.009043241810796345,5
locations,tabpfn,attack_p,Attack-P,0.5475,0.8594971138845553,0.020534191677627954,0.7121009326354362,0.009043241810796345,5
locations,tabpfn,attack_p,Attack-P,0.55,0.8617566302652107,0.020148764897546318,0.7121009326354362,0.009043241810796345,5
locations,tabpfn,attack_p,Attack-P,0.5525,0.8636196567862715,0.020035151449289256,0.7121009326354362,0.009043241810796345,5
locations,tabpfn,attack_p,Attack-P,0.555,0.8653340613624545,0.02016453950205689,0.7121009326354362,0.009043241810796345,5
locations,tabpfn,attack_p,Attack-P,0.5575,0.8668097243889756,0.01981340905978807,0.7121009326354362,0.009043241810796345,5
locations,tabpfn,attack_p,Attack-P,0.56,0.8683153406136246,0.019502822155511385,0.7121009326354362,0.009043241810796345,5
locations,tabpfn,attack_p,Attack-P,0.5625,0.8693057722308893,0.01900720932547619,0.7121009326354362,0.009043241810796345,5
locations,tabpfn,attack_p,Attack-P,0.5650000000000001,0.870284867394696,0.017941562674258164,0.7121009326354362,0.009043241810796345,5
locations,tabpfn,attack_p,Attack-P,0.5675,0.8720447737909517,0.01619683669943317,0.7121009326354362,0.009043241810796345,5
locations,tabpfn,attack_p,Attack-P,0.5700000000000001,0.8732919396775871,0.016307378060165478,0.7121009326354362,0.009043241810796345,5
locations,tabpfn,attack_p,Attack-P,0.5725,0.8744548881955276,0.01680667752371978,0.7121009326354362,0.009043241810796345,5
locations,tabpfn,attack_p,Attack-P,0.5750000000000001,0.8749570982839314,0.01688603384886194,0.7121009326354362,0.009043241810796345,5
locations,tabpfn,attack_p,Attack-P,0.5775,0.8772100141148502,0.018405610569370286,0.7121009326354362,0.009043241810796345,5
locations,tabpfn,attack_p,Attack-P,0.58,0.8792892058539484,0.019307386474769025,0.7121009326354362,0.009043241810796345,5
locations,tabpfn,attack_p,Attack-P,0.5825,0.8815383403907585,0.01947338792038014,0.7121009326354362,0.009043241810796345,5
locations,tabpfn,attack_p,Attack-P,0.585,0.883999019389347,0.019592672084196256,0.7121009326354362,0.009043241810796345,5
locations,tabpfn,attack_p,Attack-P,0.5875,0.8857441497659908,0.018836447689824024,0.7121009326354362,0.009043241810796345,5
locations,tabpfn,attack_p,Attack-P,0.59,0.8875507020280811,0.01937762437052881,0.7121009326354362,0.009043241810796345,5
locations,tabpfn,attack_p,Attack-P,0.5925,0.8896160946437857,0.020717988063089655,0.7121009326354362,0.009043241810796345,5
locations,tabpfn,attack_p,Attack-P,0.595,0.8916414456578263,0.022279297595658647,0.7121009326354362,0.009043241810796345,5
locations,tabpfn,attack_p,Attack-P,0.5975,0.8937513000520022,0.022636090697122066,0.7121009326354362,0.009043241810796345,5
locations,tabpfn,attack_p,Attack-P,0.6,0.8963702548101924,0.022863487902985074,0.7121009326354362,0.009043241810796345,5
locations,tabpfn,attack_p,Attack-P,0.6025,0.8983525741029643,0.02289626679214014,0.7121009326354362,0.009043241810796345,5
locations,tabpfn,attack_p,Attack-P,0.605,0.9000145605824234,0.022821909984501364,0.7121009326354362,0.009043241810796345,5
locations,tabpfn,attack_p,Attack-P,0.6075,0.9011045241809672,0.02147213621848133,0.7121009326354362,0.009043241810796345,5
locations,tabpfn,attack_p,Attack-P,0.61,0.9022464898595943,0.02125350269549487,0.7121009326354362,0.009043241810796345,5
locations,tabpfn,attack_p,Attack-P,0.6125,0.9029712688507541,0.021379419455337695,0.7121009326354362,0.009043241810796345,5
locations,tabpfn,attack_p,Attack-P,0.615,0.9052316692667708,0.019400871918093376,0.7121009326354362,0.009043241810796345,5
locations,tabpfn,attack_p,Attack-P,0.6175,0.9067254290171606,0.018387518645147365,0.7121009326354362,0.009043241810796345,5
locations,tabpfn,attack_p,Attack-P,0.62,0.9079357254290171,0.017808947768538044,0.7121009326354362,0.009043241810796345,5
locations,tabpfn,attack_p,Attack-P,0.6225,0.9092892355694229,0.017479527314014674,0.7121009326354362,0.009043241810796345,5
locations,tabpfn,attack_p,Attack-P,0.625,0.9109750390015601,0.017434003696009646,0.7121009326354362,0.009043241810796345,5
locations,tabpfn,attack_p,Attack-P,0.6275000000000001,0.9127012480499221,0.01712456955033851,0.7121009326354362,0.009043241810796345,5
locations,tabpfn,attack_p,Attack-P,0.63,0.9155486219448777,0.016893416177439998,0.7121009326354362,0.009043241810796345,5
locations,tabpfn,attack_p,Attack-P,0.6325000000000001,0.9177533801352056,0.016565996924143647,0.7121009326354362,0.009043241810796345,5
locations,tabpfn,attack_p,Attack-P,0.635,0.9194154446177848,0.017429378315859275,0.7121009326354362,0.009043241810796345,5
locations,tabpfn,attack_p,Attack-P,0.6375000000000001,0.9206938377535103,0.017623059609698462,0.7121009326354362,0.009043241810796345,5
locations,tabpfn,attack_p,Attack-P,0.64,0.9223097243889755,0.01782521239482135,0.7121009326354362,0.009043241810796345,5
locations,tabpfn,attack_p,Attack-P,0.6425,0.9252657306292249,0.01929718272370536,0.7121009326354362,0.009043241810796345,5
locations,tabpfn,attack_p,Attack-P,0.645,0.9280279325458732,0.020953237170662345,0.7121009326354362,0.009043241810796345,5
locations,tabpfn,attack_p,Attack-P,0.6475,0.9292593789465864,0.021733300272732285,0.7121009326354362,0.009043241810796345,5
locations,tabpfn,attack_p,Attack-P,0.65,0.9307815169749647,0.02049404576060215,0.7121009326354362,0.009043241810796345,5
locations,tabpfn,attack_p,Attack-P,0.6525,0.9324601812643933,0.01877498591871712,0.7121009326354362,0.009043241810796345,5
locations,tabpfn,attack_p,Attack-P,0.655,0.9333432137285491,0.018540676338157525,0.7121009326354362,0.009043241810796345,5
locations,tabpfn,attack_p,Attack-P,0.6575,0.9342610504420176,0.01855774797548908,0.7121009326354362,0.009043241810796345,5
locations,tabpfn,attack_p,Attack-P,0.66,0.9355964638585543,0.018413385982164764,0.7121009326354362,0.009043241810796345,5
locations,tabpfn,attack_p,Attack-P,0.6625,0.9369183567342694,0.01831838635899467,0.7121009326354362,0.009043241810796345,5
locations,tabpfn,attack_p,Attack-P,0.665,0.9384771710868435,0.01849888540941044,0.7121009326354362,0.009043241810796345,5
locations,tabpfn,attack_p,Attack-P,0.6675,0.9391426547061883,0.018694141158650344,0.7121009326354362,0.009043241810796345,5
locations,tabpfn,attack_p,Attack-P,0.67,0.939930577223089,0.01858735863164232,0.7121009326354362,0.009043241810796345,5
locations,tabpfn,attack_p,Attack-P,0.6725,0.940783086323453,0.018437367485905107,0.7121009326354362,0.009043241810796345,5
locations,tabpfn,attack_p,Attack-P,0.675,0.9420339313572544,0.017900465362180724,0.7121009326354362,0.009043241810796345,5
locations,tabpfn,attack_p,Attack-P,0.6775,0.9429532631305252,0.01751802637728399,0.7121009326354362,0.009043241810796345,5
locations,tabpfn,attack_p,Attack-P,0.68,0.9437420696827873,0.016677011788830156,0.7121009326354362,0.009043241810796345,5
locations,tabpfn,attack_p,Attack-P,0.6825,0.9445738429537182,0.016242409673618483,0.7121009326354362,0.009043241810796345,5
locations,tabpfn,attack_p,Attack-P,0.685,0.9455184607384297,0.016129161544231916,0.7121009326354362,0.009043241810796345,5
locations,tabpfn,attack_p,Attack-P,0.6875,0.9466962428497139,0.01659010348458365,0.7121009326354362,0.009043241810796345,5
locations,tabpfn,attack_p,Attack-P,0.6900000000000001,0.9473013520540821,0.01622670988542674,0.7121009326354362,0.009043241810796345,5
locations,tabpfn,attack_p,Attack-P,0.6925,0.9482145735829434,0.016142694661609662,0.7121009326354362,0.009043241810796345,5
locations,tabpfn,attack_p,Attack-P,0.6950000000000001,0.9494647685907436,0.016079948087765635,0.7121009326354362,0.009043241810796345,5
locations,tabpfn,attack_p,Attack-P,0.6975,0.9505094253770151,0.016105994173003412,0.7121009326354362,0.009043241810796345,5
locations,tabpfn,attack_p,Attack-P,0.7000000000000001,0.9513338533541342,0.01601393797560253,0.7121009326354362,0.009043241810796345,5
locations,tabpfn,attack_p,Attack-P,0.7025,0.9519912246489859,0.01592211916650237,0.7121009326354362,0.009043241810796345,5
locations,tabpfn,attack_p,Attack-P,0.705,0.9533776651066042,0.015975223727322872,0.7121009326354362,0.009043241810796345,5
locations,tabpfn,attack_p,Attack-P,0.7075,0.9551442407696309,0.01426937009451267,0.7121009326354362,0.009043241810796345,5
locations,tabpfn,attack_p,Attack-P,0.71,0.9562410296411856,0.013277375393342068,0.7121009326354362,0.009043241810796345,5
locations,tabpfn,attack_p,Attack-P,0.7125,0.9567104969913082,0.01317667196944295,0.7121009326354362,0.009043241810796345,5
locations,tabpfn,attack_p,Attack-P,0.715,0.9576572691479088,0.01266191616248373,0.7121009326354362,0.009043241810796345,5
locations,tabpfn,attack_p,Attack-P,0.7175,0.9593444209196941,0.01228492452375211,0.7121009326354362,0.009043241810796345,5
locations,tabpfn,attack_p,Attack-P,0.72,0.9609311343882327,0.012078191432538452,0.7121009326354362,0.009043241810796345,5
locations,tabpfn,attack_p,Attack-P,0.7225,0.9629462149914568,0.012312692903086378,0.7121009326354362,0.009043241810796345,5
locations,tabpfn,attack_p,Attack-P,0.725,0.9640219894510066,0.0126919108040197,0.7121009326354362,0.009043241810796345,5
locations,tabpfn,attack_p,Attack-P,0.7275,0.9648385335413417,0.012805325737560038,0.7121009326354362,0.009043241810796345,5
locations,tabpfn,attack_p,Attack-P,0.73,0.965622464898596,0.012522037932854106,0.7121009326354362,0.009043241810796345,5
locations,tabpfn,attack_p,Attack-P,0.7325,0.9677574102964119,0.012266595179911695,0.7121009326354362,0.009043241810796345,5
locations,tabpfn,attack_p,Attack-P,0.735,0.9692808112324492,0.012682474264232718,0.7121009326354362,0.009043241810796345,5
locations,tabpfn,attack_p,Attack-P,0.7375,0.9699596983879356,0.012358229985459414,0.7121009326354362,0.009043241810796345,5
locations,tabpfn,attack_p,Attack-P,0.74,0.9707373894955799,0.011573269655518106,0.7121009326354362,0.009043241810796345,5
locations,tabpfn,attack_p,Attack-P,0.7425,0.9718590743629745,0.010980457473292808,0.7121009326354362,0.009043241810796345,5
locations,tabpfn,attack_p,Attack-P,0.745,0.9722308892355696,0.010430274352852886,0.7121009326354362,0.009043241810796345,5
locations,tabpfn,attack_p,Attack-P,0.7475,0.9726497659906397,0.010139350869182554,0.7121009326354362,0.009043241810796345,5
locations,tabpfn,attack_p,Attack-P,0.75,0.9732709308372336,0.009857103674202028,0.7121009326354362,0.009043241810796345,5
locations,tabpfn,attack_p,Attack-P,0.7525000000000001,0.9736375455018201,0.00979662534120232,0.7121009326354362,0.009043241810796345,5
locations,tabpfn,attack_p,Attack-P,0.755,0.9743983359334374,0.01002221844285431,0.7121009326354362,0.009043241810796345,5
locations,tabpfn,attack_p,Attack-P,0.7575000000000001,0.9749677587103485,0.010290551353272533,0.7121009326354362,0.009043241810796345,5
locations,tabpfn,attack_p,Attack-P,0.76,0.9750390015600624,0.010289318220181663,0.7121009326354362,0.009043241810796345,5
locations,tabpfn,attack_p,Attack-P,0.7625000000000001,0.9756630265210608,0.011064351467392906,0.7121009326354362,0.009043241810796345,5
locations,tabpfn,attack_p,Attack-P,0.765,0.9757441497659907,0.011060118488242147,0.7121009326354362,0.009043241810796345,5
locations,tabpfn,attack_p,Attack-P,0.7675000000000001,0.9764017160686429,0.011175428510547912,0.7121009326354362,0.009043241810796345,5
locations,tabpfn,attack_p,Attack-P,0.77,0.9766521060842435,0.011340889703394348,0.7121009326354362,0.009043241810796345,5
locations,tabpfn,attack_p,Attack-P,0.7725,0.9775458091050915,0.011100916532411213,0.7121009326354362,0.009043241810796345,5
locations,tabpfn,attack_p,Attack-P,0.775,0.9784961943932302,0.011426640446399019,0.7121009326354362,0.009043241810796345,5
locations,tabpfn,attack_p,Attack-P,0.7775,0.9793792369876613,0.011712588771850177,0.7121009326354362,0.009043241810796345,5
locations,tabpfn,attack_p,Attack-P,0.78,0.9800896326762162,0.012073167394484092,0.7121009326354362,0.009043241810796345,5
locations,tabpfn,attack_p,Attack-P,0.7825,0.9809739753226493,0.012621236277767869,0.7121009326354362,0.009043241810796345,5
locations,tabpfn,attack_p,Attack-P,0.785,0.9816432893679383,0.012782159919818374,0.7121009326354362,0.009043241810796345,5
locations,tabpfn,attack_p,Attack-P,0.7875,0.9822152295182717,0.012779892756867306,0.7121009326354362,0.009043241810796345,5
locations,tabpfn,attack_p,Attack-P,0.79,0.982683723348934,0.01273803428467137,0.7121009326354362,0.009043241810796345,5
locations,tabpfn,attack_p,Attack-P,0.7925,0.9833960478419137,0.012495777756963707,0.7121009326354362,0.009043241810796345,5
locations,tabpfn,attack_p,Attack-P,0.795,0.9840750910036402,0.012164179680527415,0.7121009326354362,0.009043241810796345,5
locations,tabpfn,attack_p,Attack-P,0.7975,0.984709412376495,0.011851235468048315,0.7121009326354362,0.009043241810796345,5
locations,tabpfn,attack_p,Attack-P,0.8,0.9860218408736351,0.01050096996725482,0.7121009326354362,0.009043241810796345,5
locations,tabpfn,attack_p,Attack-P,0.8025,0.9861887675507021,0.010134168848896221,0.7121009326354362,0.009043241810796345,5
locations,tabpfn,attack_p,Attack-P,0.805,0.9865557722308893,0.009429292447088792,0.7121009326354362,0.009043241810796345,5
locations,tabpfn,attack_p,Attack-P,0.8075,0.9871191497659908,0.00840296994032197,0.7121009326354362,0.009043241810796345,5
locations,tabpfn,attack_p,Attack-P,0.81,0.987365166035213,0.008077346227746281,0.7121009326354362,0.009043241810796345,5
locations,tabpfn,attack_p,Attack-P,0.8125,0.9876943113438823,0.007750048892492086,0.7121009326354362,0.009043241810796345,5
locations,tabpfn,attack_p,Attack-P,0.8150000000000001,0.9879454535324269,0.0075951888819669015,0.7121009326354362,0.009043241810796345,5
locations,tabpfn,attack_p,Attack-P,0.8175,0.9880470247381323,0.007654121966259639,0.7121009326354362,0.009043241810796345,5
locations,tabpfn,attack_p,Attack-P,0.8200000000000001,0.9883244929797191,0.007596283301541221,0.7121009326354362,0.009043241810796345,5
locations,tabpfn,attack_p,Attack-P,0.8225,0.988788611544462,0.007169018057681353,0.7121009326354362,0.009043241810796345,5
locations,tabpfn,attack_p,Attack-P,0.8250000000000001,0.9893369734789392,0.006680296687850329,0.7121009326354362,0.009043241810796345,5
locations,tabpfn,attack_p,Attack-P,0.8275,0.9894234009360374,0.006571341510538577,0.7121009326354362,0.009043241810796345,5
locations,tabpfn,attack_p,Attack-P,0.8300000000000001,0.9896237129485179,0.006638667191806753,0.7121009326354362,0.009043241810796345,5
locations,tabpfn,attack_p,Attack-P,0.8325,0.9899382995319812,0.006855500661656209,0.7121009326354362,0.009043241810796345,5
locations,tabpfn,attack_p,Attack-P,0.835,0.9907340093603745,0.0069324005920996965,0.7121009326354362,0.009043241810796345,5
locations,tabpfn,attack_p,Attack-P,0.8375,0.9910569422776911,0.006676495501088361,0.7121009326354362,0.009043241810796345,5
locations,tabpfn,attack_p,Attack-P,0.84,0.9913949147439581,0.0067099296634428275,0.7121009326354362,0.009043241810796345,5
locations,tabpfn,attack_p,Attack-P,0.8425,0.9916722856282674,0.006688467687238331,0.7121009326354362,0.009043241810796345,5
locations,tabpfn,attack_p,Attack-P,0.845,0.9918353559405535,0.006511585845316345,0.7121009326354362,0.009043241810796345,5
locations,tabpfn,attack_p,Attack-P,0.8475,0.9920620247967815,0.006364262638799544,0.7121009326354362,0.009043241810796345,5
locations,tabpfn,attack_p,Attack-P,0.85,0.9922450119057394,0.006318695545888729,0.7121009326354362,0.009043241810796345,5
locations,tabpfn,attack_p,Attack-P,0.8525,0.9926962257437666,0.005725950766568777,0.7121009326354362,0.009043241810796345,5
locations,tabpfn,attack_p,Attack-P,0.855,0.9928895092645812,0.005809848282510403,0.7121009326354362,0.009043241810796345,5
locations,tabpfn,attack_p,Attack-P,0.8575,0.9931095738566385,0.005929337812077997,0.7121009326354362,0.009043241810796345,5
locations,tabpfn,attack_p,Attack-P,0.86,0.9933675999671566,0.0061026654592007895,0.7121009326354362,0.009043241810796345,5
locations,tabpfn,attack_p,Attack-P,0.8625,0.993620165859266,0.006165755514933934,0.7121009326354362,0.009043241810796345,5
locations,tabpfn,attack_p,Attack-P,0.865,0.993827935673818,0.006135431730083969,0.7121009326354362,0.009043241810796345,5
locations,tabpfn,attack_p,Attack-P,0.8675,0.994319302546538,0.005799836225953231,0.7121009326354362,0.009043241810796345,5
locations,tabpfn,attack_p,Attack-P,0.87,0.994785379986628,0.005492082245358632,0.7121009326354362,0.009043241810796345,5
locations,tabpfn,attack_p,Attack-P,0.8725,0.9950717628705148,0.005082525526933135,0.7121009326354362,0.009043241810796345,5
locations,tabpfn,attack_p,Attack-P,0.875,0.9952863828838868,0.0046200380989562225,0.7121009326354362,0.009043241810796345,5
locations,tabpfn,attack_p,Attack-P,0.8775000000000001,0.9960283931357254,0.0032201170163858026,0.7121009326354362,0.009043241810796345,5
locations,tabpfn,attack_p,Attack-P,0.88,0.9961285491419657,0.003216791476194223,0.7121009326354362,0.009043241810796345,5
locations,tabpfn,attack_p,Attack-P,0.8825000000000001,0.9962287051482059,0.0032290328984502744,0.7121009326354362,0.009043241810796345,5
locations,tabpfn,attack_p,Attack-P,0.885,0.9964992199687988,0.0033378336268963366,0.7121009326354362,0.009043241810796345,5
locations,tabpfn,attack_p,Attack-P,0.8875000000000001,0.9970748829953198,0.0036540944392735794,0.7121009326354362,0.009043241810796345,5
locations,tabpfn,attack_p,Attack-P,0.89,0.9973697347893916,0.0033342953546818617,0.7121009326354362,0.009043241810796345,5
locations,tabpfn,attack_p,Attack-P,0.8925000000000001,0.9981209048361934,0.0017233932818716128,0.7121009326354362,0.009043241810796345,5
locations,tabpfn,attack_p,Attack-P,0.895,0.9981279251170048,0.001708962737925643,0.7121009326354362,0.009043241810796345,5
locations,tabpfn,attack_p,Attack-P,0.8975,0.9981279251170048,0.001708962737925643,0.7121009326354362,0.009043241810796345,5
locations,tabpfn,attack_p,Attack-P,0.9,0.9981279251170048,0.001708962737925643,0.7121009326354362,0.009043241810796345,5
locations,tabpfn,attack_p,Attack-P,0.9025,0.9982542901716069,0.0017603871619841114,0.7121009326354362,0.009043241810796345,5
locations,tabpfn,attack_p,Attack-P,0.905,0.9984399375975039,0.001910678426507942,0.7121009326354362,0.009043241810796345,5
locations,tabpfn,attack_p,Attack-P,0.9075,0.998631825273011,0.0015290561498114003,0.7121009326354362,0.009043241810796345,5
locations,tabpfn,attack_p,Attack-P,0.91,0.9987519500780031,0.0013052418510672112,0.7121009326354362,0.009043241810796345,5
locations,tabpfn,attack_p,Attack-P,0.9125,0.9987519500780031,0.0013052418510672112,0.7121009326354362,0.009043241810796345,5
locations,tabpfn,attack_p,Attack-P,0.915,0.9987519500780031,0.0013052418510672112,0.7121009326354362,0.009043241810796345,5
locations,tabpfn,attack_p,Attack-P,0.9175,0.9987519500780031,0.0013052418510672112,0.7121009326354362,0.009043241810796345,5
locations,tabpfn,attack_p,Attack-P,0.92,0.9987769110764431,0.0012609319574855011,0.7121009326354362,0.009043241810796345,5
locations,tabpfn,attack_p,Attack-P,0.9225,0.9988395085803432,0.0011542090641987613,0.7121009326354362,0.009043241810796345,5
locations,tabpfn,attack_p,Attack-P,0.925,0.9989021060842435,0.001055287733887897,0.7121009326354362,0.009043241810796345,5
locations,tabpfn,attack_p,Attack-P,0.9275,0.9989647035881436,0.0009665662489738056,0.7121009326354362,0.009043241810796345,5
locations,tabpfn,attack_p,Attack-P,0.93,0.9990273010920436,0.0008910964599646728,0.7121009326354362,0.009043241810796345,5
locations,tabpfn,attack_p,Attack-P,0.9325,0.9990639625585024,0.0008544813689627987,0.7121009326354362,0.009043241810796345,5
locations,tabpfn,attack_p,Attack-P,0.935,0.9990639625585024,0.0008544813689627987,0.7121009326354362,0.009043241810796345,5
locations,tabpfn,attack_p,Attack-P,0.9375,0.9990639625585024,0.0008544813689627987,0.7121009326354362,0.009043241810796345,5
locations,tabpfn,attack_p,Attack-P,0.9400000000000001,0.9993759750390016,0.0008544813689627986,0.7121009326354362,0.009043241810796345,5
locations,tabpfn,attack_p,Attack-P,0.9425,0.9993759750390016,0.0008544813689627986,0.7121009326354362,0.009043241810796345,5
locations,tabpfn,attack_p,Attack-P,0.9450000000000001,0.9993759750390016,0.0008544813689627986,0.7121009326354362,0.009043241810796345,5
locations,tabpfn,attack_p,Attack-P,0.9475,0.9993759750390016,0.0008544813689627986,0.7121009326354362,0.009043241810796345,5
locations,tabpfn,attack_p,Attack-P,0.9500000000000001,0.9993759750390016,0.0008544813689627986,0.7121009326354362,0.009043241810796345,5
locations,tabpfn,attack_p,Attack-P,0.9525,0.9993759750390016,0.0008544813689627986,0.7121009326354362,0.009043241810796345,5
locations,tabpfn,attack_p,Attack-P,0.9550000000000001,0.9993759750390016,0.0008544813689627986,0.7121009326354362,0.009043241810796345,5
locations,tabpfn,attack_p,Attack-P,0.9575,0.9993759750390016,0.0008544813689627986,0.7121009326354362,0.009043241810796345,5
locations,tabpfn,attack_p,Attack-P,0.96,0.9993759750390016,0.0008544813689627986,0.7121009326354362,0.009043241810796345,5
locations,tabpfn,attack_p,Attack-P,0.9625,0.9993759750390016,0.0008544813689627986,0.7121009326354362,0.009043241810796345,5
locations,tabpfn,attack_p,Attack-P,0.965,0.9993759750390016,0.0008544813689627986,0.7121009326354362,0.009043241810796345,5
locations,tabpfn,attack_p,Attack-P,0.9675,0.9993759750390016,0.0008544813689627986,0.7121009326354362,0.009043241810796345,5
locations,tabpfn,attack_p,Attack-P,0.97,0.9993759750390016,0.0008544813689627986,0.7121009326354362,0.009043241810796345,5
locations,tabpfn,attack_p,Attack-P,0.9725,0.9993759750390016,0.0008544813689627986,0.7121009326354362,0.009043241810796345,5
locations,tabpfn,attack_p,Attack-P,0.975,0.9993759750390016,0.0008544813689627986,0.7121009326354362,0.009043241810796345,5
locations,tabpfn,attack_p,Attack-P,0.9775,0.9993759750390016,0.0008544813689627986,0.7121009326354362,0.009043241810796345,5
locations,tabpfn,attack_p,Attack-P,0.98,0.9993759750390016,0.0008544813689627986,0.7121009326354362,0.009043241810796345,5
locations,tabpfn,attack_p,Attack-P,0.9825,0.9994356474258972,0.0007799380794648373,0.7121009326354362,0.009043241810796345,5
locations,tabpfn,attack_p,Attack-P,0.985,0.9997745709828394,0.0003128693382567382,0.7121009326354362,0.009043241810796345,5
locations,tabpfn,attack_p,Attack-P,0.9875,0.9999980499219969,4.360506976406031e-06,0.7121009326354362,0.009043241810796345,5
locations,tabpfn,attack_p,Attack-P,0.99,1.0,0.0,0.7121009326354362,0.009043241810796345,5
locations,tabpfn,attack_p,Attack-P,0.9925,1.0,0.0,0.7121009326354362,0.009043241810796345,5
locations,tabpfn,attack_p,Attack-P,0.995,1.0,0.0,0.7121009326354362,0.009043241810796345,5
locations,tabpfn,attack_p,Attack-P,0.9975,1.0,0.0,0.7121009326354362,0.009043241810796345,5
locations,tabpfn,attack_p,Attack-P,1.0,1.0,0.0,0.7121009326354362,0.009043241810796345,5
