dataset,model,attack,attack_label,fpr,mean_tpr,std_tpr_across_seeds,mean_auc,std_auc_across_seeds,n_seeds
dropout_success,tabpfn,rmia,RMIA,0.0,0.0,0.0,0.7158132836000394,0.013356387075550258,5
dropout_success,tabpfn,rmia,RMIA,0.0025,0.029447732426303858,0.01422748284247615,0.7158132836000394,0.013356387075550258,5
dropout_success,tabpfn,rmia,RMIA,0.005,0.04662920864548351,0.01254736105084848,0.7158132836000394,0.013356387075550258,5
dropout_success,tabpfn,rmia,RMIA,0.0075,0.061609930681133206,0.00910876419278741,0.7158132836000394,0.013356387075550258,5
dropout_success,tabpfn,rmia,RMIA,0.01,0.07215202789976752,0.013350300536184143,0.7158132836000394,0.013356387075550258,5
dropout_success,tabpfn,rmia,RMIA,0.0125,0.08285864978902954,0.01653241899973087,0.7158132836000394,0.013356387075550258,5
dropout_success,tabpfn,rmia,RMIA,0.015,0.09473431929733919,0.013821439564198873,0.7158132836000394,0.013356387075550258,5
dropout_success,tabpfn,rmia,RMIA,0.0175,0.10394959815149689,0.015847771241227424,0.7158132836000394,0.013356387075550258,5
dropout_success,tabpfn,rmia,RMIA,0.02,0.11373574442435204,0.013244925030748134,0.7158132836000394,0.013356387075550258,5
dropout_success,tabpfn,rmia,RMIA,0.0225,0.12251095539481613,0.013155489201287987,0.7158132836000394,0.013356387075550258,5
dropout_success,tabpfn,rmia,RMIA,0.025,0.1339297769740808,0.017468349665967987,0.7158132836000394,0.013356387075550258,5
dropout_success,tabpfn,rmia,RMIA,0.0275,0.1451898683946152,0.021204313971908695,0.7158132836000394,0.013356387075550258,5
dropout_success,tabpfn,rmia,RMIA,0.03,0.15392889290737394,0.021858608179955403,0.7158132836000394,0.013356387075550258,5
dropout_success,tabpfn,rmia,RMIA,0.0325,0.1600757685352622,0.02021657109772673,0.7158132836000394,0.013356387075550258,5
dropout_success,tabpfn,rmia,RMIA,0.035,0.16759856841470766,0.022141926222653315,0.7158132836000394,0.013356387075550258,5
dropout_success,tabpfn,rmia,RMIA,0.0375,0.1738473854731766,0.0240645645035545,0.7158132836000394,0.013356387075550258,5
dropout_success,tabpfn,rmia,RMIA,0.04,0.18013936106088005,0.02414826017127416,0.7158132836000394,0.013356387075550258,5
dropout_success,tabpfn,rmia,RMIA,0.0425,0.1870870755475186,0.023971561916258002,0.7158132836000394,0.013356387075550258,5
dropout_success,tabpfn,rmia,RMIA,0.045,0.19380153707052442,0.020892523380812596,0.7158132836000394,0.013356387075550258,5
dropout_success,tabpfn,rmia,RMIA,0.0475,0.2014003298506463,0.019149256999651275,0.7158132836000394,0.013356387075550258,5
dropout_success,tabpfn,rmia,RMIA,0.05,0.2079745161074275,0.017614898212261153,0.7158132836000394,0.013356387075550258,5
dropout_success,tabpfn,rmia,RMIA,0.0525,0.21309993469961822,0.018012718024987332,0.7158132836000394,0.013356387075550258,5
dropout_success,tabpfn,rmia,RMIA,0.055,0.2186591822382961,0.016591013038773264,0.7158132836000394,0.013356387075550258,5
dropout_success,tabpfn,rmia,RMIA,0.0575,0.22463798472975688,0.01605376839158715,0.7158132836000394,0.013356387075550258,5
dropout_success,tabpfn,rmia,RMIA,0.06,0.22941683745228048,0.014300507860452543,0.7158132836000394,0.013356387075550258,5
dropout_success,tabpfn,rmia,RMIA,0.0625,0.23638863773357444,0.015217060383460356,0.7158132836000394,0.013356387075550258,5
dropout_success,tabpfn,rmia,RMIA,0.065,0.24602900843881853,0.014836292072820877,0.7158132836000394,0.013356387075550258,5
dropout_success,tabpfn,rmia,RMIA,0.0675,0.2508196830419932,0.014305273369272325,0.7158132836000394,0.013356387075550258,5
dropout_success,tabpfn,rmia,RMIA,0.07,0.25512219299687655,0.013273678116329228,0.7158132836000394,0.013356387075550258,5
dropout_success,tabpfn,rmia,RMIA,0.0725,0.2593808359362157,0.01493877010911006,0.7158132836000394,0.013356387075550258,5
dropout_success,tabpfn,rmia,RMIA,0.075,0.26518206477067235,0.01697753488497167,0.7158132836000394,0.013356387075550258,5
dropout_success,tabpfn,rmia,RMIA,0.0775,0.270243098251959,0.01787440586687214,0.7158132836000394,0.013356387075550258,5
dropout_success,tabpfn,rmia,RMIA,0.08,0.2759750853928069,0.01888962036210783,0.7158132836000394,0.013356387075550258,5
dropout_success,tabpfn,rmia,RMIA,0.0825,0.2803674000401849,0.019370923098419448,0.7158132836000394,0.013356387075550258,5
dropout_success,tabpfn,rmia,RMIA,0.085,0.28555427968655817,0.02034365773164172,0.7158132836000394,0.013356387075550258,5
dropout_success,tabpfn,rmia,RMIA,0.08750000000000001,0.28887919429375125,0.019007631348560892,0.7158132836000394,0.013356387075550258,5
dropout_success,tabpfn,rmia,RMIA,0.09,0.29233399638336344,0.018160503478550045,0.7158132836000394,0.013356387075550258,5
dropout_success,tabpfn,rmia,RMIA,0.0925,0.29815614325899137,0.018735433123489287,0.7158132836000394,0.013356387075550258,5
dropout_success,tabpfn,rmia,RMIA,0.095,0.3024308921036769,0.01862160662030925,0.7158132836000394,0.013356387075550258,5
dropout_success,tabpfn,rmia,RMIA,0.0975,0.30910359654410285,0.01896184037817607,0.7158132836000394,0.013356387075550258,5
dropout_success,tabpfn,rmia,RMIA,0.1,0.312418324291742,0.017931390446566085,0.7158132836000394,0.013356387075550258,5
dropout_success,tabpfn,rmia,RMIA,0.10250000000000001,0.3167342927466345,0.018012860894617396,0.7158132836000394,0.013356387075550258,5
dropout_success,tabpfn,rmia,RMIA,0.105,0.31976547116736986,0.017063672215279574,0.7158132836000394,0.013356387075550258,5
dropout_success,tabpfn,rmia,RMIA,0.1075,0.32369159132007236,0.017273627251039703,0.7158132836000394,0.013356387075550258,5
dropout_success,tabpfn,rmia,RMIA,0.11,0.3284915611814346,0.017329835350905466,0.7158132836000394,0.013356387075550258,5
dropout_success,tabpfn,rmia,RMIA,0.1125,0.3319832838198571,0.016793958725295557,0.7158132836000394,0.013356387075550258,5
dropout_success,tabpfn,rmia,RMIA,0.115,0.33518152070954965,0.015461070032490193,0.7158132836000394,0.013356387075550258,5
dropout_success,tabpfn,rmia,RMIA,0.11750000000000001,0.339158031946956,0.01683086549461,0.7158132836000394,0.013356387075550258,5
dropout_success,tabpfn,rmia,RMIA,0.12,0.34273658830620857,0.016019409209667865,0.7158132836000394,0.013356387075550258,5
dropout_success,tabpfn,rmia,RMIA,0.1225,0.3453341772151899,0.016472697416656957,0.7158132836000394,0.013356387075550258,5
dropout_success,tabpfn,rmia,RMIA,0.125,0.34782625075346596,0.015868272720145654,0.7158132836000394,0.013356387075550258,5
dropout_success,tabpfn,rmia,RMIA,0.1275,0.3522730435001005,0.018199260993157027,0.7158132836000394,0.013356387075550258,5
dropout_success,tabpfn,rmia,RMIA,0.13,0.35510935302390995,0.019037113920706242,0.7158132836000394,0.013356387075550258,5
dropout_success,tabpfn,rmia,RMIA,0.1325,0.3594865641039692,0.018178188490123783,0.7158132836000394,0.013356387075550258,5
dropout_success,tabpfn,rmia,RMIA,0.135,0.36368078068204646,0.017910876625190232,0.7158132836000394,0.013356387075550258,5
dropout_success,tabpfn,rmia,RMIA,0.1375,0.3657825771275139,0.01716343270773279,0.7158132836000394,0.013356387075550258,5
dropout_success,tabpfn,rmia,RMIA,0.14,0.3696001607394013,0.016697673052174962,0.7158132836000394,0.013356387075550258,5
dropout_success,tabpfn,rmia,RMIA,0.14250000000000002,0.37586063893912003,0.01604289408631559,0.7158132836000394,0.013356387075550258,5
dropout_success,tabpfn,rmia,RMIA,0.145,0.37887025316455697,0.01714900735452901,0.7158132836000394,0.013356387075550258,5
dropout_success,tabpfn,rmia,RMIA,0.1475,0.38145890596745025,0.016412498350206896,0.7158132836000394,0.013356387075550258,5
dropout_success,tabpfn,rmia,RMIA,0.15,0.38414406268836654,0.01584181237740803,0.7158132836000394,0.013356387075550258,5
dropout_success,tabpfn,rmia,RMIA,0.1525,0.38836158830620854,0.019457496114180746,0.7158132836000394,0.013356387075550258,5
dropout_success,tabpfn,rmia,RMIA,0.155,0.3922413970932958,0.022695866262226576,0.7158132836000394,0.013356387075550258,5
dropout_success,tabpfn,rmia,RMIA,0.1575,0.3937741075614493,0.023122442566625524,0.7158132836000394,0.013356387075550258,5
dropout_success,tabpfn,rmia,RMIA,0.16,0.39672622061482826,0.023788351633664336,0.7158132836000394,0.013356387075550258,5
dropout_success,tabpfn,rmia,RMIA,0.1625,0.40081984629294753,0.024503724179740102,0.7158132836000394,0.013356387075550258,5
dropout_success,tabpfn,rmia,RMIA,0.165,0.4045653624856157,0.02514265067305744,0.7158132836000394,0.013356387075550258,5
dropout_success,tabpfn,rmia,RMIA,0.1675,0.4078937476026083,0.025061807354540864,0.7158132836000394,0.013356387075550258,5
dropout_success,tabpfn,rmia,RMIA,0.17,0.41072598041901837,0.026093383098692483,0.7158132836000394,0.013356387075550258,5
dropout_success,tabpfn,rmia,RMIA,0.17250000000000001,0.41375175808720116,0.027193608267896515,0.7158132836000394,0.013356387075550258,5
dropout_success,tabpfn,rmia,RMIA,0.17500000000000002,0.4182180530440024,0.028509923253436115,0.7158132836000394,0.013356387075550258,5
dropout_success,tabpfn,rmia,RMIA,0.1775,0.42219128993369504,0.028376642167450665,0.7158132836000394,0.013356387075550258,5
dropout_success,tabpfn,rmia,RMIA,0.18,0.42614707655213985,0.02864053378845811,0.7158132836000394,0.013356387075550258,5
dropout_success,tabpfn,rmia,RMIA,0.1825,0.43191818220959266,0.03103843250216326,0.7158132836000394,0.013356387075550258,5
dropout_success,tabpfn,rmia,RMIA,0.185,0.43515944200464995,0.032516177887868494,0.7158132836000394,0.013356387075550258,5
dropout_success,tabpfn,rmia,RMIA,0.1875,0.43863647779787024,0.031037772336661884,0.7158132836000394,0.013356387075550258,5
dropout_success,tabpfn,rmia,RMIA,0.19,0.4412523608599558,0.030945686989136592,0.7158132836000394,0.013356387075550258,5
dropout_success,tabpfn,rmia,RMIA,0.1925,0.4452998342374924,0.03080796558921167,0.7158132836000394,0.013356387075550258,5
dropout_success,tabpfn,rmia,RMIA,0.195,0.44942373920032147,0.03069777786855029,0.7158132836000394,0.013356387075550258,5
dropout_success,tabpfn,rmia,RMIA,0.1975,0.45322528129395223,0.032505676765219746,0.7158132836000394,0.013356387075550258,5
dropout_success,tabpfn,rmia,RMIA,0.2,0.45648141450673096,0.03132265397664468,0.7158132836000394,0.013356387075550258,5
dropout_success,tabpfn,rmia,RMIA,0.2025,0.4608422242314648,0.03102915104140308,0.7158132836000394,0.013356387075550258,5
dropout_success,tabpfn,rmia,RMIA,0.20500000000000002,0.4635252734004995,0.03159029933456744,0.7158132836000394,0.013356387075550258,5
dropout_success,tabpfn,rmia,RMIA,0.20750000000000002,0.4659743993800052,0.031857232506938386,0.7158132836000394,0.013356387075550258,5
dropout_success,tabpfn,rmia,RMIA,0.21,0.4695672091621458,0.030694771068330143,0.7158132836000394,0.013356387075550258,5
dropout_success,tabpfn,rmia,RMIA,0.2125,0.4718551049111627,0.029952122782533248,0.7158132836000394,0.013356387075550258,5
dropout_success,tabpfn,rmia,RMIA,0.215,0.4753734607767157,0.03021652362539914,0.7158132836000394,0.013356387075550258,5
dropout_success,tabpfn,rmia,RMIA,0.2175,0.47772467636843763,0.030466911758845958,0.7158132836000394,0.013356387075550258,5
dropout_success,tabpfn,rmia,RMIA,0.22,0.4817258991360257,0.028782255779511857,0.7158132836000394,0.013356387075550258,5
dropout_success,tabpfn,rmia,RMIA,0.2225,0.48406639948525126,0.027821434258646603,0.7158132836000394,0.013356387075550258,5
dropout_success,tabpfn,rmia,RMIA,0.225,0.4870116583905011,0.028179108982344027,0.7158132836000394,0.013356387075550258,5
dropout_success,tabpfn,rmia,RMIA,0.2275,0.4903585349751715,0.027392533077737567,0.7158132836000394,0.013356387075550258,5
dropout_success,tabpfn,rmia,RMIA,0.23,0.49301735985533457,0.027056284963888688,0.7158132836000394,0.013356387075550258,5
dropout_success,tabpfn,rmia,RMIA,0.2325,0.4954781193490054,0.02626312403600078,0.7158132836000394,0.013356387075550258,5
dropout_success,tabpfn,rmia,RMIA,0.23500000000000001,0.49776471770142655,0.02462510357022293,0.7158132836000394,0.013356387075550258,5
dropout_success,tabpfn,rmia,RMIA,0.23750000000000002,0.5025039933694997,0.023214071937209858,0.7158132836000394,0.013356387075550258,5
dropout_success,tabpfn,rmia,RMIA,0.24,0.5051910789632308,0.02304530961673192,0.7158132836000394,0.013356387075550258,5
dropout_success,tabpfn,rmia,RMIA,0.2425,0.5096618645770545,0.023799606803907903,0.7158132836000394,0.013356387075550258,5
dropout_success,tabpfn,rmia,RMIA,0.245,0.5117939528976148,0.023124998994868706,0.7158132836000394,0.013356387075550258,5
dropout_success,tabpfn,rmia,RMIA,0.2475,0.5140518868939981,0.02273828593590454,0.7158132836000394,0.013356387075550258,5
dropout_success,tabpfn,rmia,RMIA,0.25,0.5172212176009645,0.02284058007800056,0.7158132836000394,0.013356387075550258,5
dropout_success,tabpfn,rmia,RMIA,0.2525,0.5219471795258188,0.02208047361423634,0.7158132836000394,0.013356387075550258,5
dropout_success,tabpfn,rmia,RMIA,0.255,0.5254314597146876,0.020489913303461633,0.7158132836000394,0.013356387075550258,5
dropout_success,tabpfn,rmia,RMIA,0.2575,0.5285716495881053,0.019790393942337874,0.7158132836000394,0.013356387075550258,5
dropout_success,tabpfn,rmia,RMIA,0.26,0.5322790148970981,0.020912291484351767,0.7158132836000394,0.013356387075550258,5
dropout_success,tabpfn,rmia,RMIA,0.2625,0.5349465039180228,0.021542175580610626,0.7158132836000394,0.013356387075550258,5
dropout_success,tabpfn,rmia,RMIA,0.265,0.5371056359252562,0.02139376997086068,0.7158132836000394,0.013356387075550258,5
dropout_success,tabpfn,rmia,RMIA,0.2675,0.5397890295358649,0.02042074002186452,0.7158132836000394,0.013356387075550258,5
dropout_success,tabpfn,rmia,RMIA,0.27,0.5431766124171188,0.01920211337363738,0.7158132836000394,0.013356387075550258,5
dropout_success,tabpfn,rmia,RMIA,0.2725,0.5458969258589512,0.01849979422523603,0.7158132836000394,0.013356387075550258,5
dropout_success,tabpfn,rmia,RMIA,0.275,0.5487326702833032,0.017080802390229795,0.7158132836000394,0.013356387075550258,5
dropout_success,tabpfn,rmia,RMIA,0.2775,0.5522870274692157,0.01630969156130861,0.7158132836000394,0.013356387075550258,5
dropout_success,tabpfn,rmia,RMIA,0.28,0.5544043399638336,0.016227425908559957,0.7158132836000394,0.013356387075550258,5
dropout_success,tabpfn,rmia,RMIA,0.28250000000000003,0.557733102270444,0.016877158625439953,0.7158132836000394,0.013356387075550258,5
dropout_success,tabpfn,rmia,RMIA,0.28500000000000003,0.5617057263411693,0.018333975546021678,0.7158132836000394,0.013356387075550258,5
dropout_success,tabpfn,rmia,RMIA,0.28750000000000003,0.5643406335811398,0.017608978245829958,0.7158132836000394,0.013356387075550258,5
dropout_success,tabpfn,rmia,RMIA,0.29,0.5678296832094298,0.017014406905200934,0.7158132836000394,0.013356387075550258,5
dropout_success,tabpfn,rmia,RMIA,0.2925,0.5710904410287322,0.016562071964018592,0.7158132836000394,0.013356387075550258,5
dropout_success,tabpfn,rmia,RMIA,0.295,0.5744404761904762,0.01723917727138906,0.7158132836000394,0.013356387075550258,5
dropout_success,tabpfn,rmia,RMIA,0.2975,0.5783071127185051,0.017515726285026453,0.7158132836000394,0.013356387075550258,5
dropout_success,tabpfn,rmia,RMIA,0.3,0.5808925055254169,0.01742482834395989,0.7158132836000394,0.013356387075550258,5
dropout_success,tabpfn,rmia,RMIA,0.3025,0.5832763210769539,0.016856129199674066,0.7158132836000394,0.013356387075550258,5
dropout_success,tabpfn,rmia,RMIA,0.305,0.5871026220614828,0.015494690155312284,0.7158132836000394,0.013356387075550258,5
dropout_success,tabpfn,rmia,RMIA,0.3075,0.5901728300180832,0.015866112996167987,0.7158132836000394,0.013356387075550258,5
dropout_success,tabpfn,rmia,RMIA,0.31,0.5930502980376398,0.016041745635679464,0.7158132836000394,0.013356387075550258,5
dropout_success,tabpfn,rmia,RMIA,0.3125,0.5974405180496951,0.015137597277309216,0.7158132836000394,0.013356387075550258,5
dropout_success,tabpfn,rmia,RMIA,0.315,0.6001519876045192,0.015419741429357233,0.7158132836000394,0.013356387075550258,5
dropout_success,tabpfn,rmia,RMIA,0.3175,0.6039515811193027,0.014535170566650652,0.7158132836000394,0.013356387075550258,5
dropout_success,tabpfn,rmia,RMIA,0.32,0.6059914499003106,0.014945966547373986,0.7158132836000394,0.013356387075550258,5
dropout_success,tabpfn,rmia,RMIA,0.3225,0.6090558192686356,0.016260002293725498,0.7158132836000394,0.013356387075550258,5
dropout_success,tabpfn,rmia,RMIA,0.325,0.6114191531042797,0.017922274605314533,0.7158132836000394,0.013356387075550258,5
dropout_success,tabpfn,rmia,RMIA,0.3275,0.6168464436407476,0.01728474717202059,0.7158132836000394,0.013356387075550258,5
dropout_success,tabpfn,rmia,RMIA,0.33,0.6212347598955194,0.01729396924639566,0.7158132836000394,0.013356387075550258,5
dropout_success,tabpfn,rmia,RMIA,0.3325,0.6258545810729356,0.016803146056682906,0.7158132836000394,0.013356387075550258,5
dropout_success,tabpfn,rmia,RMIA,0.335,0.6293505123568416,0.015436139294196084,0.7158132836000394,0.013356387075550258,5
dropout_success,tabpfn,rmia,RMIA,0.3375,0.632545358649789,0.015347056442645989,0.7158132836000394,0.013356387075550258,5
dropout_success,tabpfn,rmia,RMIA,0.34,0.6354920634920636,0.015400496985440541,0.7158132836000394,0.013356387075550258,5
dropout_success,tabpfn,rmia,RMIA,0.3425,0.6385486236688769,0.01716509887248176,0.7158132836000394,0.013356387075550258,5
dropout_success,tabpfn,rmia,RMIA,0.34500000000000003,0.6412733273056058,0.016807679835886245,0.7158132836000394,0.013356387075550258,5
dropout_success,tabpfn,rmia,RMIA,0.34750000000000003,0.6446493789614044,0.016868044008289045,0.7158132836000394,0.013356387075550258,5
dropout_success,tabpfn,rmia,RMIA,0.35000000000000003,0.6476502822072442,0.016893568392417593,0.7158132836000394,0.013356387075550258,5
dropout_success,tabpfn,rmia,RMIA,0.3525,0.6497609704641351,0.017559223137148947,0.7158132836000394,0.013356387075550258,5
dropout_success,tabpfn,rmia,RMIA,0.355,0.6528165260196905,0.016956265137132158,0.7158132836000394,0.013356387075550258,5
dropout_success,tabpfn,rmia,RMIA,0.3575,0.6561465491259796,0.016541047249099508,0.7158132836000394,0.013356387075550258,5
dropout_success,tabpfn,rmia,RMIA,0.36,0.6587430064008725,0.017389320984904266,0.7158132836000394,0.013356387075550258,5
dropout_success,tabpfn,rmia,RMIA,0.3625,0.6609153893624959,0.017417275379971918,0.7158132836000394,0.013356387075550258,5
dropout_success,tabpfn,rmia,RMIA,0.365,0.6644649889491662,0.01751662856605655,0.7158132836000394,0.013356387075550258,5
dropout_success,tabpfn,rmia,RMIA,0.3675,0.6670344941492771,0.016668148415157177,0.7158132836000394,0.013356387075550258,5
dropout_success,tabpfn,rmia,RMIA,0.37,0.6687575552302496,0.016458471888259035,0.7158132836000394,0.013356387075550258,5
dropout_success,tabpfn,rmia,RMIA,0.3725,0.6702889993972272,0.016491239173943677,0.7158132836000394,0.013356387075550258,5
dropout_success,tabpfn,rmia,RMIA,0.375,0.6732494474583083,0.01584400018781867,0.7158132836000394,0.013356387075550258,5
dropout_success,tabpfn,rmia,RMIA,0.3775,0.6763537587186773,0.01551690570397726,0.7158132836000394,0.013356387075550258,5
dropout_success,tabpfn,rmia,RMIA,0.38,0.6793475702517295,0.015776716093602244,0.7158132836000394,0.013356387075550258,5
dropout_success,tabpfn,rmia,RMIA,0.3825,0.6813905716294957,0.016246535664275568,0.7158132836000394,0.013356387075550258,5
dropout_success,tabpfn,rmia,RMIA,0.385,0.6844339561985131,0.015610216067048776,0.7158132836000394,0.013356387075550258,5
dropout_success,tabpfn,rmia,RMIA,0.3875,0.6870599758890898,0.015943018232730793,0.7158132836000394,0.013356387075550258,5
dropout_success,tabpfn,rmia,RMIA,0.39,0.6893373518183645,0.015287162234799832,0.7158132836000394,0.013356387075550258,5
dropout_success,tabpfn,rmia,RMIA,0.3925,0.6920896122161946,0.015166870300381222,0.7158132836000394,0.013356387075550258,5
dropout_success,tabpfn,rmia,RMIA,0.395,0.6945787623066104,0.014298746100226866,0.7158132836000394,0.013356387075550258,5
dropout_success,tabpfn,rmia,RMIA,0.3975,0.6967606741008641,0.013399093437406343,0.7158132836000394,0.013356387075550258,5
dropout_success,tabpfn,rmia,RMIA,0.4,0.6988627687361865,0.013983473376832242,0.7158132836000394,0.013356387075550258,5
dropout_success,tabpfn,rmia,RMIA,0.4025,0.7015501808318264,0.013572510734634863,0.7158132836000394,0.013356387075550258,5
dropout_success,tabpfn,rmia,RMIA,0.405,0.7034211372312639,0.013639341930039793,0.7158132836000394,0.013356387075550258,5
dropout_success,tabpfn,rmia,RMIA,0.40750000000000003,0.7055860960417923,0.013615731577938604,0.7158132836000394,0.013356387075550258,5
dropout_success,tabpfn,rmia,RMIA,0.41000000000000003,0.7074120554550936,0.013040190309390737,0.7158132836000394,0.013356387075550258,5
dropout_success,tabpfn,rmia,RMIA,0.41250000000000003,0.7096511452682339,0.01251868763240381,0.7158132836000394,0.013356387075550258,5
dropout_success,tabpfn,rmia,RMIA,0.41500000000000004,0.7120970421079824,0.01102241411155683,0.7158132836000394,0.013356387075550258,5
dropout_success,tabpfn,rmia,RMIA,0.4175,0.7143283561525877,0.010942824230225856,0.7158132836000394,0.013356387075550258,5
dropout_success,tabpfn,rmia,RMIA,0.42,0.7173138436809323,0.012199559669485237,0.7158132836000394,0.013356387075550258,5
dropout_success,tabpfn,rmia,RMIA,0.4225,0.7197205394816153,0.013210846483907137,0.7158132836000394,0.013356387075550258,5
dropout_success,tabpfn,rmia,RMIA,0.425,0.7225987757972387,0.014905855013102173,0.7158132836000394,0.013356387075550258,5
dropout_success,tabpfn,rmia,RMIA,0.4275,0.7247454253853439,0.015751074958480445,0.7158132836000394,0.013356387075550258,5
dropout_success,tabpfn,rmia,RMIA,0.43,0.727621036769138,0.017014407270792106,0.7158132836000394,0.013356387075550258,5
dropout_success,tabpfn,rmia,RMIA,0.4325,0.729966341534696,0.016834371413789163,0.7158132836000394,0.013356387075550258,5
dropout_success,tabpfn,rmia,RMIA,0.435,0.7323287097923173,0.017702615019541464,0.7158132836000394,0.013356387075550258,5
dropout_success,tabpfn,rmia,RMIA,0.4375,0.7345306877545801,0.018173119869453087,0.7158132836000394,0.013356387075550258,5
dropout_success,tabpfn,rmia,RMIA,0.44,0.7373299578059072,0.018360398946022056,0.7158132836000394,0.013356387075550258,5
dropout_success,tabpfn,rmia,RMIA,0.4425,0.740096036769138,0.017875632243603744,0.7158132836000394,0.013356387075550258,5
dropout_success,tabpfn,rmia,RMIA,0.445,0.743018012859152,0.016769468015280814,0.7158132836000394,0.013356387075550258,5
dropout_success,tabpfn,rmia,RMIA,0.4475,0.7451876883664857,0.016686142362956215,0.7158132836000394,0.013356387075550258,5
dropout_success,tabpfn,rmia,RMIA,0.45,0.7473467952581876,0.01638359112417023,0.7158132836000394,0.013356387075550258,5
dropout_success,tabpfn,rmia,RMIA,0.4525,0.7499913803496082,0.016007423592723412,0.7158132836000394,0.013356387075550258,5
dropout_success,tabpfn,rmia,RMIA,0.455,0.7529406268836648,0.01708424649050956,0.7158132836000394,0.013356387075550258,5
dropout_success,tabpfn,rmia,RMIA,0.4575,0.755344906570223,0.015227260325941825,0.7158132836000394,0.013356387075550258,5
dropout_success,tabpfn,rmia,RMIA,0.46,0.7567120755475186,0.014825944386017278,0.7158132836000394,0.013356387075550258,5
dropout_success,tabpfn,rmia,RMIA,0.4625,0.7591551637532651,0.013832243911896998,0.7158132836000394,0.013356387075550258,5
dropout_success,tabpfn,rmia,RMIA,0.465,0.762597287522604,0.013816659601059324,0.7158132836000394,0.013356387075550258,5
dropout_success,tabpfn,rmia,RMIA,0.4675,0.7659045810729356,0.013991692283634855,0.7158132836000394,0.013356387075550258,5
dropout_success,tabpfn,rmia,RMIA,0.47000000000000003,0.7690078360458108,0.013777604952301884,0.7158132836000394,0.013356387075550258,5
dropout_success,tabpfn,rmia,RMIA,0.47250000000000003,0.7718712376933896,0.014939042281503067,0.7158132836000394,0.013356387075550258,5
dropout_success,tabpfn,rmia,RMIA,0.47500000000000003,0.7739907323688969,0.014590084594770507,0.7158132836000394,0.013356387075550258,5
dropout_success,tabpfn,rmia,RMIA,0.47750000000000004,0.7757633740204942,0.013998459028059606,0.7158132836000394,0.013356387075550258,5
dropout_success,tabpfn,rmia,RMIA,0.48,0.777783897356411,0.014728346794605808,0.7158132836000394,0.013356387075550258,5
dropout_success,tabpfn,rmia,RMIA,0.4825,0.7799708875111226,0.016072638788631077,0.7158132836000394,0.013356387075550258,5
dropout_success,tabpfn,rmia,RMIA,0.485,0.7815219610206953,0.016508986378178797,0.7158132836000394,0.013356387075550258,5
dropout_success,tabpfn,rmia,RMIA,0.4875,0.7842829013461925,0.016646249625785915,0.7158132836000394,0.013356387075550258,5
dropout_success,tabpfn,rmia,RMIA,0.49,0.7870525416917822,0.016208910558664098,0.7158132836000394,0.013356387075550258,5
dropout_success,tabpfn,rmia,RMIA,0.4925,0.7892563391601366,0.01551965366423329,0.7158132836000394,0.013356387075550258,5
dropout_success,tabpfn,rmia,RMIA,0.495,0.7911523120640662,0.016189002772446084,0.7158132836000394,0.013356387075550258,5
dropout_success,tabpfn,rmia,RMIA,0.4975,0.793472778351847,0.01608997335187524,0.7158132836000394,0.013356387075550258,5
dropout_success,tabpfn,rmia,RMIA,0.5,0.7958171876345475,0.01646655062621696,0.7158132836000394,0.013356387075550258,5
dropout_success,tabpfn,rmia,RMIA,0.5025000000000001,0.797411995177818,0.016216001909330972,0.7158132836000394,0.013356387075550258,5
dropout_success,tabpfn,rmia,RMIA,0.505,0.7991080369700623,0.01577859926794307,0.7158132836000394,0.013356387075550258,5
dropout_success,tabpfn,rmia,RMIA,0.5075000000000001,0.8011136075949367,0.016328880815418702,0.7158132836000394,0.013356387075550258,5
dropout_success,tabpfn,rmia,RMIA,0.51,0.803661422543701,0.016935158091528995,0.7158132836000394,0.013356387075550258,5
dropout_success,tabpfn,rmia,RMIA,0.5125,0.8066434348000803,0.017317731656810508,0.7158132836000394,0.013356387075550258,5
dropout_success,tabpfn,rmia,RMIA,0.515,0.8082680329515772,0.01671068250643374,0.7158132836000394,0.013356387075550258,5
dropout_success,tabpfn,rmia,RMIA,0.5175,0.8106046513964233,0.016580684426619283,0.7158132836000394,0.013356387075550258,5
dropout_success,tabpfn,rmia,RMIA,0.52,0.8131618014294325,0.016955327842267633,0.7158132836000394,0.013356387075550258,5
dropout_success,tabpfn,rmia,RMIA,0.5225,0.8159727245328512,0.016668779490370912,0.7158132836000394,0.013356387075550258,5
dropout_success,tabpfn,rmia,RMIA,0.525,0.8179485633916013,0.01629529697270934,0.7158132836000394,0.013356387075550258,5
dropout_success,tabpfn,rmia,RMIA,0.5275,0.8207880249146072,0.015070819465006114,0.7158132836000394,0.013356387075550258,5
dropout_success,tabpfn,rmia,RMIA,0.53,0.8228753265019089,0.01514963367455194,0.7158132836000394,0.013356387075550258,5
dropout_success,tabpfn,rmia,RMIA,0.5325,0.8249726491862568,0.014667543605583469,0.7158132836000394,0.013356387075550258,5
dropout_success,tabpfn,rmia,RMIA,0.535,0.8275156921840466,0.015055205143768697,0.7158132836000394,0.013356387075550258,5
dropout_success,tabpfn,rmia,RMIA,0.5375,0.8287035111512958,0.015064156603355186,0.7158132836000394,0.013356387075550258,5
dropout_success,tabpfn,rmia,RMIA,0.54,0.8299606992163955,0.015728364974019433,0.7158132836000394,0.013356387075550258,5
dropout_success,tabpfn,rmia,RMIA,0.5425,0.8320003918022906,0.01653995923987473,0.7158132836000394,0.013356387075550258,5
dropout_success,tabpfn,rmia,RMIA,0.545,0.834113784949228,0.016967178217810085,0.7158132836000394,0.013356387075550258,5
dropout_success,tabpfn,rmia,RMIA,0.5475,0.8362577681510773,0.017914766073578288,0.7158132836000394,0.013356387075550258,5
dropout_success,tabpfn,rmia,RMIA,0.55,0.8380535209215138,0.017230780723109327,0.7158132836000394,0.013356387075550258,5
dropout_success,tabpfn,rmia,RMIA,0.5525,0.8414678054766211,0.01802084543778751,0.7158132836000394,0.013356387075550258,5
dropout_success,tabpfn,rmia,RMIA,0.555,0.8436658572289677,0.01925821128617,0.7158132836000394,0.013356387075550258,5
dropout_success,tabpfn,rmia,RMIA,0.5575,0.845240532162232,0.020167427093932835,0.7158132836000394,0.013356387075550258,5
dropout_success,tabpfn,rmia,RMIA,0.56,0.8476341571227648,0.021271387752600658,0.7158132836000394,0.013356387075550258,5
dropout_success,tabpfn,rmia,RMIA,0.5625,0.850145670082379,0.02119339301647628,0.7158132836000394,0.013356387075550258,5
dropout_success,tabpfn,rmia,RMIA,0.5650000000000001,0.8516446654611212,0.021753959069223727,0.7158132836000394,0.013356387075550258,5
dropout_success,tabpfn,rmia,RMIA,0.5675,0.8527383112316655,0.022039142743219834,0.7158132836000394,0.013356387075550258,5
dropout_success,tabpfn,rmia,RMIA,0.5700000000000001,0.8542016877637133,0.021886352566467416,0.7158132836000394,0.013356387075550258,5
dropout_success,tabpfn,rmia,RMIA,0.5725,0.8557429174201326,0.021447157359334345,0.7158132836000394,0.013356387075550258,5
dropout_success,tabpfn,rmia,RMIA,0.5750000000000001,0.8572498493068114,0.021087637023786767,0.7158132836000394,0.013356387075550258,5
dropout_success,tabpfn,rmia,RMIA,0.5775,0.8590346325238956,0.02232297016686644,0.7158132836000394,0.013356387075550258,5
dropout_success,tabpfn,rmia,RMIA,0.58,0.860895103188955,0.02254464335551471,0.7158132836000394,0.013356387075550258,5
dropout_success,tabpfn,rmia,RMIA,0.5825,0.8621219107896323,0.022132797262532766,0.7158132836000394,0.013356387075550258,5
dropout_success,tabpfn,rmia,RMIA,0.585,0.8635519891500903,0.023279877405932795,0.7158132836000394,0.013356387075550258,5
dropout_success,tabpfn,rmia,RMIA,0.5875,0.8644265047791269,0.023321927424612462,0.7158132836000394,0.013356387075550258,5
dropout_success,tabpfn,rmia,RMIA,0.59,0.8654305806710869,0.023562477333311255,0.7158132836000394,0.013356387075550258,5
dropout_success,tabpfn,rmia,RMIA,0.5925,0.8659826870269909,0.023927349611448698,0.7158132836000394,0.013356387075550258,5
dropout_success,tabpfn,rmia,RMIA,0.595,0.8670722992431854,0.02399955653630309,0.7158132836000394,0.013356387075550258,5
dropout_success,tabpfn,rmia,RMIA,0.5975,0.8689461271850514,0.02422000519306481,0.7158132836000394,0.013356387075550258,5
dropout_success,tabpfn,rmia,RMIA,0.6,0.8713602571830419,0.024211270599732798,0.7158132836000394,0.013356387075550258,5
dropout_success,tabpfn,rmia,RMIA,0.6025,0.8736103450874021,0.023832817972911927,0.7158132836000394,0.013356387075550258,5
dropout_success,tabpfn,rmia,RMIA,0.605,0.8753368444846293,0.023608520080083635,0.7158132836000394,0.013356387075550258,5
dropout_success,tabpfn,rmia,RMIA,0.6075,0.8766638487040386,0.024123822048699194,0.7158132836000394,0.013356387075550258,5
dropout_success,tabpfn,rmia,RMIA,0.61,0.8780204942736589,0.023620805553657295,0.7158132836000394,0.013356387075550258,5
dropout_success,tabpfn,rmia,RMIA,0.6125,0.8805967450271248,0.02341048659497208,0.7158132836000394,0.013356387075550258,5
dropout_success,tabpfn,rmia,RMIA,0.615,0.8830101466747037,0.025038401530167353,0.7158132836000394,0.013356387075550258,5
dropout_success,tabpfn,rmia,RMIA,0.6175,0.8851392405063292,0.025619053659121833,0.7158132836000394,0.013356387075550258,5
dropout_success,tabpfn,rmia,RMIA,0.62,0.8866737659902217,0.025471529007388947,0.7158132836000394,0.013356387075550258,5
dropout_success,tabpfn,rmia,RMIA,0.6225,0.8881523022570491,0.026312164358617687,0.7158132836000394,0.013356387075550258,5
dropout_success,tabpfn,rmia,RMIA,0.625,0.889933694996986,0.026124382153597622,0.7158132836000394,0.013356387075550258,5
dropout_success,tabpfn,rmia,RMIA,0.6275000000000001,0.8920323488045007,0.025622423786315865,0.7158132836000394,0.013356387075550258,5
dropout_success,tabpfn,rmia,RMIA,0.63,0.8934523474650057,0.02487254708907726,0.7158132836000394,0.013356387075550258,5
dropout_success,tabpfn,rmia,RMIA,0.6325000000000001,0.8949669144732436,0.02454333295638668,0.7158132836000394,0.013356387075550258,5
dropout_success,tabpfn,rmia,RMIA,0.635,0.8964844786015671,0.024290189861481886,0.7158132836000394,0.013356387075550258,5
dropout_success,tabpfn,rmia,RMIA,0.6375000000000001,0.8976918826602371,0.02403354028990672,0.7158132836000394,0.013356387075550258,5
dropout_success,tabpfn,rmia,RMIA,0.64,0.89990837854129,0.023969979995163898,0.7158132836000394,0.013356387075550258,5
dropout_success,tabpfn,rmia,RMIA,0.6425,0.9010258740204943,0.02444797089612347,0.7158132836000394,0.013356387075550258,5
dropout_success,tabpfn,rmia,RMIA,0.645,0.9017791842475387,0.024257391730736984,0.7158132836000394,0.013356387075550258,5
dropout_success,tabpfn,rmia,RMIA,0.6475,0.9035334538878843,0.024166453560356616,0.7158132836000394,0.013356387075550258,5
dropout_success,tabpfn,rmia,RMIA,0.65,0.9048613622664256,0.02359787396529523,0.7158132836000394,0.013356387075550258,5
dropout_success,tabpfn,rmia,RMIA,0.6525,0.9077790084388185,0.02090554055533369,0.7158132836000394,0.013356387075550258,5
dropout_success,tabpfn,rmia,RMIA,0.655,0.9096068515169782,0.020007654211250656,0.7158132836000394,0.013356387075550258,5
dropout_success,tabpfn,rmia,RMIA,0.6575,0.9110978752260399,0.019708598900570896,0.7158132836000394,0.013356387075550258,5
dropout_success,tabpfn,rmia,RMIA,0.66,0.9119544084607376,0.01926541295909253,0.7158132836000394,0.013356387075550258,5
dropout_success,tabpfn,rmia,RMIA,0.6625,0.9136885719765466,0.01846919316593143,0.7158132836000394,0.013356387075550258,5
dropout_success,tabpfn,rmia,RMIA,0.665,0.9147847498493068,0.01784654387766769,0.7158132836000394,0.013356387075550258,5
dropout_success,tabpfn,rmia,RMIA,0.6675,0.9168278330319467,0.018072786751574598,0.7158132836000394,0.013356387075550258,5
dropout_success,tabpfn,rmia,RMIA,0.67,0.9187924452481415,0.018062272422619985,0.7158132836000394,0.013356387075550258,5
dropout_success,tabpfn,rmia,RMIA,0.6725,0.9197580118545309,0.017894583972493446,0.7158132836000394,0.013356387075550258,5
dropout_success,tabpfn,rmia,RMIA,0.675,0.9207993017882259,0.018127772290652336,0.7158132836000394,0.013356387075550258,5
dropout_success,tabpfn,rmia,RMIA,0.6775,0.922260711774161,0.017891262712443425,0.7158132836000394,0.013356387075550258,5
dropout_success,tabpfn,rmia,RMIA,0.68,0.9229022302591924,0.017932671145512787,0.7158132836000394,0.013356387075550258,5
dropout_success,tabpfn,rmia,RMIA,0.6825,0.9235902200120556,0.018300061524256134,0.7158132836000394,0.013356387075550258,5
dropout_success,tabpfn,rmia,RMIA,0.685,0.9245649789029535,0.01843783022214223,0.7158132836000394,0.013356387075550258,5
dropout_success,tabpfn,rmia,RMIA,0.6875,0.9259271398432791,0.01793710101016431,0.7158132836000394,0.013356387075550258,5
dropout_success,tabpfn,rmia,RMIA,0.6900000000000001,0.9271436608398634,0.017506114626017668,0.7158132836000394,0.013356387075550258,5
dropout_success,tabpfn,rmia,RMIA,0.6925,0.9282370655013061,0.017357511270672463,0.7158132836000394,0.013356387075550258,5
dropout_success,tabpfn,rmia,RMIA,0.6950000000000001,0.9294773960216999,0.017468025318919243,0.7158132836000394,0.013356387075550258,5
dropout_success,tabpfn,rmia,RMIA,0.6975,0.930671036769138,0.017035518464356084,0.7158132836000394,0.013356387075550258,5
dropout_success,tabpfn,rmia,RMIA,0.7000000000000001,0.9321604380148685,0.016941309169015185,0.7158132836000394,0.013356387075550258,5
dropout_success,tabpfn,rmia,RMIA,0.7025,0.933185465641953,0.017112667225107406,0.7158132836000394,0.013356387075550258,5
dropout_success,tabpfn,rmia,RMIA,0.705,0.9340295645684435,0.01717454589555423,0.7158132836000394,0.013356387075550258,5
dropout_success,tabpfn,rmia,RMIA,0.7075,0.9352985834840265,0.017163320194382,0.7158132836000394,0.013356387075550258,5
dropout_success,tabpfn,rmia,RMIA,0.71,0.9373241711874624,0.017416934499562133,0.7158132836000394,0.013356387075550258,5
dropout_success,tabpfn,rmia,RMIA,0.7125,0.9384722724532851,0.016763845144122602,0.7158132836000394,0.013356387075550258,5
dropout_success,tabpfn,rmia,RMIA,0.715,0.9400288125376732,0.016490654621555786,0.7158132836000394,0.013356387075550258,5
dropout_success,tabpfn,rmia,RMIA,0.7175,0.9411745629897528,0.016838472698497323,0.7158132836000394,0.013356387075550258,5
dropout_success,tabpfn,rmia,RMIA,0.72,0.9424676854188607,0.01672335385570383,0.7158132836000394,0.013356387075550258,5
dropout_success,tabpfn,rmia,RMIA,0.7225,0.943332600567004,0.0168754836609384,0.7158132836000394,0.013356387075550258,5
dropout_success,tabpfn,rmia,RMIA,0.725,0.9443152070954965,0.01719593848299162,0.7158132836000394,0.013356387075550258,5
dropout_success,tabpfn,rmia,RMIA,0.7275,0.9451392090429162,0.01726758444026216,0.7158132836000394,0.013356387075550258,5
dropout_success,tabpfn,rmia,RMIA,0.73,0.9460446939036451,0.01690786042121823,0.7158132836000394,0.013356387075550258,5
dropout_success,tabpfn,rmia,RMIA,0.7325,0.9471758105466966,0.016467559789640214,0.7158132836000394,0.013356387075550258,5
dropout_success,tabpfn,rmia,RMIA,0.735,0.9479582260215172,0.01662997751296486,0.7158132836000394,0.013356387075550258,5
dropout_success,tabpfn,rmia,RMIA,0.7375,0.9489466546112115,0.015905893065751044,0.7158132836000394,0.013356387075550258,5
dropout_success,tabpfn,rmia,RMIA,0.74,0.9499925370992279,0.015383998821041744,0.7158132836000394,0.013356387075550258,5
dropout_success,tabpfn,rmia,RMIA,0.7425,0.950996835443038,0.015348101152800858,0.7158132836000394,0.013356387075550258,5
dropout_success,tabpfn,rmia,RMIA,0.745,0.9518546313039984,0.015377690553123942,0.7158132836000394,0.013356387075550258,5
dropout_success,tabpfn,rmia,RMIA,0.7475,0.952212638135423,0.015283765059186733,0.7158132836000394,0.013356387075550258,5
dropout_success,tabpfn,rmia,RMIA,0.75,0.9525798673899939,0.015005525004953484,0.7158132836000394,0.013356387075550258,5
dropout_success,tabpfn,rmia,RMIA,0.7525000000000001,0.9531641802290537,0.015359213187068966,0.7158132836000394,0.013356387075550258,5
dropout_success,tabpfn,rmia,RMIA,0.755,0.954210432991762,0.014850852852947164,0.7158132836000394,0.013356387075550258,5
dropout_success,tabpfn,rmia,RMIA,0.7575000000000001,0.9552495604781998,0.014207292337144649,0.7158132836000394,0.013356387075550258,5
dropout_success,tabpfn,rmia,RMIA,0.76,0.9562470564597148,0.01401708847438693,0.7158132836000394,0.013356387075550258,5
dropout_success,tabpfn,rmia,RMIA,0.7625000000000001,0.9570400341571229,0.01351958919453471,0.7158132836000394,0.013356387075550258,5
dropout_success,tabpfn,rmia,RMIA,0.765,0.9578971267832028,0.01292011680467231,0.7158132836000394,0.013356387075550258,5
dropout_success,tabpfn,rmia,RMIA,0.7675000000000001,0.9584344484629295,0.01264295754800556,0.7158132836000394,0.013356387075550258,5
dropout_success,tabpfn,rmia,RMIA,0.77,0.9589133298889175,0.012587490144715694,0.7158132836000394,0.013356387075550258,5
dropout_success,tabpfn,rmia,RMIA,0.7725,0.9593332615746721,0.012586908546097581,0.7158132836000394,0.013356387075550258,5
dropout_success,tabpfn,rmia,RMIA,0.775,0.9600682424868682,0.012531711139276756,0.7158132836000394,0.013356387075550258,5
dropout_success,tabpfn,rmia,RMIA,0.7775,0.960782650190878,0.012230361112043937,0.7158132836000394,0.013356387075550258,5
dropout_success,tabpfn,rmia,RMIA,0.78,0.9618858348402652,0.012219630143754191,0.7158132836000394,0.013356387075550258,5
dropout_success,tabpfn,rmia,RMIA,0.7825,0.9631256931886678,0.01242977043282247,0.7158132836000394,0.013356387075550258,5
dropout_success,tabpfn,rmia,RMIA,0.785,0.9653438990786188,0.011129126936535,0.7158132836000394,0.013356387075550258,5
dropout_success,tabpfn,rmia,RMIA,0.7875,0.9660495350038749,0.010848139490319339,0.7158132836000394,0.013356387075550258,5
dropout_success,tabpfn,rmia,RMIA,0.79,0.9667518987341772,0.010697490030432012,0.7158132836000394,0.013356387075550258,5
dropout_success,tabpfn,rmia,RMIA,0.7925,0.9675870504319871,0.009874248079082769,0.7158132836000394,0.013356387075550258,5
dropout_success,tabpfn,rmia,RMIA,0.795,0.9680253164556962,0.009841915010589007,0.7158132836000394,0.013356387075550258,5
dropout_success,tabpfn,rmia,RMIA,0.7975,0.9683214998082086,0.00977055651358335,0.7158132836000394,0.013356387075550258,5
dropout_success,tabpfn,rmia,RMIA,0.8,0.9687965002648546,0.009442923799431588,0.7158132836000394,0.013356387075550258,5
dropout_success,tabpfn,rmia,RMIA,0.8025,0.9694726258973094,0.008850448363526147,0.7158132836000394,0.013356387075550258,5
dropout_success,tabpfn,rmia,RMIA,0.805,0.969720514366084,0.00894741321728927,0.7158132836000394,0.013356387075550258,5
dropout_success,tabpfn,rmia,RMIA,0.8075,0.9700162748643761,0.008586238074169786,0.7158132836000394,0.013356387075550258,5
dropout_success,tabpfn,rmia,RMIA,0.81,0.9703863371508941,0.008274970568091922,0.7158132836000394,0.013356387075550258,5
dropout_success,tabpfn,rmia,RMIA,0.8125,0.9707052441229657,0.008282369638248407,0.7158132836000394,0.013356387075550258,5
dropout_success,tabpfn,rmia,RMIA,0.8150000000000001,0.9709512328138006,0.008418962411435447,0.7158132836000394,0.013356387075550258,5
dropout_success,tabpfn,rmia,RMIA,0.8175,0.9714584660868567,0.00809603152088928,0.7158132836000394,0.013356387075550258,5
dropout_success,tabpfn,rmia,RMIA,0.8200000000000001,0.9718484457073968,0.007903512369500869,0.7158132836000394,0.013356387075550258,5
dropout_success,tabpfn,rmia,RMIA,0.8225,0.9721836949969862,0.007977029885325643,0.7158132836000394,0.013356387075550258,5
dropout_success,tabpfn,rmia,RMIA,0.8250000000000001,0.9727596945951376,0.007762721352671971,0.7158132836000394,0.013356387075550258,5
dropout_success,tabpfn,rmia,RMIA,0.8275,0.9735246534056662,0.0071242806377658525,0.7158132836000394,0.013356387075550258,5
dropout_success,tabpfn,rmia,RMIA,0.8300000000000001,0.97488679353598,0.007310143886653767,0.7158132836000394,0.013356387075550258,5
dropout_success,tabpfn,rmia,RMIA,0.8325,0.9753749246534056,0.007049890024371616,0.7158132836000394,0.013356387075550258,5
dropout_success,tabpfn,rmia,RMIA,0.835,0.9761030741410488,0.007171223967047579,0.7158132836000394,0.013356387075550258,5
dropout_success,tabpfn,rmia,RMIA,0.8375,0.9770543500100463,0.007361212301353637,0.7158132836000394,0.013356387075550258,5
dropout_success,tabpfn,rmia,RMIA,0.84,0.9773974683544304,0.007386217781735622,0.7158132836000394,0.013356387075550258,5
dropout_success,tabpfn,rmia,RMIA,0.8425,0.977818967249347,0.007188592936238052,0.7158132836000394,0.013356387075550258,5
dropout_success,tabpfn,rmia,RMIA,0.845,0.978321750050231,0.006784157503201082,0.7158132836000394,0.013356387075550258,5
dropout_success,tabpfn,rmia,RMIA,0.8475,0.9792568766325097,0.006612529262258627,0.7158132836000394,0.013356387075550258,5
dropout_success,tabpfn,rmia,RMIA,0.85,0.9797060047647751,0.0063800662276662775,0.7158132836000394,0.013356387075550258,5
dropout_success,tabpfn,rmia,RMIA,0.8525,0.9804905084818738,0.006535226752566923,0.7158132836000394,0.013356387075550258,5
dropout_success,tabpfn,rmia,RMIA,0.855,0.9809412296564195,0.006322335163992025,0.7158132836000394,0.013356387075550258,5
dropout_success,tabpfn,rmia,RMIA,0.8575,0.9814003415712277,0.005853847170427885,0.7158132836000394,0.013356387075550258,5
dropout_success,tabpfn,rmia,RMIA,0.86,0.9822523608599558,0.005180397631432019,0.7158132836000394,0.013356387075550258,5
dropout_success,tabpfn,rmia,RMIA,0.8625,0.9826937180259966,0.005132266144986792,0.7158132836000394,0.013356387075550258,5
dropout_success,tabpfn,rmia,RMIA,0.865,0.9830623389570045,0.004964747192550881,0.7158132836000394,0.013356387075550258,5
dropout_success,tabpfn,rmia,RMIA,0.8675,0.9834987302028892,0.004826361686395344,0.7158132836000394,0.013356387075550258,5
dropout_success,tabpfn,rmia,RMIA,0.87,0.9839125979505727,0.004754024235888076,0.7158132836000394,0.013356387075550258,5
dropout_success,tabpfn,rmia,RMIA,0.8725,0.9840238095238096,0.004849515707489875,0.7158132836000394,0.013356387075550258,5
dropout_success,tabpfn,rmia,RMIA,0.875,0.984418324291742,0.0047906304426860195,0.7158132836000394,0.013356387075550258,5
dropout_success,tabpfn,rmia,RMIA,0.8775000000000001,0.9853811461293379,0.0049518225621999505,0.7158132836000394,0.013356387075550258,5
dropout_success,tabpfn,rmia,RMIA,0.88,0.9861217600964437,0.0051943932953203015,0.7158132836000394,0.013356387075550258,5
dropout_success,tabpfn,rmia,RMIA,0.8825000000000001,0.9864999246534056,0.005437362141203598,0.7158132836000394,0.013356387075550258,5
dropout_success,tabpfn,rmia,RMIA,0.885,0.9867649186256781,0.00570175697373326,0.7158132836000394,0.013356387075550258,5
dropout_success,tabpfn,rmia,RMIA,0.8875000000000001,0.9869946755073338,0.005949856253059482,0.7158132836000394,0.013356387075550258,5
dropout_success,tabpfn,rmia,RMIA,0.89,0.9874131079890575,0.005617431424661202,0.7158132836000394,0.013356387075550258,5
dropout_success,tabpfn,rmia,RMIA,0.8925000000000001,0.9879171361339083,0.005366485289032554,0.7158132836000394,0.013356387075550258,5
dropout_success,tabpfn,rmia,RMIA,0.895,0.9882022070756248,0.005593687865988309,0.7158132836000394,0.013356387075550258,5
dropout_success,tabpfn,rmia,RMIA,0.8975,0.9887674920016692,0.0054797317910100845,0.7158132836000394,0.013356387075550258,5
dropout_success,tabpfn,rmia,RMIA,0.9,0.9894635322483424,0.005442949527242885,0.7158132836000394,0.013356387075550258,5
dropout_success,tabpfn,rmia,RMIA,0.9025,0.9899032549728751,0.004931882157187696,0.7158132836000394,0.013356387075550258,5
dropout_success,tabpfn,rmia,RMIA,0.905,0.9899939722724532,0.004852227075948924,0.7158132836000394,0.013356387075550258,5
dropout_success,tabpfn,rmia,RMIA,0.9075,0.9903658830620856,0.0046806748238014785,0.7158132836000394,0.013356387075550258,5
dropout_success,tabpfn,rmia,RMIA,0.91,0.9905344183242917,0.004781514578112513,0.7158132836000394,0.013356387075550258,5
dropout_success,tabpfn,rmia,RMIA,0.9125,0.9908844183242917,0.004654694602391716,0.7158132836000394,0.013356387075550258,5
dropout_success,tabpfn,rmia,RMIA,0.915,0.991005997588909,0.004597415813829294,0.7158132836000394,0.013356387075550258,5
dropout_success,tabpfn,rmia,RMIA,0.9175,0.9911608800482219,0.004346118804145614,0.7158132836000394,0.013356387075550258,5
dropout_success,tabpfn,rmia,RMIA,0.92,0.9914406268836649,0.003845482316512764,0.7158132836000394,0.013356387075550258,5
dropout_success,tabpfn,rmia,RMIA,0.9225,0.991651079967852,0.0037730961788232996,0.7158132836000394,0.013356387075550258,5
dropout_success,tabpfn,rmia,RMIA,0.925,0.9923806007635122,0.0038285245203222777,0.7158132836000394,0.013356387075550258,5
dropout_success,tabpfn,rmia,RMIA,0.9275,0.9928310427968656,0.0034186801224586477,0.7158132836000394,0.013356387075550258,5
dropout_success,tabpfn,rmia,RMIA,0.93,0.99316515973478,0.0034498080799333446,0.7158132836000394,0.013356387075550258,5
dropout_success,tabpfn,rmia,RMIA,0.9325,0.9934900542495478,0.0032291971635874483,0.7158132836000394,0.013356387075550258,5
dropout_success,tabpfn,rmia,RMIA,0.935,0.9936858047016276,0.00306141578120728,0.7158132836000394,0.013356387075550258,5
dropout_success,tabpfn,rmia,RMIA,0.9375,0.9939703887884267,0.0027876839847222157,0.7158132836000394,0.013356387075550258,5
dropout_success,tabpfn,rmia,RMIA,0.9400000000000001,0.9946305003013863,0.0018920075649589987,0.7158132836000394,0.013356387075550258,5
dropout_success,tabpfn,rmia,RMIA,0.9425,0.9947922443238898,0.0017518509907426209,0.7158132836000394,0.013356387075550258,5
dropout_success,tabpfn,rmia,RMIA,0.9450000000000001,0.995014064697609,0.0014740495193012184,0.7158132836000394,0.013356387075550258,5
dropout_success,tabpfn,rmia,RMIA,0.9475,0.9951699819168173,0.0013416543222376724,0.7158132836000394,0.013356387075550258,5
dropout_success,tabpfn,rmia,RMIA,0.9500000000000001,0.9954189270644968,0.0011750204152874007,0.7158132836000394,0.013356387075550258,5
dropout_success,tabpfn,rmia,RMIA,0.9525,0.9954520418927064,0.0011029459858510763,0.7158132836000394,0.013356387075550258,5
dropout_success,tabpfn,rmia,RMIA,0.9550000000000001,0.995755650994575,0.0011779345556155998,0.7158132836000394,0.013356387075550258,5
dropout_success,tabpfn,rmia,RMIA,0.9575,0.9960216998191683,0.001387687092612566,0.7158132836000394,0.013356387075550258,5
dropout_success,tabpfn,rmia,RMIA,0.96,0.9960474181233675,0.001383286062168727,0.7158132836000394,0.013356387075550258,5
dropout_success,tabpfn,rmia,RMIA,0.9625,0.9963248945147679,0.001049594231690648,0.7158132836000394,0.013356387075550258,5
dropout_success,tabpfn,rmia,RMIA,0.965,0.996899018819905,0.0010804866384064259,0.7158132836000394,0.013356387075550258,5
dropout_success,tabpfn,rmia,RMIA,0.9675,0.9972778715424285,0.0010172885288826372,0.7158132836000394,0.013356387075550258,5
dropout_success,tabpfn,rmia,RMIA,0.97,0.9977349306811332,0.0010144302376263697,0.7158132836000394,0.013356387075550258,5
dropout_success,tabpfn,rmia,RMIA,0.9725,0.9978206374321881,0.001011648341309356,0.7158132836000394,0.013356387075550258,5
dropout_success,tabpfn,rmia,RMIA,0.975,0.9981779686558168,0.0010284868637324522,0.7158132836000394,0.013356387075550258,5
dropout_success,tabpfn,rmia,RMIA,0.9775,0.9984007836045811,0.001020663208725747,0.7158132836000394,0.013356387075550258,5
dropout_success,tabpfn,rmia,RMIA,0.98,0.9987944544906571,0.0006027727546715211,0.7158132836000394,0.013356387075550258,5
dropout_success,tabpfn,rmia,RMIA,0.9825,0.9991522001205546,0.0005314874207622094,0.7158132836000394,0.013356387075550258,5
dropout_success,tabpfn,rmia,RMIA,0.985,0.9994482218203737,0.0005472585093090696,0.7158132836000394,0.013356387075550258,5
dropout_success,tabpfn,rmia,RMIA,0.9875,0.999638336347197,0.0005391363417720804,0.7158132836000394,0.013356387075550258,5
dropout_success,tabpfn,rmia,RMIA,0.99,0.999638336347197,0.0005391363417720804,0.7158132836000394,0.013356387075550258,5
dropout_success,tabpfn,rmia,RMIA,0.9925,0.9997683391218655,0.00031736299328437046,0.7158132836000394,0.013356387075550258,5
dropout_success,tabpfn,rmia,RMIA,0.995,0.9999424686893041,0.00012864392155059807,0.7158132836000394,0.013356387075550258,5
dropout_success,tabpfn,rmia,RMIA,0.9975,0.9999980242448597,4.41792280063998e-06,0.7158132836000394,0.013356387075550258,5
dropout_success,tabpfn,rmia,RMIA,1.0,1.0,0.0,0.7158132836000394,0.013356387075550258,5
dropout_success,tabpfn,lira,LiRA,0.0,0.0,0.0,0.6325352316860088,0.0068618519205052575,5
dropout_success,tabpfn,lira,LiRA,0.0025,0.0038551091455755046,3.177553655778026e-05,0.6325352316860088,0.0068618519205052575,5
dropout_success,tabpfn,lira,LiRA,0.005,0.007710218291151009,6.355107311556052e-05,0.6325352316860088,0.0068618519205052575,5
dropout_success,tabpfn,lira,LiRA,0.0075,0.011565327436726513,9.532660967334087e-05,0.6325352316860088,0.0068618519205052575,5
dropout_success,tabpfn,lira,LiRA,0.01,0.015420436582302018,0.00012710214623112105,0.6325352316860088,0.0068618519205052575,5
dropout_success,tabpfn,lira,LiRA,0.0125,0.019275545727877524,0.00015887768278890054,0.6325352316860088,0.0068618519205052575,5
dropout_success,tabpfn,lira,LiRA,0.015,0.023130654873453026,0.00019065321934668173,0.6325352316860088,0.0068618519205052575,5
dropout_success,tabpfn,lira,LiRA,0.0175,0.026985764019028535,0.00022242875590446266,0.6325352316860088,0.0068618519205052575,5
dropout_success,tabpfn,lira,LiRA,0.02,0.030840873164604037,0.0002542042924622421,0.6325352316860088,0.0068618519205052575,5
dropout_success,tabpfn,lira,LiRA,0.0225,0.03469598231017954,0.0002859798290200218,0.6325352316860088,0.0068618519205052575,5
dropout_success,tabpfn,lira,LiRA,0.025,0.03855109145575505,0.0003177553655778011,0.6325352316860088,0.0068618519205052575,5
dropout_success,tabpfn,lira,LiRA,0.0275,0.042406200601330546,0.00034953090213558387,0.6325352316860088,0.0068618519205052575,5
dropout_success,tabpfn,lira,LiRA,0.03,0.04626130974690605,0.00038130643869336347,0.6325352316860088,0.0068618519205052575,5
dropout_success,tabpfn,lira,LiRA,0.0325,0.050116418892481564,0.0004130819752511425,0.6325352316860088,0.0068618519205052575,5
dropout_success,tabpfn,lira,LiRA,0.035,0.05397152803805707,0.0004448575118089253,0.6325352316860088,0.0068618519205052575,5
dropout_success,tabpfn,lira,LiRA,0.0375,0.05782663718363257,0.0004766330483667048,0.6325352316860088,0.0068618519205052575,5
dropout_success,tabpfn,lira,LiRA,0.04,0.06168174632920807,0.0005084085849244842,0.6325352316860088,0.0068618519205052575,5
dropout_success,tabpfn,lira,LiRA,0.0425,0.06553685547478358,0.0005401841214822644,0.6325352316860088,0.0068618519205052575,5
dropout_success,tabpfn,lira,LiRA,0.045,0.06939196462035908,0.0005719596580400436,0.6325352316860088,0.0068618519205052575,5
dropout_success,tabpfn,lira,LiRA,0.0475,0.07324707376593459,0.0006037351945978231,0.6325352316860088,0.0068618519205052575,5
dropout_success,tabpfn,lira,LiRA,0.05,0.0771021829115101,0.0006355107311556021,0.6325352316860088,0.0068618519205052575,5
dropout_success,tabpfn,lira,LiRA,0.0525,0.0809572920570856,0.0006672862677133817,0.6325352316860088,0.0068618519205052575,5
dropout_success,tabpfn,lira,LiRA,0.055,0.08481240120266109,0.0006990618042711677,0.6325352316860088,0.0068618519205052575,5
dropout_success,tabpfn,lira,LiRA,0.0575,0.08866751034823661,0.0007308373408289473,0.6325352316860088,0.0068618519205052575,5
dropout_success,tabpfn,lira,LiRA,0.06,0.0925226194938121,0.0007626128773867269,0.6325352316860088,0.0068618519205052575,5
dropout_success,tabpfn,lira,LiRA,0.0625,0.09637772863938762,0.000794388413944506,0.6325352316860088,0.0068618519205052575,5
dropout_success,tabpfn,lira,LiRA,0.065,0.10023283778496313,0.000826163950502285,0.6325352316860088,0.0068618519205052575,5
dropout_success,tabpfn,lira,LiRA,0.0675,0.10408794693053862,0.0008579394870600646,0.6325352316860088,0.0068618519205052575,5
dropout_success,tabpfn,lira,LiRA,0.07,0.10794305607611414,0.0008897150236178506,0.6325352316860088,0.0068618519205052575,5
dropout_success,tabpfn,lira,LiRA,0.0725,0.11179816522168962,0.0009214905601756233,0.6325352316860088,0.0068618519205052575,5
dropout_success,tabpfn,lira,LiRA,0.075,0.11565327436726514,0.0009532660967334096,0.6325352316860088,0.0068618519205052575,5
dropout_success,tabpfn,lira,LiRA,0.0775,0.11950838351284063,0.0009850416332911889,0.6325352316860088,0.0068618519205052575,5
dropout_success,tabpfn,lira,LiRA,0.08,0.12336349265841615,0.0010168171698489684,0.6325352316860088,0.0068618519205052575,5
dropout_success,tabpfn,lira,LiRA,0.0825,0.12721860180399164,0.001048592706406752,0.6325352316860088,0.0068618519205052575,5
dropout_success,tabpfn,lira,LiRA,0.085,0.13107371094956716,0.0010803682429645289,0.6325352316860088,0.0068618519205052575,5
dropout_success,tabpfn,lira,LiRA,0.08750000000000001,0.13492882009514268,0.0011121437795223103,0.6325352316860088,0.0068618519205052575,5
dropout_success,tabpfn,lira,LiRA,0.09,0.13878392924071817,0.0011439193160800872,0.6325352316860088,0.0068618519205052575,5
dropout_success,tabpfn,lira,LiRA,0.0925,0.14263903838629366,0.0011756948526378693,0.6325352316860088,0.0068618519205052575,5
dropout_success,tabpfn,lira,LiRA,0.095,0.14649414753186918,0.0012074703891956462,0.6325352316860088,0.0068618519205052575,5
dropout_success,tabpfn,lira,LiRA,0.0975,0.15034925667744467,0.0012392459257534285,0.6325352316860088,0.0068618519205052575,5
dropout_success,tabpfn,lira,LiRA,0.1,0.1542043658230202,0.0012710214623112043,0.6325352316860088,0.0068618519205052575,5
dropout_success,tabpfn,lira,LiRA,0.10250000000000001,0.15805947496859568,0.0013027969988689866,0.6325352316860088,0.0068618519205052575,5
dropout_success,tabpfn,lira,LiRA,0.105,0.1619145841141712,0.0013345725354267635,0.6325352316860088,0.0068618519205052575,5
dropout_success,tabpfn,lira,LiRA,0.1075,0.1657696932597467,0.0013663480719845458,0.6325352316860088,0.0068618519205052575,5
dropout_success,tabpfn,lira,LiRA,0.11,0.16962480240532218,0.0013981236085423355,0.6325352316860088,0.0068618519205052575,5
dropout_success,tabpfn,lira,LiRA,0.1125,0.1734799115508977,0.001429899145100104,0.6325352316860088,0.0068618519205052575,5
dropout_success,tabpfn,lira,LiRA,0.115,0.17733502069647322,0.0014616746816578947,0.6325352316860088,0.0068618519205052575,5
dropout_success,tabpfn,lira,LiRA,0.11750000000000001,0.1811901298420487,0.0014934502182156629,0.6325352316860088,0.0068618519205052575,5
dropout_success,tabpfn,lira,LiRA,0.12,0.1850452389876242,0.0015252257547734539,0.6325352316860088,0.0068618519205052575,5
dropout_success,tabpfn,lira,LiRA,0.1225,0.18890034813319972,0.0015570012913312297,0.6325352316860088,0.0068618519205052575,5
dropout_success,tabpfn,lira,LiRA,0.125,0.19275545727877524,0.001588776827889012,0.6325352316860088,0.0068618519205052575,5
dropout_success,tabpfn,lira,LiRA,0.1275,0.19661056642435074,0.001620552364446794,0.6325352316860088,0.0068618519205052575,5
dropout_success,tabpfn,lira,LiRA,0.13,0.20046567556992625,0.00165232790100457,0.6325352316860088,0.0068618519205052575,5
dropout_success,tabpfn,lira,LiRA,0.1325,0.20432078471550175,0.0016841034375623524,0.6325352316860088,0.0068618519205052575,5
dropout_success,tabpfn,lira,LiRA,0.135,0.20817589386107724,0.0017158789741201293,0.6325352316860088,0.0068618519205052575,5
dropout_success,tabpfn,lira,LiRA,0.1375,0.21203100300665273,0.0017476545106779114,0.6325352316860088,0.0068618519205052575,5
dropout_success,tabpfn,lira,LiRA,0.14,0.21588611215222828,0.0017794300472357013,0.6325352316860088,0.0068618519205052575,5
dropout_success,tabpfn,lira,LiRA,0.14250000000000002,0.21974122129780377,0.0018112055837934695,0.6325352316860088,0.0068618519205052575,5
dropout_success,tabpfn,lira,LiRA,0.145,0.22359633044337923,0.0018429811203512466,0.6325352316860088,0.0068618519205052575,5
dropout_success,tabpfn,lira,LiRA,0.1475,0.22745143958895478,0.0018747566569090371,0.6325352316860088,0.0068618519205052575,5
dropout_success,tabpfn,lira,LiRA,0.15,0.23130654873453027,0.0019065321934668192,0.6325352316860088,0.0068618519205052575,5
dropout_success,tabpfn,lira,LiRA,0.1525,0.23516165788010576,0.0019383077300245953,0.6325352316860088,0.0068618519205052575,5
dropout_success,tabpfn,lira,LiRA,0.155,0.23901676702568125,0.0019700832665823778,0.6325352316860088,0.0068618519205052575,5
dropout_success,tabpfn,lira,LiRA,0.1575,0.2428718761712568,0.0020018588031401547,0.6325352316860088,0.0068618519205052575,5
dropout_success,tabpfn,lira,LiRA,0.16,0.2467269853168323,0.0020336343396979368,0.6325352316860088,0.0068618519205052575,5
dropout_success,tabpfn,lira,LiRA,0.1625,0.2505820944624078,0.002065409876255705,0.6325352316860088,0.0068618519205052575,5
dropout_success,tabpfn,lira,LiRA,0.165,0.2544372036079833,0.002097185412813504,0.6325352316860088,0.0068618519205052575,5
dropout_success,tabpfn,lira,LiRA,0.1675,0.25829231275355885,0.002128960949371271,0.6325352316860088,0.0068618519205052575,5
dropout_success,tabpfn,lira,LiRA,0.17,0.2621474218991343,0.0021607364859290577,0.6325352316860088,0.0068618519205052575,5
dropout_success,tabpfn,lira,LiRA,0.17250000000000001,0.26600253104470983,0.002192512022486835,0.6325352316860088,0.0068618519205052575,5
dropout_success,tabpfn,lira,LiRA,0.17500000000000002,0.26985764019028535,0.0022242875590446206,0.6325352316860088,0.0068618519205052575,5
dropout_success,tabpfn,lira,LiRA,0.1775,0.2737127493358608,0.0022560630956023893,0.6325352316860088,0.0068618519205052575,5
dropout_success,tabpfn,lira,LiRA,0.18,0.27756785848143634,0.0022878386321601744,0.6325352316860088,0.0068618519205052575,5
dropout_success,tabpfn,lira,LiRA,0.1825,0.2814229676270118,0.0023196141687179704,0.6325352316860088,0.0068618519205052575,5
dropout_success,tabpfn,lira,LiRA,0.185,0.2852780767725873,0.0023513897052757386,0.6325352316860088,0.0068618519205052575,5
dropout_success,tabpfn,lira,LiRA,0.1875,0.28913318591816284,0.0023831652418335155,0.6325352316860088,0.0068618519205052575,5
dropout_success,tabpfn,lira,LiRA,0.19,0.29298829506373836,0.0024149407783912924,0.6325352316860088,0.0068618519205052575,5
dropout_success,tabpfn,lira,LiRA,0.1925,0.2968434042093139,0.0024467163149490697,0.6325352316860088,0.0068618519205052575,5
dropout_success,tabpfn,lira,LiRA,0.195,0.30069851335488934,0.002478491851506857,0.6325352316860088,0.0068618519205052575,5
dropout_success,tabpfn,lira,LiRA,0.1975,0.3045536225004649,0.002510267388064651,0.6325352316860088,0.0068618519205052575,5
dropout_success,tabpfn,lira,LiRA,0.2,0.3084087316460404,0.0025420429246224086,0.6325352316860088,0.0068618519205052575,5
dropout_success,tabpfn,lira,LiRA,0.2025,0.31226384079161595,0.002573818461180188,0.6325352316860088,0.0068618519205052575,5
dropout_success,tabpfn,lira,LiRA,0.20500000000000002,0.31611894993719136,0.002605593997737973,0.6325352316860088,0.0068618519205052575,5
dropout_success,tabpfn,lira,LiRA,0.20750000000000002,0.3199740590827669,0.0026373695342957674,0.6325352316860088,0.0068618519205052575,5
dropout_success,tabpfn,lira,LiRA,0.21,0.3238291682283424,0.002669145070853527,0.6325352316860088,0.0068618519205052575,5
dropout_success,tabpfn,lira,LiRA,0.2125,0.32768427737391786,0.002700920607411321,0.6325352316860088,0.0068618519205052575,5
dropout_success,tabpfn,lira,LiRA,0.215,0.3315393865194934,0.0027326961439690916,0.6325352316860088,0.0068618519205052575,5
dropout_success,tabpfn,lira,LiRA,0.2175,0.3353944956650689,0.002764471680526886,0.6325352316860088,0.0068618519205052575,5
dropout_success,tabpfn,lira,LiRA,0.22,0.33924960481064437,0.002796247217084671,0.6325352316860088,0.0068618519205052575,5
dropout_success,tabpfn,lira,LiRA,0.2225,0.3431047139562199,0.0028280227536424396,0.6325352316860088,0.0068618519205052575,5
dropout_success,tabpfn,lira,LiRA,0.225,0.3469598231017954,0.002859798290200208,0.6325352316860088,0.0068618519205052575,5
dropout_success,tabpfn,lira,LiRA,0.2275,0.3508149322473709,0.002891573826758004,0.6325352316860088,0.0068618519205052575,5
dropout_success,tabpfn,lira,LiRA,0.23,0.35467004139294644,0.0029233493633157893,0.6325352316860088,0.0068618519205052575,5
dropout_success,tabpfn,lira,LiRA,0.2325,0.35852515053852196,0.0029551248998735745,0.6325352316860088,0.0068618519205052575,5
dropout_success,tabpfn,lira,LiRA,0.23500000000000001,0.3623802596840974,0.0029869004364313258,0.6325352316860088,0.0068618519205052575,5
dropout_success,tabpfn,lira,LiRA,0.23750000000000002,0.36623536882967295,0.0030186759729891113,0.6325352316860088,0.0068618519205052575,5
dropout_success,tabpfn,lira,LiRA,0.24,0.3700904779752484,0.0030504515095469077,0.6325352316860088,0.0068618519205052575,5
dropout_success,tabpfn,lira,LiRA,0.2425,0.37394558712082393,0.0030822270461047015,0.6325352316860088,0.0068618519205052575,5
dropout_success,tabpfn,lira,LiRA,0.245,0.37780069626639945,0.0031140025826624593,0.6325352316860088,0.0068618519205052575,5
dropout_success,tabpfn,lira,LiRA,0.2475,0.38165580541197497,0.003145778119220239,0.6325352316860088,0.0068618519205052575,5
dropout_success,tabpfn,lira,LiRA,0.25,0.3855109145575505,0.003177553655778024,0.6325352316860088,0.0068618519205052575,5
dropout_success,tabpfn,lira,LiRA,0.2525,0.3893660237031259,0.003209329192335809,0.6325352316860088,0.0068618519205052575,5
dropout_success,tabpfn,lira,LiRA,0.255,0.39322113284870147,0.003241104728893588,0.6325352316860088,0.0068618519205052575,5
dropout_success,tabpfn,lira,LiRA,0.2575,0.397076241994277,0.003272880265451346,0.6325352316860088,0.0068618519205052575,5
dropout_success,tabpfn,lira,LiRA,0.26,0.4009313511398525,0.00330465580200914,0.6325352316860088,0.0068618519205052575,5
dropout_success,tabpfn,lira,LiRA,0.2625,0.404786460285428,0.003336431338566927,0.6325352316860088,0.0068618519205052575,5
dropout_success,tabpfn,lira,LiRA,0.265,0.4086415694310035,0.003368206875124705,0.6325352316860088,0.0068618519205052575,5
dropout_success,tabpfn,lira,LiRA,0.2675,0.412496678576579,0.0033999824116824917,0.6325352316860088,0.0068618519205052575,5
dropout_success,tabpfn,lira,LiRA,0.27,0.4163517877221545,0.0034317579482402586,0.6325352316860088,0.0068618519205052575,5
dropout_success,tabpfn,lira,LiRA,0.2725,0.42020689686773,0.0034635334847980437,0.6325352316860088,0.0068618519205052575,5
dropout_success,tabpfn,lira,LiRA,0.275,0.42406200601330546,0.0034953090213558228,0.6325352316860088,0.0068618519205052575,5
dropout_success,tabpfn,lira,LiRA,0.2775,0.4279171151588811,0.003527084557913608,0.6325352316860088,0.0068618519205052575,5
dropout_success,tabpfn,lira,LiRA,0.28,0.43177222430445655,0.0035588600944714026,0.6325352316860088,0.0068618519205052575,5
dropout_success,tabpfn,lira,LiRA,0.28250000000000003,0.4356273334500321,0.0035906356310291617,0.6325352316860088,0.0068618519205052575,5
dropout_success,tabpfn,lira,LiRA,0.28500000000000003,0.43948244259560754,0.003622411167586939,0.6325352316860088,0.0068618519205052575,5
dropout_success,tabpfn,lira,LiRA,0.28750000000000003,0.44333755174118306,0.0036541867041447245,0.6325352316860088,0.0068618519205052575,5
dropout_success,tabpfn,lira,LiRA,0.29,0.44719266088675846,0.003685962240702493,0.6325352316860088,0.0068618519205052575,5
dropout_success,tabpfn,lira,LiRA,0.2925,0.45104777003233404,0.00371773777726028,0.6325352316860088,0.0068618519205052575,5
dropout_success,tabpfn,lira,LiRA,0.295,0.45490287917790956,0.0037495133138180743,0.6325352316860088,0.0068618519205052575,5
dropout_success,tabpfn,lira,LiRA,0.2975,0.458757988323485,0.0037812888503758594,0.6325352316860088,0.0068618519205052575,5
dropout_success,tabpfn,lira,LiRA,0.3,0.46261309746906054,0.0038130643869336385,0.6325352316860088,0.0068618519205052575,5
dropout_success,tabpfn,lira,LiRA,0.3025,0.46646820661463606,0.0038448399234913967,0.6325352316860088,0.0068618519205052575,5
dropout_success,tabpfn,lira,LiRA,0.305,0.4703233157602115,0.0038766154600491905,0.6325352316860088,0.0068618519205052575,5
dropout_success,tabpfn,lira,LiRA,0.3075,0.47417842490578704,0.003908390996606978,0.6325352316860088,0.0068618519205052575,5
dropout_success,tabpfn,lira,LiRA,0.31,0.4780335340513625,0.0039401665331647556,0.6325352316860088,0.0068618519205052575,5
dropout_success,tabpfn,lira,LiRA,0.3125,0.48188864319693814,0.0039719420697225324,0.6325352316860088,0.0068618519205052575,5
dropout_success,tabpfn,lira,LiRA,0.315,0.4857437523425136,0.004003717606280309,0.6325352316860088,0.0068618519205052575,5
dropout_success,tabpfn,lira,LiRA,0.3175,0.4895988614880891,0.004035493142838077,0.6325352316860088,0.0068618519205052575,5
dropout_success,tabpfn,lira,LiRA,0.32,0.4934539706336646,0.0040672686793958735,0.6325352316860088,0.0068618519205052575,5
dropout_success,tabpfn,lira,LiRA,0.3225,0.4973090797792401,0.004099044215953658,0.6325352316860088,0.0068618519205052575,5
dropout_success,tabpfn,lira,LiRA,0.325,0.5011641889248156,0.00413081975251141,0.6325352316860088,0.0068618519205052575,5
dropout_success,tabpfn,lira,LiRA,0.3275,0.5050192980703911,0.004162595289069222,0.6325352316860088,0.0068618519205052575,5
dropout_success,tabpfn,lira,LiRA,0.33,0.5088744072159666,0.004194370825627008,0.6325352316860088,0.0068618519205052575,5
dropout_success,tabpfn,lira,LiRA,0.3325,0.5127295163615421,0.004226146362184757,0.6325352316860088,0.0068618519205052575,5
dropout_success,tabpfn,lira,LiRA,0.335,0.5165846255071177,0.004257921898742542,0.6325352316860088,0.0068618519205052575,5
dropout_success,tabpfn,lira,LiRA,0.3375,0.5204397346526932,0.004289697435300331,0.6325352316860088,0.0068618519205052575,5
dropout_success,tabpfn,lira,LiRA,0.34,0.5242948437982686,0.0043214729718581155,0.6325352316860088,0.0068618519205052575,5
dropout_success,tabpfn,lira,LiRA,0.3425,0.5281499529438441,0.004353248508415902,0.6325352316860088,0.0068618519205052575,5
dropout_success,tabpfn,lira,LiRA,0.34500000000000003,0.5320050620894197,0.00438502404497367,0.6325352316860088,0.0068618519205052575,5
dropout_success,tabpfn,lira,LiRA,0.34750000000000003,0.5358601712349952,0.004416799581531456,0.6325352316860088,0.0068618519205052575,5
dropout_success,tabpfn,lira,LiRA,0.35000000000000003,0.5397152803805707,0.004448575118089241,0.6325352316860088,0.0068618519205052575,5
dropout_success,tabpfn,lira,LiRA,0.3525,0.5435703895261461,0.004480350654647027,0.6325352316860088,0.0068618519205052575,5
dropout_success,tabpfn,lira,LiRA,0.355,0.5474254986717216,0.0045121261912047786,0.6325352316860088,0.0068618519205052575,5
dropout_success,tabpfn,lira,LiRA,0.3575,0.551280607817297,0.004543901727762564,0.6325352316860088,0.0068618519205052575,5
dropout_success,tabpfn,lira,LiRA,0.36,0.5551357169628727,0.004575677264320349,0.6325352316860088,0.0068618519205052575,5
dropout_success,tabpfn,lira,LiRA,0.3625,0.5589908261084482,0.004607452800878155,0.6325352316860088,0.0068618519205052575,5
dropout_success,tabpfn,lira,LiRA,0.365,0.5628459352540236,0.004639228337435941,0.6325352316860088,0.0068618519205052575,5
dropout_success,tabpfn,lira,LiRA,0.3675,0.5667010443995991,0.004671003873993692,0.6325352316860088,0.0068618519205052575,5
dropout_success,tabpfn,lira,LiRA,0.37,0.5705561535451746,0.004702779410551477,0.6325352316860088,0.0068618519205052575,5
dropout_success,tabpfn,lira,LiRA,0.3725,0.5744112626907503,0.00473455494710928,0.6325352316860088,0.0068618519205052575,5
dropout_success,tabpfn,lira,LiRA,0.375,0.5782663718363257,0.004766330483667031,0.6325352316860088,0.0068618519205052575,5
dropout_success,tabpfn,lira,LiRA,0.3775,0.5821214809819012,0.0047981060202248,0.6325352316860088,0.0068618519205052575,5
dropout_success,tabpfn,lira,LiRA,0.38,0.5859765901274767,0.004829881556782585,0.6325352316860088,0.0068618519205052575,5
dropout_success,tabpfn,lira,LiRA,0.3825,0.5898316992730522,0.004861657093340371,0.6325352316860088,0.0068618519205052575,5
dropout_success,tabpfn,lira,LiRA,0.385,0.5936868084186278,0.004893432629898139,0.6325352316860088,0.0068618519205052575,5
dropout_success,tabpfn,lira,LiRA,0.3875,0.5975419175642032,0.004925208166455925,0.6325352316860088,0.0068618519205052575,5
dropout_success,tabpfn,lira,LiRA,0.39,0.6013970267097787,0.004956983703013714,0.6325352316860088,0.0068618519205052575,5
dropout_success,tabpfn,lira,LiRA,0.3925,0.6052521358553543,0.004988759239571499,0.6325352316860088,0.0068618519205052575,5
dropout_success,tabpfn,lira,LiRA,0.395,0.6091072450009298,0.005020534776129302,0.6325352316860088,0.0068618519205052575,5
dropout_success,tabpfn,lira,LiRA,0.3975,0.6129623541465052,0.005052310312687053,0.6325352316860088,0.0068618519205052575,5
dropout_success,tabpfn,lira,LiRA,0.4,0.6168174632920808,0.005084085849244817,0.6325352316860088,0.0068618519205052575,5
dropout_success,tabpfn,lira,LiRA,0.4025,0.6206725724376563,0.005115861385802604,0.6325352316860088,0.0068618519205052575,5
dropout_success,tabpfn,lira,LiRA,0.405,0.6245276815832319,0.005147636922360376,0.6325352316860088,0.0068618519205052575,5
dropout_success,tabpfn,lira,LiRA,0.40750000000000003,0.6283827907288073,0.0051794124589181955,0.6325352316860088,0.0068618519205052575,5
dropout_success,tabpfn,lira,LiRA,0.41000000000000003,0.6322378998743827,0.005211187995475946,0.6325352316860088,0.0068618519205052575,5
dropout_success,tabpfn,lira,LiRA,0.41250000000000003,0.6360930090199582,0.005242963532033731,0.6325352316860088,0.0068618519205052575,5
dropout_success,tabpfn,lira,LiRA,0.41500000000000004,0.6399481181655338,0.005274739068591535,0.6325352316860088,0.0068618519205052575,5
dropout_success,tabpfn,lira,LiRA,0.4175,0.6438032273111092,0.005306514605149324,0.6325352316860088,0.0068618519205052575,5
dropout_success,tabpfn,lira,LiRA,0.42,0.6476583364566848,0.005338290141707054,0.6325352316860088,0.0068618519205052575,5
dropout_success,tabpfn,lira,LiRA,0.4225,0.6515134456022602,0.0053700656782648395,0.6325352316860088,0.0068618519205052575,5
dropout_success,tabpfn,lira,LiRA,0.425,0.6553685547478357,0.005401841214822642,0.6325352316860088,0.0068618519205052575,5
dropout_success,tabpfn,lira,LiRA,0.4275,0.6592236638934112,0.005433616751380432,0.6325352316860088,0.0068618519205052575,5
dropout_success,tabpfn,lira,LiRA,0.43,0.6630787730389868,0.005465392287938183,0.6325352316860088,0.0068618519205052575,5
dropout_success,tabpfn,lira,LiRA,0.4325,0.6669338821845623,0.005497167824495968,0.6325352316860088,0.0068618519205052575,5
dropout_success,tabpfn,lira,LiRA,0.435,0.6707889913301378,0.005528943361053772,0.6325352316860088,0.0068618519205052575,5
dropout_success,tabpfn,lira,LiRA,0.4375,0.6746441004757133,0.005560718897611556,0.6325352316860088,0.0068618519205052575,5
dropout_success,tabpfn,lira,LiRA,0.44,0.6784992096212887,0.005592494434169342,0.6325352316860088,0.0068618519205052575,5
dropout_success,tabpfn,lira,LiRA,0.4425,0.6823543187668643,0.005624269970727096,0.6325352316860088,0.0068618519205052575,5
dropout_success,tabpfn,lira,LiRA,0.445,0.6862094279124398,0.005656045507284879,0.6325352316860088,0.0068618519205052575,5
dropout_success,tabpfn,lira,LiRA,0.4475,0.6900645370580153,0.005687821043842665,0.6325352316860088,0.0068618519205052575,5
dropout_success,tabpfn,lira,LiRA,0.45,0.6939196462035908,0.005719596580400416,0.6325352316860088,0.0068618519205052575,5
dropout_success,tabpfn,lira,LiRA,0.4525,0.6973286221320875,0.005473265993111272,0.6325352316860088,0.0068618519205052575,5
dropout_success,tabpfn,lira,LiRA,0.455,0.7006833019286882,0.005398312749489689,0.6325352316860088,0.0068618519205052575,5
dropout_success,tabpfn,lira,LiRA,0.4575,0.7040379817252888,0.005548171700609491,0.6325352316860088,0.0068618519205052575,5
dropout_success,tabpfn,lira,LiRA,0.46,0.7073926615218895,0.005905753691593663,0.6325352316860088,0.0068618519205052575,5
dropout_success,tabpfn,lira,LiRA,0.4625,0.7107473413184902,0.006436531121674641,0.6325352316860088,0.0068618519205052575,5
dropout_success,tabpfn,lira,LiRA,0.465,0.7141020211150908,0.007101776387847419,0.6325352316860088,0.0068618519205052575,5
dropout_success,tabpfn,lira,LiRA,0.4675,0.7174567009116914,0.007867452676303437,0.6325352316860088,0.0068618519205052575,5
dropout_success,tabpfn,lira,LiRA,0.47000000000000003,0.7208113807082921,0.008707105381982418,0.6325352316860088,0.0068618519205052575,5
dropout_success,tabpfn,lira,LiRA,0.47250000000000003,0.7241660605048927,0.009601346021272644,0.6325352316860088,0.0068618519205052575,5
dropout_success,tabpfn,lira,LiRA,0.47500000000000003,0.7275207403014934,0.010536284709310704,0.6325352316860088,0.0068618519205052575,5
dropout_success,tabpfn,lira,LiRA,0.47750000000000004,0.730875420098094,0.011502001317131149,0.6325352316860088,0.0068618519205052575,5
dropout_success,tabpfn,lira,LiRA,0.48,0.7342300998946947,0.012491359489307245,0.6325352316860088,0.0068618519205052575,5
dropout_success,tabpfn,lira,LiRA,0.4825,0.7375847796912953,0.013499162131447718,0.6325352316860088,0.0068618519205052575,5
dropout_success,tabpfn,lira,LiRA,0.485,0.7406183457029302,0.01455972460840178,0.6325352316860088,0.0068618519205052575,5
dropout_success,tabpfn,lira,LiRA,0.4875,0.7434637255289207,0.015684622810702157,0.6325352316860088,0.0068618519205052575,5
dropout_success,tabpfn,lira,LiRA,0.49,0.7457398294963062,0.01617210782363705,0.6325352316860088,0.0068618519205052575,5
dropout_success,tabpfn,lira,LiRA,0.4925,0.7480414524702741,0.016794471803961958,0.6325352316860088,0.0068618519205052575,5
dropout_success,tabpfn,lira,LiRA,0.495,0.7503430754442422,0.017508678932202676,0.6325352316860088,0.0068618519205052575,5
dropout_success,tabpfn,lira,LiRA,0.4975,0.75264469841821,0.01830398141907914,0.6325352316860088,0.0068618519205052575,5
dropout_success,tabpfn,lira,LiRA,0.5,0.7549463213921779,0.019170288904739704,0.6325352316860088,0.0068618519205052575,5
dropout_success,tabpfn,lira,LiRA,0.5025000000000001,0.7572479443661458,0.020098421844874603,0.6325352316860088,0.0068618519205052575,5
dropout_success,tabpfn,lira,LiRA,0.505,0.7595495673401137,0.021080215551080854,0.6325352316860088,0.0068618519205052575,5
dropout_success,tabpfn,lira,LiRA,0.5075000000000001,0.7617284350657889,0.02199895099172896,0.6325352316860088,0.0068618519205052575,5
dropout_success,tabpfn,lira,LiRA,0.51,0.7634898698251211,0.0225905883516347,0.6325352316860088,0.0068618519205052575,5
dropout_success,tabpfn,lira,LiRA,0.5125,0.7652513045844535,0.023226775889745824,0.6325352316860088,0.0068618519205052575,5
dropout_success,tabpfn,lira,LiRA,0.515,0.7670127393437858,0.02390395685268214,0.6325352316860088,0.0068618519205052575,5
dropout_success,tabpfn,lira,LiRA,0.5175,0.768774174103118,0.02461874868916464,0.6325352316860088,0.0068618519205052575,5
dropout_success,tabpfn,lira,LiRA,0.52,0.7700354458822407,0.024587908032285173,0.6325352316860088,0.0068618519205052575,5
dropout_success,tabpfn,lira,LiRA,0.5225,0.7712331779349375,0.024459846011283707,0.6325352316860088,0.0068618519205052575,5
dropout_success,tabpfn,lira,LiRA,0.525,0.7724309099876341,0.024331783990282237,0.6325352316860088,0.0068618519205052575,5
dropout_success,tabpfn,lira,LiRA,0.5275,0.7736286420403307,0.024203721969280736,0.6325352316860088,0.0068618519205052575,5
dropout_success,tabpfn,lira,LiRA,0.53,0.7748263740930275,0.024075659948279277,0.6325352316860088,0.0068618519205052575,5
dropout_success,tabpfn,lira,LiRA,0.5325,0.776024106145724,0.023947597927277745,0.6325352316860088,0.0068618519205052575,5
dropout_success,tabpfn,lira,LiRA,0.535,0.7772218381984207,0.023819535906276317,0.6325352316860088,0.0068618519205052575,5
dropout_success,tabpfn,lira,LiRA,0.5375,0.7784195702511173,0.023691473885274813,0.6325352316860088,0.0068618519205052575,5
dropout_success,tabpfn,lira,LiRA,0.54,0.7796173023038141,0.023563411864273298,0.6325352316860088,0.0068618519205052575,5
dropout_success,tabpfn,lira,LiRA,0.5425,0.7808150343565107,0.023435349843271835,0.6325352316860088,0.0068618519205052575,5
dropout_success,tabpfn,lira,LiRA,0.545,0.7820127664092074,0.023307287822270338,0.6325352316860088,0.0068618519205052575,5
dropout_success,tabpfn,lira,LiRA,0.5475,0.7832104984619042,0.023179225801268872,0.6325352316860088,0.0068618519205052575,5
dropout_success,tabpfn,lira,LiRA,0.55,0.7844082305146008,0.023051163780267364,0.6325352316860088,0.0068618519205052575,5
dropout_success,tabpfn,lira,LiRA,0.5525,0.7856059625672974,0.022923101759265867,0.6325352316860088,0.0068618519205052575,5
dropout_success,tabpfn,lira,LiRA,0.555,0.7868036946199941,0.02279503973826437,0.6325352316860088,0.0068618519205052575,5
dropout_success,tabpfn,lira,LiRA,0.5575,0.7880014266726907,0.022666977717262907,0.6325352316860088,0.0068618519205052575,5
dropout_success,tabpfn,lira,LiRA,0.56,0.7891991587253874,0.022538915696261447,0.6325352316860088,0.0068618519205052575,5
dropout_success,tabpfn,lira,LiRA,0.5625,0.790396890778084,0.022410853675259978,0.6325352316860088,0.0068618519205052575,5
dropout_success,tabpfn,lira,LiRA,0.5650000000000001,0.7915946228307806,0.02228279165425846,0.6325352316860088,0.0068618519205052575,5
dropout_success,tabpfn,lira,LiRA,0.5675,0.7927923548834774,0.02215472963325697,0.6325352316860088,0.0068618519205052575,5
dropout_success,tabpfn,lira,LiRA,0.5700000000000001,0.793990086936174,0.022026667612255472,0.6325352316860088,0.0068618519205052575,5
dropout_success,tabpfn,lira,LiRA,0.5725,0.7951878189888707,0.02189860559125401,0.6325352316860088,0.0068618519205052575,5
dropout_success,tabpfn,lira,LiRA,0.5750000000000001,0.7963855510415674,0.021770543570252498,0.6325352316860088,0.0068618519205052575,5
dropout_success,tabpfn,lira,LiRA,0.5775,0.797583283094264,0.02164248154925105,0.6325352316860088,0.0068618519205052575,5
dropout_success,tabpfn,lira,LiRA,0.58,0.7987810151469606,0.021514419528249572,0.6325352316860088,0.0068618519205052575,5
dropout_success,tabpfn,lira,LiRA,0.5825,0.7999787471996574,0.021386357507248075,0.6325352316860088,0.0068618519205052575,5
dropout_success,tabpfn,lira,LiRA,0.585,0.8011764792523539,0.02125829548624656,0.6325352316860088,0.0068618519205052575,5
dropout_success,tabpfn,lira,LiRA,0.5875,0.8023742113050506,0.021130233465245066,0.6325352316860088,0.0068618519205052575,5
dropout_success,tabpfn,lira,LiRA,0.59,0.8035719433577473,0.021002171444243607,0.6325352316860088,0.0068618519205052575,5
dropout_success,tabpfn,lira,LiRA,0.5925,0.804769675410444,0.020874109423242092,0.6325352316860088,0.0068618519205052575,5
dropout_success,tabpfn,lira,LiRA,0.595,0.8059674074631407,0.020746047402240633,0.6325352316860088,0.0068618519205052575,5
dropout_success,tabpfn,lira,LiRA,0.5975,0.8071651395158372,0.020617985381239174,0.6325352316860088,0.0068618519205052575,5
dropout_success,tabpfn,lira,LiRA,0.6,0.8083628715685339,0.020489923360237677,0.6325352316860088,0.0068618519205052575,5
dropout_success,tabpfn,lira,LiRA,0.6025,0.8095606036212306,0.020361861339236183,0.6325352316860088,0.0068618519205052575,5
dropout_success,tabpfn,lira,LiRA,0.605,0.8107583356739271,0.020233799318234703,0.6325352316860088,0.0068618519205052575,5
dropout_success,tabpfn,lira,LiRA,0.6075,0.811956067726624,0.020105737297233205,0.6325352316860088,0.0068618519205052575,5
dropout_success,tabpfn,lira,LiRA,0.61,0.8131537997793206,0.01997767527623173,0.6325352316860088,0.0068618519205052575,5
dropout_success,tabpfn,lira,LiRA,0.6125,0.8143515318320173,0.019849613255230235,0.6325352316860088,0.0068618519205052575,5
dropout_success,tabpfn,lira,LiRA,0.615,0.8155492638847139,0.01972155123422877,0.6325352316860088,0.0068618519205052575,5
dropout_success,tabpfn,lira,LiRA,0.6175,0.8167469959374106,0.019593489213227257,0.6325352316860088,0.0068618519205052575,5
dropout_success,tabpfn,lira,LiRA,0.62,0.8179447279901073,0.019465427192225777,0.6325352316860088,0.0068618519205052575,5
dropout_success,tabpfn,lira,LiRA,0.6225,0.8191424600428039,0.019337365171224266,0.6325352316860088,0.0068618519205052575,5
dropout_success,tabpfn,lira,LiRA,0.625,0.8203401920955006,0.019209303150222807,0.6325352316860088,0.0068618519205052575,5
dropout_success,tabpfn,lira,LiRA,0.6275000000000001,0.8215379241481973,0.019081241129221306,0.6325352316860088,0.0068618519205052575,5
dropout_success,tabpfn,lira,LiRA,0.63,0.822735656200894,0.018953179108219847,0.6325352316860088,0.0068618519205052575,5
dropout_success,tabpfn,lira,LiRA,0.6325000000000001,0.8239333882535906,0.018825117087218374,0.6325352316860088,0.0068618519205052575,5
dropout_success,tabpfn,lira,LiRA,0.635,0.8251311203062872,0.018697055066216862,0.6325352316860088,0.0068618519205052575,5
dropout_success,tabpfn,lira,LiRA,0.6375000000000001,0.8263288523589839,0.018568993045215365,0.6325352316860088,0.0068618519205052575,5
dropout_success,tabpfn,lira,LiRA,0.64,0.8275265844116806,0.018440931024213902,0.6325352316860088,0.0068618519205052575,5
dropout_success,tabpfn,lira,LiRA,0.6425,0.8287243164643773,0.0183128690032124,0.6325352316860088,0.0068618519205052575,5
dropout_success,tabpfn,lira,LiRA,0.645,0.829922048517074,0.018184806982210942,0.6325352316860088,0.0068618519205052575,5
dropout_success,tabpfn,lira,LiRA,0.6475,0.8311197805697705,0.018056744961209452,0.6325352316860088,0.0068618519205052575,5
dropout_success,tabpfn,lira,LiRA,0.65,0.8323175126224672,0.017928682940207934,0.6325352316860088,0.0068618519205052575,5
dropout_success,tabpfn,lira,LiRA,0.6525,0.8335152446751639,0.017800620919206478,0.6325352316860088,0.0068618519205052575,5
dropout_success,tabpfn,lira,LiRA,0.655,0.8347129767278606,0.017672558898204974,0.6325352316860088,0.0068618519205052575,5
dropout_success,tabpfn,lira,LiRA,0.6575,0.8359107087805573,0.017544496877203504,0.6325352316860088,0.0068618519205052575,5
dropout_success,tabpfn,lira,LiRA,0.66,0.8371084408332539,0.017416434856201993,0.6325352316860088,0.0068618519205052575,5
dropout_success,tabpfn,lira,LiRA,0.6625,0.8383061728859506,0.017288372835200544,0.6325352316860088,0.0068618519205052575,5
dropout_success,tabpfn,lira,LiRA,0.665,0.8395039049386472,0.017160310814199033,0.6325352316860088,0.0068618519205052575,5
dropout_success,tabpfn,lira,LiRA,0.6675,0.8407016369913439,0.017032248793197535,0.6325352316860088,0.0068618519205052575,5
dropout_success,tabpfn,lira,LiRA,0.67,0.8418993690440406,0.016904186772196076,0.6325352316860088,0.0068618519205052575,5
dropout_success,tabpfn,lira,LiRA,0.6725,0.8430971010967371,0.01677612475119461,0.6325352316860088,0.0068618519205052575,5
dropout_success,tabpfn,lira,LiRA,0.675,0.8442948331494339,0.016648062730193102,0.6325352316860088,0.0068618519205052575,5
dropout_success,tabpfn,lira,LiRA,0.6775,0.8454925652021306,0.01652000070919163,0.6325352316860088,0.0068618519205052575,5
dropout_success,tabpfn,lira,LiRA,0.68,0.8466902972548273,0.016391938688190142,0.6325352316860088,0.0068618519205052575,5
dropout_success,tabpfn,lira,LiRA,0.6825,0.8478880293075239,0.016263876667188634,0.6325352316860088,0.0068618519205052575,5
dropout_success,tabpfn,lira,LiRA,0.685,0.8490857613602205,0.016135814646187154,0.6325352316860088,0.0068618519205052575,5
dropout_success,tabpfn,lira,LiRA,0.6875,0.8502834934129171,0.016007752625185674,0.6325352316860088,0.0068618519205052575,5
dropout_success,tabpfn,lira,LiRA,0.6900000000000001,0.8514812254656139,0.01587969060418416,0.6325352316860088,0.0068618519205052575,5
dropout_success,tabpfn,lira,LiRA,0.6925,0.8526789575183106,0.0157516285831827,0.6325352316860088,0.0068618519205052575,5
dropout_success,tabpfn,lira,LiRA,0.6950000000000001,0.8538766895710073,0.015623566562181243,0.6325352316860088,0.0068618519205052575,5
dropout_success,tabpfn,lira,LiRA,0.6975,0.8550744216237038,0.015495504541179742,0.6325352316860088,0.0068618519205052575,5
dropout_success,tabpfn,lira,LiRA,0.7000000000000001,0.8562721536764005,0.01536744252017823,0.6325352316860088,0.0068618519205052575,5
dropout_success,tabpfn,lira,LiRA,0.7025,0.8574698857290972,0.015239380499176733,0.6325352316860088,0.0068618519205052575,5
dropout_success,tabpfn,lira,LiRA,0.705,0.8586676177817937,0.015111318478175276,0.6325352316860088,0.0068618519205052575,5
dropout_success,tabpfn,lira,LiRA,0.7075,0.8598653498344904,0.014983256457173797,0.6325352316860088,0.0068618519205052575,5
dropout_success,tabpfn,lira,LiRA,0.71,0.8610630818871872,0.014855194436172338,0.6325352316860088,0.0068618519205052575,5
dropout_success,tabpfn,lira,LiRA,0.7125,0.8622608139398839,0.014727132415170843,0.6325352316860088,0.0068618519205052575,5
dropout_success,tabpfn,lira,LiRA,0.715,0.8634585459925805,0.014599070394169309,0.6325352316860088,0.0068618519205052575,5
dropout_success,tabpfn,lira,LiRA,0.7175,0.8646562780452772,0.014471008373167834,0.6325352316860088,0.0068618519205052575,5
dropout_success,tabpfn,lira,LiRA,0.72,0.8658540100979739,0.014342946352166371,0.6325352316860088,0.0068618519205052575,5
dropout_success,tabpfn,lira,LiRA,0.7225,0.8670517421506704,0.014214884331164874,0.6325352316860088,0.0068618519205052575,5
dropout_success,tabpfn,lira,LiRA,0.725,0.8682494742033671,0.01408682231016341,0.6325352316860088,0.0068618519205052575,5
dropout_success,tabpfn,lira,LiRA,0.7275,0.8694472062560639,0.013958760289161898,0.6325352316860088,0.0068618519205052575,5
dropout_success,tabpfn,lira,LiRA,0.73,0.8706449383087603,0.013830698268160403,0.6325352316860088,0.0068618519205052575,5
dropout_success,tabpfn,lira,LiRA,0.7325,0.871842670361457,0.013702636247158964,0.6325352316860088,0.0068618519205052575,5
dropout_success,tabpfn,lira,LiRA,0.735,0.8730404024141538,0.013574574226157429,0.6325352316860088,0.0068618519205052575,5
dropout_success,tabpfn,lira,LiRA,0.7375,0.8742381344668505,0.013446512205155933,0.6325352316860088,0.0068618519205052575,5
dropout_success,tabpfn,lira,LiRA,0.74,0.875435866519547,0.013318450184154474,0.6325352316860088,0.0068618519205052575,5
dropout_success,tabpfn,lira,LiRA,0.7425,0.8766335985722439,0.013190388163152995,0.6325352316860088,0.0068618519205052575,5
dropout_success,tabpfn,lira,LiRA,0.745,0.8778313306249406,0.013062326142151538,0.6325352316860088,0.0068618519205052575,5
dropout_success,tabpfn,lira,LiRA,0.7475,0.8790290626776371,0.012934264121150042,0.6325352316860088,0.0068618519205052575,5
dropout_success,tabpfn,lira,LiRA,0.75,0.8802267947303337,0.01280620210014853,0.6325352316860088,0.0068618519205052575,5
dropout_success,tabpfn,lira,LiRA,0.7525000000000001,0.8814245267830305,0.012678140079147032,0.6325352316860088,0.0068618519205052575,5
dropout_success,tabpfn,lira,LiRA,0.755,0.882622258835727,0.012550078058145571,0.6325352316860088,0.0068618519205052575,5
dropout_success,tabpfn,lira,LiRA,0.7575000000000001,0.8838199908884239,0.012422016037144058,0.6325352316860088,0.0068618519205052575,5
dropout_success,tabpfn,lira,LiRA,0.76,0.8850177229411205,0.012293954016142595,0.6325352316860088,0.0068618519205052575,5
dropout_success,tabpfn,lira,LiRA,0.7625000000000001,0.886215454993817,0.0121658919951411,0.6325352316860088,0.0068618519205052575,5
dropout_success,tabpfn,lira,LiRA,0.765,0.8874131870465136,0.012037829974139602,0.6325352316860088,0.0068618519205052575,5
dropout_success,tabpfn,lira,LiRA,0.7675000000000001,0.8886109190992103,0.011909767953138176,0.6325352316860088,0.0068618519205052575,5
dropout_success,tabpfn,lira,LiRA,0.77,0.889808651151907,0.011781705932136628,0.6325352316860088,0.0068618519205052575,5
dropout_success,tabpfn,lira,LiRA,0.7725,0.8910063832046037,0.01165364391113517,0.6325352316860088,0.0068618519205052575,5
dropout_success,tabpfn,lira,LiRA,0.775,0.8922041152573005,0.011525581890133673,0.6325352316860088,0.0068618519205052575,5
dropout_success,tabpfn,lira,LiRA,0.7775,0.8934018473099969,0.01139751986913216,0.6325352316860088,0.0068618519205052575,5
dropout_success,tabpfn,lira,LiRA,0.78,0.8945995793626936,0.011269457848130736,0.6325352316860088,0.0068618519205052575,5
dropout_success,tabpfn,lira,LiRA,0.7825,0.8957973114153903,0.011141395827129238,0.6325352316860088,0.0068618519205052575,5
dropout_success,tabpfn,lira,LiRA,0.785,0.8969950434680871,0.011013333806127727,0.6325352316860088,0.0068618519205052575,5
dropout_success,tabpfn,lira,LiRA,0.7875,0.8981927755207837,0.010885271785126265,0.6325352316860088,0.0068618519205052575,5
dropout_success,tabpfn,lira,LiRA,0.79,0.8993905075734803,0.010757209764124769,0.6325352316860088,0.0068618519205052575,5
dropout_success,tabpfn,lira,LiRA,0.7925,0.9005882396261772,0.010629147743123306,0.6325352316860088,0.0068618519205052575,5
dropout_success,tabpfn,lira,LiRA,0.795,0.9017859716788736,0.010501085722121793,0.6325352316860088,0.0068618519205052575,5
dropout_success,tabpfn,lira,LiRA,0.7975,0.9029837037315703,0.010373023701120311,0.6325352316860088,0.0068618519205052575,5
dropout_success,tabpfn,lira,LiRA,0.8,0.904181435784267,0.010244961680118785,0.6325352316860088,0.0068618519205052575,5
dropout_success,tabpfn,lira,LiRA,0.8025,0.9053791678369636,0.010116899659117327,0.6325352316860088,0.0068618519205052575,5
dropout_success,tabpfn,lira,LiRA,0.805,0.9065768998896603,0.009988837638115864,0.6325352316860088,0.0068618519205052575,5
dropout_success,tabpfn,lira,LiRA,0.8075,0.907774631942357,0.009860775617114367,0.6325352316860088,0.0068618519205052575,5
dropout_success,tabpfn,lira,LiRA,0.81,0.9089723639950538,0.009732713596112856,0.6325352316860088,0.0068618519205052575,5
dropout_success,tabpfn,lira,LiRA,0.8125,0.9101700960477503,0.009604651575111358,0.6325352316860088,0.0068618519205052575,5
dropout_success,tabpfn,lira,LiRA,0.8150000000000001,0.9113678281004469,0.009476589554109936,0.6325352316860088,0.0068618519205052575,5
dropout_success,tabpfn,lira,LiRA,0.8175,0.9125655601531435,0.009348527533108438,0.6325352316860088,0.0068618519205052575,5
dropout_success,tabpfn,lira,LiRA,0.8200000000000001,0.9137632922058405,0.009220465512106927,0.6325352316860088,0.0068618519205052575,5
dropout_success,tabpfn,lira,LiRA,0.8225,0.914961024258537,0.009092403491105464,0.6325352316860088,0.0068618519205052575,5
dropout_success,tabpfn,lira,LiRA,0.8250000000000001,0.9161587563112337,0.008964341470103967,0.6325352316860088,0.0068618519205052575,5
dropout_success,tabpfn,lira,LiRA,0.8275,0.9173564883639302,0.008836279449102489,0.6325352316860088,0.0068618519205052575,5
dropout_success,tabpfn,lira,LiRA,0.8300000000000001,0.9185542204166269,0.008708217428101009,0.6325352316860088,0.0068618519205052575,5
dropout_success,tabpfn,lira,LiRA,0.8325,0.9197519524693236,0.008580155407099497,0.6325352316860088,0.0068618519205052575,5
dropout_success,tabpfn,lira,LiRA,0.835,0.9209496845220201,0.008452093386098038,0.6325352316860088,0.0068618519205052575,5
dropout_success,tabpfn,lira,LiRA,0.8375,0.922147416574717,0.008324031365096527,0.6325352316860088,0.0068618519205052575,5
dropout_success,tabpfn,lira,LiRA,0.84,0.9233451486274136,0.008195969344095064,0.6325352316860088,0.0068618519205052575,5
dropout_success,tabpfn,lira,LiRA,0.8425,0.9245428806801103,0.008067907323093605,0.6325352316860088,0.0068618519205052575,5
dropout_success,tabpfn,lira,LiRA,0.845,0.925740612732807,0.007939845302092088,0.6325352316860088,0.0068618519205052575,5
dropout_success,tabpfn,lira,LiRA,0.8475,0.9269383447855036,0.007811783281090574,0.6325352316860088,0.0068618519205052575,5
dropout_success,tabpfn,lira,LiRA,0.85,0.9281360768382003,0.007683721260089096,0.6325352316860088,0.0068618519205052575,5
dropout_success,tabpfn,lira,LiRA,0.8525,0.9293338088908969,0.007555659239087622,0.6325352316860088,0.0068618519205052575,5
dropout_success,tabpfn,lira,LiRA,0.855,0.9305315409435936,0.007427597218086164,0.6325352316860088,0.0068618519205052575,5
dropout_success,tabpfn,lira,LiRA,0.8575,0.9317292729962903,0.007299535197084663,0.6325352316860088,0.0068618519205052575,5
dropout_success,tabpfn,lira,LiRA,0.86,0.932927005048987,0.007171473176083166,0.6325352316860088,0.0068618519205052575,5
dropout_success,tabpfn,lira,LiRA,0.8625,0.9341247371016836,0.007043411155081693,0.6325352316860088,0.0068618519205052575,5
dropout_success,tabpfn,lira,LiRA,0.865,0.9353224691543802,0.006915349134080211,0.6325352316860088,0.0068618519205052575,5
dropout_success,tabpfn,lira,LiRA,0.8675,0.9365202012070769,0.006787287113078694,0.6325352316860088,0.0068618519205052575,5
dropout_success,tabpfn,lira,LiRA,0.87,0.9377179332597736,0.006659225092077237,0.6325352316860088,0.0068618519205052575,5
dropout_success,tabpfn,lira,LiRA,0.8725,0.9389156653124703,0.006531163071075726,0.6325352316860088,0.0068618519205052575,5
dropout_success,tabpfn,lira,LiRA,0.875,0.940113397365167,0.006403101050074263,0.6325352316860088,0.0068618519205052575,5
dropout_success,tabpfn,lira,LiRA,0.8775000000000001,0.9413111294178635,0.0062750390290728045,0.6325352316860088,0.0068618519205052575,5
dropout_success,tabpfn,lira,LiRA,0.88,0.9425088614705602,0.0061469770080712915,0.6325352316860088,0.0068618519205052575,5
dropout_success,tabpfn,lira,LiRA,0.8825000000000001,0.9437065935232569,0.006018914987069795,0.6325352316860088,0.0068618519205052575,5
dropout_success,tabpfn,lira,LiRA,0.885,0.9449043255759536,0.005890852966068294,0.6325352316860088,0.0068618519205052575,5
dropout_success,tabpfn,lira,LiRA,0.8875000000000001,0.9461020576286503,0.005762790945066836,0.6325352316860088,0.0068618519205052575,5
dropout_success,tabpfn,lira,LiRA,0.89,0.9472997896813469,0.0056347289240653775,0.6325352316860088,0.0068618519205052575,5
dropout_success,tabpfn,lira,LiRA,0.8925000000000001,0.9484975217340434,0.005506666903063862,0.6325352316860088,0.0068618519205052575,5
dropout_success,tabpfn,lira,LiRA,0.895,0.94969525378674,0.00537860488206235,0.6325352316860088,0.0068618519205052575,5
dropout_success,tabpfn,lira,LiRA,0.8975,0.9508929858394369,0.005250542861060892,0.6325352316860088,0.0068618519205052575,5
dropout_success,tabpfn,lira,LiRA,0.9,0.9520907178921334,0.005122480840059396,0.6325352316860088,0.0068618519205052575,5
dropout_success,tabpfn,lira,LiRA,0.9025,0.9532884499448302,0.004994418819057932,0.6325352316860088,0.0068618519205052575,5
dropout_success,tabpfn,lira,LiRA,0.905,0.9544861819975269,0.004866356798056421,0.6325352316860088,0.0068618519205052575,5
dropout_success,tabpfn,lira,LiRA,0.9075,0.9556839140502233,0.004738294777054939,0.6325352316860088,0.0068618519205052575,5
dropout_success,tabpfn,lira,LiRA,0.91,0.95688164610292,0.004610232756053461,0.6325352316860088,0.0068618519205052575,5
dropout_success,tabpfn,lira,LiRA,0.9125,0.9580793781556167,0.00448217073505195,0.6325352316860088,0.0068618519205052575,5
dropout_success,tabpfn,lira,LiRA,0.915,0.9592771102083135,0.004354108714050506,0.6325352316860088,0.0068618519205052575,5
dropout_success,tabpfn,lira,LiRA,0.9175,0.9604748422610101,0.004226046693049033,0.6325352316860088,0.0068618519205052575,5
dropout_success,tabpfn,lira,LiRA,0.92,0.9616725743137069,0.004097984672047509,0.6325352316860088,0.0068618519205052575,5
dropout_success,tabpfn,lira,LiRA,0.9225,0.9628703063664036,0.00396992265104602,0.6325352316860088,0.0068618519205052575,5
dropout_success,tabpfn,lira,LiRA,0.925,0.9640680384191,0.003841860630044562,0.6325352316860088,0.0068618519205052575,5
dropout_success,tabpfn,lira,LiRA,0.9275,0.9652657704717967,0.0037137986090430993,0.6325352316860088,0.0068618519205052575,5
dropout_success,tabpfn,lira,LiRA,0.93,0.9664635025244934,0.003585736588041564,0.6325352316860088,0.0068618519205052575,5
dropout_success,tabpfn,lira,LiRA,0.9325,0.96766123457719,0.003457674567040106,0.6325352316860088,0.0068618519205052575,5
dropout_success,tabpfn,lira,LiRA,0.935,0.9688589666298867,0.003329612546038594,0.6325352316860088,0.0068618519205052575,5
dropout_success,tabpfn,lira,LiRA,0.9375,0.9700566986825836,0.003201550525037131,0.6325352316860088,0.0068618519205052575,5
dropout_success,tabpfn,lira,LiRA,0.9400000000000001,0.9712544307352801,0.0030734885040356727,0.6325352316860088,0.0068618519205052575,5
dropout_success,tabpfn,lira,LiRA,0.9425,0.9724521627879767,0.0029454264830341375,0.6325352316860088,0.0068618519205052575,5
dropout_success,tabpfn,lira,LiRA,0.9450000000000001,0.9736498948406733,0.002817364462032661,0.6325352316860088,0.0068618519205052575,5
dropout_success,tabpfn,lira,LiRA,0.9475,0.97484762689337,0.002689302441031148,0.6325352316860088,0.0068618519205052575,5
dropout_success,tabpfn,lira,LiRA,0.9500000000000001,0.9760453589460667,0.00256124042002969,0.6325352316860088,0.0068618519205052575,5
dropout_success,tabpfn,lira,LiRA,0.9525,0.9772430909987634,0.0024331783990282317,0.6325352316860088,0.0068618519205052575,5
dropout_success,tabpfn,lira,LiRA,0.9550000000000001,0.9784408230514601,0.002305116378026731,0.6325352316860088,0.0068618519205052575,5
dropout_success,tabpfn,lira,LiRA,0.9575,0.9796385551041569,0.0021770543570252343,0.6325352316860088,0.0068618519205052575,5
dropout_success,tabpfn,lira,LiRA,0.96,0.9808362871568533,0.0020489923360237374,0.6325352316860088,0.0068618519205052575,5
dropout_success,tabpfn,lira,LiRA,0.9625,0.98203401920955,0.001920930315022313,0.6325352316860088,0.0068618519205052575,5
dropout_success,tabpfn,lira,LiRA,0.965,0.9832317512622467,0.001792868294020786,0.6325352316860088,0.0068618519205052575,5
dropout_success,tabpfn,lira,LiRA,0.9675,0.9844294833149434,0.0016648062730192897,0.6325352316860088,0.0068618519205052575,5
dropout_success,tabpfn,lira,LiRA,0.97,0.98562721536764,0.0015367442520178266,0.6325352316860088,0.0068618519205052575,5
dropout_success,tabpfn,lira,LiRA,0.9725,0.9868249474203367,0.001408682231016315,0.6325352316860088,0.0068618519205052575,5
dropout_success,tabpfn,lira,LiRA,0.975,0.9880226794730333,0.0012806202100148672,0.6325352316860088,0.0068618519205052575,5
dropout_success,tabpfn,lira,LiRA,0.9775,0.98922041152573,0.0011525581890133216,0.6325352316860088,0.0068618519205052575,5
dropout_success,tabpfn,lira,LiRA,0.98,0.9904181435784267,0.0010244961680118787,0.6325352316860088,0.0068618519205052575,5
dropout_success,tabpfn,lira,LiRA,0.9825,0.9916158756311233,0.0008964341470103622,0.6325352316860088,0.0068618519205052575,5
dropout_success,tabpfn,lira,LiRA,0.985,0.9928136076838202,0.000768372126008874,0.6325352316860088,0.0068618519205052575,5
dropout_success,tabpfn,lira,LiRA,0.9875,0.9940113397365167,0.0006403101050074458,0.6325352316860088,0.0068618519205052575,5
dropout_success,tabpfn,lira,LiRA,0.99,0.9952090717892134,0.0005122480840059341,0.6325352316860088,0.0068618519205052575,5
dropout_success,tabpfn,lira,LiRA,0.9925,0.99640680384191,0.00038418606300443295,0.6325352316860088,0.0068618519205052575,5
dropout_success,tabpfn,lira,LiRA,0.995,0.9976045358946066,0.0002561240420029213,0.6325352316860088,0.0068618519205052575,5
dropout_success,tabpfn,lira,LiRA,0.9975,0.9988022679473033,0.00012806202100149717,0.6325352316860088,0.0068618519205052575,5
dropout_success,tabpfn,lira,LiRA,1.0,1.0,0.0,0.6325352316860088,0.0068618519205052575,5
dropout_success,tabpfn,attack_p,Attack-P,0.0,0.0,0.0,0.5545844701176951,0.01318950692175744,5
dropout_success,tabpfn,attack_p,Attack-P,0.0025,0.004805831826401446,0.0019332476981553386,0.5545844701176951,0.01318950692175744,5
dropout_success,tabpfn,attack_p,Attack-P,0.005,0.007817872212176011,0.0031146322215299845,0.5545844701176951,0.01318950692175744,5
dropout_success,tabpfn,attack_p,Attack-P,0.0075,0.012732780791641552,0.004387734686356103,0.5545844701176951,0.01318950692175744,5
dropout_success,tabpfn,attack_p,Attack-P,0.01,0.01581988054139953,0.0037534120774283877,0.5545844701176951,0.01318950692175744,5
dropout_success,tabpfn,attack_p,Attack-P,0.0125,0.019696421721738182,0.003065300571779783,0.5545844701176951,0.01318950692175744,5
dropout_success,tabpfn,attack_p,Attack-P,0.015,0.022331823661570493,0.003947578559251961,0.5545844701176951,0.01318950692175744,5
dropout_success,tabpfn,attack_p,Attack-P,0.0175,0.026526220614828212,0.003005414741200792,0.5545844701176951,0.01318950692175744,5
dropout_success,tabpfn,attack_p,Attack-P,0.02,0.031052957892017563,0.003636640947796048,0.5545844701176951,0.01318950692175744,5
dropout_success,tabpfn,attack_p,Attack-P,0.0225,0.034092238583196995,0.004813323085785891,0.5545844701176951,0.01318950692175744,5
dropout_success,tabpfn,attack_p,Attack-P,0.025,0.037067008237894314,0.004511439372603103,0.5545844701176951,0.01318950692175744,5
dropout_success,tabpfn,attack_p,Attack-P,0.0275,0.04054144062688366,0.0037899685070608095,0.5545844701176951,0.01318950692175744,5
dropout_success,tabpfn,attack_p,Attack-P,0.03,0.043098613622664254,0.0035317160827319947,0.5545844701176951,0.01318950692175744,5
dropout_success,tabpfn,attack_p,Attack-P,0.0325,0.044840250150693185,0.003586791085942162,0.5545844701176951,0.01318950692175744,5
dropout_success,tabpfn,attack_p,Attack-P,0.035,0.047324492666264824,0.005977558940971739,0.5545844701176951,0.01318950692175744,5
dropout_success,tabpfn,attack_p,Attack-P,0.0375,0.05087434699618243,0.006847338294700744,0.5545844701176951,0.01318950692175744,5
dropout_success,tabpfn,attack_p,Attack-P,0.04,0.05367474382157926,0.0073424062929181595,0.5545844701176951,0.01318950692175744,5
dropout_success,tabpfn,attack_p,Attack-P,0.0425,0.056068625678119356,0.008153747451299497,0.5545844701176951,0.01318950692175744,5
dropout_success,tabpfn,attack_p,Attack-P,0.045,0.0584753164556962,0.00953778629189211,0.5545844701176951,0.01318950692175744,5
dropout_success,tabpfn,attack_p,Attack-P,0.0475,0.06124193289129998,0.009639536875043273,0.5545844701176951,0.01318950692175744,5
dropout_success,tabpfn,attack_p,Attack-P,0.05,0.06546413502109706,0.010417713306507101,0.5545844701176951,0.01318950692175744,5
dropout_success,tabpfn,attack_p,Attack-P,0.0525,0.06767862165963431,0.010681337198341105,0.5545844701176951,0.01318950692175744,5
dropout_success,tabpfn,attack_p,Attack-P,0.055,0.06896137231263813,0.010667244674284572,0.5545844701176951,0.01318950692175744,5
dropout_success,tabpfn,attack_p,Attack-P,0.0575,0.07184287005941617,0.010386695488937964,0.5545844701176951,0.01318950692175744,5
dropout_success,tabpfn,attack_p,Attack-P,0.06,0.07400450905333364,0.010430277014974308,0.5545844701176951,0.01318950692175744,5
dropout_success,tabpfn,attack_p,Attack-P,0.0625,0.07607911164082051,0.009884523192288195,0.5545844701176951,0.01318950692175744,5
dropout_success,tabpfn,attack_p,Attack-P,0.065,0.07881962025316455,0.009447023537654841,0.5545844701176951,0.01318950692175744,5
dropout_success,tabpfn,attack_p,Attack-P,0.0675,0.08240786702163286,0.0094733259927541,0.5545844701176951,0.01318950692175744,5
dropout_success,tabpfn,attack_p,Attack-P,0.07,0.08414990288661175,0.00955392132446699,0.5545844701176951,0.01318950692175744,5
dropout_success,tabpfn,attack_p,Attack-P,0.0725,0.0865240506329114,0.009113321077040359,0.5545844701176951,0.01318950692175744,5
dropout_success,tabpfn,attack_p,Attack-P,0.075,0.08990280289330921,0.009410571854604203,0.5545844701176951,0.01318950692175744,5
dropout_success,tabpfn,attack_p,Attack-P,0.0775,0.0935365179827205,0.009804658892375709,0.5545844701176951,0.01318950692175744,5
dropout_success,tabpfn,attack_p,Attack-P,0.08,0.09589214386176412,0.009809999360703026,0.5545844701176951,0.01318950692175744,5
dropout_success,tabpfn,attack_p,Attack-P,0.0825,0.09886171137231266,0.009152117408043187,0.5545844701176951,0.01318950692175744,5
dropout_success,tabpfn,attack_p,Attack-P,0.085,0.10239207585663282,0.009695767339811165,0.5545844701176951,0.01318950692175744,5
dropout_success,tabpfn,attack_p,Attack-P,0.08750000000000001,0.10448612463485882,0.009393676079425166,0.5545844701176951,0.01318950692175744,5
dropout_success,tabpfn,attack_p,Attack-P,0.09,0.10634721035444364,0.008485961902705612,0.5545844701176951,0.01318950692175744,5
dropout_success,tabpfn,attack_p,Attack-P,0.0925,0.10873742070667929,0.008232400553580618,0.5545844701176951,0.01318950692175744,5
dropout_success,tabpfn,attack_p,Attack-P,0.095,0.11199302792847096,0.00901170653696521,0.5545844701176951,0.01318950692175744,5
dropout_success,tabpfn,attack_p,Attack-P,0.0975,0.11534530841872614,0.009740095624812848,0.5545844701176951,0.01318950692175744,5
dropout_success,tabpfn,attack_p,Attack-P,0.1,0.11779666465742415,0.010487994060857313,0.5545844701176951,0.01318950692175744,5
dropout_success,tabpfn,attack_p,Attack-P,0.10250000000000001,0.12077732569821178,0.010510785824274624,0.5545844701176951,0.01318950692175744,5
dropout_success,tabpfn,attack_p,Attack-P,0.105,0.12509381153305205,0.0104028194067832,0.5545844701176951,0.01318950692175744,5
dropout_success,tabpfn,attack_p,Attack-P,0.1075,0.12682170484227445,0.010975250373142467,0.5545844701176951,0.01318950692175744,5
dropout_success,tabpfn,attack_p,Attack-P,0.11,0.12928673899939724,0.011641107786153107,0.5545844701176951,0.01318950692175744,5
dropout_success,tabpfn,attack_p,Attack-P,0.1125,0.13163261296079615,0.012059032243147956,0.5545844701176951,0.01318950692175744,5
dropout_success,tabpfn,attack_p,Attack-P,0.115,0.13492267666560295,0.01205400542303885,0.5545844701176951,0.01318950692175744,5
dropout_success,tabpfn,attack_p,Attack-P,0.11750000000000001,0.13830722499970455,0.011936002744370861,0.5545844701176951,0.01318950692175744,5
dropout_success,tabpfn,attack_p,Attack-P,0.12,0.1411230672859861,0.012129214049402098,0.5545844701176951,0.01318950692175744,5
dropout_success,tabpfn,attack_p,Attack-P,0.1225,0.14440331776170384,0.011524989204542412,0.5545844701176951,0.01318950692175744,5
dropout_success,tabpfn,attack_p,Attack-P,0.125,0.1477806660638939,0.011616399173520264,0.5545844701176951,0.01318950692175744,5
dropout_success,tabpfn,attack_p,Attack-P,0.1275,0.1503555856941933,0.01196750962658346,0.5545844701176951,0.01318950692175744,5
dropout_success,tabpfn,attack_p,Attack-P,0.13,0.15302561784207352,0.01280863606391503,0.5545844701176951,0.01318950692175744,5
dropout_success,tabpfn,attack_p,Attack-P,0.1325,0.15622179884612072,0.012614791619032634,0.5545844701176951,0.01318950692175744,5
dropout_success,tabpfn,attack_p,Attack-P,0.135,0.15863009845288328,0.01233375812681801,0.5545844701176951,0.01318950692175744,5
dropout_success,tabpfn,attack_p,Attack-P,0.1375,0.16103065171216166,0.011995041993094974,0.5545844701176951,0.01318950692175744,5
dropout_success,tabpfn,attack_p,Attack-P,0.14,0.16285617842073538,0.011923411247855563,0.5545844701176951,0.01318950692175744,5
dropout_success,tabpfn,attack_p,Attack-P,0.14250000000000002,0.16642856066477227,0.011378653901132052,0.5545844701176951,0.01318950692175744,5
dropout_success,tabpfn,attack_p,Attack-P,0.145,0.1707828008840667,0.01094166400289116,0.5545844701176951,0.01318950692175744,5
dropout_success,tabpfn,attack_p,Attack-P,0.1475,0.17416937914406266,0.01222160046959208,0.5545844701176951,0.01318950692175744,5
dropout_success,tabpfn,attack_p,Attack-P,0.15,0.17671679726743014,0.012556636820867164,0.5545844701176951,0.01318950692175744,5
dropout_success,tabpfn,attack_p,Attack-P,0.1525,0.18022655213984326,0.010925319157391611,0.5545844701176951,0.01318950692175744,5
dropout_success,tabpfn,attack_p,Attack-P,0.155,0.18275113952754096,0.011342273594717197,0.5545844701176951,0.01318950692175744,5
dropout_success,tabpfn,attack_p,Attack-P,0.1575,0.1861060621717041,0.011905388638884507,0.5545844701176951,0.01318950692175744,5
dropout_success,tabpfn,attack_p,Attack-P,0.16,0.1883693791440627,0.012676232139781219,0.5545844701176951,0.01318950692175744,5
dropout_success,tabpfn,attack_p,Attack-P,0.1625,0.1914250552541692,0.011645915621262236,0.5545844701176951,0.01318950692175744,5
dropout_success,tabpfn,attack_p,Attack-P,0.165,0.19367426160337553,0.011449957621376744,0.5545844701176951,0.01318950692175744,5
dropout_success,tabpfn,attack_p,Attack-P,0.1675,0.19669491948678205,0.01185632756547671,0.5545844701176951,0.01318950692175744,5
dropout_success,tabpfn,attack_p,Attack-P,0.17,0.20051836734693876,0.013131211713782048,0.5545844701176951,0.01318950692175744,5
dropout_success,tabpfn,attack_p,Attack-P,0.17250000000000001,0.2027524261603376,0.01413805977453883,0.5545844701176951,0.01318950692175744,5
dropout_success,tabpfn,attack_p,Attack-P,0.17500000000000002,0.20662773759292746,0.014158378599208063,0.5545844701176951,0.01318950692175744,5
dropout_success,tabpfn,attack_p,Attack-P,0.1775,0.21047187060478198,0.013714339386228876,0.5545844701176951,0.01318950692175744,5
dropout_success,tabpfn,attack_p,Attack-P,0.18,0.21370102471368294,0.013630478056913094,0.5545844701176951,0.01318950692175744,5
dropout_success,tabpfn,attack_p,Attack-P,0.1825,0.21767180099888056,0.013957450533586154,0.5545844701176951,0.01318950692175744,5
dropout_success,tabpfn,attack_p,Attack-P,0.185,0.2212613880995436,0.015250152789728633,0.5545844701176951,0.01318950692175744,5
dropout_success,tabpfn,attack_p,Attack-P,0.1875,0.22442585895117545,0.015134927859887412,0.5545844701176951,0.01318950692175744,5
dropout_success,tabpfn,attack_p,Attack-P,0.19,0.22705079365079364,0.014057390853259515,0.5545844701176951,0.01318950692175744,5
dropout_success,tabpfn,attack_p,Attack-P,0.1925,0.22963452632107698,0.013932477658893432,0.5545844701176951,0.01318950692175744,5
dropout_success,tabpfn,attack_p,Attack-P,0.195,0.2327696051838457,0.01392536691243415,0.5545844701176951,0.01318950692175744,5
dropout_success,tabpfn,attack_p,Attack-P,0.1975,0.23543204741812337,0.013882747273435393,0.5545844701176951,0.01318950692175744,5
dropout_success,tabpfn,attack_p,Attack-P,0.2,0.23797819058578554,0.014285712276261428,0.5545844701176951,0.01318950692175744,5
dropout_success,tabpfn,attack_p,Attack-P,0.2025,0.23934662355928177,0.014749186053019782,0.5545844701176951,0.01318950692175744,5
dropout_success,tabpfn,attack_p,Attack-P,0.20500000000000002,0.24098947887555483,0.015190972968164601,0.5545844701176951,0.01318950692175744,5
dropout_success,tabpfn,attack_p,Attack-P,0.20750000000000002,0.24488153506128194,0.016372054638651337,0.5545844701176951,0.01318950692175744,5
dropout_success,tabpfn,attack_p,Attack-P,0.21,0.2487900341571228,0.015969043996095226,0.5545844701176951,0.01318950692175744,5
dropout_success,tabpfn,attack_p,Attack-P,0.2125,0.25179174201326104,0.014592602874818495,0.5545844701176951,0.01318950692175744,5
dropout_success,tabpfn,attack_p,Attack-P,0.215,0.25422276471770144,0.01430866085985018,0.5545844701176951,0.01318950692175744,5
dropout_success,tabpfn,attack_p,Attack-P,0.2175,0.25633626682740607,0.013223922510632782,0.5545844701176951,0.01318950692175744,5
dropout_success,tabpfn,attack_p,Attack-P,0.22,0.2594452481414507,0.012659200866124107,0.5545844701176951,0.01318950692175744,5
dropout_success,tabpfn,attack_p,Attack-P,0.2225,0.2627870705244123,0.012507108036109204,0.5545844701176951,0.01318950692175744,5
dropout_success,tabpfn,attack_p,Attack-P,0.225,0.2662688366485835,0.012885637236018635,0.5545844701176951,0.01318950692175744,5
dropout_success,tabpfn,attack_p,Attack-P,0.2275,0.2694284508740205,0.013364109748200763,0.5545844701176951,0.01318950692175744,5
dropout_success,tabpfn,attack_p,Attack-P,0.23,0.27271066907775765,0.013670385018559142,0.5545844701176951,0.01318950692175744,5
dropout_success,tabpfn,attack_p,Attack-P,0.2325,0.27493367992766726,0.013599306837464853,0.5545844701176951,0.01318950692175744,5
dropout_success,tabpfn,attack_p,Attack-P,0.23500000000000001,0.2798671187462327,0.012835475011938356,0.5545844701176951,0.01318950692175744,5
dropout_success,tabpfn,attack_p,Attack-P,0.23750000000000002,0.2828580219007434,0.014632882812006448,0.5545844701176951,0.01318950692175744,5
dropout_success,tabpfn,attack_p,Attack-P,0.24,0.28558196274290304,0.016043706689895153,0.5545844701176951,0.01318950692175744,5
dropout_success,tabpfn,attack_p,Attack-P,0.2425,0.28869819024656274,0.01592205580922534,0.5545844701176951,0.01318950692175744,5
dropout_success,tabpfn,attack_p,Attack-P,0.245,0.291446396280031,0.01559392317850369,0.5545844701176951,0.01318950692175744,5
dropout_success,tabpfn,attack_p,Attack-P,0.2475,0.2942013411693791,0.016127844759624414,0.5545844701176951,0.01318950692175744,5
dropout_success,tabpfn,attack_p,Attack-P,0.25,0.29757635121559173,0.017150114486859866,0.5545844701176951,0.01318950692175744,5
dropout_success,tabpfn,attack_p,Attack-P,0.2525,0.2997975587703436,0.01782050364703653,0.5545844701176951,0.01318950692175744,5
dropout_success,tabpfn,attack_p,Attack-P,0.255,0.302924933264445,0.017025062619040344,0.5545844701176951,0.01318950692175744,5
dropout_success,tabpfn,attack_p,Attack-P,0.2575,0.30556791598495936,0.01737130107673503,0.5545844701176951,0.01318950692175744,5
dropout_success,tabpfn,attack_p,Attack-P,0.26,0.309085031143259,0.017898450002766426,0.5545844701176951,0.01318950692175744,5
dropout_success,tabpfn,attack_p,Attack-P,0.2625,0.31256573990355635,0.018369687475011557,0.5545844701176951,0.01318950692175744,5
dropout_success,tabpfn,attack_p,Attack-P,0.265,0.31553413200723324,0.019742920065032882,0.5545844701176951,0.01318950692175744,5
dropout_success,tabpfn,attack_p,Attack-P,0.2675,0.31892786819369096,0.020322458464018353,0.5545844701176951,0.01318950692175744,5
dropout_success,tabpfn,attack_p,Attack-P,0.27,0.32182961623467954,0.021247877510333742,0.5545844701176951,0.01318950692175744,5
dropout_success,tabpfn,attack_p,Attack-P,0.2725,0.32442980208961225,0.020763721537209973,0.5545844701176951,0.01318950692175744,5
dropout_success,tabpfn,attack_p,Attack-P,0.275,0.3287605987542697,0.02050128369631257,0.5545844701176951,0.01318950692175744,5
dropout_success,tabpfn,attack_p,Attack-P,0.2775,0.3314209764918626,0.02106468238269151,0.5545844701176951,0.01318950692175744,5
dropout_success,tabpfn,attack_p,Attack-P,0.28,0.33386522001205543,0.021748420798892477,0.5545844701176951,0.01318950692175744,5
dropout_success,tabpfn,attack_p,Attack-P,0.28250000000000003,0.3381293952180028,0.021142279900332094,0.5545844701176951,0.01318950692175744,5
dropout_success,tabpfn,attack_p,Attack-P,0.28500000000000003,0.3406223829616235,0.02204943383019056,0.5545844701176951,0.01318950692175744,5
dropout_success,tabpfn,attack_p,Attack-P,0.28750000000000003,0.342941480811734,0.02193407253452576,0.5545844701176951,0.01318950692175744,5
dropout_success,tabpfn,attack_p,Attack-P,0.29,0.34548493068113323,0.021869038528525835,0.5545844701176951,0.01318950692175744,5
dropout_success,tabpfn,attack_p,Attack-P,0.2925,0.3487168187950285,0.02284922660926763,0.5545844701176951,0.01318950692175744,5
dropout_success,tabpfn,attack_p,Attack-P,0.295,0.35184030827520874,0.023371921708703513,0.5545844701176951,0.01318950692175744,5
dropout_success,tabpfn,attack_p,Attack-P,0.2975,0.3553478429346422,0.022938862146823013,0.5545844701176951,0.01318950692175744,5
dropout_success,tabpfn,attack_p,Attack-P,0.3,0.3581555153707052,0.022863337358802815,0.5545844701176951,0.01318950692175744,5
dropout_success,tabpfn,attack_p,Attack-P,0.3025,0.3614186507936508,0.02334565090626701,0.5545844701176951,0.01318950692175744,5
dropout_success,tabpfn,attack_p,Attack-P,0.305,0.3633497086598353,0.02320164136153326,0.5545844701176951,0.01318950692175744,5
dropout_success,tabpfn,attack_p,Attack-P,0.3075,0.36799775969459514,0.02322163471358464,0.5545844701176951,0.01318950692175744,5
dropout_success,tabpfn,attack_p,Attack-P,0.31,0.3709383966244726,0.02262276158459199,0.5545844701176951,0.01318950692175744,5
dropout_success,tabpfn,attack_p,Attack-P,0.3125,0.3737756178420735,0.021918073696187697,0.5545844701176951,0.01318950692175744,5
dropout_success,tabpfn,attack_p,Attack-P,0.315,0.376692837050432,0.022470282832448858,0.5545844701176951,0.01318950692175744,5
dropout_success,tabpfn,attack_p,Attack-P,0.3175,0.3796934147076552,0.023422331187151403,0.5545844701176951,0.01318950692175744,5
dropout_success,tabpfn,attack_p,Attack-P,0.32,0.3826883664858348,0.022461089055684367,0.5545844701176951,0.01318950692175744,5
dropout_success,tabpfn,attack_p,Attack-P,0.3225,0.38544570022101665,0.022437474103057763,0.5545844701176951,0.01318950692175744,5
dropout_success,tabpfn,attack_p,Attack-P,0.325,0.3878450874020494,0.023430895224993906,0.5545844701176951,0.01318950692175744,5
dropout_success,tabpfn,attack_p,Attack-P,0.3275,0.3902790837854129,0.023305700147006867,0.5545844701176951,0.01318950692175744,5
dropout_success,tabpfn,attack_p,Attack-P,0.33,0.39338280088406674,0.02340427161960583,0.5545844701176951,0.01318950692175744,5
dropout_success,tabpfn,attack_p,Attack-P,0.3325,0.396342801888688,0.023326759025942636,0.5545844701176951,0.01318950692175744,5
dropout_success,tabpfn,attack_p,Attack-P,0.335,0.39949354889635175,0.02296357218604366,0.5545844701176951,0.01318950692175744,5
dropout_success,tabpfn,attack_p,Attack-P,0.3375,0.40168982677459175,0.022976694659706136,0.5545844701176951,0.01318950692175744,5
dropout_success,tabpfn,attack_p,Attack-P,0.34,0.405181675708258,0.023383643233738604,0.5545844701176951,0.01318950692175744,5
dropout_success,tabpfn,attack_p,Attack-P,0.3425,0.4075164255575648,0.0232339687070611,0.5545844701176951,0.01318950692175744,5
dropout_success,tabpfn,attack_p,Attack-P,0.34500000000000003,0.4104397227245329,0.023054421319470383,0.5545844701176951,0.01318950692175744,5
dropout_success,tabpfn,attack_p,Attack-P,0.34750000000000003,0.41303327305605786,0.021603594235799783,0.5545844701176951,0.01318950692175744,5
dropout_success,tabpfn,attack_p,Attack-P,0.35000000000000003,0.41541892706449673,0.021300144848290754,0.5545844701176951,0.01318950692175744,5
dropout_success,tabpfn,attack_p,Attack-P,0.3525,0.41780394816154304,0.02103648919469871,0.5545844701176951,0.01318950692175744,5
dropout_success,tabpfn,attack_p,Attack-P,0.355,0.42075919228450875,0.020287801531316027,0.5545844701176951,0.01318950692175744,5
dropout_success,tabpfn,attack_p,Attack-P,0.3575,0.42329229455495276,0.020321700141257875,0.5545844701176951,0.01318950692175744,5
dropout_success,tabpfn,attack_p,Attack-P,0.36,0.42660397830018076,0.021303149635124908,0.5545844701176951,0.01318950692175744,5
dropout_success,tabpfn,attack_p,Attack-P,0.3625,0.4289820675105485,0.02077810092734521,0.5545844701176951,0.01318950692175744,5
dropout_success,tabpfn,attack_p,Attack-P,0.365,0.431962517580872,0.020055941926090795,0.5545844701176951,0.01318950692175744,5
dropout_success,tabpfn,attack_p,Attack-P,0.3675,0.43549596142254365,0.020176658134586054,0.5545844701176951,0.01318950692175744,5
dropout_success,tabpfn,attack_p,Attack-P,0.37,0.4379454557631773,0.01962020408337736,0.5545844701176951,0.01318950692175744,5
dropout_success,tabpfn,attack_p,Attack-P,0.3725,0.44040754135690846,0.019206954015271314,0.5545844701176951,0.01318950692175744,5
dropout_success,tabpfn,attack_p,Attack-P,0.375,0.4431170886075949,0.019892448065358746,0.5545844701176951,0.01318950692175744,5
dropout_success,tabpfn,attack_p,Attack-P,0.3775,0.4464179475587704,0.02106341419795048,0.5545844701176951,0.01318950692175744,5
dropout_success,tabpfn,attack_p,Attack-P,0.38,0.4489001406469761,0.020617203551775296,0.5545844701176951,0.01318950692175744,5
dropout_success,tabpfn,attack_p,Attack-P,0.3825,0.45094403254972876,0.02088550998767317,0.5545844701176951,0.01318950692175744,5
dropout_success,tabpfn,attack_p,Attack-P,0.385,0.45419404259594137,0.020568851439806315,0.5545844701176951,0.01318950692175744,5
dropout_success,tabpfn,attack_p,Attack-P,0.3875,0.4566391651597348,0.02130473984475219,0.5545844701176951,0.01318950692175744,5
dropout_success,tabpfn,attack_p,Attack-P,0.39,0.4586617239300783,0.02111624413020264,0.5545844701176951,0.01318950692175744,5
dropout_success,tabpfn,attack_p,Attack-P,0.3925,0.4606881856540085,0.020652308414891348,0.5545844701176951,0.01318950692175744,5
dropout_success,tabpfn,attack_p,Attack-P,0.395,0.4635168274060679,0.02063633197772792,0.5545844701176951,0.01318950692175744,5
dropout_success,tabpfn,attack_p,Attack-P,0.3975,0.46628209764918627,0.02018154683558644,0.5545844701176951,0.01318950692175744,5
dropout_success,tabpfn,attack_p,Attack-P,0.4,0.4696805304400241,0.017704083306663974,0.5545844701176951,0.01318950692175744,5
dropout_success,tabpfn,attack_p,Attack-P,0.4025,0.4723159031545109,0.016699699160549312,0.5545844701176951,0.01318950692175744,5
dropout_success,tabpfn,attack_p,Attack-P,0.405,0.4744166164356038,0.017237755102347513,0.5545844701176951,0.01318950692175744,5
dropout_success,tabpfn,attack_p,Attack-P,0.40750000000000003,0.4760521097046414,0.017001836313563813,0.5545844701176951,0.01318950692175744,5
dropout_success,tabpfn,attack_p,Attack-P,0.41000000000000003,0.47866289503143034,0.01791403130125196,0.5545844701176951,0.01318950692175744,5
dropout_success,tabpfn,attack_p,Attack-P,0.41250000000000003,0.4824990312580729,0.017942015388818566,0.5545844701176951,0.01318950692175744,5
dropout_success,tabpfn,attack_p,Attack-P,0.41500000000000004,0.48458343379545915,0.01738097406505955,0.5545844701176951,0.01318950692175744,5
dropout_success,tabpfn,attack_p,Attack-P,0.4175,0.4870621458710066,0.018050964357064252,0.5545844701176951,0.01318950692175744,5
dropout_success,tabpfn,attack_p,Attack-P,0.42,0.4898911392405063,0.018204017236747517,0.5545844701176951,0.01318950692175744,5
dropout_success,tabpfn,attack_p,Attack-P,0.4225,0.49355682137834034,0.018570529096327455,0.5545844701176951,0.01318950692175744,5
dropout_success,tabpfn,attack_p,Attack-P,0.425,0.49601667671287925,0.018970293762233453,0.5545844701176951,0.01318950692175744,5
dropout_success,tabpfn,attack_p,Attack-P,0.4275,0.49732981715893104,0.018453234769764997,0.5545844701176951,0.01318950692175744,5
dropout_success,tabpfn,attack_p,Attack-P,0.43,0.49993666867590913,0.019246908198354028,0.5545844701176951,0.01318950692175744,5
dropout_success,tabpfn,attack_p,Attack-P,0.4325,0.5017372326989867,0.019357254706794034,0.5545844701176951,0.01318950692175744,5
dropout_success,tabpfn,attack_p,Attack-P,0.435,0.503482038807084,0.01874931406559502,0.5545844701176951,0.01318950692175744,5
dropout_success,tabpfn,attack_p,Attack-P,0.4375,0.5054850526708574,0.01908104942627903,0.5545844701176951,0.01318950692175744,5
dropout_success,tabpfn,attack_p,Attack-P,0.44,0.5085928987628807,0.019553649156829604,0.5545844701176951,0.01318950692175744,5
dropout_success,tabpfn,attack_p,Attack-P,0.4425,0.5114735382760699,0.020690484382884292,0.5545844701176951,0.01318950692175744,5
dropout_success,tabpfn,attack_p,Attack-P,0.445,0.5143136427566807,0.020381404799165462,0.5545844701176951,0.01318950692175744,5
dropout_success,tabpfn,attack_p,Attack-P,0.4475,0.5169264700957739,0.01952104666997654,0.5545844701176951,0.01318950692175744,5
dropout_success,tabpfn,attack_p,Attack-P,0.45,0.5199134351349541,0.020565844658271788,0.5545844701176951,0.01318950692175744,5
dropout_success,tabpfn,attack_p,Attack-P,0.4525,0.5223223561717233,0.020246910903856802,0.5545844701176951,0.01318950692175744,5
dropout_success,tabpfn,attack_p,Attack-P,0.455,0.5244436407474382,0.020488587343387574,0.5545844701176951,0.01318950692175744,5
dropout_success,tabpfn,attack_p,Attack-P,0.4575,0.5272174201326101,0.01923975447290543,0.5545844701176951,0.01318950692175744,5
dropout_success,tabpfn,attack_p,Attack-P,0.46,0.5301904761904762,0.017999806058809617,0.5545844701176951,0.01318950692175744,5
dropout_success,tabpfn,attack_p,Attack-P,0.4625,0.5336668675909182,0.019436117862119573,0.5545844701176951,0.01318950692175744,5
dropout_success,tabpfn,attack_p,Attack-P,0.465,0.5352164456499899,0.019994245625671567,0.5545844701176951,0.01318950692175744,5
dropout_success,tabpfn,attack_p,Attack-P,0.4675,0.5381125929274664,0.019252740033671657,0.5545844701176951,0.01318950692175744,5
dropout_success,tabpfn,attack_p,Attack-P,0.47000000000000003,0.5408580470162748,0.019492071279243635,0.5545844701176951,0.01318950692175744,5
dropout_success,tabpfn,attack_p,Attack-P,0.47250000000000003,0.543026130198915,0.019964801773350433,0.5545844701176951,0.01318950692175744,5
dropout_success,tabpfn,attack_p,Attack-P,0.47500000000000003,0.545789424208502,0.019931367645232477,0.5545844701176951,0.01318950692175744,5
dropout_success,tabpfn,attack_p,Attack-P,0.47750000000000004,0.5488159810126583,0.019688294845389323,0.5545844701176951,0.01318950692175744,5
dropout_success,tabpfn,attack_p,Attack-P,0.48,0.5500972014122104,0.01931706743322028,0.5545844701176951,0.01318950692175744,5
dropout_success,tabpfn,attack_p,Attack-P,0.4825,0.5517288294009587,0.019297171002019064,0.5545844701176951,0.01318950692175744,5
dropout_success,tabpfn,attack_p,Attack-P,0.485,0.5550524110910187,0.021486407356413818,0.5545844701176951,0.01318950692175744,5
dropout_success,tabpfn,attack_p,Attack-P,0.4875,0.5571411995177817,0.021751985444286796,0.5545844701176951,0.01318950692175744,5
dropout_success,tabpfn,attack_p,Attack-P,0.49,0.5584529837251356,0.021266123101229717,0.5545844701176951,0.01318950692175744,5
dropout_success,tabpfn,attack_p,Attack-P,0.4925,0.5606336576824822,0.02106562905139033,0.5545844701176951,0.01318950692175744,5
dropout_success,tabpfn,attack_p,Attack-P,0.495,0.564628892907374,0.020525005454640807,0.5545844701176951,0.01318950692175744,5
dropout_success,tabpfn,attack_p,Attack-P,0.4975,0.5671918073136426,0.019099822421452594,0.5545844701176951,0.01318950692175744,5
dropout_success,tabpfn,attack_p,Attack-P,0.5,0.5694544906570222,0.01945871567727044,0.5545844701176951,0.01318950692175744,5
dropout_success,tabpfn,attack_p,Attack-P,0.5025000000000001,0.5717790988547319,0.019024954452394847,0.5545844701176951,0.01318950692175744,5
dropout_success,tabpfn,attack_p,Attack-P,0.505,0.5736173325870433,0.019860353788890606,0.5545844701176951,0.01318950692175744,5
dropout_success,tabpfn,attack_p,Attack-P,0.5075000000000001,0.5756911220184276,0.02096876875629304,0.5545844701176951,0.01318950692175744,5
dropout_success,tabpfn,attack_p,Attack-P,0.51,0.577382789402681,0.02210862825488643,0.5545844701176951,0.01318950692175744,5
dropout_success,tabpfn,attack_p,Attack-P,0.5125,0.5799795972186341,0.022137949943767846,0.5545844701176951,0.01318950692175744,5
dropout_success,tabpfn,attack_p,Attack-P,0.515,0.5821619887195385,0.022013646954840864,0.5545844701176951,0.01318950692175744,5
dropout_success,tabpfn,attack_p,Attack-P,0.5175,0.5855542244323889,0.022774885001606054,0.5545844701176951,0.01318950692175744,5
dropout_success,tabpfn,attack_p,Attack-P,0.52,0.5879441430580671,0.02243758786296352,0.5545844701176951,0.01318950692175744,5
dropout_success,tabpfn,attack_p,Attack-P,0.5225,0.5899738296162347,0.022214711251734118,0.5545844701176951,0.01318950692175744,5
dropout_success,tabpfn,attack_p,Attack-P,0.525,0.5929463532248344,0.02187914780951919,0.5545844701176951,0.01318950692175744,5
dropout_success,tabpfn,attack_p,Attack-P,0.5275,0.5947015535750164,0.02183490377030624,0.5545844701176951,0.01318950692175744,5
dropout_success,tabpfn,attack_p,Attack-P,0.53,0.596010735095726,0.022172383118592882,0.5545844701176951,0.01318950692175744,5
dropout_success,tabpfn,attack_p,Attack-P,0.5325,0.598064109187979,0.02271675043613763,0.5545844701176951,0.01318950692175744,5
dropout_success,tabpfn,attack_p,Attack-P,0.535,0.6004087904360057,0.02487711014223679,0.5545844701176951,0.01318950692175744,5
dropout_success,tabpfn,attack_p,Attack-P,0.5375,0.6027304098854731,0.02456629749640804,0.5545844701176951,0.01318950692175744,5
dropout_success,tabpfn,attack_p,Attack-P,0.54,0.6041398432790837,0.024610822138964997,0.5545844701176951,0.01318950692175744,5
dropout_success,tabpfn,attack_p,Attack-P,0.5425,0.6054918912712765,0.025103709378350374,0.5545844701176951,0.01318950692175744,5
dropout_success,tabpfn,attack_p,Attack-P,0.545,0.6073366873331612,0.026200884656100282,0.5545844701176951,0.01318950692175744,5
dropout_success,tabpfn,attack_p,Attack-P,0.5475,0.6108733976290939,0.026800282654316363,0.5545844701176951,0.01318950692175744,5
dropout_success,tabpfn,attack_p,Attack-P,0.55,0.6129583225695342,0.02658938368740327,0.5545844701176951,0.01318950692175744,5
dropout_success,tabpfn,attack_p,Attack-P,0.5525,0.6161568156376476,0.028191010039718547,0.5545844701176951,0.01318950692175744,5
dropout_success,tabpfn,attack_p,Attack-P,0.555,0.6194004520795661,0.028726362503554537,0.5545844701176951,0.01318950692175744,5
dropout_success,tabpfn,attack_p,Attack-P,0.5575,0.6214958810528431,0.028540241327733716,0.5545844701176951,0.01318950692175744,5
dropout_success,tabpfn,attack_p,Attack-P,0.56,0.6250626883664858,0.028887597375303338,0.5545844701176951,0.01318950692175744,5
dropout_success,tabpfn,attack_p,Attack-P,0.5625,0.6276672245902579,0.027994178234086536,0.5545844701176951,0.01318950692175744,5
dropout_success,tabpfn,attack_p,Attack-P,0.5650000000000001,0.6303938115330521,0.02655614565367646,0.5545844701176951,0.01318950692175744,5
dropout_success,tabpfn,attack_p,Attack-P,0.5675,0.6327761974312607,0.025825680115427792,0.5545844701176951,0.01318950692175744,5
dropout_success,tabpfn,attack_p,Attack-P,0.5700000000000001,0.634697124575244,0.025866052817852012,0.5545844701176951,0.01318950692175744,5
dropout_success,tabpfn,attack_p,Attack-P,0.5725,0.6371054501807215,0.02545252802675629,0.5545844701176951,0.01318950692175744,5
dropout_success,tabpfn,attack_p,Attack-P,0.5750000000000001,0.6391757910564422,0.024928730737840965,0.5545844701176951,0.01318950692175744,5
dropout_success,tabpfn,attack_p,Attack-P,0.5775,0.6424995177817963,0.024797484762579473,0.5545844701176951,0.01318950692175744,5
dropout_success,tabpfn,attack_p,Attack-P,0.58,0.644844524814145,0.024897862070009793,0.5545844701176951,0.01318950692175744,5
dropout_success,tabpfn,attack_p,Attack-P,0.5825,0.6470660337552743,0.025320134942200406,0.5545844701176951,0.01318950692175744,5
dropout_success,tabpfn,attack_p,Attack-P,0.585,0.6494597950572633,0.025546906090376954,0.5545844701176951,0.01318950692175744,5
dropout_success,tabpfn,attack_p,Attack-P,0.5875,0.6517422644163151,0.025177681973663643,0.5545844701176951,0.01318950692175744,5
dropout_success,tabpfn,attack_p,Attack-P,0.59,0.6546268836648583,0.025408689610905474,0.5545844701176951,0.01318950692175744,5
dropout_success,tabpfn,attack_p,Attack-P,0.5925,0.658120486380206,0.02495998868646988,0.5545844701176951,0.01318950692175744,5
dropout_success,tabpfn,attack_p,Attack-P,0.595,0.6615432510979076,0.023756181783202438,0.5545844701176951,0.01318950692175744,5
dropout_success,tabpfn,attack_p,Attack-P,0.5975,0.6650005500301387,0.023273074565677163,0.5545844701176951,0.01318950692175744,5
dropout_success,tabpfn,attack_p,Attack-P,0.6,0.6681072935503315,0.02368809115732236,0.5545844701176951,0.01318950692175744,5
dropout_success,tabpfn,attack_p,Attack-P,0.6025,0.671370097448262,0.02281661649956629,0.5545844701176951,0.01318950692175744,5
dropout_success,tabpfn,attack_p,Attack-P,0.605,0.6745072332730561,0.0223619788316129,0.5545844701176951,0.01318950692175744,5
dropout_success,tabpfn,attack_p,Attack-P,0.6075,0.6784971368294153,0.023421737128474996,0.5545844701176951,0.01318950692175744,5
dropout_success,tabpfn,attack_p,Attack-P,0.61,0.681851356238698,0.02364312340537069,0.5545844701176951,0.01318950692175744,5
dropout_success,tabpfn,attack_p,Attack-P,0.6125,0.686838456901748,0.02406013589943521,0.5545844701176951,0.01318950692175744,5
dropout_success,tabpfn,attack_p,Attack-P,0.615,0.690256901748041,0.023406722034914566,0.5545844701176951,0.01318950692175744,5
dropout_success,tabpfn,attack_p,Attack-P,0.6175,0.6933988597548725,0.023805927038522388,0.5545844701176951,0.01318950692175744,5
dropout_success,tabpfn,attack_p,Attack-P,0.62,0.6977604982921439,0.02283261983104767,0.5545844701176951,0.01318950692175744,5
dropout_success,tabpfn,attack_p,Attack-P,0.6225,0.6998098503114327,0.022340559005279995,0.5545844701176951,0.01318950692175744,5
dropout_success,tabpfn,attack_p,Attack-P,0.625,0.7030289330922244,0.021940780784797994,0.5545844701176951,0.01318950692175744,5
dropout_success,tabpfn,attack_p,Attack-P,0.6275000000000001,0.7055353827606994,0.022391581838191822,0.5545844701176951,0.01318950692175744,5
dropout_success,tabpfn,attack_p,Attack-P,0.63,0.7090881600818311,0.023714933885269414,0.5545844701176951,0.01318950692175744,5
dropout_success,tabpfn,attack_p,Attack-P,0.6325000000000001,0.7113757922808557,0.02360285920418934,0.5545844701176951,0.01318950692175744,5
dropout_success,tabpfn,attack_p,Attack-P,0.635,0.7138492794125706,0.02298135422204018,0.5545844701176951,0.01318950692175744,5
dropout_success,tabpfn,attack_p,Attack-P,0.6375000000000001,0.715864993254686,0.02223277035310682,0.5545844701176951,0.01318950692175744,5
dropout_success,tabpfn,attack_p,Attack-P,0.64,0.718494308102988,0.02183459469816579,0.5545844701176951,0.01318950692175744,5
dropout_success,tabpfn,attack_p,Attack-P,0.6425,0.721612467349809,0.02184704550221216,0.5545844701176951,0.01318950692175744,5
dropout_success,tabpfn,attack_p,Attack-P,0.645,0.7251516174402249,0.021523505219642452,0.5545844701176951,0.01318950692175744,5
dropout_success,tabpfn,attack_p,Attack-P,0.6475,0.7284164029535865,0.021143438433614686,0.5545844701176951,0.01318950692175744,5
dropout_success,tabpfn,attack_p,Attack-P,0.65,0.7310926763110308,0.020583351825899383,0.5545844701176951,0.01318950692175744,5
dropout_success,tabpfn,attack_p,Attack-P,0.6525,0.7345751528459484,0.020065646171692722,0.5545844701176951,0.01318950692175744,5
dropout_success,tabpfn,attack_p,Attack-P,0.655,0.7383837653204742,0.020497561117373893,0.5545844701176951,0.01318950692175744,5
dropout_success,tabpfn,attack_p,Attack-P,0.6575,0.7412755855506761,0.021318187049249305,0.5545844701176951,0.01318950692175744,5
dropout_success,tabpfn,attack_p,Attack-P,0.66,0.7439869399236487,0.020645572930762142,0.5545844701176951,0.01318950692175744,5
dropout_success,tabpfn,attack_p,Attack-P,0.6625,0.7468223327305605,0.020731986153997534,0.5545844701176951,0.01318950692175744,5
dropout_success,tabpfn,attack_p,Attack-P,0.665,0.7490519891500904,0.0211574608606488,0.5545844701176951,0.01318950692175744,5
dropout_success,tabpfn,attack_p,Attack-P,0.6675,0.7513876331123166,0.020504544506364592,0.5545844701176951,0.01318950692175744,5
dropout_success,tabpfn,attack_p,Attack-P,0.67,0.7533753599892841,0.020325672415351756,0.5545844701176951,0.01318950692175744,5
dropout_success,tabpfn,attack_p,Attack-P,0.6725,0.7551352806242047,0.019995853364478417,0.5545844701176951,0.01318950692175744,5
dropout_success,tabpfn,attack_p,Attack-P,0.675,0.75761409627142,0.019552757569615182,0.5545844701176951,0.01318950692175744,5
dropout_success,tabpfn,attack_p,Attack-P,0.6775,0.7597558784695312,0.01916443208120137,0.5545844701176951,0.01318950692175744,5
dropout_success,tabpfn,attack_p,Attack-P,0.68,0.7621079365079366,0.01816762672007513,0.5545844701176951,0.01318950692175744,5
dropout_success,tabpfn,attack_p,Attack-P,0.6825,0.7658283353425757,0.017789721487960368,0.5545844701176951,0.01318950692175744,5
dropout_success,tabpfn,attack_p,Attack-P,0.685,0.7682377938517179,0.016832946738999256,0.5545844701176951,0.01318950692175744,5
dropout_success,tabpfn,attack_p,Attack-P,0.6875,0.770501808318264,0.016765042381301554,0.5545844701176951,0.01318950692175744,5
dropout_success,tabpfn,attack_p,Attack-P,0.6900000000000001,0.772103418582623,0.01697352308816068,0.5545844701176951,0.01318950692175744,5
dropout_success,tabpfn,attack_p,Attack-P,0.6925,0.7750615961996613,0.01578002969888897,0.5545844701176951,0.01318950692175744,5
dropout_success,tabpfn,attack_p,Attack-P,0.6950000000000001,0.7771497488446857,0.015462650390657,0.5545844701176951,0.01318950692175744,5
dropout_success,tabpfn,attack_p,Attack-P,0.6975,0.78003337854129,0.016282376972873415,0.5545844701176951,0.01318950692175744,5
dropout_success,tabpfn,attack_p,Attack-P,0.7000000000000001,0.784407474382158,0.016963495448482253,0.5545844701176951,0.01318950692175744,5
dropout_success,tabpfn,attack_p,Attack-P,0.7025,0.7876854430379747,0.015673994887140476,0.5545844701176951,0.01318950692175744,5
dropout_success,tabpfn,attack_p,Attack-P,0.705,0.7906502456755622,0.014871998689340365,0.5545844701176951,0.01318950692175744,5
dropout_success,tabpfn,attack_p,Attack-P,0.7075,0.792789603996566,0.015484689779234475,0.5545844701176951,0.01318950692175744,5
dropout_success,tabpfn,attack_p,Attack-P,0.71,0.7955249237401136,0.01695411593202983,0.5545844701176951,0.01318950692175744,5
dropout_success,tabpfn,attack_p,Attack-P,0.7125,0.7982423935819054,0.016762951237072932,0.5545844701176951,0.01318950692175744,5
dropout_success,tabpfn,attack_p,Attack-P,0.715,0.800155048939407,0.01702902909765077,0.5545844701176951,0.01318950692175744,5
dropout_success,tabpfn,attack_p,Attack-P,0.7175,0.80174277390281,0.016956522286513245,0.5545844701176951,0.01318950692175744,5
dropout_success,tabpfn,attack_p,Attack-P,0.72,0.8044155113522201,0.017526361234520275,0.5545844701176951,0.01318950692175744,5
dropout_success,tabpfn,attack_p,Attack-P,0.7225,0.8080996835443038,0.018274456291406886,0.5545844701176951,0.01318950692175744,5
dropout_success,tabpfn,attack_p,Attack-P,0.725,0.8106469258589512,0.019212016725744702,0.5545844701176951,0.01318950692175744,5
dropout_success,tabpfn,attack_p,Attack-P,0.7275,0.8131518284106892,0.020004981755282505,0.5545844701176951,0.01318950692175744,5
dropout_success,tabpfn,attack_p,Attack-P,0.73,0.8157460819770946,0.020329950047177307,0.5545844701176951,0.01318950692175744,5
dropout_success,tabpfn,attack_p,Attack-P,0.7325,0.8197479229455495,0.016998710078609872,0.5545844701176951,0.01318950692175744,5
dropout_success,tabpfn,attack_p,Attack-P,0.735,0.8214885731507792,0.016562178218059918,0.5545844701176951,0.01318950692175744,5
dropout_success,tabpfn,attack_p,Attack-P,0.7375,0.8239181843623525,0.01649690611614465,0.5545844701176951,0.01318950692175744,5
dropout_success,tabpfn,attack_p,Attack-P,0.74,0.8262139843279084,0.016979764046385997,0.5545844701176951,0.01318950692175744,5
dropout_success,tabpfn,attack_p,Attack-P,0.7425,0.8289689572031346,0.017358373435312078,0.5545844701176951,0.01318950692175744,5
dropout_success,tabpfn,attack_p,Attack-P,0.745,0.8316762206148282,0.017988357453492098,0.5545844701176951,0.01318950692175744,5
dropout_success,tabpfn,attack_p,Attack-P,0.7475,0.8336541591320072,0.017353060741758717,0.5545844701176951,0.01318950692175744,5
dropout_success,tabpfn,attack_p,Attack-P,0.75,0.8357368896925859,0.014892307263203373,0.5545844701176951,0.01318950692175744,5
dropout_success,tabpfn,attack_p,Attack-P,0.7525000000000001,0.8384551938919028,0.01401195966025105,0.5545844701176951,0.01318950692175744,5
dropout_success,tabpfn,attack_p,Attack-P,0.755,0.8423398466278214,0.013310799145226473,0.5545844701176951,0.01318950692175744,5
dropout_success,tabpfn,attack_p,Attack-P,0.7575000000000001,0.8452967483758623,0.01352828579743552,0.5545844701176951,0.01318950692175744,5
dropout_success,tabpfn,attack_p,Attack-P,0.76,0.8482836667719127,0.012240256749268673,0.5545844701176951,0.01318950692175744,5
dropout_success,tabpfn,attack_p,Attack-P,0.7625000000000001,0.8501175945061569,0.012704536565131406,0.5545844701176951,0.01318950692175744,5
dropout_success,tabpfn,attack_p,Attack-P,0.765,0.8524691380349608,0.012635282523282415,0.5545844701176951,0.01318950692175744,5
dropout_success,tabpfn,attack_p,Attack-P,0.7675000000000001,0.8548509644364074,0.013078923091343512,0.5545844701176951,0.01318950692175744,5
dropout_success,tabpfn,attack_p,Attack-P,0.77,0.8563690375728351,0.012836439168845743,0.5545844701176951,0.01318950692175744,5
dropout_success,tabpfn,attack_p,Attack-P,0.7725,0.8586216144263613,0.011870711050583035,0.5545844701176951,0.01318950692175744,5
dropout_success,tabpfn,attack_p,Attack-P,0.775,0.8604743821579264,0.01247771207300069,0.5545844701176951,0.01318950692175744,5
dropout_success,tabpfn,attack_p,Attack-P,0.7775,0.8623217805476621,0.01310482975960751,0.5545844701176951,0.01318950692175744,5
dropout_success,tabpfn,attack_p,Attack-P,0.78,0.8637098854731766,0.013654433049458802,0.5545844701176951,0.01318950692175744,5
dropout_success,tabpfn,attack_p,Attack-P,0.7825,0.8654143861764115,0.014784527532110982,0.5545844701176951,0.01318950692175744,5
dropout_success,tabpfn,attack_p,Attack-P,0.785,0.8662292143861764,0.014994500515613716,0.5545844701176951,0.01318950692175744,5
dropout_success,tabpfn,attack_p,Attack-P,0.7875,0.8679679023508138,0.015398036525302835,0.5545844701176951,0.01318950692175744,5
dropout_success,tabpfn,attack_p,Attack-P,0.79,0.8703145971468758,0.014652852019219455,0.5545844701176951,0.01318950692175744,5
dropout_success,tabpfn,attack_p,Attack-P,0.7925,0.8719804726743018,0.014624439974693204,0.5545844701176951,0.01318950692175744,5
dropout_success,tabpfn,attack_p,Attack-P,0.795,0.873786668675909,0.014445364371057543,0.5545844701176951,0.01318950692175744,5
dropout_success,tabpfn,attack_p,Attack-P,0.7975,0.8755872513562387,0.014292304886414708,0.5545844701176951,0.01318950692175744,5
dropout_success,tabpfn,attack_p,Attack-P,0.8,0.8782251691112452,0.014218903895267518,0.5545844701176951,0.01318950692175744,5
dropout_success,tabpfn,attack_p,Attack-P,0.8025,0.8794405398164893,0.014657140783737067,0.5545844701176951,0.01318950692175744,5
dropout_success,tabpfn,attack_p,Attack-P,0.805,0.8813246868930413,0.015292751569394651,0.5545844701176951,0.01318950692175744,5
dropout_success,tabpfn,attack_p,Attack-P,0.8075,0.8831902250351618,0.015897157380069474,0.5545844701176951,0.01318950692175744,5
dropout_success,tabpfn,attack_p,Attack-P,0.81,0.8848768334337956,0.016212143032091328,0.5545844701176951,0.01318950692175744,5
dropout_success,tabpfn,attack_p,Attack-P,0.8125,0.8859120705244123,0.015879070437540353,0.5545844701176951,0.01318950692175744,5
dropout_success,tabpfn,attack_p,Attack-P,0.8150000000000001,0.8873553345388789,0.015010908761987693,0.5545844701176951,0.01318950692175744,5
dropout_success,tabpfn,attack_p,Attack-P,0.8175,0.8905167269439422,0.01567626560528668,0.5545844701176951,0.01318950692175744,5
dropout_success,tabpfn,attack_p,Attack-P,0.8200000000000001,0.892372513562387,0.015289869487183222,0.5545844701176951,0.01318950692175744,5
dropout_success,tabpfn,attack_p,Attack-P,0.8225,0.8948354229455495,0.01431904849854179,0.5545844701176951,0.01318950692175744,5
dropout_success,tabpfn,attack_p,Attack-P,0.8250000000000001,0.8963946654611211,0.012991568112878951,0.5545844701176951,0.01318950692175744,5
dropout_success,tabpfn,attack_p,Attack-P,0.8275,0.8978351265822786,0.012963199167202358,0.5545844701176951,0.01318950692175744,5
dropout_success,tabpfn,attack_p,Attack-P,0.8300000000000001,0.8992484428370504,0.012950110510614074,0.5545844701176951,0.01318950692175744,5
dropout_success,tabpfn,attack_p,Attack-P,0.8325,0.9009647177014266,0.012854329433663894,0.5545844701176951,0.01318950692175744,5
dropout_success,tabpfn,attack_p,Attack-P,0.835,0.9028600849622549,0.012950075734602192,0.5545844701176951,0.01318950692175744,5
dropout_success,tabpfn,attack_p,Attack-P,0.8375,0.904084108326875,0.013275905230301498,0.5545844701176951,0.01318950692175744,5
dropout_success,tabpfn,attack_p,Attack-P,0.84,0.9060083584488648,0.013162867343143576,0.5545844701176951,0.01318950692175744,5
dropout_success,tabpfn,attack_p,Attack-P,0.8425,0.9078527727546716,0.012587799463204574,0.5545844701176951,0.01318950692175744,5
dropout_success,tabpfn,attack_p,Attack-P,0.845,0.9095158981314044,0.011335758014205572,0.5545844701176951,0.01318950692175744,5
dropout_success,tabpfn,attack_p,Attack-P,0.8475,0.9115541490857947,0.008613729552528987,0.5545844701176951,0.01318950692175744,5
dropout_success,tabpfn,attack_p,Attack-P,0.85,0.9131680731364276,0.009008736673705012,0.5545844701176951,0.01318950692175744,5
dropout_success,tabpfn,attack_p,Attack-P,0.8525,0.9147832027325699,0.008817463851258261,0.5545844701176951,0.01318950692175744,5
dropout_success,tabpfn,attack_p,Attack-P,0.855,0.9168189873417723,0.009289914270080087,0.5545844701176951,0.01318950692175744,5
dropout_success,tabpfn,attack_p,Attack-P,0.8575,0.9189939722724535,0.008849908536537046,0.5545844701176951,0.01318950692175744,5
dropout_success,tabpfn,attack_p,Attack-P,0.86,0.9206149487643159,0.007661126354243866,0.5545844701176951,0.01318950692175744,5
dropout_success,tabpfn,attack_p,Attack-P,0.8625,0.9215231314044605,0.007427379015692548,0.5545844701176951,0.01318950692175744,5
dropout_success,tabpfn,attack_p,Attack-P,0.865,0.9235024311834439,0.008028912740635854,0.5545844701176951,0.01318950692175744,5
dropout_success,tabpfn,attack_p,Attack-P,0.8675,0.9251258388587502,0.008315544667367673,0.5545844701176951,0.01318950692175744,5
dropout_success,tabpfn,attack_p,Attack-P,0.87,0.927462186055857,0.00860932828482319,0.5545844701176951,0.01318950692175744,5
dropout_success,tabpfn,attack_p,Attack-P,0.8725,0.9284520544504723,0.00830683237348916,0.5545844701176951,0.01318950692175744,5
dropout_success,tabpfn,attack_p,Attack-P,0.875,0.9303544519073451,0.0073661484881683255,0.5545844701176951,0.01318950692175744,5
dropout_success,tabpfn,attack_p,Attack-P,0.8775000000000001,0.932224579494245,0.007398555496006332,0.5545844701176951,0.01318950692175744,5
dropout_success,tabpfn,attack_p,Attack-P,0.88,0.9341177416114125,0.006645210148995771,0.5545844701176951,0.01318950692175744,5
dropout_success,tabpfn,attack_p,Attack-P,0.8825000000000001,0.9358474231464738,0.005462760383237261,0.5545844701176951,0.01318950692175744,5
dropout_success,tabpfn,attack_p,Attack-P,0.885,0.9384834237492466,0.0052729807279597906,0.5545844701176951,0.01318950692175744,5
dropout_success,tabpfn,attack_p,Attack-P,0.8875000000000001,0.9411085995579669,0.003724282581109262,0.5545844701176951,0.01318950692175744,5
dropout_success,tabpfn,attack_p,Attack-P,0.89,0.9439194293751256,0.004296268100416385,0.5545844701176951,0.01318950692175744,5
dropout_success,tabpfn,attack_p,Attack-P,0.8925000000000001,0.9461019188266023,0.004924925616278564,0.5545844701176951,0.01318950692175744,5
dropout_success,tabpfn,attack_p,Attack-P,0.895,0.9483431384368094,0.005074470769018371,0.5545844701176951,0.01318950692175744,5
dropout_success,tabpfn,attack_p,Attack-P,0.8975,0.9499695298372514,0.005223834635136375,0.5545844701176951,0.01318950692175744,5
dropout_success,tabpfn,attack_p,Attack-P,0.9,0.9523216797267431,0.0057465174587219385,0.5545844701176951,0.01318950692175744,5
dropout_success,tabpfn,attack_p,Attack-P,0.9025,0.953557996785212,0.005568361477771494,0.5545844701176951,0.01318950692175744,5
dropout_success,tabpfn,attack_p,Attack-P,0.905,0.955457805907173,0.00551796671086024,0.5545844701176951,0.01318950692175744,5
dropout_success,tabpfn,attack_p,Attack-P,0.9075,0.9564752899049915,0.005103824264093376,0.5545844701176951,0.01318950692175744,5
dropout_success,tabpfn,attack_p,Attack-P,0.91,0.9580990556560177,0.004654522048197453,0.5545844701176951,0.01318950692175744,5
dropout_success,tabpfn,attack_p,Attack-P,0.9125,0.9599170852588574,0.004864146738229126,0.5545844701176951,0.01318950692175744,5
dropout_success,tabpfn,attack_p,Attack-P,0.915,0.9610088861142208,0.005018501515875038,0.5545844701176951,0.01318950692175744,5
dropout_success,tabpfn,attack_p,Attack-P,0.9175,0.962055634490083,0.005177053324400482,0.5545844701176951,0.01318950692175744,5
dropout_success,tabpfn,attack_p,Attack-P,0.92,0.9636375326501909,0.004914088344124899,0.5545844701176951,0.01318950692175744,5
dropout_success,tabpfn,attack_p,Attack-P,0.9225,0.9644216897729555,0.00526732203463708,0.5545844701176951,0.01318950692175744,5
dropout_success,tabpfn,attack_p,Attack-P,0.925,0.9658869801084992,0.004664462671944006,0.5545844701176951,0.01318950692175744,5
dropout_success,tabpfn,attack_p,Attack-P,0.9275,0.9672968906972071,0.004019555351404557,0.5545844701176951,0.01318950692175744,5
dropout_success,tabpfn,attack_p,Attack-P,0.93,0.9690162748643761,0.003957476191843757,0.5545844701176951,0.01318950692175744,5
dropout_success,tabpfn,attack_p,Attack-P,0.9325,0.9703964436407475,0.003986414740959267,0.5545844701176951,0.01318950692175744,5
dropout_success,tabpfn,attack_p,Attack-P,0.935,0.97149694308103,0.003922888658945234,0.5545844701176951,0.01318950692175744,5
dropout_success,tabpfn,attack_p,Attack-P,0.9375,0.9734107739758734,0.004138222756245258,0.5545844701176951,0.01318950692175744,5
dropout_success,tabpfn,attack_p,Attack-P,0.9400000000000001,0.9743539737337207,0.0036332796798540456,0.5545844701176951,0.01318950692175744,5
dropout_success,tabpfn,attack_p,Attack-P,0.9425,0.9757364513124006,0.003504939935494868,0.5545844701176951,0.01318950692175744,5
dropout_success,tabpfn,attack_p,Attack-P,0.9450000000000001,0.9769662447257386,0.0037936565647249568,0.5545844701176951,0.01318950692175744,5
dropout_success,tabpfn,attack_p,Attack-P,0.9475,0.9786918625678119,0.004422322855695779,0.5545844701176951,0.01318950692175744,5
dropout_success,tabpfn,attack_p,Attack-P,0.9500000000000001,0.9798985332529636,0.0046773119551736225,0.5545844701176951,0.01318950692175744,5
dropout_success,tabpfn,attack_p,Attack-P,0.9525,0.9815771275138365,0.0045421794662404286,0.5545844701176951,0.01318950692175744,5
dropout_success,tabpfn,attack_p,Attack-P,0.9550000000000001,0.9828317058468958,0.003936634826352516,0.5545844701176951,0.01318950692175744,5
dropout_success,tabpfn,attack_p,Attack-P,0.9575,0.983837831296692,0.0034447794872222125,0.5545844701176951,0.01318950692175744,5
dropout_success,tabpfn,attack_p,Attack-P,0.96,0.9851238898935101,0.0036246512938886543,0.5545844701176951,0.01318950692175744,5
dropout_success,tabpfn,attack_p,Attack-P,0.9625,0.9866749547920433,0.004364373385255399,0.5545844701176951,0.01318950692175744,5
dropout_success,tabpfn,attack_p,Attack-P,0.965,0.9874783403656823,0.004240355659191108,0.5545844701176951,0.01318950692175744,5
dropout_success,tabpfn,attack_p,Attack-P,0.9675,0.9894069268635726,0.003145915293877857,0.5545844701176951,0.01318950692175744,5
dropout_success,tabpfn,attack_p,Attack-P,0.97,0.9908542495479203,0.002232498218104856,0.5545844701176951,0.01318950692175744,5
dropout_success,tabpfn,attack_p,Attack-P,0.9725,0.9921812496575155,0.002300078361492804,0.5545844701176951,0.01318950692175744,5
dropout_success,tabpfn,attack_p,Attack-P,0.975,0.9936491040604964,0.001607767115120894,0.5545844701176951,0.01318950692175744,5
dropout_success,tabpfn,attack_p,Attack-P,0.9775,0.9943222133502422,0.0019116897676905605,0.5545844701176951,0.01318950692175744,5
dropout_success,tabpfn,attack_p,Attack-P,0.98,0.9954877292689227,0.0019801642107443868,0.5545844701176951,0.01318950692175744,5
dropout_success,tabpfn,attack_p,Attack-P,0.9825,0.9964727998794455,0.0011855178945876096,0.5545844701176951,0.01318950692175744,5
dropout_success,tabpfn,attack_p,Attack-P,0.985,0.997564255575648,0.0008178793483727861,0.5545844701176951,0.01318950692175744,5
dropout_success,tabpfn,attack_p,Attack-P,0.9875,0.9980974984930681,0.0008903818984501062,0.5545844701176951,0.01318950692175744,5
dropout_success,tabpfn,attack_p,Attack-P,0.99,0.9986383363471971,0.0005253215133606555,0.5545844701176951,0.01318950692175744,5
dropout_success,tabpfn,attack_p,Attack-P,0.9925,0.9991317560779585,0.0005026532134951171,0.5545844701176951,0.01318950692175744,5
dropout_success,tabpfn,attack_p,Attack-P,0.995,0.9994657424151094,0.0004529228845374276,0.5545844701176951,0.01318950692175744,5
dropout_success,tabpfn,attack_p,Attack-P,0.9975,0.9998908227848101,0.00014028799375172547,0.5545844701176951,0.01318950692175744,5
dropout_success,tabpfn,attack_p,Attack-P,1.0,1.0,0.0,0.5545844701176951,0.01318950692175744,5
