dataset,model,attack,attack_label,score_col,fpr,mean_tpr,std_tpr_across_seeds,mean_auc,std_auc_across_seeds,n_seeds
locations,tabpfn,rmia,RMIA,rmia_score,0.0,0.0,0.0,0.8363312289500925,0.02298074553300779,5
locations,tabpfn,rmia,RMIA,rmia_score,0.0002,0.0062831201248049915,0.00282519640745837,0.8363312289500925,0.02298074553300779,5
locations,tabpfn,rmia,RMIA,rmia_score,0.0004,0.012566240249609983,0.00565039281491674,0.8363312289500925,0.02298074553300779,5
locations,tabpfn,rmia,RMIA,rmia_score,0.0006000000000000001,0.018849360374414977,0.00847558922237511,0.8363312289500925,0.02298074553300779,5
locations,tabpfn,rmia,RMIA,rmia_score,0.0008,0.025132480499219966,0.01130078562983348,0.8363312289500925,0.02298074553300779,5
locations,tabpfn,rmia,RMIA,rmia_score,0.001,0.031415600624024966,0.01412598203729185,0.8363312289500925,0.02298074553300779,5
locations,tabpfn,rmia,RMIA,rmia_score,0.0012000000000000001,0.037698720748829954,0.01695117844475022,0.8363312289500925,0.02298074553300779,5
locations,tabpfn,rmia,RMIA,rmia_score,0.0014,0.04398184087363495,0.019776374852208588,0.8363312289500925,0.02298074553300779,5
locations,tabpfn,rmia,RMIA,rmia_score,0.0016,0.049819407176287044,0.02194493951454403,0.8363312289500925,0.02298074553300779,5
locations,tabpfn,rmia,RMIA,rmia_score,0.0018000000000000002,0.0539992511700468,0.021716867286540813,0.8363312289500925,0.02298074553300779,5
locations,tabpfn,rmia,RMIA,rmia_score,0.002,0.05817909516380655,0.021567078448698672,0.8363312289500925,0.02298074553300779,5
locations,tabpfn,rmia,RMIA,rmia_score,0.0022,0.06235893915756631,0.021497209458678206,0.8363312289500925,0.02298074553300779,5
locations,tabpfn,rmia,RMIA,rmia_score,0.0024000000000000002,0.06653878315132605,0.02150803919084932,0.8363312289500925,0.02298074553300779,5
locations,tabpfn,rmia,RMIA,rmia_score,0.0026000000000000003,0.07071862714508581,0.02159944626111517,0.8363312289500925,0.02298074553300779,5
locations,tabpfn,rmia,RMIA,rmia_score,0.0028,0.07489847113884555,0.021770415737081335,0.8363312289500925,0.02298074553300779,5
locations,tabpfn,rmia,RMIA,rmia_score,0.003,0.07907831513260531,0.02201909438580027,0.8363312289500925,0.02298074553300779,5
locations,tabpfn,rmia,RMIA,rmia_score,0.0032,0.08955182527301091,0.01967259487828337,0.8363312289500925,0.02298074553300779,5
locations,tabpfn,rmia,RMIA,rmia_score,0.0034000000000000002,0.09164842433697348,0.01846894674004818,0.8363312289500925,0.02298074553300779,5
locations,tabpfn,rmia,RMIA,rmia_score,0.0036000000000000003,0.09374502340093605,0.017309454481412304,0.8363312289500925,0.02298074553300779,5
locations,tabpfn,rmia,RMIA,rmia_score,0.0038,0.09584162246489861,0.016203599955476124,0.8363312289500925,0.02298074553300779,5
locations,tabpfn,rmia,RMIA,rmia_score,0.004,0.09793822152886116,0.015163123191011797,0.8363312289500925,0.02298074553300779,5
locations,tabpfn,rmia,RMIA,rmia_score,0.004200000000000001,0.10003482059282373,0.014202400311572928,0.8363312289500925,0.02298074553300779,5
locations,tabpfn,rmia,RMIA,rmia_score,0.0044,0.10213141965678627,0.013338675370148519,0.8363312289500925,0.02298074553300779,5
locations,tabpfn,rmia,RMIA,rmia_score,0.0046,0.1042280187207488,0.012591924513985915,0.8363312289500925,0.02298074553300779,5
locations,tabpfn,rmia,RMIA,rmia_score,0.0048000000000000004,0.11717940717628705,0.012787653367624167,0.8363312289500925,0.02298074553300779,5
locations,tabpfn,rmia,RMIA,rmia_score,0.005,0.11868174726989081,0.012555410904276159,0.8363312289500925,0.02298074553300779,5
locations,tabpfn,rmia,RMIA,rmia_score,0.005200000000000001,0.12018408736349455,0.01237079642443976,0.8363312289500925,0.02298074553300779,5
locations,tabpfn,rmia,RMIA,rmia_score,0.0054,0.12168642745709828,0.01223596593038955,0.8363312289500925,0.02298074553300779,5
locations,tabpfn,rmia,RMIA,rmia_score,0.0056,0.12318876755070204,0.012152576566283541,0.8363312289500925,0.02298074553300779,5
locations,tabpfn,rmia,RMIA,rmia_score,0.0058000000000000005,0.1246911076443058,0.012121690023429955,0.8363312289500925,0.02298074553300779,5
locations,tabpfn,rmia,RMIA,rmia_score,0.006,0.12619344773790953,0.01214370691855937,0.8363312289500925,0.02298074553300779,5
locations,tabpfn,rmia,RMIA,rmia_score,0.006200000000000001,0.12769578783151328,0.012218341266252935,0.8363312289500925,0.02298074553300779,5
locations,tabpfn,rmia,RMIA,rmia_score,0.0064,0.13158190327613106,0.012160803366530745,0.8363312289500925,0.02298074553300779,5
locations,tabpfn,rmia,RMIA,rmia_score,0.0066,0.13258346333853355,0.012293258035859013,0.8363312289500925,0.02298074553300779,5
locations,tabpfn,rmia,RMIA,rmia_score,0.0068000000000000005,0.13358502340093606,0.012432371948454533,0.8363312289500925,0.02298074553300779,5
locations,tabpfn,rmia,RMIA,rmia_score,0.007,0.13458658346333854,0.012577924149276208,0.8363312289500925,0.02298074553300779,5
locations,tabpfn,rmia,RMIA,rmia_score,0.007200000000000001,0.13558814352574103,0.01272969379273879,0.8363312289500925,0.02298074553300779,5
locations,tabpfn,rmia,RMIA,rmia_score,0.0074,0.13658970358814354,0.012887461220913879,0.8363312289500925,0.02298074553300779,5
locations,tabpfn,rmia,RMIA,rmia_score,0.0076,0.13759126365054603,0.01305100892252954,0.8363312289500925,0.02298074553300779,5
locations,tabpfn,rmia,RMIA,rmia_score,0.0078000000000000005,0.13955514300572022,0.014831838275239102,0.8363312289500925,0.02298074553300779,5
locations,tabpfn,rmia,RMIA,rmia_score,0.008,0.14100072802912117,0.014967298536446929,0.8363312289500925,0.02298074553300779,5
locations,tabpfn,rmia,RMIA,rmia_score,0.0082,0.14244631305252212,0.015130204866752837,0.8363312289500925,0.02298074553300779,5
locations,tabpfn,rmia,RMIA,rmia_score,0.008400000000000001,0.14389189807592304,0.015319681723691317,0.8363312289500925,0.02298074553300779,5
locations,tabpfn,rmia,RMIA,rmia_score,0.0086,0.14533748309932398,0.015534756898484067,0.8363312289500925,0.02298074553300779,5
locations,tabpfn,rmia,RMIA,rmia_score,0.0088,0.14678306812272493,0.0157743833682747,0.8363312289500925,0.02298074553300779,5
locations,tabpfn,rmia,RMIA,rmia_score,0.009000000000000001,0.14822865314612585,0.016037460658661337,0.8363312289500925,0.02298074553300779,5
locations,tabpfn,rmia,RMIA,rmia_score,0.0092,0.1496742381695268,0.01632285493047784,0.8363312289500925,0.02298074553300779,5
locations,tabpfn,rmia,RMIA,rmia_score,0.0094,0.15114153926157048,0.016655358865228856,0.8363312289500925,0.02298074553300779,5
locations,tabpfn,rmia,RMIA,rmia_score,0.009600000000000001,0.1526672490899636,0.017066897958243486,0.8363312289500925,0.02298074553300779,5
locations,tabpfn,rmia,RMIA,rmia_score,0.0098,0.15419295891835674,0.017481098976811497,0.8363312289500925,0.02298074553300779,5
locations,tabpfn,rmia,RMIA,rmia_score,0.01,0.15571866874674986,0.01789777711028692,0.8363312289500925,0.02298074553300779,5
locations,tabpfn,rmia,RMIA,rmia_score,0.0102,0.15724437857514303,0.018316763307811425,0.8363312289500925,0.02298074553300779,5
locations,tabpfn,rmia,RMIA,rmia_score,0.010400000000000001,0.15877008840353618,0.018737902742615293,0.8363312289500925,0.02298074553300779,5
locations,tabpfn,rmia,RMIA,rmia_score,0.0106,0.16029579823192927,0.01916105343767609,0.8363312289500925,0.02298074553300779,5
locations,tabpfn,rmia,RMIA,rmia_score,0.0108,0.16182150806032242,0.019586085035649504,0.8363312289500925,0.02298074553300779,5
locations,tabpfn,rmia,RMIA,rmia_score,0.011000000000000001,0.16326016640665628,0.019770179427467807,0.8363312289500925,0.02298074553300779,5
locations,tabpfn,rmia,RMIA,rmia_score,0.0112,0.16460559542381695,0.019702421221051796,0.8363312289500925,0.02298074553300779,5
locations,tabpfn,rmia,RMIA,rmia_score,0.0114,0.16595102444097765,0.019645038840462998,0.8363312289500925,0.02298074553300779,5
locations,tabpfn,rmia,RMIA,rmia_score,0.011600000000000001,0.16729645345813834,0.019598123425698565,0.8363312289500925,0.02298074553300779,5
locations,tabpfn,rmia,RMIA,rmia_score,0.0118,0.16864188247529902,0.019561750286428793,0.8363312289500925,0.02298074553300779,5
locations,tabpfn,rmia,RMIA,rmia_score,0.012,0.16998731149245971,0.019535978307275693,0.8363312289500925,0.02298074553300779,5
locations,tabpfn,rmia,RMIA,rmia_score,0.0122,0.17133274050962038,0.019520849476141224,0.8363312289500925,0.02298074553300779,5
locations,tabpfn,rmia,RMIA,rmia_score,0.012400000000000001,0.17267816952678108,0.01951638854429904,0.8363312289500925,0.02298074553300779,5
locations,tabpfn,rmia,RMIA,rmia_score,0.0126,0.17442682683307334,0.019492562889036454,0.8363312289500925,0.02298074553300779,5
locations,tabpfn,rmia,RMIA,rmia_score,0.0128,0.1754544274570983,0.01974715843751309,0.8363312289500925,0.02298074553300779,5
locations,tabpfn,rmia,RMIA,rmia_score,0.013000000000000001,0.17648202808112323,0.020008411166074123,0.8363312289500925,0.02298074553300779,5
locations,tabpfn,rmia,RMIA,rmia_score,0.0132,0.17750962870514822,0.02027606374734378,0.8363312289500925,0.02298074553300779,5
locations,tabpfn,rmia,RMIA,rmia_score,0.0134,0.1785372293291732,0.020549866117404503,0.8363312289500925,0.02298074553300779,5
locations,tabpfn,rmia,RMIA,rmia_score,0.013600000000000001,0.17956482995319814,0.02082957576287583,0.8363312289500925,0.02298074553300779,5
locations,tabpfn,rmia,RMIA,rmia_score,0.013800000000000002,0.18059243057722313,0.021114957924200355,0.8363312289500925,0.02298074553300779,5
locations,tabpfn,rmia,RMIA,rmia_score,0.014,0.18162003120124806,0.021405785724456623,0.8363312289500925,0.02298074553300779,5
locations,tabpfn,rmia,RMIA,rmia_score,0.0142,0.1872791138845554,0.021803358874881714,0.8363312289500925,0.02298074553300779,5
locations,tabpfn,rmia,RMIA,rmia_score,0.014400000000000001,0.1885971669266771,0.021757254252657805,0.8363312289500925,0.02298074553300779,5
locations,tabpfn,rmia,RMIA,rmia_score,0.0146,0.18991521996879876,0.021744536243877708,0.8363312289500925,0.02298074553300779,5
locations,tabpfn,rmia,RMIA,rmia_score,0.0148,0.19123327301092044,0.02176526337461665,0.8363312289500925,0.02298074553300779,5
locations,tabpfn,rmia,RMIA,rmia_score,0.015000000000000001,0.19255132605304212,0.021819340332149106,0.8363312289500925,0.02298074553300779,5
locations,tabpfn,rmia,RMIA,rmia_score,0.0152,0.1938693790951638,0.021906520142470628,0.8363312289500925,0.02298074553300779,5
locations,tabpfn,rmia,RMIA,rmia_score,0.0154,0.19518743213728548,0.022026409749057955,0.8363312289500925,0.02298074553300779,5
locations,tabpfn,rmia,RMIA,rmia_score,0.015600000000000001,0.19646280187207488,0.02219655004061061,0.8363312289500925,0.02298074553300779,5
locations,tabpfn,rmia,RMIA,rmia_score,0.0158,0.19742029329173166,0.02251818671546747,0.8363312289500925,0.02298074553300779,5
locations,tabpfn,rmia,RMIA,rmia_score,0.016,0.19837778471138845,0.022844853942126486,0.8363312289500925,0.02298074553300779,5
locations,tabpfn,rmia,RMIA,rmia_score,0.0162,0.19933527613104524,0.02317633900681125,0.8363312289500925,0.02298074553300779,5
locations,tabpfn,rmia,RMIA,rmia_score,0.0164,0.20029276755070202,0.02351243814063741,0.8363312289500925,0.02298074553300779,5
locations,tabpfn,rmia,RMIA,rmia_score,0.0166,0.2012502589703588,0.02385295630132822,0.8363312289500925,0.02298074553300779,5
locations,tabpfn,rmia,RMIA,rmia_score,0.016800000000000002,0.20220775039001562,0.02419770693156602,0.8363312289500925,0.02298074553300779,5
locations,tabpfn,rmia,RMIA,rmia_score,0.017,0.2031652418096724,0.024546511699546122,0.8363312289500925,0.02298074553300779,5
locations,tabpfn,rmia,RMIA,rmia_score,0.0172,0.20405658658346337,0.024823652667696264,0.8363312289500925,0.02298074553300779,5
locations,tabpfn,rmia,RMIA,rmia_score,0.017400000000000002,0.20481376599063963,0.024954179669008685,0.8363312289500925,0.02298074553300779,5
locations,tabpfn,rmia,RMIA,rmia_score,0.0176,0.20557094539781592,0.02509265113707172,0.8363312289500925,0.02298074553300779,5
locations,tabpfn,rmia,RMIA,rmia_score,0.0178,0.20632812480499219,0.02523893631212069,0.8363312289500925,0.02298074553300779,5
locations,tabpfn,rmia,RMIA,rmia_score,0.018000000000000002,0.20708530421216848,0.025392900153284183,0.8363312289500925,0.02298074553300779,5
locations,tabpfn,rmia,RMIA,rmia_score,0.0182,0.2078424836193448,0.025554403870349095,0.8363312289500925,0.02298074553300779,5
locations,tabpfn,rmia,RMIA,rmia_score,0.0184,0.20859966302652108,0.025723305446424313,0.8363312289500925,0.02298074553300779,5
locations,tabpfn,rmia,RMIA,rmia_score,0.018600000000000002,0.2093568424336974,0.025899460148004073,0.8363312289500925,0.02298074553300779,5
locations,tabpfn,rmia,RMIA,rmia_score,0.0188,0.21028775039001563,0.026000076640995747,0.8363312289500925,0.02298074553300779,5
locations,tabpfn,rmia,RMIA,rmia_score,0.019,0.2113654290171607,0.02605199098218633,0.8363312289500925,0.02298074553300779,5
locations,tabpfn,rmia,RMIA,rmia_score,0.019200000000000002,0.2124431076443058,0.026129071002848264,0.8363312289500925,0.02298074553300779,5
locations,tabpfn,rmia,RMIA,rmia_score,0.0194,0.2135207862714509,0.026231094856020733,0.8363312289500925,0.02298074553300779,5
locations,tabpfn,rmia,RMIA,rmia_score,0.0196,0.21459846489859596,0.02635777289068505,0.8363312289500925,0.02298074553300779,5
locations,tabpfn,rmia,RMIA,rmia_score,0.0198,0.21567614352574105,0.026508751662536086,0.8363312289500925,0.02298074553300779,5
locations,tabpfn,rmia,RMIA,rmia_score,0.02,0.21675382215288613,0.026683618686242506,0.8363312289500925,0.02298074553300779,5
locations,tabpfn,rmia,RMIA,rmia_score,0.020200000000000003,0.21783150078003125,0.026881907786042172,0.8363312289500925,0.02298074553300779,5
locations,tabpfn,rmia,RMIA,rmia_score,0.0204,0.2187158814352574,0.027187640055151317,0.8363312289500925,0.02298074553300779,5
locations,tabpfn,rmia,RMIA,rmia_score,0.0206,0.21953716068642745,0.027552010840409195,0.8363312289500925,0.02298074553300779,5
locations,tabpfn,rmia,RMIA,rmia_score,0.020800000000000003,0.22035843993759752,0.027947433823401962,0.8363312289500925,0.02298074553300779,5
locations,tabpfn,rmia,RMIA,rmia_score,0.021,0.22117971918876753,0.02837261073039781,0.8363312289500925,0.02298074553300779,5
locations,tabpfn,rmia,RMIA,rmia_score,0.0212,0.22200099843993765,0.028826225011017066,0.8363312289500925,0.02298074553300779,5
locations,tabpfn,rmia,RMIA,rmia_score,0.021400000000000002,0.22282227769110766,0.029306956230470874,0.8363312289500925,0.02298074553300779,5
locations,tabpfn,rmia,RMIA,rmia_score,0.0216,0.22364355694227772,0.02981349266666909,0.8363312289500925,0.02298074553300779,5
locations,tabpfn,rmia,RMIA,rmia_score,0.0218,0.22446483619344776,0.030344542060445984,0.8363312289500925,0.02298074553300779,5
locations,tabpfn,rmia,RMIA,rmia_score,0.022000000000000002,0.22562142485699427,0.030986897810980955,0.8363312289500925,0.02298074553300779,5
locations,tabpfn,rmia,RMIA,rmia_score,0.0222,0.22678991159646386,0.03168559779846423,0.8363312289500925,0.02298074553300779,5
locations,tabpfn,rmia,RMIA,rmia_score,0.0224,0.2279583983359334,0.032434611378335934,0.8363312289500925,0.02298074553300779,5
locations,tabpfn,rmia,RMIA,rmia_score,0.022600000000000002,0.229126885075403,0.0332305365319474,0.8363312289500925,0.02298074553300779,5
locations,tabpfn,rmia,RMIA,rmia_score,0.0228,0.23029537181487258,0.03407008565674991,0.8363312289500925,0.02298074553300779,5
locations,tabpfn,rmia,RMIA,rmia_score,0.023,0.23146385855434218,0.03495011517341872,0.8363312289500925,0.02298074553300779,5
locations,tabpfn,rmia,RMIA,rmia_score,0.023200000000000002,0.23263234529381177,0.03586764558947196,0.8363312289500925,0.02298074553300779,5
locations,tabpfn,rmia,RMIA,rmia_score,0.0234,0.23503465418616748,0.03708867596377307,0.8363312289500925,0.02298074553300779,5
locations,tabpfn,rmia,RMIA,rmia_score,0.0236,0.23612301612064482,0.03692575688773757,0.8363312289500925,0.02298074553300779,5
locations,tabpfn,rmia,RMIA,rmia_score,0.0238,0.2372113780551222,0.03676641475290812,0.8363312289500925,0.02298074553300779,5
locations,tabpfn,rmia,RMIA,rmia_score,0.024,0.23829973998959958,0.03661069626348892,0.8363312289500925,0.02298074553300779,5
locations,tabpfn,rmia,RMIA,rmia_score,0.024200000000000003,0.23938810192407703,0.03645864785035294,0.8363312289500925,0.02298074553300779,5
locations,tabpfn,rmia,RMIA,rmia_score,0.0244,0.24047646385855437,0.036310315618549374,0.8363312289500925,0.02298074553300779,5
locations,tabpfn,rmia,RMIA,rmia_score,0.0246,0.2415648257930317,0.03616574529337554,0.8363312289500925,0.02298074553300779,5
locations,tabpfn,rmia,RMIA,rmia_score,0.024800000000000003,0.24265318772750916,0.03602498216510289,0.8363312289500925,0.02298074553300779,5
locations,tabpfn,rmia,RMIA,rmia_score,0.025,0.24363234529381178,0.03608323126721185,0.8363312289500925,0.02298074553300779,5
locations,tabpfn,rmia,RMIA,rmia_score,0.0252,0.24444027041081645,0.03644976638517581,0.8363312289500925,0.02298074553300779,5
locations,tabpfn,rmia,RMIA,rmia_score,0.025400000000000002,0.24524819552782112,0.03681783525397993,0.8363312289500925,0.02298074553300779,5
locations,tabpfn,rmia,RMIA,rmia_score,0.0256,0.2460561206448258,0.03718739233193202,0.8363312289500925,0.02298074553300779,5
locations,tabpfn,rmia,RMIA,rmia_score,0.0258,0.24686404576183046,0.03755839368920593,0.8363312289500925,0.02298074553300779,5
locations,tabpfn,rmia,RMIA,rmia_score,0.026000000000000002,0.24767197087883516,0.03793079694631061,0.8363312289500925,0.02298074553300779,5
locations,tabpfn,rmia,RMIA,rmia_score,0.0262,0.24847989599583986,0.03830456121476429,0.8363312289500925,0.02298074553300779,5
locations,tabpfn,rmia,RMIA,rmia_score,0.0264,0.2492878211128445,0.0386796470399294,0.8363312289500925,0.02298074553300779,5
locations,tabpfn,rmia,RMIA,rmia_score,0.026600000000000002,0.250055600624025,0.03906187976260082,0.8363312289500925,0.02298074553300779,5
locations,tabpfn,rmia,RMIA,rmia_score,0.0268,0.2507967550702028,0.03944844050117127,0.8363312289500925,0.02298074553300779,5
locations,tabpfn,rmia,RMIA,rmia_score,0.027,0.25153790951638066,0.03983522878168938,0.8363312289500925,0.02298074553300779,5
locations,tabpfn,rmia,RMIA,rmia_score,0.027200000000000002,0.2522790639625585,0.04022223803983484,0.8363312289500925,0.02298074553300779,5
locations,tabpfn,rmia,RMIA,rmia_score,0.0274,0.25302021840873634,0.04060946195784,0.8363312289500925,0.02298074553300779,5
locations,tabpfn,rmia,RMIA,rmia_score,0.027600000000000003,0.25376137285491424,0.04099689445318867,0.8363312289500925,0.02298074553300779,5
locations,tabpfn,rmia,RMIA,rmia_score,0.027800000000000002,0.254502527301092,0.041384529667921166,0.8363312289500925,0.02298074553300779,5
locations,tabpfn,rmia,RMIA,rmia_score,0.028,0.25524368174726997,0.04177236195850934,0.8363312289500925,0.02298074553300779,5
locations,tabpfn,rmia,RMIA,rmia_score,0.028200000000000003,0.25736318252730117,0.043920701598934964,0.8363312289500925,0.02298074553300779,5
locations,tabpfn,rmia,RMIA,rmia_score,0.0284,0.25826458658346335,0.044452794577487284,0.8363312289500925,0.02298074553300779,5
locations,tabpfn,rmia,RMIA,rmia_score,0.0286,0.25916599063962564,0.044991749767852175,0.8363312289500925,0.02298074553300779,5
locations,tabpfn,rmia,RMIA,rmia_score,0.028800000000000003,0.2600673946957878,0.04553732351837246,0.8363312289500925,0.02298074553300779,5
locations,tabpfn,rmia,RMIA,rmia_score,0.029,0.2609687987519501,0.046089280791524134,0.8363312289500925,0.02298074553300779,5
locations,tabpfn,rmia,RMIA,rmia_score,0.0292,0.26187020280811235,0.046647394987953415,0.8363312289500925,0.02298074553300779,5
locations,tabpfn,rmia,RMIA,rmia_score,0.029400000000000003,0.2627716068642746,0.0472114477543686,0.8363312289500925,0.02298074553300779,5
locations,tabpfn,rmia,RMIA,rmia_score,0.0296,0.26367301092043677,0.04778122877850628,0.8363312289500925,0.02298074553300779,5
locations,tabpfn,rmia,RMIA,rmia_score,0.0298,0.26457441497659906,0.04835653557404197,0.8363312289500925,0.02298074553300779,5
locations,tabpfn,rmia,RMIA,rmia_score,0.030000000000000002,0.26547581903276135,0.04893717325798828,0.8363312289500925,0.02298074553300779,5
locations,tabpfn,rmia,RMIA,rmia_score,0.0302,0.26637722308892353,0.04952295432282172,0.8363312289500925,0.02298074553300779,5
locations,tabpfn,rmia,RMIA,rmia_score,0.0304,0.2672786271450858,0.05011369840529992,0.8363312289500925,0.02298074553300779,5
locations,tabpfn,rmia,RMIA,rmia_score,0.030600000000000002,0.26818003120124806,0.05070923205367618,0.8363312289500925,0.02298074553300779,5
locations,tabpfn,rmia,RMIA,rmia_score,0.0308,0.2690814352574103,0.05130938849478667,0.8363312289500925,0.02298074553300779,5
locations,tabpfn,rmia,RMIA,rmia_score,0.031,0.26998283931357253,0.05191400740227499,0.8363312289500925,0.02298074553300779,5
locations,tabpfn,rmia,RMIA,rmia_score,0.031200000000000002,0.27185822152886113,0.05141960484676959,0.8363312289500925,0.02298074553300779,5
locations,tabpfn,rmia,RMIA,rmia_score,0.031400000000000004,0.2729198751950078,0.052130919348132576,0.8363312289500925,0.02298074553300779,5
locations,tabpfn,rmia,RMIA,rmia_score,0.0316,0.2739815288611545,0.05284932567950114,0.8363312289500925,0.02298074553300779,5
locations,tabpfn,rmia,RMIA,rmia_score,0.0318,0.2750431825273011,0.05357453854852465,0.8363312289500925,0.02298074553300779,5
locations,tabpfn,rmia,RMIA,rmia_score,0.032,0.2761048361934478,0.054306285269843595,0.8363312289500925,0.02298074553300779,5
locations,tabpfn,rmia,RMIA,rmia_score,0.0322,0.27716648985959436,0.05504430526534791,0.8363312289500925,0.02298074553300779,5
locations,tabpfn,rmia,RMIA,rmia_score,0.0324,0.27822814352574105,0.05578834956953725,0.8363312289500925,0.02298074553300779,5
locations,tabpfn,rmia,RMIA,rmia_score,0.032600000000000004,0.27928979719188773,0.05653818034261333,0.8363312289500925,0.02298074553300779,5
locations,tabpfn,rmia,RMIA,rmia_score,0.0328,0.2808424836193448,0.05660741163419213,0.8363312289500925,0.02298074553300779,5
locations,tabpfn,rmia,RMIA,rmia_score,0.033,0.2816076755070203,0.05634177103576308,0.8363312289500925,0.02298074553300779,5
locations,tabpfn,rmia,RMIA,rmia_score,0.0332,0.2823728673946958,0.056077742796819506,0.8363312289500925,0.02298074553300779,5
locations,tabpfn,rmia,RMIA,rmia_score,0.0334,0.2831380592823713,0.05581534979862208,0.8363312289500925,0.02298074553300779,5
locations,tabpfn,rmia,RMIA,rmia_score,0.033600000000000005,0.28390325117004683,0.055554615211656784,0.8363312289500925,0.02298074553300779,5
locations,tabpfn,rmia,RMIA,rmia_score,0.033800000000000004,0.2846684430577223,0.05529556249559599,0.8363312289500925,0.02298074553300779,5
locations,tabpfn,rmia,RMIA,rmia_score,0.034,0.2854336349453978,0.055038215399028756,0.8363312289500925,0.02298074553300779,5
locations,tabpfn,rmia,RMIA,rmia_score,0.0342,0.28619882683307335,0.054782597958948756,0.8363312289500925,0.02298074553300779,5
locations,tabpfn,rmia,RMIA,rmia_score,0.0344,0.2889770067602704,0.054741182166021946,0.8363312289500925,0.02298074553300779,5
locations,tabpfn,rmia,RMIA,rmia_score,0.0346,0.2894831284451378,0.05467036661042764,0.8363312289500925,0.02298074553300779,5
locations,tabpfn,rmia,RMIA,rmia_score,0.034800000000000005,0.28998925013000526,0.05459965044289233,0.8363312289500925,0.02298074553300779,5
locations,tabpfn,rmia,RMIA,rmia_score,0.035,0.2904953718148726,0.054529034050091255,0.8363312289500925,0.02298074553300779,5
locations,tabpfn,rmia,RMIA,rmia_score,0.0352,0.2910014934997401,0.0544585178201583,0.8363312289500925,0.02298074553300779,5
locations,tabpfn,rmia,RMIA,rmia_score,0.0354,0.29150761518460744,0.054388102142688306,0.8363312289500925,0.02298074553300779,5
locations,tabpfn,rmia,RMIA,rmia_score,0.0356,0.2920137368694748,0.05431778740873933,0.8363312289500925,0.02298074553300779,5
locations,tabpfn,rmia,RMIA,rmia_score,0.0358,0.29251985855434215,0.05424757401083495,0.8363312289500925,0.02298074553300779,5
locations,tabpfn,rmia,RMIA,rmia_score,0.036000000000000004,0.2930958710348414,0.05412596717062389,0.8363312289500925,0.02298074553300779,5
locations,tabpfn,rmia,RMIA,rmia_score,0.0362,0.29368211752470097,0.05399725632122624,0.8363312289500925,0.02298074553300779,5
locations,tabpfn,rmia,RMIA,rmia_score,0.0364,0.2942683640145606,0.053869007795915705,0.8363312289500925,0.02298074553300779,5
locations,tabpfn,rmia,RMIA,rmia_score,0.0366,0.2948546105044202,0.05374122490457501,0.8363312289500925,0.02298074553300779,5
locations,tabpfn,rmia,RMIA,rmia_score,0.0368,0.2954408569942798,0.05361391097656717,0.8363312289500925,0.02298074553300779,5
locations,tabpfn,rmia,RMIA,rmia_score,0.037000000000000005,0.2960271034841394,0.053487069360677174,0.8363312289500925,0.02298074553300779,5
locations,tabpfn,rmia,RMIA,rmia_score,0.037200000000000004,0.296613349973999,0.05336070342504848,0.8363312289500925,0.02298074553300779,5
locations,tabpfn,rmia,RMIA,rmia_score,0.0374,0.29719959646385863,0.05323481655711361,0.8363312289500925,0.02298074553300779,5
locations,tabpfn,rmia,RMIA,rmia_score,0.0376,0.2977858429537182,0.05310941216351921,0.8363312289500925,0.02298074553300779,5
locations,tabpfn,rmia,RMIA,rmia_score,0.0378,0.2983720894435778,0.052984493670045145,0.8363312289500925,0.02298074553300779,5
locations,tabpfn,rmia,RMIA,rmia_score,0.038,0.29895833593343735,0.052860064521517695,0.8363312289500925,0.02298074553300779,5
locations,tabpfn,rmia,RMIA,rmia_score,0.038200000000000005,0.29954458242329696,0.05273612818171657,0.8363312289500925,0.02298074553300779,5
locations,tabpfn,rmia,RMIA,rmia_score,0.038400000000000004,0.30013082891315657,0.05261268813327575,0.8363312289500925,0.02298074553300779,5
locations,tabpfn,rmia,RMIA,rmia_score,0.0386,0.3007170754030161,0.05248974787757794,0.8363312289500925,0.02298074553300779,5
locations,tabpfn,rmia,RMIA,rmia_score,0.0388,0.3013033218928757,0.052367310934642496,0.8363312289500925,0.02298074553300779,5
locations,tabpfn,rmia,RMIA,rmia_score,0.039,0.301989360374415,0.05237831599505505,0.8363312289500925,0.02298074553300779,5
locations,tabpfn,rmia,RMIA,rmia_score,0.0392,0.3029127987519501,0.0527133871744259,0.8363312289500925,0.02298074553300779,5
locations,tabpfn,rmia,RMIA,rmia_score,0.039400000000000004,0.3038362371294852,0.05306007883076095,0.8363312289500925,0.02298074553300779,5
locations,tabpfn,rmia,RMIA,rmia_score,0.0396,0.30475967550702027,0.05341816470878376,0.8363312289500925,0.02298074553300779,5
locations,tabpfn,rmia,RMIA,rmia_score,0.0398,0.3056831138845554,0.053787417240331245,0.8363312289500925,0.02298074553300779,5
locations,tabpfn,rmia,RMIA,rmia_score,0.04,0.3066065522620905,0.05416760806163369,0.8363312289500925,0.02298074553300779,5
locations,tabpfn,rmia,RMIA,rmia_score,0.0402,0.30752999063962555,0.05455850850284115,0.8363312289500925,0.02298074553300779,5
locations,tabpfn,rmia,RMIA,rmia_score,0.040400000000000005,0.3084534290171607,0.05495989004895269,0.8363312289500925,0.02298074553300779,5
locations,tabpfn,rmia,RMIA,rmia_score,0.040600000000000004,0.30990731357254286,0.05610439732654913,0.8363312289500925,0.02298074553300779,5
locations,tabpfn,rmia,RMIA,rmia_score,0.0408,0.310646464898596,0.05633316279087734,0.8363312289500925,0.02298074553300779,5
locations,tabpfn,rmia,RMIA,rmia_score,0.041,0.311385616224649,0.0565631439594921,0.8363312289500925,0.02298074553300779,5
locations,tabpfn,rmia,RMIA,rmia_score,0.0412,0.31212476755070206,0.05679432606389055,0.8363312289500925,0.02298074553300779,5
locations,tabpfn,rmia,RMIA,rmia_score,0.0414,0.3128639188767551,0.05702669449855353,0.8363312289500925,0.02298074553300779,5
locations,tabpfn,rmia,RMIA,rmia_score,0.041600000000000005,0.3136030702028082,0.05726023482070032,0.8363312289500925,0.02298074553300779,5
locations,tabpfn,rmia,RMIA,rmia_score,0.041800000000000004,0.3143422215288612,0.05749493274996219,0.8363312289500925,0.02298074553300779,5
locations,tabpfn,rmia,RMIA,rmia_score,0.042,0.3150813728549142,0.05773077416797869,0.8363312289500925,0.02298074553300779,5
locations,tabpfn,rmia,RMIA,rmia_score,0.0422,0.31697631825273015,0.05848838127285243,0.8363312289500925,0.02298074553300779,5
locations,tabpfn,rmia,RMIA,rmia_score,0.0424,0.31758726989079566,0.058547868946904565,0.8363312289500925,0.02298074553300779,5
locations,tabpfn,rmia,RMIA,rmia_score,0.0426,0.3181982215288611,0.05860828895937902,0.8363312289500925,0.02298074553300779,5
locations,tabpfn,rmia,RMIA,rmia_score,0.042800000000000005,0.3188091731669267,0.05866963842981329,0.8363312289500925,0.02298074553300779,5
locations,tabpfn,rmia,RMIA,rmia_score,0.043000000000000003,0.3194201248049922,0.058731914445561674,0.8363312289500925,0.02298074553300779,5
locations,tabpfn,rmia,RMIA,rmia_score,0.0432,0.3200310764430577,0.05879511406242295,0.8363312289500925,0.02298074553300779,5
locations,tabpfn,rmia,RMIA,rmia_score,0.0434,0.32064202808112324,0.058859234305269986,0.8363312289500925,0.02298074553300779,5
locations,tabpfn,rmia,RMIA,rmia_score,0.0436,0.3212529797191888,0.05892427216868116,0.8363312289500925,0.02298074553300779,5
locations,tabpfn,rmia,RMIA,rmia_score,0.0438,0.323689360374415,0.05903228988209828,0.8363312289500925,0.02298074553300779,5
locations,tabpfn,rmia,RMIA,rmia_score,0.044000000000000004,0.32425023400936037,0.059048652777204634,0.8363312289500925,0.02298074553300779,5
locations,tabpfn,rmia,RMIA,rmia_score,0.0442,0.32481110764430576,0.059066654256837305,0.8363312289500925,0.02298074553300779,5
locations,tabpfn,rmia,RMIA,rmia_score,0.0444,0.32537198127925115,0.05908629282334209,0.8363312289500925,0.02298074553300779,5
locations,tabpfn,rmia,RMIA,rmia_score,0.0446,0.32593285491419655,0.05910756684494622,0.8363312289500925,0.02298074553300779,5
locations,tabpfn,rmia,RMIA,rmia_score,0.0448,0.32649372854914194,0.05913047455643269,0.8363312289500925,0.02298074553300779,5
locations,tabpfn,rmia,RMIA,rmia_score,0.045000000000000005,0.32705460218408733,0.05915501405986791,0.8363312289500925,0.02298074553300779,5
locations,tabpfn,rmia,RMIA,rmia_score,0.045200000000000004,0.32827251170046806,0.05811519790175943,0.8363312289500925,0.02298074553300779,5
locations,tabpfn,rmia,RMIA,rmia_score,0.0454,0.329063744149766,0.058702202385913636,0.8363312289500925,0.02298074553300779,5
locations,tabpfn,rmia,RMIA,rmia_score,0.0456,0.329854976599064,0.0593022669818035,0.8363312289500925,0.02298074553300779,5
locations,tabpfn,rmia,RMIA,rmia_score,0.0458,0.33064620904836195,0.059914999289273754,0.8363312289500925,0.02298074553300779,5
locations,tabpfn,rmia,RMIA,rmia_score,0.046,0.3314374414976599,0.06054001467553906,0.8363312289500925,0.02298074553300779,5
locations,tabpfn,rmia,RMIA,rmia_score,0.046200000000000005,0.3322286739469579,0.06117693667080375,0.8363312289500925,0.02298074553300779,5
locations,tabpfn,rmia,RMIA,rmia_score,0.046400000000000004,0.3330199063962559,0.06182539729238149,0.8363312289500925,0.02298074553300779,5
locations,tabpfn,rmia,RMIA,rmia_score,0.0466,0.33381113884555386,0.062485037302752164,0.8363312289500925,0.02298074553300779,5
locations,tabpfn,rmia,RMIA,rmia_score,0.0468,0.3364033073322933,0.06412035595601671,0.8363312289500925,0.02298074553300779,5
locations,tabpfn,rmia,RMIA,rmia_score,0.047,0.3369942277691108,0.06436676731771596,0.8363312289500925,0.02298074553300779,5
locations,tabpfn,rmia,RMIA,rmia_score,0.0472,0.3375851482059282,0.06461736984705367,0.8363312289500925,0.02298074553300779,5
locations,tabpfn,rmia,RMIA,rmia_score,0.047400000000000005,0.33817606864274574,0.06487211497230604,0.8363312289500925,0.02298074553300779,5
locations,tabpfn,rmia,RMIA,rmia_score,0.0476,0.33876698907956315,0.06513095408498554,0.8363312289500925,0.02298074553300779,5
locations,tabpfn,rmia,RMIA,rmia_score,0.0478,0.3393579095163807,0.06539383857116916,0.8363312289500925,0.02298074553300779,5
locations,tabpfn,rmia,RMIA,rmia_score,0.048,0.33994882995319814,0.06566071984173646,0.8363312289500925,0.02298074553300779,5
locations,tabpfn,rmia,RMIA,rmia_score,0.0482,0.3405397503900156,0.06593154936150909,0.8363312289500925,0.02298074553300779,5
locations,tabpfn,rmia,RMIA,rmia_score,0.048400000000000006,0.34115338533541345,0.06602653570109186,0.8363312289500925,0.02298074553300779,5
locations,tabpfn,rmia,RMIA,rmia_score,0.048600000000000004,0.341784368174727,0.06598624986933721,0.8363312289500925,0.02298074553300779,5
locations,tabpfn,rmia,RMIA,rmia_score,0.0488,0.3424153510140406,0.06594745293291329,0.8363312289500925,0.02298074553300779,5
locations,tabpfn,rmia,RMIA,rmia_score,0.049,0.34304633385335415,0.06591014752106221,0.8363312289500925,0.02298074553300779,5
locations,tabpfn,rmia,RMIA,rmia_score,0.0492,0.3436773166926677,0.0658743361677878,0.8363312289500925,0.02298074553300779,5
locations,tabpfn,rmia,RMIA,rmia_score,0.0494,0.3443082995319813,0.0658400213110112,0.8363312289500925,0.02298074553300779,5
locations,tabpfn,rmia,RMIA,rmia_score,0.049600000000000005,0.3449392823712949,0.06580720529175559,0.8363312289500925,0.02298074553300779,5
locations,tabpfn,rmia,RMIA,rmia_score,0.049800000000000004,0.3455702652106084,0.06577589035336032,0.8363312289500925,0.02298074553300779,5
locations,tabpfn,rmia,RMIA,rmia_score,0.05,0.3505876235049402,0.06369562189733687,0.8363312289500925,0.02298074553300779,5
locations,tabpfn,rmia,RMIA,rmia_score,0.0502,0.35124197607904317,0.06375094306323029,0.8363312289500925,0.02298074553300779,5
locations,tabpfn,rmia,RMIA,rmia_score,0.0504,0.35189632865314613,0.06380780235876073,0.8363312289500925,0.02298074553300779,5
locations,tabpfn,rmia,RMIA,rmia_score,0.0506,0.3525506812272491,0.06386619567579414,0.8363312289500925,0.02298074553300779,5
locations,tabpfn,rmia,RMIA,rmia_score,0.050800000000000005,0.35320503380135204,0.06392611881057454,0.8363312289500925,0.02298074553300779,5
locations,tabpfn,rmia,RMIA,rmia_score,0.051000000000000004,0.353859386375455,0.06398756746516682,0.8363312289500925,0.02298074553300779,5
locations,tabpfn,rmia,RMIA,rmia_score,0.0512,0.354513738949558,0.06405053724892218,0.8363312289500925,0.02298074553300779,5
locations,tabpfn,rmia,RMIA,rmia_score,0.0514,0.35516809152366097,0.0641150236799658,0.8363312289500925,0.02298074553300779,5
locations,tabpfn,rmia,RMIA,rmia_score,0.0516,0.3564464690587624,0.0643397828072993,0.8363312289500925,0.02298074553300779,5
locations,tabpfn,rmia,RMIA,rmia_score,0.051800000000000006,0.3571008216328654,0.06439220219345346,0.8363312289500925,0.02298074553300779,5
locations,tabpfn,rmia,RMIA,rmia_score,0.052000000000000005,0.35775517420696834,0.06444552671047665,0.8363312289500925,0.02298074553300779,5
locations,tabpfn,rmia,RMIA,rmia_score,0.0522,0.3584095267810713,0.06449975411344568,0.8363312289500925,0.02298074553300779,5
locations,tabpfn,rmia,RMIA,rmia_score,0.0524,0.35906387935517425,0.06455488212703335,0.8363312289500925,0.02298074553300779,5
locations,tabpfn,rmia,RMIA,rmia_score,0.0526,0.3597182319292772,0.06461090844595373,0.8363312289500925,0.02298074553300779,5
locations,tabpfn,rmia,RMIA,rmia_score,0.0528,0.36037258450338017,0.06466783073541033,0.8363312289500925,0.02298074553300779,5
locations,tabpfn,rmia,RMIA,rmia_score,0.053000000000000005,0.3622785924770325,0.06413538481642536,0.8363312289500925,0.02298074553300779,5
locations,tabpfn,rmia,RMIA,rmia_score,0.053200000000000004,0.3629507505633559,0.06421431101744822,0.8363312289500925,0.02298074553300779,5
locations,tabpfn,rmia,RMIA,rmia_score,0.0534,0.36362290864967933,0.06429345391554407,0.8363312289500925,0.02298074553300779,5
locations,tabpfn,rmia,RMIA,rmia_score,0.0536,0.3642950667360028,0.06437281271146086,0.8363312289500925,0.02298074553300779,5
locations,tabpfn,rmia,RMIA,rmia_score,0.0538,0.36496722482232624,0.06445238660770798,0.8363312289500925,0.02298074553300779,5
locations,tabpfn,rmia,RMIA,rmia_score,0.054,0.36563938290864967,0.06453217480857205,0.8363312289500925,0.02298074553300779,5
locations,tabpfn,rmia,RMIA,rmia_score,0.054200000000000005,0.36631154099497315,0.06461217652013247,0.8363312289500925,0.02298074553300779,5
locations,tabpfn,rmia,RMIA,rmia_score,0.054400000000000004,0.3669836990812966,0.06469239095027655,0.8363312289500925,0.02298074553300779,5
locations,tabpfn,rmia,RMIA,rmia_score,0.0546,0.3675673288264864,0.06468500894867325,0.8363312289500925,0.02298074553300779,5
locations,tabpfn,rmia,RMIA,rmia_score,0.0548,0.36802582076616397,0.06455554093124692,0.8363312289500925,0.02298074553300779,5
locations,tabpfn,rmia,RMIA,rmia_score,0.055,0.3684843127058416,0.06442887518992153,0.8363312289500925,0.02298074553300779,5
locations,tabpfn,rmia,RMIA,rmia_score,0.055200000000000006,0.3689428046455192,0.06430502828416848,0.8363312289500925,0.02298074553300779,5
locations,tabpfn,rmia,RMIA,rmia_score,0.055400000000000005,0.3694012965851968,0.06418401653132626,0.8363312289500925,0.02298074553300779,5
locations,tabpfn,rmia,RMIA,rmia_score,0.055600000000000004,0.3698597885248744,0.06406585599706018,0.8363312289500925,0.02298074553300779,5
locations,tabpfn,rmia,RMIA,rmia_score,0.0558,0.370318280464552,0.06395056248583879,0.8363312289500925,0.02298074553300779,5
locations,tabpfn,rmia,RMIA,rmia_score,0.056,0.37077677240422957,0.06383815153143867,0.8363312289500925,0.02298074553300779,5
locations,tabpfn,rmia,RMIA,rmia_score,0.0562,0.37585429710521756,0.06234694240718754,0.8363312289500925,0.02298074553300779,5
locations,tabpfn,rmia,RMIA,rmia_score,0.056400000000000006,0.3767134130698562,0.062226380764090664,0.8363312289500925,0.02298074553300779,5
locations,tabpfn,rmia,RMIA,rmia_score,0.056600000000000004,0.3775725290344948,0.062107182703431484,0.8363312289500925,0.02298074553300779,5
locations,tabpfn,rmia,RMIA,rmia_score,0.0568,0.3784316449991333,0.06198935609122457,0.8363312289500925,0.02298074553300779,5
locations,tabpfn,rmia,RMIA,rmia_score,0.057,0.3792907609637719,0.06187290876255341,0.8363312289500925,0.02298074553300779,5
locations,tabpfn,rmia,RMIA,rmia_score,0.0572,0.38014987692841046,0.061757848519530444,0.8363312289500925,0.02298074553300779,5
locations,tabpfn,rmia,RMIA,rmia_score,0.0574,0.381008992893049,0.06164418312923513,0.8363312289500925,0.02298074553300779,5
locations,tabpfn,rmia,RMIA,rmia_score,0.057600000000000005,0.3818681088576876,0.06153192032163044,0.8363312289500925,0.02298074553300779,5
locations,tabpfn,rmia,RMIA,rmia_score,0.057800000000000004,0.38339915825966375,0.061472592901347836,0.8363312289500925,0.02298074553300779,5
locations,tabpfn,rmia,RMIA,rmia_score,0.058,0.38394311665799974,0.06148337025334142,0.8363312289500925,0.02298074553300779,5
locations,tabpfn,rmia,RMIA,rmia_score,0.0582,0.3844870750563356,0.061495224087426394,0.8363312289500925,0.02298074553300779,5
locations,tabpfn,rmia,RMIA,rmia_score,0.0584,0.38503103345467155,0.061508153781224775,0.8363312289500925,0.02298074553300779,5
locations,tabpfn,rmia,RMIA,rmia_score,0.058600000000000006,0.38557499185300753,0.061522158656418205,0.8363312289500925,0.02298074553300779,5
locations,tabpfn,rmia,RMIA,rmia_score,0.058800000000000005,0.38611895025134346,0.0615372379789253,0.8363312289500925,0.02298074553300779,5
locations,tabpfn,rmia,RMIA,rmia_score,0.059000000000000004,0.3866629086496794,0.06155339095909314,0.8363312289500925,0.02298074553300779,5
locations,tabpfn,rmia,RMIA,rmia_score,0.0592,0.38751887952851455,0.06167139914836314,0.8363312289500925,0.02298074553300779,5
locations,tabpfn,rmia,RMIA,rmia_score,0.0594,0.3880628379268504,0.0616874943146423,0.8363312289500925,0.02298074553300779,5
locations,tabpfn,rmia,RMIA,rmia_score,0.0596,0.38860679632518635,0.061704659993229195,0.8363312289500925,0.02298074553300779,5
locations,tabpfn,rmia,RMIA,rmia_score,0.059800000000000006,0.38915075472352234,0.06172289529096721,0.8363312289500925,0.02298074553300779,5
locations,tabpfn,rmia,RMIA,rmia_score,0.060000000000000005,0.38969471312185827,0.06174219926013388,0.8363312289500925,0.02298074553300779,5
locations,tabpfn,rmia,RMIA,rmia_score,0.060200000000000004,0.39023867152019415,0.06176257089868539,0.8363312289500925,0.02298074553300779,5
locations,tabpfn,rmia,RMIA,rmia_score,0.0604,0.3907826299185301,0.06178400915051479,0.8363312289500925,0.02298074553300779,5
locations,tabpfn,rmia,RMIA,rmia_score,0.0606,0.391326588316866,0.061806512905723296,0.8363312289500925,0.02298074553300779,5
locations,tabpfn,rmia,RMIA,rmia_score,0.0608,0.39186530490552957,0.06182861988172014,0.8363312289500925,0.02298074553300779,5
locations,tabpfn,rmia,RMIA,rmia_score,0.061000000000000006,0.3923892321026175,0.06184786602012812,0.8363312289500925,0.02298074553300779,5
locations,tabpfn,rmia,RMIA,rmia_score,0.061200000000000004,0.3929131592997054,0.06186848862634104,0.8363312289500925,0.02298074553300779,5
locations,tabpfn,rmia,RMIA,rmia_score,0.0614,0.3934370864967932,0.06189048632439523,0.8363312289500925,0.02298074553300779,5
locations,tabpfn,rmia,RMIA,rmia_score,0.0616,0.3939610136938811,0.06191385764860001,0.8363312289500925,0.02298074553300779,5
locations,tabpfn,rmia,RMIA,rmia_score,0.0618,0.394484940890969,0.06193860104402223,0.8363312289500925,0.02298074553300779,5
locations,tabpfn,rmia,RMIA,rmia_score,0.062,0.3950088680880569,0.06196471486699902,0.8363312289500925,0.02298074553300779,5
locations,tabpfn,rmia,RMIA,rmia_score,0.062200000000000005,0.39553279528514473,0.061992197385678426,0.8363312289500925,0.02298074553300779,5
locations,tabpfn,rmia,RMIA,rmia_score,0.062400000000000004,0.3969342679840527,0.062056200236214276,0.8363312289500925,0.02298074553300779,5
locations,tabpfn,rmia,RMIA,rmia_score,0.0626,0.3973346694401109,0.06206851121885703,0.8363312289500925,0.02298074553300779,5
locations,tabpfn,rmia,RMIA,rmia_score,0.06280000000000001,0.3977350708961692,0.062082522649556986,0.8363312289500925,0.02298074553300779,5
locations,tabpfn,rmia,RMIA,rmia_score,0.063,0.3981354723522274,0.06209823337728083,0.8363312289500925,0.02298074553300779,5
locations,tabpfn,rmia,RMIA,rmia_score,0.0632,0.3985358738082857,0.06211564211263394,0.8363312289500925,0.02298074553300779,5
locations,tabpfn,rmia,RMIA,rmia_score,0.0634,0.3989362752643439,0.062134747428387635,0.8363312289500925,0.02298074553300779,5
locations,tabpfn,rmia,RMIA,rmia_score,0.0636,0.3993366767204022,0.06215554776006188,0.8363312289500925,0.02298074553300779,5
locations,tabpfn,rmia,RMIA,rmia_score,0.06380000000000001,0.3997370781764604,0.06217804140656294,0.8363312289500925,0.02298074553300779,5
locations,tabpfn,rmia,RMIA,rmia_score,0.064,0.40017866527994456,0.06220424679985406,0.8363312289500925,0.02298074553300779,5
locations,tabpfn,rmia,RMIA,rmia_score,0.06420000000000001,0.40063916033974695,0.062232496967709314,0.8363312289500925,0.02298074553300779,5
locations,tabpfn,rmia,RMIA,rmia_score,0.0644,0.40109965539954934,0.0622617561489697,0.8363312289500925,0.02298074553300779,5
locations,tabpfn,rmia,RMIA,rmia_score,0.0646,0.4015601504593517,0.062292022921804434,0.8363312289500925,0.02298074553300779,5
locations,tabpfn,rmia,RMIA,rmia_score,0.0648,0.4020206455191541,0.062323295818228944,0.8363312289500925,0.02298074553300779,5
locations,tabpfn,rmia,RMIA,rmia_score,0.065,0.4024811405789565,0.06235557332445402,0.8363312289500925,0.02298074553300779,5
locations,tabpfn,rmia,RMIA,rmia_score,0.06520000000000001,0.4029416356387589,0.0623888538812445,0.8363312289500925,0.02298074553300779,5
locations,tabpfn,rmia,RMIA,rmia_score,0.0654,0.4034021306985613,0.06242313588428746,0.8363312289500925,0.02298074553300779,5
locations,tabpfn,rmia,RMIA,rmia_score,0.0656,0.40460167100017336,0.061067555279181875,0.8363312289500925,0.02298074553300779,5
locations,tabpfn,rmia,RMIA,rmia_score,0.0658,0.4051903657479633,0.06086665949827201,0.8363312289500925,0.02298074553300779,5
locations,tabpfn,rmia,RMIA,rmia_score,0.066,0.4057790604957532,0.06066803197986839,0.8363312289500925,0.02298074553300779,5
locations,tabpfn,rmia,RMIA,rmia_score,0.06620000000000001,0.40636775524354307,0.06047169507522655,0.8363312289500925,0.02298074553300779,5
locations,tabpfn,rmia,RMIA,rmia_score,0.0664,0.406956449991333,0.06027767116736611,0.8363312289500925,0.02298074553300779,5
locations,tabpfn,rmia,RMIA,rmia_score,0.0666,0.4075451447391229,0.06008598266301511,0.8363312289500925,0.02298074553300779,5
locations,tabpfn,rmia,RMIA,rmia_score,0.0668,0.40813383948691284,0.05989665198429945,0.8363312289500925,0.02298074553300779,5
locations,tabpfn,rmia,RMIA,rmia_score,0.067,0.4086921996879876,0.059738933053097985,0.8363312289500925,0.02298074553300779,5
locations,tabpfn,rmia,RMIA,rmia_score,0.06720000000000001,0.4090026833073323,0.0598215275175974,0.8363312289500925,0.02298074553300779,5
locations,tabpfn,rmia,RMIA,rmia_score,0.0674,0.4093131669266771,0.059904811881187216,0.8363312289500925,0.02298074553300779,5
locations,tabpfn,rmia,RMIA,rmia_score,0.06760000000000001,0.4096236505460218,0.05998878327043999,0.8363312289500925,0.02298074553300779,5
locations,tabpfn,rmia,RMIA,rmia_score,0.0678,0.4099341341653666,0.0600734388043571,0.8363312289500925,0.02298074553300779,5
locations,tabpfn,rmia,RMIA,rmia_score,0.068,0.41024461778471133,0.06015877559474993,0.8363312289500925,0.02298074553300779,5
locations,tabpfn,rmia,RMIA,rmia_score,0.0682,0.4105551014040561,0.06024479074661765,0.8363312289500925,0.02298074553300779,5
locations,tabpfn,rmia,RMIA,rmia_score,0.0684,0.4108655850234009,0.06033148135852162,0.8363312289500925,0.02298074553300779,5
locations,tabpfn,rmia,RMIA,rmia_score,0.06860000000000001,0.41115571502860115,0.06041233241014638,0.8363312289500925,0.02298074553300779,5
locations,tabpfn,rmia,RMIA,rmia_score,0.0688,0.4114027665106604,0.060479734702002935,0.8363312289500925,0.02298074553300779,5
locations,tabpfn,rmia,RMIA,rmia_score,0.069,0.41164981799271966,0.060547297588572704,0.8363312289500925,0.02298074553300779,5
locations,tabpfn,rmia,RMIA,rmia_score,0.0692,0.411896869474779,0.06061502053284809,0.8363312289500925,0.02298074553300779,5
locations,tabpfn,rmia,RMIA,rmia_score,0.0694,0.41214392095683827,0.060682902998949365,0.8363312289500925,0.02298074553300779,5
locations,tabpfn,rmia,RMIA,rmia_score,0.06960000000000001,0.41239097243889755,0.06075094445213253,0.8363312289500925,0.02298074553300779,5
locations,tabpfn,rmia,RMIA,rmia_score,0.0698,0.4126380239209568,0.06081914435879685,0.8363312289500925,0.02298074553300779,5
locations,tabpfn,rmia,RMIA,rmia_score,0.07,0.4128850754030161,0.06088750218649261,0.8363312289500925,0.02298074553300779,5
locations,tabpfn,rmia,RMIA,rmia_score,0.0702,0.41334376495059805,0.06117235081781724,0.8363312289500925,0.02298074553300779,5
locations,tabpfn,rmia,RMIA,rmia_score,0.0704,0.413988101924077,0.0616478033997841,0.8363312289500925,0.02298074553300779,5
locations,tabpfn,rmia,RMIA,rmia_score,0.07060000000000001,0.414632438897556,0.06212428103345293,0.8363312289500925,0.02298074553300779,5
locations,tabpfn,rmia,RMIA,rmia_score,0.0708,0.41527677587103484,0.06260176031305453,0.8363312289500925,0.02298074553300779,5
locations,tabpfn,rmia,RMIA,rmia_score,0.07100000000000001,0.41592111284451383,0.06308021849302294,0.8363312289500925,0.02298074553300779,5
locations,tabpfn,rmia,RMIA,rmia_score,0.0712,0.41656544981799276,0.06355963346674187,0.8363312289500925,0.02298074553300779,5
locations,tabpfn,rmia,RMIA,rmia_score,0.0714,0.4172097867914717,0.06403998374601855,0.8363312289500925,0.02298074553300779,5
locations,tabpfn,rmia,RMIA,rmia_score,0.0716,0.41785412376495057,0.06452124844125964,0.8363312289500925,0.02298074553300779,5
locations,tabpfn,rmia,RMIA,rmia_score,0.0718,0.41852828913156526,0.06505104785989878,0.8363312289500925,0.02298074553300779,5
locations,tabpfn,rmia,RMIA,rmia_score,0.07200000000000001,0.41921268850754034,0.0655977730041024,0.8363312289500925,0.02298074553300779,5
locations,tabpfn,rmia,RMIA,rmia_score,0.0722,0.4198970878835153,0.0661450216949553,0.8363312289500925,0.02298074553300779,5
locations,tabpfn,rmia,RMIA,rmia_score,0.0724,0.4205814872594904,0.06669278104454747,0.8363312289500925,0.02298074553300779,5
locations,tabpfn,rmia,RMIA,rmia_score,0.0726,0.4212658866354654,0.06724103857308611,0.8363312289500925,0.02298074553300779,5
locations,tabpfn,rmia,RMIA,rmia_score,0.0728,0.42195028601144047,0.06778978219333669,0.8363312289500925,0.02298074553300779,5
locations,tabpfn,rmia,RMIA,rmia_score,0.07300000000000001,0.42263468538741555,0.06833900019574676,0.8363312289500925,0.02298074553300779,5
locations,tabpfn,rmia,RMIA,rmia_score,0.0732,0.4233190847633905,0.06888868123422007,0.8363312289500925,0.02298074553300779,5
locations,tabpfn,rmia,RMIA,rmia_score,0.0734,0.4250097659906397,0.06913063614937812,0.8363312289500925,0.02298074553300779,5
locations,tabpfn,rmia,RMIA,rmia_score,0.0736,0.42576761310452416,0.06939366183016586,0.8363312289500925,0.02298074553300779,5
locations,tabpfn,rmia,RMIA,rmia_score,0.0738,0.4265254602184087,0.06965951371327139,0.8363312289500925,0.02298074553300779,5
locations,tabpfn,rmia,RMIA,rmia_score,0.07400000000000001,0.4272833073322933,0.06992815956485465,0.8363312289500925,0.02298074553300779,5
locations,tabpfn,rmia,RMIA,rmia_score,0.0742,0.42804115444617785,0.07019956730831331,0.8363312289500925,0.02298074553300779,5
locations,tabpfn,rmia,RMIA,rmia_score,0.07440000000000001,0.42879900156006256,0.0704737050339299,0.8363312289500925,0.02298074553300779,5
locations,tabpfn,rmia,RMIA,rmia_score,0.0746,0.42955684867394694,0.0707505410080559,0.8363312289500925,0.02298074553300779,5
locations,tabpfn,rmia,RMIA,rmia_score,0.0748,0.4302765054602184,0.07094841741387234,0.8363312289500925,0.02298074553300779,5
locations,tabpfn,rmia,RMIA,rmia_score,0.075,0.4308073322932917,0.07074446310572413,0.8363312289500925,0.02298074553300779,5
locations,tabpfn,rmia,RMIA,rmia_score,0.0752,0.4313381591263651,0.07054165399680926,0.8363312289500925,0.02298074553300779,5
locations,tabpfn,rmia,RMIA,rmia_score,0.07540000000000001,0.43186898595943835,0.0703399999928792,0.8363312289500925,0.02298074553300779,5
locations,tabpfn,rmia,RMIA,rmia_score,0.0756,0.4323998127925117,0.07013951105685896,0.8363312289500925,0.02298074553300779,5
locations,tabpfn,rmia,RMIA,rmia_score,0.0758,0.43293063962558503,0.06994019720801856,0.8363312289500925,0.02298074553300779,5
locations,tabpfn,rmia,RMIA,rmia_score,0.076,0.43346146645865835,0.06974206852110226,0.8363312289500925,0.02298074553300779,5
locations,tabpfn,rmia,RMIA,rmia_score,0.0762,0.4339922932917317,0.06954513512541338,0.8363312289500925,0.02298074553300779,5
locations,tabpfn,rmia,RMIA,rmia_score,0.07640000000000001,0.4351144087363495,0.07054652514743999,0.8363312289500925,0.02298074553300779,5
locations,tabpfn,rmia,RMIA,rmia_score,0.0766,0.4355591014040561,0.07055481657924566,0.8363312289500925,0.02298074553300779,5
locations,tabpfn,rmia,RMIA,rmia_score,0.07680000000000001,0.43600379407176293,0.07056344366999102,0.8363312289500925,0.02298074553300779,5
locations,tabpfn,rmia,RMIA,rmia_score,0.077,0.43644848673946957,0.07057240629657854,0.8363312289500925,0.02298074553300779,5
locations,tabpfn,rmia,RMIA,rmia_score,0.0772,0.4368931794071763,0.07058170433118703,0.8363312289500925,0.02298074553300779,5
locations,tabpfn,rmia,RMIA,rmia_score,0.07740000000000001,0.437337872074883,0.07059133764128023,0.8363312289500925,0.02298074553300779,5
locations,tabpfn,rmia,RMIA,rmia_score,0.0776,0.43778256474258975,0.07060130608961651,0.8363312289500925,0.02298074553300779,5
locations,tabpfn,rmia,RMIA,rmia_score,0.07780000000000001,0.43822725741029644,0.07061160953425853,0.8363312289500925,0.02298074553300779,5
locations,tabpfn,rmia,RMIA,rmia_score,0.078,0.44066936483173613,0.07040679262843695,0.8363312289500925,0.02298074553300779,5
locations,tabpfn,rmia,RMIA,rmia_score,0.0782,0.4413258159126364,0.0703733632428587,0.8363312289500925,0.02298074553300779,5
locations,tabpfn,rmia,RMIA,rmia_score,0.0784,0.44198226699353693,0.07034404852988242,0.8363312289500925,0.02298074553300779,5
locations,tabpfn,rmia,RMIA,rmia_score,0.0786,0.4426387180744372,0.07031885363551565,0.8363312289500925,0.02298074553300779,5
locations,tabpfn,rmia,RMIA,rmia_score,0.07880000000000001,0.4432951691553376,0.07029778298941726,0.8363312289500925,0.02298074553300779,5
locations,tabpfn,rmia,RMIA,rmia_score,0.079,0.443951620236238,0.07028084030101543,0.8363312289500925,0.02298074553300779,5
locations,tabpfn,rmia,RMIA,rmia_score,0.0792,0.4446080713171384,0.07026802855625007,0.8363312289500925,0.02298074553300779,5
locations,tabpfn,rmia,RMIA,rmia_score,0.0794,0.4452645223980388,0.0702593500149455,0.8363312289500925,0.02298074553300779,5
locations,tabpfn,rmia,RMIA,rmia_score,0.0796,0.4458847488299532,0.0703187505366813,0.8363312289500925,0.02298074553300779,5
locations,tabpfn,rmia,RMIA,rmia_score,0.07980000000000001,0.44649612970804553,0.07039817547783646,0.8363312289500925,0.02298074553300779,5
locations,tabpfn,rmia,RMIA,rmia_score,0.08,0.44710751058613774,0.0704820263727762,0.8363312289500925,0.02298074553300779,5
locations,tabpfn,rmia,RMIA,rmia_score,0.08020000000000001,0.44771889146422994,0.07057028744488297,0.8363312289500925,0.02298074553300779,5
locations,tabpfn,rmia,RMIA,rmia_score,0.0804,0.44833027234232226,0.07066294216865245,0.8363312289500925,0.02298074553300779,5
locations,tabpfn,rmia,RMIA,rmia_score,0.0806,0.44894165322041457,0.07075997328464344,0.8363312289500925,0.02298074553300779,5
locations,tabpfn,rmia,RMIA,rmia_score,0.08080000000000001,0.4495530340985069,0.07086136281495592,0.8363312289500925,0.02298074553300779,5
locations,tabpfn,rmia,RMIA,rmia_score,0.081,0.4501606708268331,0.07096673653047628,0.8363312289500925,0.02298074553300779,5
locations,tabpfn,rmia,RMIA,rmia_score,0.08120000000000001,0.4505316772899487,0.07105180026319007,0.8363312289500925,0.02298074553300779,5
locations,tabpfn,rmia,RMIA,rmia_score,0.0814,0.4509026837530644,0.07113692465812983,0.8363312289500925,0.02298074553300779,5
locations,tabpfn,rmia,RMIA,rmia_score,0.0816,0.4512736902161801,0.07122210949778576,0.8363312289500925,0.02298074553300779,5
locations,tabpfn,rmia,RMIA,rmia_score,0.0818,0.4516446966792958,0.07130735456553339,0.8363312289500925,0.02298074553300779,5
locations,tabpfn,rmia,RMIA,rmia_score,0.082,0.4520157031424114,0.07139265964562998,0.8363312289500925,0.02298074553300779,5
locations,tabpfn,rmia,RMIA,rmia_score,0.08220000000000001,0.4523867096055271,0.07147802452321131,0.8363312289500925,0.02298074553300779,5
locations,tabpfn,rmia,RMIA,rmia_score,0.0824,0.4527577160686428,0.07156344898428801,0.8363312289500925,0.02298074553300779,5
locations,tabpfn,rmia,RMIA,rmia_score,0.0826,0.4537983013149097,0.07160265237185999,0.8363312289500925,0.02298074553300779,5
locations,tabpfn,rmia,RMIA,rmia_score,0.0828,0.45436961979050594,0.07168094284293944,0.8363312289500925,0.02298074553300779,5
locations,tabpfn,rmia,RMIA,rmia_score,0.083,0.4549409382661021,0.0717623112931333,0.8363312289500925,0.02298074553300779,5
locations,tabpfn,rmia,RMIA,rmia_score,0.08320000000000001,0.45551225674169826,0.07184674726475011,0.8363312289500925,0.02298074553300779,5
locations,tabpfn,rmia,RMIA,rmia_score,0.0834,0.4560835752172944,0.07193423995587692,0.8363312289500925,0.02298074553300779,5
locations,tabpfn,rmia,RMIA,rmia_score,0.08360000000000001,0.4566548936928906,0.07202477822698919,0.8363312289500925,0.02298074553300779,5
locations,tabpfn,rmia,RMIA,rmia_score,0.0838,0.4572262121684868,0.07211835060771121,0.8363312289500925,0.02298074553300779,5
locations,tabpfn,rmia,RMIA,rmia_score,0.084,0.45779753064408285,0.07221494530371841,0.8363312289500925,0.02298074553300779,5
locations,tabpfn,rmia,RMIA,rmia_score,0.08420000000000001,0.45834069311343884,0.07241113618885571,0.8363312289500925,0.02298074553300779,5
locations,tabpfn,rmia,RMIA,rmia_score,0.0844,0.45884791174504125,0.07273278613746362,0.8363312289500925,0.02298074553300779,5
locations,tabpfn,rmia,RMIA,rmia_score,0.08460000000000001,0.45935513037664366,0.07305624463464579,0.8363312289500925,0.02298074553300779,5
locations,tabpfn,rmia,RMIA,rmia_score,0.0848,0.4598623490082461,0.07338148776468473,0.8363312289500925,0.02298074553300779,5
locations,tabpfn,rmia,RMIA,rmia_score,0.085,0.4603695676398485,0.07370849190318662,0.8363312289500925,0.02298074553300779,5
locations,tabpfn,rmia,RMIA,rmia_score,0.0852,0.4608767862714508,0.07403723371633932,0.8363312289500925,0.02298074553300779,5
locations,tabpfn,rmia,RMIA,rmia_score,0.0854,0.4613840049030533,0.07436769016001346,0.8363312289500925,0.02298074553300779,5
locations,tabpfn,rmia,RMIA,rmia_score,0.08560000000000001,0.4618912235346557,0.07469983847871325,0.8363312289500925,0.02298074553300779,5
locations,tabpfn,rmia,RMIA,rmia_score,0.0858,0.46360997414753735,0.07496683796997523,0.8363312289500925,0.02298074553300779,5
locations,tabpfn,rmia,RMIA,rmia_score,0.08600000000000001,0.46406110541564516,0.07512829327709993,0.8363312289500925,0.02298074553300779,5
locations,tabpfn,rmia,RMIA,rmia_score,0.0862,0.46451223668375297,0.07529048727269372,0.8363312289500925,0.02298074553300779,5
locations,tabpfn,rmia,RMIA,rmia_score,0.0864,0.464963367951861,0.0754534151931221,0.8363312289500925,0.02298074553300779,5
locations,tabpfn,rmia,RMIA,rmia_score,0.08660000000000001,0.4654144992199688,0.07561707229434358,0.8363312289500925,0.02298074553300779,5
locations,tabpfn,rmia,RMIA,rmia_score,0.0868,0.46586563048807667,0.07578145385215697,0.8363312289500925,0.02298074553300779,5
locations,tabpfn,rmia,RMIA,rmia_score,0.08700000000000001,0.4663167617561846,0.07594655516243981,0.8363312289500925,0.02298074553300779,5
locations,tabpfn,rmia,RMIA,rmia_score,0.0872,0.4667678930242924,0.0761123715413777,0.8363312289500925,0.02298074553300779,5
locations,tabpfn,rmia,RMIA,rmia_score,0.0874,0.4679804595498106,0.07639428371390307,0.8363312289500925,0.02298074553300779,5
locations,tabpfn,rmia,RMIA,rmia_score,0.0876,0.46895240205036776,0.07666901484410193,0.8363312289500925,0.02298074553300779,5
locations,tabpfn,rmia,RMIA,rmia_score,0.0878,0.4699243445509249,0.0769673737686812,0.8363312289500925,0.02298074553300779,5
locations,tabpfn,rmia,RMIA,rmia_score,0.08800000000000001,0.47089628705148207,0.07728908685712728,0.8363312289500925,0.02298074553300779,5
locations,tabpfn,rmia,RMIA,rmia_score,0.0882,0.4718682295520392,0.07763386377250066,0.8363312289500925,0.02298074553300779,5
locations,tabpfn,rmia,RMIA,rmia_score,0.0884,0.47284017205259643,0.078001398679535,0.8363312289500925,0.02298074553300779,5
locations,tabpfn,rmia,RMIA,rmia_score,0.0886,0.4738121145531536,0.07839137147899808,0.8363312289500925,0.02298074553300779,5
locations,tabpfn,rmia,RMIA,rmia_score,0.0888,0.47505327925117,0.07877141475883738,0.8363312289500925,0.02298074553300779,5
locations,tabpfn,rmia,RMIA,rmia_score,0.08900000000000001,0.4754529017160687,0.07896076774415532,0.8363312289500925,0.02298074553300779,5
locations,tabpfn,rmia,RMIA,rmia_score,0.0892,0.47585252418096724,0.07915073872130143,0.8363312289500925,0.02298074553300779,5
locations,tabpfn,rmia,RMIA,rmia_score,0.08940000000000001,0.4762521466458659,0.07934132325120775,0.8363312289500925,0.02298074553300779,5
locations,tabpfn,rmia,RMIA,rmia_score,0.0896,0.47665176911076446,0.07953251692308741,0.8363312289500925,0.02298074553300779,5
locations,tabpfn,rmia,RMIA,rmia_score,0.0898,0.47705139157566306,0.07972431535443472,0.8363312289500925,0.02298074553300779,5
locations,tabpfn,rmia,RMIA,rmia_score,0.09000000000000001,0.4774510140405616,0.0799167141910199,0.8363312289500925,0.02298074553300779,5
locations,tabpfn,rmia,RMIA,rmia_score,0.0902,0.47785063650546017,0.08010970910687787,0.8363312289500925,0.02298074553300779,5
locations,tabpfn,rmia,RMIA,rmia_score,0.09040000000000001,0.4782674820592824,0.08030225038170176,0.8363312289500925,0.02298074553300779,5
locations,tabpfn,rmia,RMIA,rmia_score,0.0906,0.47872719812792514,0.08049269318863028,0.8363312289500925,0.02298074553300779,5
locations,tabpfn,rmia,RMIA,rmia_score,0.0908,0.47918691419656784,0.08068358978684206,0.8363312289500925,0.02298074553300779,5
locations,tabpfn,rmia,RMIA,rmia_score,0.091,0.47964663026521065,0.0808749369629605,0.8363312289500925,0.02298074553300779,5
locations,tabpfn,rmia,RMIA,rmia_score,0.0912,0.4801063463338533,0.08106673152639897,0.8363312289500925,0.02298074553300779,5
locations,tabpfn,rmia,RMIA,rmia_score,0.09140000000000001,0.4805660624024961,0.08125897030926899,0.8363312289500925,0.02298074553300779,5
locations,tabpfn,rmia,RMIA,rmia_score,0.0916,0.4810257784711388,0.0814516501662861,0.8363312289500925,0.02298074553300779,5
locations,tabpfn,rmia,RMIA,rmia_score,0.0918,0.48148549453978157,0.08164476797467453,0.8363312289500925,0.02298074553300779,5
locations,tabpfn,rmia,RMIA,rmia_score,0.092,0.481944378575143,0.08180192969716747,0.8363312289500925,0.02298074553300779,5
locations,tabpfn,rmia,RMIA,rmia_score,0.0922,0.4824024253770151,0.08192277060236272,0.8363312289500925,0.02298074553300779,5
locations,tabpfn,rmia,RMIA,rmia_score,0.09240000000000001,0.4828604721788873,0.08204386270658094,0.8363312289500925,0.02298074553300779,5
locations,tabpfn,rmia,RMIA,rmia_score,0.0926,0.4833185189807592,0.08216520489919797,0.8363312289500925,0.02298074553300779,5
locations,tabpfn,rmia,RMIA,rmia_score,0.09280000000000001,0.48377656578263134,0.0822867960738539,0.8363312289500925,0.02298074553300779,5
locations,tabpfn,rmia,RMIA,rmia_score,0.093,0.4842346125845034,0.08240863512845471,0.8363312289500925,0.02298074553300779,5
locations,tabpfn,rmia,RMIA,rmia_score,0.0932,0.4846926593863755,0.0825307209651744,0.8363312289500925,0.02298074553300779,5
locations,tabpfn,rmia,RMIA,rmia_score,0.09340000000000001,0.48515070618824757,0.08265305249045621,0.8363312289500925,0.02298074553300779,5
locations,tabpfn,rmia,RMIA,rmia_score,0.0936,0.48759891835673425,0.08369347707552363,0.8363312289500925,0.02298074553300779,5
locations,tabpfn,rmia,RMIA,rmia_score,0.09380000000000001,0.4882232241289651,0.08373976379619956,0.8363312289500925,0.02298074553300779,5
locations,tabpfn,rmia,RMIA,rmia_score,0.094,0.48884752990119607,0.08378748424009133,0.8363312289500925,0.02298074553300779,5
locations,tabpfn,rmia,RMIA,rmia_score,0.0942,0.489471835673427,0.08383663595894097,0.8363312289500925,0.02298074553300779,5
locations,tabpfn,rmia,RMIA,rmia_score,0.0944,0.49009614144565783,0.0838872164368839,0.8363312289500925,0.02298074553300779,5
locations,tabpfn,rmia,RMIA,rmia_score,0.0946,0.4907204472178887,0.08393922309107582,0.8363312289500925,0.02298074553300779,5
locations,tabpfn,rmia,RMIA,rmia_score,0.09480000000000001,0.49134475299011965,0.08399265327233302,0.8363312289500925,0.02298074553300779,5
locations,tabpfn,rmia,RMIA,rmia_score,0.095,0.4919690587623505,0.08404750426578705,0.8363312289500925,0.02298074553300779,5
locations,tabpfn,rmia,RMIA,rmia_score,0.0952,0.4929053770150807,0.08330492890888437,0.8363312289500925,0.02298074553300779,5
locations,tabpfn,rmia,RMIA,rmia_score,0.0954,0.4935296827873115,0.08308682016935319,0.8363312289500925,0.02298074553300779,5
locations,tabpfn,rmia,RMIA,rmia_score,0.0956,0.4941539885595424,0.08287009701929547,0.8363312289500925,0.02298074553300779,5
locations,tabpfn,rmia,RMIA,rmia_score,0.09580000000000001,0.49477829433177334,0.0826547703578766,0.8363312289500925,0.02298074553300779,5
locations,tabpfn,rmia,RMIA,rmia_score,0.096,0.49540260010400416,0.082440851127533,0.8363312289500925,0.02298074553300779,5
locations,tabpfn,rmia,RMIA,rmia_score,0.09620000000000001,0.4960269058762351,0.08222835031267292,0.8363312289500925,0.02298074553300779,5
locations,tabpfn,rmia,RMIA,rmia_score,0.0964,0.496651211648466,0.08201727893833176,0.8363312289500925,0.02298074553300779,5
locations,tabpfn,rmia,RMIA,rmia_score,0.0966,0.4972567342693708,0.08184635948386124,0.8363312289500925,0.02298074553300779,5
locations,tabpfn,rmia,RMIA,rmia_score,0.09680000000000001,0.4977408216328654,0.08192658364522404,0.8363312289500925,0.02298074553300779,5
locations,tabpfn,rmia,RMIA,rmia_score,0.097,0.49822490899635985,0.08200723560180884,0.8363312289500925,0.02298074553300779,5
locations,tabpfn,rmia,RMIA,rmia_score,0.09720000000000001,0.49870899635985444,0.08208831409268626,0.8363312289500925,0.02298074553300779,5
locations,tabpfn,rmia,RMIA,rmia_score,0.0974,0.499193083723349,0.08216981785524831,0.8363312289500925,0.02298074553300779,5
locations,tabpfn,rmia,RMIA,rmia_score,0.0976,0.4996771710868435,0.08225174562528198,0.8363312289500925,0.02298074553300779,5
locations,tabpfn,rmia,RMIA,rmia_score,0.0978,0.5001612584503381,0.08233409613704241,0.8363312289500925,0.02298074553300779,5
locations,tabpfn,rmia,RMIA,rmia_score,0.098,0.5006453458138326,0.08241686812332558,0.8363312289500925,0.02298074553300779,5
locations,tabpfn,rmia,RMIA,rmia_score,0.09820000000000001,0.5010971086843474,0.08248640705752074,0.8363312289500925,0.02298074553300779,5
locations,tabpfn,rmia,RMIA,rmia_score,0.0984,0.5014877171086843,0.08253070914800986,0.8363312289500925,0.02298074553300779,5
locations,tabpfn,rmia,RMIA,rmia_score,0.09860000000000001,0.5018783255330214,0.08257568867780808,0.8363312289500925,0.02298074553300779,5
locations,tabpfn,rmia,RMIA,rmia_score,0.0988,0.5022689339573583,0.08262134454050993,0.8363312289500925,0.02298074553300779,5
locations,tabpfn,rmia,RMIA,rmia_score,0.099,0.5026595423816953,0.08266767561553612,0.8363312289500925,0.02298074553300779,5
locations,tabpfn,rmia,RMIA,rmia_score,0.09920000000000001,0.5030501508060323,0.08271468076826413,0.8363312289500925,0.02298074553300779,5
locations,tabpfn,rmia,RMIA,rmia_score,0.0994,0.5034407592303692,0.08276235885016013,0.8363312289500925,0.02298074553300779,5
locations,tabpfn,rmia,RMIA,rmia_score,0.09960000000000001,0.5038313676547063,0.08281070869891159,0.8363312289500925,0.02298074553300779,5
locations,tabpfn,rmia,RMIA,rmia_score,0.0998,0.504561913676547,0.08285637035736995,0.8363312289500925,0.02298074553300779,5
locations,tabpfn,rmia,RMIA,rmia_score,0.1,0.5050026001040042,0.08301452838345562,0.8363312289500925,0.02298074553300779,5
locations,tabpfn,rmia,RMIA,rmia_score,0.105,0.5158170046801872,0.08417234431104847,0.8363312289500925,0.02298074553300779,5
locations,tabpfn,rmia,RMIA,rmia_score,0.11,0.5313660946437857,0.08313588521319955,0.8363312289500925,0.02298074553300779,5
locations,tabpfn,rmia,RMIA,rmia_score,0.11499999999999999,0.5431411856474259,0.08384418953857087,0.8363312289500925,0.02298074553300779,5
locations,tabpfn,rmia,RMIA,rmia_score,0.12,0.5570670826833073,0.08568536101727206,0.8363312289500925,0.02298074553300779,5
locations,tabpfn,rmia,RMIA,rmia_score,0.125,0.5724453978159126,0.08228532005514912,0.8363312289500925,0.02298074553300779,5
locations,tabpfn,rmia,RMIA,rmia_score,0.13,0.5822204888195528,0.08287531223338415,0.8363312289500925,0.02298074553300779,5
locations,tabpfn,rmia,RMIA,rmia_score,0.135,0.5998917316692669,0.08064090377274206,0.8363312289500925,0.02298074553300779,5
locations,tabpfn,rmia,RMIA,rmia_score,0.14,0.6141094817126019,0.07198479908972868,0.8363312289500925,0.02298074553300779,5
locations,tabpfn,rmia,RMIA,rmia_score,0.145,0.6226540128271798,0.07034468844766714,0.8363312289500925,0.02298074553300779,5
locations,tabpfn,rmia,RMIA,rmia_score,0.15,0.6286751851026422,0.07027384346476684,0.8363312289500925,0.02298074553300779,5
locations,tabpfn,rmia,RMIA,rmia_score,0.155,0.6397351855979002,0.06674269903575926,0.8363312289500925,0.02298074553300779,5
locations,tabpfn,rmia,RMIA,rmia_score,0.16,0.6475980239209569,0.06560076006910436,0.8363312289500925,0.02298074553300779,5
locations,tabpfn,rmia,RMIA,rmia_score,0.16499999999999998,0.6556114144565782,0.06569490592055673,0.8363312289500925,0.02298074553300779,5
locations,tabpfn,rmia,RMIA,rmia_score,0.16999999999999998,0.6640676027041083,0.06253283259891289,0.8363312289500925,0.02298074553300779,5
locations,tabpfn,rmia,RMIA,rmia_score,0.175,0.672371294851794,0.06029614094162242,0.8363312289500925,0.02298074553300779,5
locations,tabpfn,rmia,RMIA,rmia_score,0.18,0.6819490379615185,0.05591139621887861,0.8363312289500925,0.02298074553300779,5
locations,tabpfn,rmia,RMIA,rmia_score,0.185,0.691291315652626,0.0542760431872496,0.8363312289500925,0.02298074553300779,5
locations,tabpfn,rmia,RMIA,rmia_score,0.19,0.6993811752470099,0.051063435322177365,0.8363312289500925,0.02298074553300779,5
locations,tabpfn,rmia,RMIA,rmia_score,0.195,0.7114262090483618,0.04246350395061507,0.8363312289500925,0.02298074553300779,5
locations,tabpfn,rmia,RMIA,rmia_score,0.2,0.718978679147166,0.03994533639701863,0.8363312289500925,0.02298074553300779,5
locations,tabpfn,rmia,RMIA,rmia_score,0.20500000000000002,0.725620681970136,0.035146083966215054,0.8363312289500925,0.02298074553300779,5
locations,tabpfn,rmia,RMIA,rmia_score,0.21,0.7345882772453755,0.028582463411573816,0.8363312289500925,0.02298074553300779,5
locations,tabpfn,rmia,RMIA,rmia_score,0.215,0.7394418096723869,0.027055739246156136,0.8363312289500925,0.02298074553300779,5
locations,tabpfn,rmia,RMIA,rmia_score,0.22,0.7437065002600105,0.028669359999983456,0.8363312289500925,0.02298074553300779,5
locations,tabpfn,rmia,RMIA,rmia_score,0.22499999999999998,0.7466357254290171,0.028207328958047596,0.8363312289500925,0.02298074553300779,5
locations,tabpfn,rmia,RMIA,rmia_score,0.22999999999999998,0.7525962558502342,0.022779943283303405,0.8363312289500925,0.02298074553300779,5
locations,tabpfn,rmia,RMIA,rmia_score,0.235,0.7584929797191888,0.024007800609802055,0.8363312289500925,0.02298074553300779,5
locations,tabpfn,rmia,RMIA,rmia_score,0.24,0.761390015600624,0.023383634685814347,0.8363312289500925,0.02298074553300779,5
locations,tabpfn,rmia,RMIA,rmia_score,0.245,0.7649806939000249,0.023394031596020125,0.8363312289500925,0.02298074553300779,5
locations,tabpfn,rmia,RMIA,rmia_score,0.25,0.7701402089697034,0.02573737523631514,0.8363312289500925,0.02298074553300779,5
locations,tabpfn,rmia,RMIA,rmia_score,0.255,0.7765819950445076,0.028090842033559583,0.8363312289500925,0.02298074553300779,5
locations,tabpfn,rmia,RMIA,rmia_score,0.26,0.7817714967422227,0.029498305915165182,0.8363312289500925,0.02298074553300779,5
locations,tabpfn,rmia,RMIA,rmia_score,0.265,0.7891612064482579,0.030266825667736478,0.8363312289500925,0.02298074553300779,5
locations,tabpfn,rmia,RMIA,rmia_score,0.27,0.7940711388455538,0.03043539334469364,0.8363312289500925,0.02298074553300779,5
locations,tabpfn,rmia,RMIA,rmia_score,0.275,0.7973478939157566,0.029698765360228106,0.8363312289500925,0.02298074553300779,5
locations,tabpfn,rmia,RMIA,rmia_score,0.28,0.8026053042121685,0.028835579172954255,0.8363312289500925,0.02298074553300779,5
locations,tabpfn,rmia,RMIA,rmia_score,0.285,0.8072631305252209,0.027068449426814745,0.8363312289500925,0.02298074553300779,5
locations,tabpfn,rmia,RMIA,rmia_score,0.29,0.8098356734269372,0.027354400224675224,0.8363312289500925,0.02298074553300779,5
locations,tabpfn,rmia,RMIA,rmia_score,0.295,0.8142581194156857,0.028212686235770876,0.8363312289500925,0.02298074553300779,5
locations,tabpfn,rmia,RMIA,rmia_score,0.3,0.8193022266345199,0.028939476416265708,0.8363312289500925,0.02298074553300779,5
locations,tabpfn,rmia,RMIA,rmia_score,0.305,0.8243504940197608,0.0299713206068646,0.8363312289500925,0.02298074553300779,5
locations,tabpfn,rmia,RMIA,rmia_score,0.31,0.8278448257930316,0.030863726187389327,0.8363312289500925,0.02298074553300779,5
locations,tabpfn,rmia,RMIA,rmia_score,0.315,0.8320646905876234,0.03169988997782921,0.8363312289500925,0.02298074553300779,5
locations,tabpfn,rmia,RMIA,rmia_score,0.32,0.8347207488299532,0.032151787770364634,0.8363312289500925,0.02298074553300779,5
locations,tabpfn,rmia,RMIA,rmia_score,0.325,0.8372594903796152,0.03350693813818157,0.8363312289500925,0.02298074553300779,5
locations,tabpfn,rmia,RMIA,rmia_score,0.33,0.8405284897110171,0.03338321881037538,0.8363312289500925,0.02298074553300779,5
locations,tabpfn,rmia,RMIA,rmia_score,0.335,0.8426245449817993,0.03319227933952348,0.8363312289500925,0.02298074553300779,5
locations,tabpfn,rmia,RMIA,rmia_score,0.34,0.8442802763539113,0.03358940393290339,0.8363312289500925,0.02298074553300779,5
locations,tabpfn,rmia,RMIA,rmia_score,0.345,0.8472876755070203,0.033420390863053026,0.8363312289500925,0.02298074553300779,5
locations,tabpfn,rmia,RMIA,rmia_score,0.35,0.8532735309412377,0.03519645409765621,0.8363312289500925,0.02298074553300779,5
locations,tabpfn,rmia,RMIA,rmia_score,0.355,0.8565418616744669,0.03432447072917799,0.8363312289500925,0.02298074553300779,5
locations,tabpfn,rmia,RMIA,rmia_score,0.36,0.860513780551222,0.031291346425973,0.8363312289500925,0.02298074553300779,5
locations,tabpfn,rmia,RMIA,rmia_score,0.365,0.8621580863234529,0.031213805541997416,0.8363312289500925,0.02298074553300779,5
locations,tabpfn,rmia,RMIA,rmia_score,0.37,0.8653960329841764,0.029109211706153007,0.8363312289500925,0.02298074553300779,5
locations,tabpfn,rmia,RMIA,rmia_score,0.375,0.8692630562365352,0.028773066924364522,0.8363312289500925,0.02298074553300779,5
locations,tabpfn,rmia,RMIA,rmia_score,0.38,0.8731030384072506,0.02767777291789246,0.8363312289500925,0.02298074553300779,5
locations,tabpfn,rmia,RMIA,rmia_score,0.385,0.8755423816952679,0.026791402366408763,0.8363312289500925,0.02298074553300779,5
locations,tabpfn,rmia,RMIA,rmia_score,0.39,0.8770379615184607,0.026476656169466206,0.8363312289500925,0.02298074553300779,5
locations,tabpfn,rmia,RMIA,rmia_score,0.39499999999999996,0.8791390535621426,0.0262259776060941,0.8363312289500925,0.02298074553300779,5
locations,tabpfn,rmia,RMIA,rmia_score,0.39999999999999997,0.8838720748829954,0.02727714661946423,0.8363312289500925,0.02298074553300779,5
locations,tabpfn,rmia,RMIA,rmia_score,0.40499999999999997,0.8865000891464231,0.028455821246355793,0.8363312289500925,0.02298074553300779,5
locations,tabpfn,rmia,RMIA,rmia_score,0.41,0.888019166480945,0.028661960872389834,0.8363312289500925,0.02298074553300779,5
locations,tabpfn,rmia,RMIA,rmia_score,0.415,0.889273902384667,0.02818673113353917,0.8363312289500925,0.02298074553300779,5
locations,tabpfn,rmia,RMIA,rmia_score,0.42,0.8903078523140925,0.02785457244085908,0.8363312289500925,0.02298074553300779,5
locations,tabpfn,rmia,RMIA,rmia_score,0.425,0.8933895141519945,0.025510832942683803,0.8363312289500925,0.02298074553300779,5
locations,tabpfn,rmia,RMIA,rmia_score,0.43,0.8976557165143749,0.025460465393228115,0.8363312289500925,0.02298074553300779,5
locations,tabpfn,rmia,RMIA,rmia_score,0.435,0.9012688141811388,0.025081992891539256,0.8363312289500925,0.02298074553300779,5
locations,tabpfn,rmia,RMIA,rmia_score,0.44,0.9034949397975918,0.025081991812025042,0.8363312289500925,0.02298074553300779,5
locations,tabpfn,rmia,RMIA,rmia_score,0.445,0.9040847233889355,0.025168445192445887,0.8363312289500925,0.02298074553300779,5
locations,tabpfn,rmia,RMIA,rmia_score,0.45,0.9049053962158486,0.025534659262709276,0.8363312289500925,0.02298074553300779,5
locations,tabpfn,rmia,RMIA,rmia_score,0.455,0.9070996879875196,0.025326810253033665,0.8363312289500925,0.02298074553300779,5
locations,tabpfn,rmia,RMIA,rmia_score,0.45999999999999996,0.9080948517940717,0.024571575517206307,0.8363312289500925,0.02298074553300779,5
locations,tabpfn,rmia,RMIA,rmia_score,0.46499999999999997,0.9092719708788352,0.024056042807779825,0.8363312289500925,0.02298074553300779,5
locations,tabpfn,rmia,RMIA,rmia_score,0.47,0.9106619864794592,0.024085431554383235,0.8363312289500925,0.02298074553300779,5
locations,tabpfn,rmia,RMIA,rmia_score,0.475,0.9113273530941237,0.024144562667602353,0.8363312289500925,0.02298074553300779,5
locations,tabpfn,rmia,RMIA,rmia_score,0.48,0.9127122204888195,0.024039136032540924,0.8363312289500925,0.02298074553300779,5
locations,tabpfn,rmia,RMIA,rmia_score,0.485,0.9161103484139366,0.023928638093874764,0.8363312289500925,0.02298074553300779,5
locations,tabpfn,rmia,RMIA,rmia_score,0.49,0.9177786271450857,0.023079616438550398,0.8363312289500925,0.02298074553300779,5
locations,tabpfn,rmia,RMIA,rmia_score,0.495,0.9189141185647426,0.022621982424303935,0.8363312289500925,0.02298074553300779,5
locations,tabpfn,rmia,RMIA,rmia_score,0.5,0.920241809672387,0.02230517598841208,0.8363312289500925,0.02298074553300779,5
locations,tabpfn,rmia,RMIA,rmia_score,0.505,0.9215245709828392,0.022841527632942837,0.8363312289500925,0.02298074553300779,5
locations,tabpfn,rmia,RMIA,rmia_score,0.51,0.9227116484659387,0.021710113932166,0.8363312289500925,0.02298074553300779,5
locations,tabpfn,rmia,RMIA,rmia_score,0.515,0.9236167446697868,0.021115572205312766,0.8363312289500925,0.02298074553300779,5
locations,tabpfn,rmia,RMIA,rmia_score,0.52,0.9250171606864275,0.021015070154421927,0.8363312289500925,0.02298074553300779,5
locations,tabpfn,rmia,RMIA,rmia_score,0.525,0.9273049921996879,0.021424340083265967,0.8363312289500925,0.02298074553300779,5
locations,tabpfn,rmia,RMIA,rmia_score,0.53,0.92901872074883,0.02068163582815614,0.8363312289500925,0.02298074553300779,5
locations,tabpfn,rmia,RMIA,rmia_score,0.535,0.9309578783151325,0.018868596944908604,0.8363312289500925,0.02298074553300779,5
locations,tabpfn,rmia,RMIA,rmia_score,0.54,0.9327925117004681,0.01810742596023483,0.8363312289500925,0.02298074553300779,5
locations,tabpfn,rmia,RMIA,rmia_score,0.545,0.9361120124804992,0.01926217451984197,0.8363312289500925,0.02298074553300779,5
locations,tabpfn,rmia,RMIA,rmia_score,0.55,0.9383005720228809,0.01888009637371572,0.8363312289500925,0.02298074553300779,5
locations,tabpfn,rmia,RMIA,rmia_score,0.555,0.9391145085803432,0.018639044848361885,0.8363312289500925,0.02298074553300779,5
locations,tabpfn,rmia,RMIA,rmia_score,0.56,0.9398127925117004,0.018373190780891557,0.8363312289500925,0.02298074553300779,5
locations,tabpfn,rmia,RMIA,rmia_score,0.5650000000000001,0.9423369734789393,0.018137315280992067,0.8363312289500925,0.02298074553300779,5
locations,tabpfn,rmia,RMIA,rmia_score,0.5700000000000001,0.9444427740745993,0.019146659402353338,0.8363312289500925,0.02298074553300779,5
locations,tabpfn,rmia,RMIA,rmia_score,0.5750000000000001,0.9459062544319956,0.0193902949870097,0.8363312289500925,0.02298074553300779,5
locations,tabpfn,rmia,RMIA,rmia_score,0.5800000000000001,0.9473853354134165,0.02031365275638118,0.8363312289500925,0.02298074553300779,5
locations,tabpfn,rmia,RMIA,rmia_score,0.585,0.9482316692667707,0.01983135247662227,0.8363312289500925,0.02298074553300779,5
locations,tabpfn,rmia,RMIA,rmia_score,0.59,0.9505117004680187,0.01988369271484301,0.8363312289500925,0.02298074553300779,5
locations,tabpfn,rmia,RMIA,rmia_score,0.595,0.9526235049401975,0.018044647232421156,0.8363312289500925,0.02298074553300779,5
locations,tabpfn,rmia,RMIA,rmia_score,0.6,0.9540509620384816,0.016663790484423815,0.8363312289500925,0.02298074553300779,5
locations,tabpfn,rmia,RMIA,rmia_score,0.605,0.9555020280811233,0.017931181838028547,0.8363312289500925,0.02298074553300779,5
locations,tabpfn,rmia,RMIA,rmia_score,0.61,0.9562708268330733,0.018306693886279615,0.8363312289500925,0.02298074553300779,5
locations,tabpfn,rmia,RMIA,rmia_score,0.615,0.9577252210088403,0.01791020404211478,0.8363312289500925,0.02298074553300779,5
locations,tabpfn,rmia,RMIA,rmia_score,0.62,0.9590176064185425,0.01769595662654211,0.8363312289500925,0.02298074553300779,5
locations,tabpfn,rmia,RMIA,rmia_score,0.625,0.9596723868954757,0.017204065156673463,0.8363312289500925,0.02298074553300779,5
locations,tabpfn,rmia,RMIA,rmia_score,0.63,0.9610745115518906,0.017501530507494114,0.8363312289500925,0.02298074553300779,5
locations,tabpfn,rmia,RMIA,rmia_score,0.635,0.962210608424337,0.01740340108188431,0.8363312289500925,0.02298074553300779,5
locations,tabpfn,rmia,RMIA,rmia_score,0.64,0.9634288091523662,0.017640176578323008,0.8363312289500925,0.02298074553300779,5
locations,tabpfn,rmia,RMIA,rmia_score,0.645,0.9644331030384073,0.017718641736017067,0.8363312289500925,0.02298074553300779,5
locations,tabpfn,rmia,RMIA,rmia_score,0.65,0.9650999182824457,0.018048728314922467,0.8363312289500925,0.02298074553300779,5
locations,tabpfn,rmia,RMIA,rmia_score,0.655,0.966578003120125,0.01872878337727562,0.8363312289500925,0.02298074553300779,5
locations,tabpfn,rmia,RMIA,rmia_score,0.66,0.9683484139365575,0.01685494978230519,0.8363312289500925,0.02298074553300779,5
locations,tabpfn,rmia,RMIA,rmia_score,0.665,0.9696263650546021,0.016938429261705815,0.8363312289500925,0.02298074553300779,5
locations,tabpfn,rmia,RMIA,rmia_score,0.67,0.9723182527301091,0.01655765232384678,0.8363312289500925,0.02298074553300779,5
locations,tabpfn,rmia,RMIA,rmia_score,0.675,0.973166926677067,0.0169968064898157,0.8363312289500925,0.02298074553300779,5
locations,tabpfn,rmia,RMIA,rmia_score,0.68,0.9737909516380654,0.01565513098820856,0.8363312289500925,0.02298074553300779,5
locations,tabpfn,rmia,RMIA,rmia_score,0.6849999999999999,0.9748010548993389,0.01597237363201076,0.8363312289500925,0.02298074553300779,5
locations,tabpfn,rmia,RMIA,rmia_score,0.69,0.9765363048807666,0.015793370060727573,0.8363312289500925,0.02298074553300779,5
locations,tabpfn,rmia,RMIA,rmia_score,0.695,0.9772129485179407,0.015419128437085622,0.8363312289500925,0.02298074553300779,5
locations,tabpfn,rmia,RMIA,rmia_score,0.7,0.9781279251170046,0.014396236070495581,0.8363312289500925,0.02298074553300779,5
locations,tabpfn,rmia,RMIA,rmia_score,0.705,0.978783151326053,0.01312679186768342,0.8363312289500925,0.02298074553300779,5
locations,tabpfn,rmia,RMIA,rmia_score,0.71,0.9792215140034173,0.013430821090418892,0.8363312289500925,0.02298074553300779,5
locations,tabpfn,rmia,RMIA,rmia_score,0.715,0.9799271227991977,0.01330060317040884,0.8363312289500925,0.02298074553300779,5
locations,tabpfn,rmia,RMIA,rmia_score,0.72,0.9810046801872077,0.01313002496176619,0.8363312289500925,0.02298074553300779,5
locations,tabpfn,rmia,RMIA,rmia_score,0.725,0.9814196567862716,0.013303180013993613,0.8363312289500925,0.02298074553300779,5
locations,tabpfn,rmia,RMIA,rmia_score,0.73,0.9822152886115445,0.01294005700675677,0.8363312289500925,0.02298074553300779,5
locations,tabpfn,rmia,RMIA,rmia_score,0.735,0.9824867394695789,0.013173097089496672,0.8363312289500925,0.02298074553300779,5
locations,tabpfn,rmia,RMIA,rmia_score,0.74,0.9826957878315132,0.01329692353904296,0.8363312289500925,0.02298074553300779,5
locations,tabpfn,rmia,RMIA,rmia_score,0.745,0.9848441497659906,0.012737837512562135,0.8363312289500925,0.02298074553300779,5
locations,tabpfn,rmia,RMIA,rmia_score,0.75,0.9857371294851796,0.012442503223757355,0.8363312289500925,0.02298074553300779,5
locations,tabpfn,rmia,RMIA,rmia_score,0.755,0.9860626365054603,0.012543360399257079,0.8363312289500925,0.02298074553300779,5
locations,tabpfn,rmia,RMIA,rmia_score,0.76,0.9868673946957879,0.011334174917837843,0.8363312289500925,0.02298074553300779,5
locations,tabpfn,rmia,RMIA,rmia_score,0.765,0.9875397815912637,0.010653164009001648,0.8363312289500925,0.02298074553300779,5
locations,tabpfn,rmia,RMIA,rmia_score,0.77,0.988040561622465,0.01107510044377631,0.8363312289500925,0.02298074553300779,5
locations,tabpfn,rmia,RMIA,rmia_score,0.775,0.9882293291731671,0.010988214562682879,0.8363312289500925,0.02298074553300779,5
locations,tabpfn,rmia,RMIA,rmia_score,0.78,0.9887301092043682,0.009909881829340864,0.8363312289500925,0.02298074553300779,5
locations,tabpfn,rmia,RMIA,rmia_score,0.785,0.9890795631825273,0.009163291828760295,0.8363312289500925,0.02298074553300779,5
locations,tabpfn,rmia,RMIA,rmia_score,0.79,0.9896037441497659,0.009168991217439497,0.8363312289500925,0.02298074553300779,5
locations,tabpfn,rmia,RMIA,rmia_score,0.795,0.9904360374414976,0.008476380706966451,0.8363312289500925,0.02298074553300779,5
locations,tabpfn,rmia,RMIA,rmia_score,0.8,0.9912012480499219,0.00845144998484077,0.8363312289500925,0.02298074553300779,5
locations,tabpfn,rmia,RMIA,rmia_score,0.805,0.9914828393135726,0.008045590033052137,0.8363312289500925,0.02298074553300779,5
locations,tabpfn,rmia,RMIA,rmia_score,0.8099999999999999,0.993033801352054,0.00698773449900245,0.8363312289500925,0.02298074553300779,5
locations,tabpfn,rmia,RMIA,rmia_score,0.815,0.9931357254290172,0.006764269388043326,0.8363312289500925,0.02298074553300779,5
locations,tabpfn,rmia,RMIA,rmia_score,0.82,0.9934477379095163,0.006924287370100526,0.8363312289500925,0.02298074553300779,5
locations,tabpfn,rmia,RMIA,rmia_score,0.825,0.9934477379095163,0.006924287370100526,0.8363312289500925,0.02298074553300779,5
locations,tabpfn,rmia,RMIA,rmia_score,0.83,0.9940280811232449,0.007389809927723902,0.8363312289500925,0.02298074553300779,5
locations,tabpfn,rmia,RMIA,rmia_score,0.835,0.9944950598023921,0.006527286094613302,0.8363312289500925,0.02298074553300779,5
locations,tabpfn,rmia,RMIA,rmia_score,0.84,0.9947623504940198,0.0059620315645555425,0.8363312289500925,0.02298074553300779,5
locations,tabpfn,rmia,RMIA,rmia_score,0.845,0.9949292771710869,0.005612431670206914,0.8363312289500925,0.02298074553300779,5
locations,tabpfn,rmia,RMIA,rmia_score,0.85,0.9950078003120124,0.005449063711879259,0.8363312289500925,0.02298074553300779,5
locations,tabpfn,rmia,RMIA,rmia_score,0.855,0.9951269890795633,0.005202611592206647,0.8363312289500925,0.02298074553300779,5
locations,tabpfn,rmia,RMIA,rmia_score,0.86,0.9958523140925639,0.004866096693025698,0.8363312289500925,0.02298074553300779,5
locations,tabpfn,rmia,RMIA,rmia_score,0.865,0.9967041081643266,0.0038511225215311718,0.8363312289500925,0.02298074553300779,5
locations,tabpfn,rmia,RMIA,rmia_score,0.87,0.997191887675507,0.003000839947218647,0.8363312289500925,0.02298074553300779,5
locations,tabpfn,rmia,RMIA,rmia_score,0.875,0.9981279251170048,0.001708962737925643,0.8363312289500925,0.02298074553300779,5
locations,tabpfn,rmia,RMIA,rmia_score,0.88,0.9984274570982841,0.0018981029924198221,0.8363312289500925,0.02298074553300779,5
locations,tabpfn,rmia,RMIA,rmia_score,0.885,0.9987519500780031,0.0013052418510672112,0.8363312289500925,0.02298074553300779,5
locations,tabpfn,rmia,RMIA,rmia_score,0.89,0.9987519500780031,0.0013052418510672112,0.8363312289500925,0.02298074553300779,5
locations,tabpfn,rmia,RMIA,rmia_score,0.895,0.9987519500780031,0.0013052418510672112,0.8363312289500925,0.02298074553300779,5
locations,tabpfn,rmia,RMIA,rmia_score,0.9,0.9987519500780031,0.0013052418510672112,0.8363312289500925,0.02298074553300779,5
locations,tabpfn,rmia,RMIA,rmia_score,0.905,0.9987519500780031,0.0013052418510672112,0.8363312289500925,0.02298074553300779,5
locations,tabpfn,rmia,RMIA,rmia_score,0.91,0.9987519500780031,0.0013052418510672112,0.8363312289500925,0.02298074553300779,5
locations,tabpfn,rmia,RMIA,rmia_score,0.915,0.9987519500780031,0.0013052418510672112,0.8363312289500925,0.02298074553300779,5
locations,tabpfn,rmia,RMIA,rmia_score,0.92,0.9990639625585024,0.0008544813689627987,0.8363312289500925,0.02298074553300779,5
locations,tabpfn,rmia,RMIA,rmia_score,0.925,0.9991909962112772,0.0007827168894596612,0.8363312289500925,0.02298074553300779,5
locations,tabpfn,rmia,RMIA,rmia_score,0.93,0.9993340762201918,0.0008207016467989755,0.8363312289500925,0.02298074553300779,5
locations,tabpfn,rmia,RMIA,rmia_score,0.935,0.9993759750390016,0.0008544813689627986,0.8363312289500925,0.02298074553300779,5
locations,tabpfn,rmia,RMIA,rmia_score,0.94,0.9993759750390016,0.0008544813689627986,0.8363312289500925,0.02298074553300779,5
locations,tabpfn,rmia,RMIA,rmia_score,0.945,0.9993759750390016,0.0008544813689627986,0.8363312289500925,0.02298074553300779,5
locations,tabpfn,rmia,RMIA,rmia_score,0.95,0.9993759750390016,0.0008544813689627986,0.8363312289500925,0.02298074553300779,5
locations,tabpfn,rmia,RMIA,rmia_score,0.955,0.9993759750390016,0.0008544813689627986,0.8363312289500925,0.02298074553300779,5
locations,tabpfn,rmia,RMIA,rmia_score,0.96,0.9993759750390016,0.0008544813689627986,0.8363312289500925,0.02298074553300779,5
locations,tabpfn,rmia,RMIA,rmia_score,0.965,0.9993759750390016,0.0008544813689627986,0.8363312289500925,0.02298074553300779,5
locations,tabpfn,rmia,RMIA,rmia_score,0.97,0.9993759750390016,0.0008544813689627986,0.8363312289500925,0.02298074553300779,5
locations,tabpfn,rmia,RMIA,rmia_score,0.975,0.9993759750390016,0.0008544813689627986,0.8363312289500925,0.02298074553300779,5
locations,tabpfn,rmia,RMIA,rmia_score,0.98,0.9997254290171608,0.00037661858039330184,0.8363312289500925,0.02298074553300779,5
locations,tabpfn,rmia,RMIA,rmia_score,0.985,1.0,0.0,0.8363312289500925,0.02298074553300779,5
locations,tabpfn,rmia,RMIA,rmia_score,0.99,1.0,0.0,0.8363312289500925,0.02298074553300779,5
locations,tabpfn,rmia,RMIA,rmia_score,0.995,1.0,0.0,0.8363312289500925,0.02298074553300779,5
locations,tabpfn,rmia,RMIA,rmia_score,1.0,1.0,0.0,0.8363312289500925,0.02298074553300779,5
locations,tabpfn,amia,AMIA,row_max,0.0,0.1953198127925117,0.08134345486900091,0.9340803164836874,0.009069960989331126,5
locations,tabpfn,amia,AMIA,row_max,0.0002,0.1953198127925117,0.08134345486900091,0.9340803164836874,0.009069960989331126,5
locations,tabpfn,amia,AMIA,row_max,0.0004,0.1953198127925117,0.08134345486900091,0.9340803164836874,0.009069960989331126,5
locations,tabpfn,amia,AMIA,row_max,0.0006000000000000001,0.1953198127925117,0.08134345486900091,0.9340803164836874,0.009069960989331126,5
locations,tabpfn,amia,AMIA,row_max,0.0008,0.1953198127925117,0.08134345486900091,0.9340803164836874,0.009069960989331126,5
locations,tabpfn,amia,AMIA,row_max,0.001,0.1953198127925117,0.08134345486900091,0.9340803164836874,0.009069960989331126,5
locations,tabpfn,amia,AMIA,row_max,0.0012000000000000001,0.1953198127925117,0.08134345486900091,0.9340803164836874,0.009069960989331126,5
locations,tabpfn,amia,AMIA,row_max,0.0014,0.1953198127925117,0.08134345486900091,0.9340803164836874,0.009069960989331126,5
locations,tabpfn,amia,AMIA,row_max,0.0016,0.28642745709828393,0.06044713378343461,0.9340803164836874,0.009069960989331126,5
locations,tabpfn,amia,AMIA,row_max,0.0018000000000000002,0.28642745709828393,0.06044713378343461,0.9340803164836874,0.009069960989331126,5
locations,tabpfn,amia,AMIA,row_max,0.002,0.28642745709828393,0.06044713378343461,0.9340803164836874,0.009069960989331126,5
locations,tabpfn,amia,AMIA,row_max,0.0022,0.28642745709828393,0.06044713378343461,0.9340803164836874,0.009069960989331126,5
locations,tabpfn,amia,AMIA,row_max,0.0024000000000000002,0.28642745709828393,0.06044713378343461,0.9340803164836874,0.009069960989331126,5
locations,tabpfn,amia,AMIA,row_max,0.0026000000000000003,0.28642745709828393,0.06044713378343461,0.9340803164836874,0.009069960989331126,5
locations,tabpfn,amia,AMIA,row_max,0.0028,0.28642745709828393,0.06044713378343461,0.9340803164836874,0.009069960989331126,5
locations,tabpfn,amia,AMIA,row_max,0.003,0.28642745709828393,0.06044713378343461,0.9340803164836874,0.009069960989331126,5
locations,tabpfn,amia,AMIA,row_max,0.0032,0.31731669266770673,0.03796757301463435,0.9340803164836874,0.009069960989331126,5
locations,tabpfn,amia,AMIA,row_max,0.0034000000000000002,0.31731669266770673,0.03796757301463435,0.9340803164836874,0.009069960989331126,5
locations,tabpfn,amia,AMIA,row_max,0.0036000000000000003,0.31731669266770673,0.03796757301463435,0.9340803164836874,0.009069960989331126,5
locations,tabpfn,amia,AMIA,row_max,0.0038,0.31731669266770673,0.03796757301463435,0.9340803164836874,0.009069960989331126,5
locations,tabpfn,amia,AMIA,row_max,0.004,0.31731669266770673,0.03796757301463435,0.9340803164836874,0.009069960989331126,5
locations,tabpfn,amia,AMIA,row_max,0.004200000000000001,0.31731669266770673,0.03796757301463435,0.9340803164836874,0.009069960989331126,5
locations,tabpfn,amia,AMIA,row_max,0.0044,0.31731669266770673,0.03796757301463435,0.9340803164836874,0.009069960989331126,5
locations,tabpfn,amia,AMIA,row_max,0.0046,0.31731669266770673,0.03796757301463435,0.9340803164836874,0.009069960989331126,5
locations,tabpfn,amia,AMIA,row_max,0.0048000000000000004,0.3375975039001561,0.0431435532416689,0.9340803164836874,0.009069960989331126,5
locations,tabpfn,amia,AMIA,row_max,0.005,0.3375975039001561,0.0431435532416689,0.9340803164836874,0.009069960989331126,5
locations,tabpfn,amia,AMIA,row_max,0.005200000000000001,0.3375975039001561,0.0431435532416689,0.9340803164836874,0.009069960989331126,5
locations,tabpfn,amia,AMIA,row_max,0.0054,0.3375975039001561,0.0431435532416689,0.9340803164836874,0.009069960989331126,5
locations,tabpfn,amia,AMIA,row_max,0.0056,0.3375975039001561,0.0431435532416689,0.9340803164836874,0.009069960989331126,5
locations,tabpfn,amia,AMIA,row_max,0.0058000000000000005,0.3375975039001561,0.0431435532416689,0.9340803164836874,0.009069960989331126,5
locations,tabpfn,amia,AMIA,row_max,0.006,0.3375975039001561,0.0431435532416689,0.9340803164836874,0.009069960989331126,5
locations,tabpfn,amia,AMIA,row_max,0.006200000000000001,0.3375975039001561,0.0431435532416689,0.9340803164836874,0.009069960989331126,5
locations,tabpfn,amia,AMIA,row_max,0.0064,0.34539781591263646,0.04146069459603068,0.9340803164836874,0.009069960989331126,5
locations,tabpfn,amia,AMIA,row_max,0.0066,0.34539781591263646,0.04146069459603068,0.9340803164836874,0.009069960989331126,5
locations,tabpfn,amia,AMIA,row_max,0.0068000000000000005,0.34539781591263646,0.04146069459603068,0.9340803164836874,0.009069960989331126,5
locations,tabpfn,amia,AMIA,row_max,0.007,0.34539781591263646,0.04146069459603068,0.9340803164836874,0.009069960989331126,5
locations,tabpfn,amia,AMIA,row_max,0.007200000000000001,0.34539781591263646,0.04146069459603068,0.9340803164836874,0.009069960989331126,5
locations,tabpfn,amia,AMIA,row_max,0.0074,0.34539781591263646,0.04146069459603068,0.9340803164836874,0.009069960989331126,5
locations,tabpfn,amia,AMIA,row_max,0.0076,0.34539781591263646,0.04146069459603068,0.9340803164836874,0.009069960989331126,5
locations,tabpfn,amia,AMIA,row_max,0.0078000000000000005,0.35631825273010925,0.042288915159013736,0.9340803164836874,0.009069960989331126,5
locations,tabpfn,amia,AMIA,row_max,0.008,0.35631825273010925,0.042288915159013736,0.9340803164836874,0.009069960989331126,5
locations,tabpfn,amia,AMIA,row_max,0.0082,0.35631825273010925,0.042288915159013736,0.9340803164836874,0.009069960989331126,5
locations,tabpfn,amia,AMIA,row_max,0.008400000000000001,0.35631825273010925,0.042288915159013736,0.9340803164836874,0.009069960989331126,5
locations,tabpfn,amia,AMIA,row_max,0.0086,0.35631825273010925,0.042288915159013736,0.9340803164836874,0.009069960989331126,5
locations,tabpfn,amia,AMIA,row_max,0.0088,0.35631825273010925,0.042288915159013736,0.9340803164836874,0.009069960989331126,5
locations,tabpfn,amia,AMIA,row_max,0.009000000000000001,0.35631825273010925,0.042288915159013736,0.9340803164836874,0.009069960989331126,5
locations,tabpfn,amia,AMIA,row_max,0.0092,0.35631825273010925,0.042288915159013736,0.9340803164836874,0.009069960989331126,5
locations,tabpfn,amia,AMIA,row_max,0.0094,0.37878315132605306,0.05164018640982487,0.9340803164836874,0.009069960989331126,5
locations,tabpfn,amia,AMIA,row_max,0.009600000000000001,0.37878315132605306,0.05164018640982487,0.9340803164836874,0.009069960989331126,5
locations,tabpfn,amia,AMIA,row_max,0.0098,0.37878315132605306,0.05164018640982487,0.9340803164836874,0.009069960989331126,5
locations,tabpfn,amia,AMIA,row_max,0.01,0.37878315132605306,0.05164018640982487,0.9340803164836874,0.009069960989331126,5
locations,tabpfn,amia,AMIA,row_max,0.0102,0.37878315132605306,0.05164018640982487,0.9340803164836874,0.009069960989331126,5
locations,tabpfn,amia,AMIA,row_max,0.010400000000000001,0.37878315132605306,0.05164018640982487,0.9340803164836874,0.009069960989331126,5
locations,tabpfn,amia,AMIA,row_max,0.0106,0.37878315132605306,0.05164018640982487,0.9340803164836874,0.009069960989331126,5
locations,tabpfn,amia,AMIA,row_max,0.0108,0.37878315132605306,0.05164018640982487,0.9340803164836874,0.009069960989331126,5
locations,tabpfn,amia,AMIA,row_max,0.011000000000000001,0.38814352574102967,0.05533715290055832,0.9340803164836874,0.009069960989331126,5
locations,tabpfn,amia,AMIA,row_max,0.0112,0.38814352574102967,0.05533715290055832,0.9340803164836874,0.009069960989331126,5
locations,tabpfn,amia,AMIA,row_max,0.0114,0.38814352574102967,0.05533715290055832,0.9340803164836874,0.009069960989331126,5
locations,tabpfn,amia,AMIA,row_max,0.011600000000000001,0.38814352574102967,0.05533715290055832,0.9340803164836874,0.009069960989331126,5
locations,tabpfn,amia,AMIA,row_max,0.0118,0.38814352574102967,0.05533715290055832,0.9340803164836874,0.009069960989331126,5
locations,tabpfn,amia,AMIA,row_max,0.012,0.38814352574102967,0.05533715290055832,0.9340803164836874,0.009069960989331126,5
locations,tabpfn,amia,AMIA,row_max,0.0122,0.38814352574102967,0.05533715290055832,0.9340803164836874,0.009069960989331126,5
locations,tabpfn,amia,AMIA,row_max,0.012400000000000001,0.38814352574102967,0.05533715290055832,0.9340803164836874,0.009069960989331126,5
locations,tabpfn,amia,AMIA,row_max,0.0126,0.39563182527301094,0.0543408051939245,0.9340803164836874,0.009069960989331126,5
locations,tabpfn,amia,AMIA,row_max,0.0128,0.39563182527301094,0.0543408051939245,0.9340803164836874,0.009069960989331126,5
locations,tabpfn,amia,AMIA,row_max,0.013000000000000001,0.39563182527301094,0.0543408051939245,0.9340803164836874,0.009069960989331126,5
locations,tabpfn,amia,AMIA,row_max,0.0132,0.39563182527301094,0.0543408051939245,0.9340803164836874,0.009069960989331126,5
locations,tabpfn,amia,AMIA,row_max,0.0134,0.39563182527301094,0.0543408051939245,0.9340803164836874,0.009069960989331126,5
locations,tabpfn,amia,AMIA,row_max,0.013600000000000001,0.39563182527301094,0.0543408051939245,0.9340803164836874,0.009069960989331126,5
locations,tabpfn,amia,AMIA,row_max,0.013800000000000002,0.39563182527301094,0.0543408051939245,0.9340803164836874,0.009069960989331126,5
locations,tabpfn,amia,AMIA,row_max,0.014,0.39563182527301094,0.0543408051939245,0.9340803164836874,0.009069960989331126,5
locations,tabpfn,amia,AMIA,row_max,0.0142,0.4059282371294852,0.042601416731756644,0.9340803164836874,0.009069960989331126,5
locations,tabpfn,amia,AMIA,row_max,0.014400000000000001,0.4059282371294852,0.042601416731756644,0.9340803164836874,0.009069960989331126,5
locations,tabpfn,amia,AMIA,row_max,0.0146,0.4059282371294852,0.042601416731756644,0.9340803164836874,0.009069960989331126,5
locations,tabpfn,amia,AMIA,row_max,0.0148,0.4059282371294852,0.042601416731756644,0.9340803164836874,0.009069960989331126,5
locations,tabpfn,amia,AMIA,row_max,0.015000000000000001,0.4059282371294852,0.042601416731756644,0.9340803164836874,0.009069960989331126,5
locations,tabpfn,amia,AMIA,row_max,0.0152,0.4059282371294852,0.042601416731756644,0.9340803164836874,0.009069960989331126,5
locations,tabpfn,amia,AMIA,row_max,0.0154,0.4059282371294852,0.042601416731756644,0.9340803164836874,0.009069960989331126,5
locations,tabpfn,amia,AMIA,row_max,0.015600000000000001,0.4224648985959439,0.03450525129722123,0.9340803164836874,0.009069960989331126,5
locations,tabpfn,amia,AMIA,row_max,0.0158,0.4224648985959439,0.03450525129722123,0.9340803164836874,0.009069960989331126,5
locations,tabpfn,amia,AMIA,row_max,0.016,0.4224648985959439,0.03450525129722123,0.9340803164836874,0.009069960989331126,5
locations,tabpfn,amia,AMIA,row_max,0.0162,0.4224648985959439,0.03450525129722123,0.9340803164836874,0.009069960989331126,5
locations,tabpfn,amia,AMIA,row_max,0.0164,0.4224648985959439,0.03450525129722123,0.9340803164836874,0.009069960989331126,5
locations,tabpfn,amia,AMIA,row_max,0.0166,0.4224648985959439,0.03450525129722123,0.9340803164836874,0.009069960989331126,5
locations,tabpfn,amia,AMIA,row_max,0.016800000000000002,0.4224648985959439,0.03450525129722123,0.9340803164836874,0.009069960989331126,5
locations,tabpfn,amia,AMIA,row_max,0.017,0.4224648985959439,0.03450525129722123,0.9340803164836874,0.009069960989331126,5
locations,tabpfn,amia,AMIA,row_max,0.0172,0.43182527301092044,0.04073227033659127,0.9340803164836874,0.009069960989331126,5
locations,tabpfn,amia,AMIA,row_max,0.017400000000000002,0.43182527301092044,0.04073227033659127,0.9340803164836874,0.009069960989331126,5
locations,tabpfn,amia,AMIA,row_max,0.0176,0.43182527301092044,0.04073227033659127,0.9340803164836874,0.009069960989331126,5
locations,tabpfn,amia,AMIA,row_max,0.0178,0.43182527301092044,0.04073227033659127,0.9340803164836874,0.009069960989331126,5
locations,tabpfn,amia,AMIA,row_max,0.018000000000000002,0.43182527301092044,0.04073227033659127,0.9340803164836874,0.009069960989331126,5
locations,tabpfn,amia,AMIA,row_max,0.0182,0.43182527301092044,0.04073227033659127,0.9340803164836874,0.009069960989331126,5
locations,tabpfn,amia,AMIA,row_max,0.0184,0.43182527301092044,0.04073227033659127,0.9340803164836874,0.009069960989331126,5
locations,tabpfn,amia,AMIA,row_max,0.018600000000000002,0.43182527301092044,0.04073227033659127,0.9340803164836874,0.009069960989331126,5
locations,tabpfn,amia,AMIA,row_max,0.0188,0.45647425897035887,0.05269224794404881,0.9340803164836874,0.009069960989331126,5
locations,tabpfn,amia,AMIA,row_max,0.019,0.45647425897035887,0.05269224794404881,0.9340803164836874,0.009069960989331126,5
locations,tabpfn,amia,AMIA,row_max,0.019200000000000002,0.45647425897035887,0.05269224794404881,0.9340803164836874,0.009069960989331126,5
locations,tabpfn,amia,AMIA,row_max,0.0194,0.45647425897035887,0.05269224794404881,0.9340803164836874,0.009069960989331126,5
locations,tabpfn,amia,AMIA,row_max,0.0196,0.45647425897035887,0.05269224794404881,0.9340803164836874,0.009069960989331126,5
locations,tabpfn,amia,AMIA,row_max,0.0198,0.45647425897035887,0.05269224794404881,0.9340803164836874,0.009069960989331126,5
locations,tabpfn,amia,AMIA,row_max,0.02,0.45647425897035887,0.05269224794404881,0.9340803164836874,0.009069960989331126,5
locations,tabpfn,amia,AMIA,row_max,0.020200000000000003,0.45647425897035887,0.05269224794404881,0.9340803164836874,0.009069960989331126,5
locations,tabpfn,amia,AMIA,row_max,0.0204,0.4633385335413417,0.051987777544310866,0.9340803164836874,0.009069960989331126,5
locations,tabpfn,amia,AMIA,row_max,0.0206,0.4633385335413417,0.051987777544310866,0.9340803164836874,0.009069960989331126,5
locations,tabpfn,amia,AMIA,row_max,0.020800000000000003,0.4633385335413417,0.051987777544310866,0.9340803164836874,0.009069960989331126,5
locations,tabpfn,amia,AMIA,row_max,0.021,0.4633385335413417,0.051987777544310866,0.9340803164836874,0.009069960989331126,5
locations,tabpfn,amia,AMIA,row_max,0.0212,0.4633385335413417,0.051987777544310866,0.9340803164836874,0.009069960989331126,5
locations,tabpfn,amia,AMIA,row_max,0.021400000000000002,0.4633385335413417,0.051987777544310866,0.9340803164836874,0.009069960989331126,5
locations,tabpfn,amia,AMIA,row_max,0.0216,0.4633385335413417,0.051987777544310866,0.9340803164836874,0.009069960989331126,5
locations,tabpfn,amia,AMIA,row_max,0.0218,0.4633385335413417,0.051987777544310866,0.9340803164836874,0.009069960989331126,5
locations,tabpfn,amia,AMIA,row_max,0.022000000000000002,0.4689547581903276,0.05061915704380219,0.9340803164836874,0.009069960989331126,5
locations,tabpfn,amia,AMIA,row_max,0.0222,0.4689547581903276,0.05061915704380219,0.9340803164836874,0.009069960989331126,5
locations,tabpfn,amia,AMIA,row_max,0.0224,0.4689547581903276,0.05061915704380219,0.9340803164836874,0.009069960989331126,5
locations,tabpfn,amia,AMIA,row_max,0.022600000000000002,0.4689547581903276,0.05061915704380219,0.9340803164836874,0.009069960989331126,5
locations,tabpfn,amia,AMIA,row_max,0.0228,0.4689547581903276,0.05061915704380219,0.9340803164836874,0.009069960989331126,5
locations,tabpfn,amia,AMIA,row_max,0.023,0.4689547581903276,0.05061915704380219,0.9340803164836874,0.009069960989331126,5
locations,tabpfn,amia,AMIA,row_max,0.023200000000000002,0.4689547581903276,0.05061915704380219,0.9340803164836874,0.009069960989331126,5
locations,tabpfn,amia,AMIA,row_max,0.0234,0.4789391575663027,0.05505716391582307,0.9340803164836874,0.009069960989331126,5
locations,tabpfn,amia,AMIA,row_max,0.0236,0.4789391575663027,0.05505716391582307,0.9340803164836874,0.009069960989331126,5
locations,tabpfn,amia,AMIA,row_max,0.0238,0.4789391575663027,0.05505716391582307,0.9340803164836874,0.009069960989331126,5
locations,tabpfn,amia,AMIA,row_max,0.024,0.4789391575663027,0.05505716391582307,0.9340803164836874,0.009069960989331126,5
locations,tabpfn,amia,AMIA,row_max,0.024200000000000003,0.4789391575663027,0.05505716391582307,0.9340803164836874,0.009069960989331126,5
locations,tabpfn,amia,AMIA,row_max,0.0244,0.4789391575663027,0.05505716391582307,0.9340803164836874,0.009069960989331126,5
locations,tabpfn,amia,AMIA,row_max,0.0246,0.4789391575663027,0.05505716391582307,0.9340803164836874,0.009069960989331126,5
locations,tabpfn,amia,AMIA,row_max,0.024800000000000003,0.4789391575663027,0.05505716391582307,0.9340803164836874,0.009069960989331126,5
locations,tabpfn,amia,AMIA,row_max,0.025,0.4854914196567862,0.05448393703837872,0.9340803164836874,0.009069960989331126,5
locations,tabpfn,amia,AMIA,row_max,0.0252,0.4854914196567862,0.05448393703837872,0.9340803164836874,0.009069960989331126,5
locations,tabpfn,amia,AMIA,row_max,0.025400000000000002,0.4854914196567862,0.05448393703837872,0.9340803164836874,0.009069960989331126,5
locations,tabpfn,amia,AMIA,row_max,0.0256,0.4854914196567862,0.05448393703837872,0.9340803164836874,0.009069960989331126,5
locations,tabpfn,amia,AMIA,row_max,0.0258,0.4854914196567862,0.05448393703837872,0.9340803164836874,0.009069960989331126,5
locations,tabpfn,amia,AMIA,row_max,0.026000000000000002,0.4854914196567862,0.05448393703837872,0.9340803164836874,0.009069960989331126,5
locations,tabpfn,amia,AMIA,row_max,0.0262,0.4854914196567862,0.05448393703837872,0.9340803164836874,0.009069960989331126,5
locations,tabpfn,amia,AMIA,row_max,0.0264,0.4854914196567862,0.05448393703837872,0.9340803164836874,0.009069960989331126,5
locations,tabpfn,amia,AMIA,row_max,0.026600000000000002,0.49329173166926665,0.055687891020711866,0.9340803164836874,0.009069960989331126,5
locations,tabpfn,amia,AMIA,row_max,0.0268,0.49329173166926665,0.055687891020711866,0.9340803164836874,0.009069960989331126,5
locations,tabpfn,amia,AMIA,row_max,0.027,0.49329173166926665,0.055687891020711866,0.9340803164836874,0.009069960989331126,5
locations,tabpfn,amia,AMIA,row_max,0.027200000000000002,0.49329173166926665,0.055687891020711866,0.9340803164836874,0.009069960989331126,5
locations,tabpfn,amia,AMIA,row_max,0.0274,0.49329173166926665,0.055687891020711866,0.9340803164836874,0.009069960989331126,5
locations,tabpfn,amia,AMIA,row_max,0.027600000000000003,0.49329173166926665,0.055687891020711866,0.9340803164836874,0.009069960989331126,5
locations,tabpfn,amia,AMIA,row_max,0.027800000000000002,0.49329173166926665,0.055687891020711866,0.9340803164836874,0.009069960989331126,5
locations,tabpfn,amia,AMIA,row_max,0.028,0.49329173166926665,0.055687891020711866,0.9340803164836874,0.009069960989331126,5
locations,tabpfn,amia,AMIA,row_max,0.028200000000000003,0.5042121684867394,0.050182142000525086,0.9340803164836874,0.009069960989331126,5
locations,tabpfn,amia,AMIA,row_max,0.0284,0.5042121684867394,0.050182142000525086,0.9340803164836874,0.009069960989331126,5
locations,tabpfn,amia,AMIA,row_max,0.0286,0.5042121684867394,0.050182142000525086,0.9340803164836874,0.009069960989331126,5
locations,tabpfn,amia,AMIA,row_max,0.028800000000000003,0.5042121684867394,0.050182142000525086,0.9340803164836874,0.009069960989331126,5
locations,tabpfn,amia,AMIA,row_max,0.029,0.5042121684867394,0.050182142000525086,0.9340803164836874,0.009069960989331126,5
locations,tabpfn,amia,AMIA,row_max,0.0292,0.5042121684867394,0.050182142000525086,0.9340803164836874,0.009069960989331126,5
locations,tabpfn,amia,AMIA,row_max,0.029400000000000003,0.5042121684867394,0.050182142000525086,0.9340803164836874,0.009069960989331126,5
locations,tabpfn,amia,AMIA,row_max,0.0296,0.5104524180967239,0.04851768990308934,0.9340803164836874,0.009069960989331126,5
locations,tabpfn,amia,AMIA,row_max,0.0298,0.5104524180967239,0.04851768990308934,0.9340803164836874,0.009069960989331126,5
locations,tabpfn,amia,AMIA,row_max,0.030000000000000002,0.5104524180967239,0.04851768990308934,0.9340803164836874,0.009069960989331126,5
locations,tabpfn,amia,AMIA,row_max,0.0302,0.5104524180967239,0.04851768990308934,0.9340803164836874,0.009069960989331126,5
locations,tabpfn,amia,AMIA,row_max,0.0304,0.5104524180967239,0.04851768990308934,0.9340803164836874,0.009069960989331126,5
locations,tabpfn,amia,AMIA,row_max,0.030600000000000002,0.5104524180967239,0.04851768990308934,0.9340803164836874,0.009069960989331126,5
locations,tabpfn,amia,AMIA,row_max,0.0308,0.5104524180967239,0.04851768990308934,0.9340803164836874,0.009069960989331126,5
locations,tabpfn,amia,AMIA,row_max,0.031,0.5104524180967239,0.04851768990308934,0.9340803164836874,0.009069960989331126,5
locations,tabpfn,amia,AMIA,row_max,0.031200000000000002,0.5148205928237128,0.045736708936876896,0.9340803164836874,0.009069960989331126,5
locations,tabpfn,amia,AMIA,row_max,0.031400000000000004,0.5148205928237128,0.045736708936876896,0.9340803164836874,0.009069960989331126,5
locations,tabpfn,amia,AMIA,row_max,0.0316,0.5148205928237128,0.045736708936876896,0.9340803164836874,0.009069960989331126,5
locations,tabpfn,amia,AMIA,row_max,0.0318,0.5148205928237128,0.045736708936876896,0.9340803164836874,0.009069960989331126,5
locations,tabpfn,amia,AMIA,row_max,0.032,0.5148205928237128,0.045736708936876896,0.9340803164836874,0.009069960989331126,5
locations,tabpfn,amia,AMIA,row_max,0.0322,0.5148205928237128,0.045736708936876896,0.9340803164836874,0.009069960989331126,5
locations,tabpfn,amia,AMIA,row_max,0.0324,0.5148205928237128,0.045736708936876896,0.9340803164836874,0.009069960989331126,5
locations,tabpfn,amia,AMIA,row_max,0.032600000000000004,0.5148205928237128,0.045736708936876896,0.9340803164836874,0.009069960989331126,5
locations,tabpfn,amia,AMIA,row_max,0.0328,0.521996879875195,0.04533048494050591,0.9340803164836874,0.009069960989331126,5
locations,tabpfn,amia,AMIA,row_max,0.033,0.521996879875195,0.04533048494050591,0.9340803164836874,0.009069960989331126,5
locations,tabpfn,amia,AMIA,row_max,0.0332,0.521996879875195,0.04533048494050591,0.9340803164836874,0.009069960989331126,5
locations,tabpfn,amia,AMIA,row_max,0.0334,0.521996879875195,0.04533048494050591,0.9340803164836874,0.009069960989331126,5
locations,tabpfn,amia,AMIA,row_max,0.033600000000000005,0.521996879875195,0.04533048494050591,0.9340803164836874,0.009069960989331126,5
locations,tabpfn,amia,AMIA,row_max,0.033800000000000004,0.521996879875195,0.04533048494050591,0.9340803164836874,0.009069960989331126,5
locations,tabpfn,amia,AMIA,row_max,0.034,0.521996879875195,0.04533048494050591,0.9340803164836874,0.009069960989331126,5
locations,tabpfn,amia,AMIA,row_max,0.0342,0.521996879875195,0.04533048494050591,0.9340803164836874,0.009069960989331126,5
locations,tabpfn,amia,AMIA,row_max,0.0344,0.5344773790951638,0.039737211793904464,0.9340803164836874,0.009069960989331126,5
locations,tabpfn,amia,AMIA,row_max,0.0346,0.5344773790951638,0.039737211793904464,0.9340803164836874,0.009069960989331126,5
locations,tabpfn,amia,AMIA,row_max,0.034800000000000005,0.5344773790951638,0.039737211793904464,0.9340803164836874,0.009069960989331126,5
locations,tabpfn,amia,AMIA,row_max,0.035,0.5344773790951638,0.039737211793904464,0.9340803164836874,0.009069960989331126,5
locations,tabpfn,amia,AMIA,row_max,0.0352,0.5344773790951638,0.039737211793904464,0.9340803164836874,0.009069960989331126,5
locations,tabpfn,amia,AMIA,row_max,0.0354,0.5344773790951638,0.039737211793904464,0.9340803164836874,0.009069960989331126,5
locations,tabpfn,amia,AMIA,row_max,0.0356,0.5344773790951638,0.039737211793904464,0.9340803164836874,0.009069960989331126,5
locations,tabpfn,amia,AMIA,row_max,0.0358,0.5344773790951638,0.039737211793904464,0.9340803164836874,0.009069960989331126,5
locations,tabpfn,amia,AMIA,row_max,0.036000000000000004,0.540405616224649,0.04048053817942428,0.9340803164836874,0.009069960989331126,5
locations,tabpfn,amia,AMIA,row_max,0.0362,0.540405616224649,0.04048053817942428,0.9340803164836874,0.009069960989331126,5
locations,tabpfn,amia,AMIA,row_max,0.0364,0.540405616224649,0.04048053817942428,0.9340803164836874,0.009069960989331126,5
locations,tabpfn,amia,AMIA,row_max,0.0366,0.540405616224649,0.04048053817942428,0.9340803164836874,0.009069960989331126,5
locations,tabpfn,amia,AMIA,row_max,0.0368,0.540405616224649,0.04048053817942428,0.9340803164836874,0.009069960989331126,5
locations,tabpfn,amia,AMIA,row_max,0.037000000000000005,0.540405616224649,0.04048053817942428,0.9340803164836874,0.009069960989331126,5
locations,tabpfn,amia,AMIA,row_max,0.037200000000000004,0.540405616224649,0.04048053817942428,0.9340803164836874,0.009069960989331126,5
locations,tabpfn,amia,AMIA,row_max,0.0374,0.5450858034321373,0.038111529446745646,0.9340803164836874,0.009069960989331126,5
locations,tabpfn,amia,AMIA,row_max,0.0376,0.5450858034321373,0.038111529446745646,0.9340803164836874,0.009069960989331126,5
locations,tabpfn,amia,AMIA,row_max,0.0378,0.5450858034321373,0.038111529446745646,0.9340803164836874,0.009069960989331126,5
locations,tabpfn,amia,AMIA,row_max,0.038,0.5450858034321373,0.038111529446745646,0.9340803164836874,0.009069960989331126,5
locations,tabpfn,amia,AMIA,row_max,0.038200000000000005,0.5450858034321373,0.038111529446745646,0.9340803164836874,0.009069960989331126,5
locations,tabpfn,amia,AMIA,row_max,0.038400000000000004,0.5450858034321373,0.038111529446745646,0.9340803164836874,0.009069960989331126,5
locations,tabpfn,amia,AMIA,row_max,0.0386,0.5450858034321373,0.038111529446745646,0.9340803164836874,0.009069960989331126,5
locations,tabpfn,amia,AMIA,row_max,0.0388,0.5450858034321373,0.038111529446745646,0.9340803164836874,0.009069960989331126,5
locations,tabpfn,amia,AMIA,row_max,0.039,0.5503900156006241,0.03781985120281483,0.9340803164836874,0.009069960989331126,5
locations,tabpfn,amia,AMIA,row_max,0.0392,0.5503900156006241,0.03781985120281483,0.9340803164836874,0.009069960989331126,5
locations,tabpfn,amia,AMIA,row_max,0.039400000000000004,0.5503900156006241,0.03781985120281483,0.9340803164836874,0.009069960989331126,5
locations,tabpfn,amia,AMIA,row_max,0.0396,0.5503900156006241,0.03781985120281483,0.9340803164836874,0.009069960989331126,5
locations,tabpfn,amia,AMIA,row_max,0.0398,0.5503900156006241,0.03781985120281483,0.9340803164836874,0.009069960989331126,5
locations,tabpfn,amia,AMIA,row_max,0.04,0.5503900156006241,0.03781985120281483,0.9340803164836874,0.009069960989331126,5
locations,tabpfn,amia,AMIA,row_max,0.0402,0.5503900156006241,0.03781985120281483,0.9340803164836874,0.009069960989331126,5
locations,tabpfn,amia,AMIA,row_max,0.040400000000000005,0.5503900156006241,0.03781985120281483,0.9340803164836874,0.009069960989331126,5
locations,tabpfn,amia,AMIA,row_max,0.040600000000000004,0.5553822152886115,0.03645342104695139,0.9340803164836874,0.009069960989331126,5
locations,tabpfn,amia,AMIA,row_max,0.0408,0.5553822152886115,0.03645342104695139,0.9340803164836874,0.009069960989331126,5
locations,tabpfn,amia,AMIA,row_max,0.041,0.5553822152886115,0.03645342104695139,0.9340803164836874,0.009069960989331126,5
locations,tabpfn,amia,AMIA,row_max,0.0412,0.5553822152886115,0.03645342104695139,0.9340803164836874,0.009069960989331126,5
locations,tabpfn,amia,AMIA,row_max,0.0414,0.5553822152886115,0.03645342104695139,0.9340803164836874,0.009069960989331126,5
locations,tabpfn,amia,AMIA,row_max,0.041600000000000005,0.5553822152886115,0.03645342104695139,0.9340803164836874,0.009069960989331126,5
locations,tabpfn,amia,AMIA,row_max,0.041800000000000004,0.5553822152886115,0.03645342104695139,0.9340803164836874,0.009069960989331126,5
locations,tabpfn,amia,AMIA,row_max,0.042,0.5553822152886115,0.03645342104695139,0.9340803164836874,0.009069960989331126,5
locations,tabpfn,amia,AMIA,row_max,0.0422,0.5675507020280811,0.03863163094984396,0.9340803164836874,0.009069960989331126,5
locations,tabpfn,amia,AMIA,row_max,0.0424,0.5675507020280811,0.03863163094984396,0.9340803164836874,0.009069960989331126,5
locations,tabpfn,amia,AMIA,row_max,0.0426,0.5675507020280811,0.03863163094984396,0.9340803164836874,0.009069960989331126,5
locations,tabpfn,amia,AMIA,row_max,0.042800000000000005,0.5675507020280811,0.03863163094984396,0.9340803164836874,0.009069960989331126,5
locations,tabpfn,amia,AMIA,row_max,0.043000000000000003,0.5675507020280811,0.03863163094984396,0.9340803164836874,0.009069960989331126,5
locations,tabpfn,amia,AMIA,row_max,0.0432,0.5675507020280811,0.03863163094984396,0.9340803164836874,0.009069960989331126,5
locations,tabpfn,amia,AMIA,row_max,0.0434,0.5675507020280811,0.03863163094984396,0.9340803164836874,0.009069960989331126,5
locations,tabpfn,amia,AMIA,row_max,0.0436,0.5675507020280811,0.03863163094984396,0.9340803164836874,0.009069960989331126,5
locations,tabpfn,amia,AMIA,row_max,0.0438,0.5756630265210608,0.03978923789346913,0.9340803164836874,0.009069960989331126,5
locations,tabpfn,amia,AMIA,row_max,0.044000000000000004,0.5756630265210608,0.03978923789346913,0.9340803164836874,0.009069960989331126,5
locations,tabpfn,amia,AMIA,row_max,0.0442,0.5756630265210608,0.03978923789346913,0.9340803164836874,0.009069960989331126,5
locations,tabpfn,amia,AMIA,row_max,0.0444,0.5756630265210608,0.03978923789346913,0.9340803164836874,0.009069960989331126,5
locations,tabpfn,amia,AMIA,row_max,0.0446,0.5756630265210608,0.03978923789346913,0.9340803164836874,0.009069960989331126,5
locations,tabpfn,amia,AMIA,row_max,0.0448,0.5756630265210608,0.03978923789346913,0.9340803164836874,0.009069960989331126,5
locations,tabpfn,amia,AMIA,row_max,0.045000000000000005,0.5756630265210608,0.03978923789346913,0.9340803164836874,0.009069960989331126,5
locations,tabpfn,amia,AMIA,row_max,0.045200000000000004,0.5806552262090483,0.03863163094984399,0.9340803164836874,0.009069960989331126,5
locations,tabpfn,amia,AMIA,row_max,0.0454,0.5806552262090483,0.03863163094984399,0.9340803164836874,0.009069960989331126,5
locations,tabpfn,amia,AMIA,row_max,0.0456,0.5806552262090483,0.03863163094984399,0.9340803164836874,0.009069960989331126,5
locations,tabpfn,amia,AMIA,row_max,0.0458,0.5806552262090483,0.03863163094984399,0.9340803164836874,0.009069960989331126,5
locations,tabpfn,amia,AMIA,row_max,0.046,0.5806552262090483,0.03863163094984399,0.9340803164836874,0.009069960989331126,5
locations,tabpfn,amia,AMIA,row_max,0.046200000000000005,0.5806552262090483,0.03863163094984399,0.9340803164836874,0.009069960989331126,5
locations,tabpfn,amia,AMIA,row_max,0.046400000000000004,0.5806552262090483,0.03863163094984399,0.9340803164836874,0.009069960989331126,5
locations,tabpfn,amia,AMIA,row_max,0.0466,0.5806552262090483,0.03863163094984399,0.9340803164836874,0.009069960989331126,5
locations,tabpfn,amia,AMIA,row_max,0.0468,0.5859594383775352,0.03922866794334048,0.9340803164836874,0.009069960989331126,5
locations,tabpfn,amia,AMIA,row_max,0.047,0.5859594383775352,0.03922866794334048,0.9340803164836874,0.009069960989331126,5
locations,tabpfn,amia,AMIA,row_max,0.0472,0.5859594383775352,0.03922866794334048,0.9340803164836874,0.009069960989331126,5
locations,tabpfn,amia,AMIA,row_max,0.047400000000000005,0.5859594383775352,0.03922866794334048,0.9340803164836874,0.009069960989331126,5
locations,tabpfn,amia,AMIA,row_max,0.0476,0.5859594383775352,0.03922866794334048,0.9340803164836874,0.009069960989331126,5
locations,tabpfn,amia,AMIA,row_max,0.0478,0.5859594383775352,0.03922866794334048,0.9340803164836874,0.009069960989331126,5
locations,tabpfn,amia,AMIA,row_max,0.048,0.5859594383775352,0.03922866794334048,0.9340803164836874,0.009069960989331126,5
locations,tabpfn,amia,AMIA,row_max,0.0482,0.5859594383775352,0.03922866794334048,0.9340803164836874,0.009069960989331126,5
locations,tabpfn,amia,AMIA,row_max,0.048400000000000006,0.5940717628705149,0.04022118020245752,0.9340803164836874,0.009069960989331126,5
locations,tabpfn,amia,AMIA,row_max,0.048600000000000004,0.5940717628705149,0.04022118020245752,0.9340803164836874,0.009069960989331126,5
locations,tabpfn,amia,AMIA,row_max,0.0488,0.5940717628705149,0.04022118020245752,0.9340803164836874,0.009069960989331126,5
locations,tabpfn,amia,AMIA,row_max,0.049,0.5940717628705149,0.04022118020245752,0.9340803164836874,0.009069960989331126,5
locations,tabpfn,amia,AMIA,row_max,0.0492,0.5940717628705149,0.04022118020245752,0.9340803164836874,0.009069960989331126,5
locations,tabpfn,amia,AMIA,row_max,0.0494,0.5940717628705149,0.04022118020245752,0.9340803164836874,0.009069960989331126,5
locations,tabpfn,amia,AMIA,row_max,0.049600000000000005,0.5940717628705149,0.04022118020245752,0.9340803164836874,0.009069960989331126,5
locations,tabpfn,amia,AMIA,row_max,0.049800000000000004,0.5940717628705149,0.04022118020245752,0.9340803164836874,0.009069960989331126,5
locations,tabpfn,amia,AMIA,row_max,0.05,0.602808112324493,0.04135783982434821,0.9340803164836874,0.009069960989331126,5
locations,tabpfn,amia,AMIA,row_max,0.0502,0.602808112324493,0.04135783982434821,0.9340803164836874,0.009069960989331126,5
locations,tabpfn,amia,AMIA,row_max,0.0504,0.602808112324493,0.04135783982434821,0.9340803164836874,0.009069960989331126,5
locations,tabpfn,amia,AMIA,row_max,0.0506,0.602808112324493,0.04135783982434821,0.9340803164836874,0.009069960989331126,5
locations,tabpfn,amia,AMIA,row_max,0.050800000000000005,0.602808112324493,0.04135783982434821,0.9340803164836874,0.009069960989331126,5
locations,tabpfn,amia,AMIA,row_max,0.051000000000000004,0.602808112324493,0.04135783982434821,0.9340803164836874,0.009069960989331126,5
locations,tabpfn,amia,AMIA,row_max,0.0512,0.602808112324493,0.04135783982434821,0.9340803164836874,0.009069960989331126,5
locations,tabpfn,amia,AMIA,row_max,0.0514,0.602808112324493,0.04135783982434821,0.9340803164836874,0.009069960989331126,5
locations,tabpfn,amia,AMIA,row_max,0.0516,0.6090483619344773,0.042761079942758844,0.9340803164836874,0.009069960989331126,5
locations,tabpfn,amia,AMIA,row_max,0.051800000000000006,0.6090483619344773,0.042761079942758844,0.9340803164836874,0.009069960989331126,5
locations,tabpfn,amia,AMIA,row_max,0.052000000000000005,0.6090483619344773,0.042761079942758844,0.9340803164836874,0.009069960989331126,5
locations,tabpfn,amia,AMIA,row_max,0.0522,0.6090483619344773,0.042761079942758844,0.9340803164836874,0.009069960989331126,5
locations,tabpfn,amia,AMIA,row_max,0.0524,0.6090483619344773,0.042761079942758844,0.9340803164836874,0.009069960989331126,5
locations,tabpfn,amia,AMIA,row_max,0.0526,0.6090483619344773,0.042761079942758844,0.9340803164836874,0.009069960989331126,5
locations,tabpfn,amia,AMIA,row_max,0.0528,0.6090483619344773,0.042761079942758844,0.9340803164836874,0.009069960989331126,5
locations,tabpfn,amia,AMIA,row_max,0.053000000000000005,0.617160686427457,0.03939891190701995,0.9340803164836874,0.009069960989331126,5
locations,tabpfn,amia,AMIA,row_max,0.053200000000000004,0.617160686427457,0.03939891190701995,0.9340803164836874,0.009069960989331126,5
locations,tabpfn,amia,AMIA,row_max,0.0534,0.617160686427457,0.03939891190701995,0.9340803164836874,0.009069960989331126,5
locations,tabpfn,amia,AMIA,row_max,0.0536,0.617160686427457,0.03939891190701995,0.9340803164836874,0.009069960989331126,5
locations,tabpfn,amia,AMIA,row_max,0.0538,0.617160686427457,0.03939891190701995,0.9340803164836874,0.009069960989331126,5
locations,tabpfn,amia,AMIA,row_max,0.054,0.617160686427457,0.03939891190701995,0.9340803164836874,0.009069960989331126,5
locations,tabpfn,amia,AMIA,row_max,0.054200000000000005,0.617160686427457,0.03939891190701995,0.9340803164836874,0.009069960989331126,5
locations,tabpfn,amia,AMIA,row_max,0.054400000000000004,0.617160686427457,0.03939891190701995,0.9340803164836874,0.009069960989331126,5
locations,tabpfn,amia,AMIA,row_max,0.0546,0.6205928237129485,0.03964216489528044,0.9340803164836874,0.009069960989331126,5
locations,tabpfn,amia,AMIA,row_max,0.0548,0.6205928237129485,0.03964216489528044,0.9340803164836874,0.009069960989331126,5
locations,tabpfn,amia,AMIA,row_max,0.055,0.6205928237129485,0.03964216489528044,0.9340803164836874,0.009069960989331126,5
locations,tabpfn,amia,AMIA,row_max,0.055200000000000006,0.6205928237129485,0.03964216489528044,0.9340803164836874,0.009069960989331126,5
locations,tabpfn,amia,AMIA,row_max,0.055400000000000005,0.6205928237129485,0.03964216489528044,0.9340803164836874,0.009069960989331126,5
locations,tabpfn,amia,AMIA,row_max,0.055600000000000004,0.6205928237129485,0.03964216489528044,0.9340803164836874,0.009069960989331126,5
locations,tabpfn,amia,AMIA,row_max,0.0558,0.6205928237129485,0.03964216489528044,0.9340803164836874,0.009069960989331126,5
locations,tabpfn,amia,AMIA,row_max,0.056,0.6205928237129485,0.03964216489528044,0.9340803164836874,0.009069960989331126,5
locations,tabpfn,amia,AMIA,row_max,0.0562,0.6262090483619345,0.04253280616504817,0.9340803164836874,0.009069960989331126,5
locations,tabpfn,amia,AMIA,row_max,0.056400000000000006,0.6262090483619345,0.04253280616504817,0.9340803164836874,0.009069960989331126,5
locations,tabpfn,amia,AMIA,row_max,0.056600000000000004,0.6262090483619345,0.04253280616504817,0.9340803164836874,0.009069960989331126,5
locations,tabpfn,amia,AMIA,row_max,0.0568,0.6262090483619345,0.04253280616504817,0.9340803164836874,0.009069960989331126,5
locations,tabpfn,amia,AMIA,row_max,0.057,0.6262090483619345,0.04253280616504817,0.9340803164836874,0.009069960989331126,5
locations,tabpfn,amia,AMIA,row_max,0.0572,0.6262090483619345,0.04253280616504817,0.9340803164836874,0.009069960989331126,5
locations,tabpfn,amia,AMIA,row_max,0.0574,0.6262090483619345,0.04253280616504817,0.9340803164836874,0.009069960989331126,5
locations,tabpfn,amia,AMIA,row_max,0.057600000000000005,0.6262090483619345,0.04253280616504817,0.9340803164836874,0.009069960989331126,5
locations,tabpfn,amia,AMIA,row_max,0.057800000000000004,0.6312012480499221,0.044517850621418956,0.9340803164836874,0.009069960989331126,5
locations,tabpfn,amia,AMIA,row_max,0.058,0.6312012480499221,0.044517850621418956,0.9340803164836874,0.009069960989331126,5
locations,tabpfn,amia,AMIA,row_max,0.0582,0.6312012480499221,0.044517850621418956,0.9340803164836874,0.009069960989331126,5
locations,tabpfn,amia,AMIA,row_max,0.0584,0.6312012480499221,0.044517850621418956,0.9340803164836874,0.009069960989331126,5
locations,tabpfn,amia,AMIA,row_max,0.058600000000000006,0.6312012480499221,0.044517850621418956,0.9340803164836874,0.009069960989331126,5
locations,tabpfn,amia,AMIA,row_max,0.058800000000000005,0.6312012480499221,0.044517850621418956,0.9340803164836874,0.009069960989331126,5
locations,tabpfn,amia,AMIA,row_max,0.059000000000000004,0.6312012480499221,0.044517850621418956,0.9340803164836874,0.009069960989331126,5
locations,tabpfn,amia,AMIA,row_max,0.0592,0.6377535101404056,0.04793734405909085,0.9340803164836874,0.009069960989331126,5
locations,tabpfn,amia,AMIA,row_max,0.0594,0.6377535101404056,0.04793734405909085,0.9340803164836874,0.009069960989331126,5
locations,tabpfn,amia,AMIA,row_max,0.0596,0.6377535101404056,0.04793734405909085,0.9340803164836874,0.009069960989331126,5
locations,tabpfn,amia,AMIA,row_max,0.059800000000000006,0.6377535101404056,0.04793734405909085,0.9340803164836874,0.009069960989331126,5
locations,tabpfn,amia,AMIA,row_max,0.060000000000000005,0.6377535101404056,0.04793734405909085,0.9340803164836874,0.009069960989331126,5
locations,tabpfn,amia,AMIA,row_max,0.060200000000000004,0.6377535101404056,0.04793734405909085,0.9340803164836874,0.009069960989331126,5
locations,tabpfn,amia,AMIA,row_max,0.0604,0.6377535101404056,0.04793734405909085,0.9340803164836874,0.009069960989331126,5
locations,tabpfn,amia,AMIA,row_max,0.0606,0.6377535101404056,0.04793734405909085,0.9340803164836874,0.009069960989331126,5
locations,tabpfn,amia,AMIA,row_max,0.0608,0.6418096723868956,0.04597025057288458,0.9340803164836874,0.009069960989331126,5
locations,tabpfn,amia,AMIA,row_max,0.061000000000000006,0.6418096723868956,0.04597025057288458,0.9340803164836874,0.009069960989331126,5
locations,tabpfn,amia,AMIA,row_max,0.061200000000000004,0.6418096723868956,0.04597025057288458,0.9340803164836874,0.009069960989331126,5
locations,tabpfn,amia,AMIA,row_max,0.0614,0.6418096723868956,0.04597025057288458,0.9340803164836874,0.009069960989331126,5
locations,tabpfn,amia,AMIA,row_max,0.0616,0.6418096723868956,0.04597025057288458,0.9340803164836874,0.009069960989331126,5
locations,tabpfn,amia,AMIA,row_max,0.0618,0.6418096723868956,0.04597025057288458,0.9340803164836874,0.009069960989331126,5
locations,tabpfn,amia,AMIA,row_max,0.062,0.6418096723868956,0.04597025057288458,0.9340803164836874,0.009069960989331126,5
locations,tabpfn,amia,AMIA,row_max,0.062200000000000005,0.6418096723868956,0.04597025057288458,0.9340803164836874,0.009069960989331126,5
locations,tabpfn,amia,AMIA,row_max,0.062400000000000004,0.6461778471138845,0.04221403177981333,0.9340803164836874,0.009069960989331126,5
locations,tabpfn,amia,AMIA,row_max,0.0626,0.6461778471138845,0.04221403177981333,0.9340803164836874,0.009069960989331126,5
locations,tabpfn,amia,AMIA,row_max,0.06280000000000001,0.6461778471138845,0.04221403177981333,0.9340803164836874,0.009069960989331126,5
locations,tabpfn,amia,AMIA,row_max,0.063,0.6461778471138845,0.04221403177981333,0.9340803164836874,0.009069960989331126,5
locations,tabpfn,amia,AMIA,row_max,0.0632,0.6461778471138845,0.04221403177981333,0.9340803164836874,0.009069960989331126,5
locations,tabpfn,amia,AMIA,row_max,0.0634,0.6461778471138845,0.04221403177981333,0.9340803164836874,0.009069960989331126,5
locations,tabpfn,amia,AMIA,row_max,0.0636,0.6461778471138845,0.04221403177981333,0.9340803164836874,0.009069960989331126,5
locations,tabpfn,amia,AMIA,row_max,0.06380000000000001,0.6461778471138845,0.04221403177981333,0.9340803164836874,0.009069960989331126,5
locations,tabpfn,amia,AMIA,row_max,0.064,0.6521060842433697,0.03848329604849927,0.9340803164836874,0.009069960989331126,5
locations,tabpfn,amia,AMIA,row_max,0.06420000000000001,0.6521060842433697,0.03848329604849927,0.9340803164836874,0.009069960989331126,5
locations,tabpfn,amia,AMIA,row_max,0.0644,0.6521060842433697,0.03848329604849927,0.9340803164836874,0.009069960989331126,5
locations,tabpfn,amia,AMIA,row_max,0.0646,0.6521060842433697,0.03848329604849927,0.9340803164836874,0.009069960989331126,5
locations,tabpfn,amia,AMIA,row_max,0.0648,0.6521060842433697,0.03848329604849927,0.9340803164836874,0.009069960989331126,5
locations,tabpfn,amia,AMIA,row_max,0.065,0.6521060842433697,0.03848329604849927,0.9340803164836874,0.009069960989331126,5
locations,tabpfn,amia,AMIA,row_max,0.06520000000000001,0.6521060842433697,0.03848329604849927,0.9340803164836874,0.009069960989331126,5
locations,tabpfn,amia,AMIA,row_max,0.0654,0.6521060842433697,0.03848329604849927,0.9340803164836874,0.009069960989331126,5
locations,tabpfn,amia,AMIA,row_max,0.0656,0.6580343213728549,0.038615877725297156,0.9340803164836874,0.009069960989331126,5
locations,tabpfn,amia,AMIA,row_max,0.0658,0.6580343213728549,0.038615877725297156,0.9340803164836874,0.009069960989331126,5
locations,tabpfn,amia,AMIA,row_max,0.066,0.6580343213728549,0.038615877725297156,0.9340803164836874,0.009069960989331126,5
locations,tabpfn,amia,AMIA,row_max,0.06620000000000001,0.6580343213728549,0.038615877725297156,0.9340803164836874,0.009069960989331126,5
locations,tabpfn,amia,AMIA,row_max,0.0664,0.6580343213728549,0.038615877725297156,0.9340803164836874,0.009069960989331126,5
locations,tabpfn,amia,AMIA,row_max,0.0666,0.6580343213728549,0.038615877725297156,0.9340803164836874,0.009069960989331126,5
locations,tabpfn,amia,AMIA,row_max,0.0668,0.6580343213728549,0.038615877725297156,0.9340803164836874,0.009069960989331126,5
locations,tabpfn,amia,AMIA,row_max,0.067,0.6689547581903275,0.027762975009700576,0.9340803164836874,0.009069960989331126,5
locations,tabpfn,amia,AMIA,row_max,0.06720000000000001,0.6689547581903275,0.027762975009700576,0.9340803164836874,0.009069960989331126,5
locations,tabpfn,amia,AMIA,row_max,0.0674,0.6689547581903275,0.027762975009700576,0.9340803164836874,0.009069960989331126,5
locations,tabpfn,amia,AMIA,row_max,0.06760000000000001,0.6689547581903275,0.027762975009700576,0.9340803164836874,0.009069960989331126,5
locations,tabpfn,amia,AMIA,row_max,0.0678,0.6689547581903275,0.027762975009700576,0.9340803164836874,0.009069960989331126,5
locations,tabpfn,amia,AMIA,row_max,0.068,0.6689547581903275,0.027762975009700576,0.9340803164836874,0.009069960989331126,5
locations,tabpfn,amia,AMIA,row_max,0.0682,0.6689547581903275,0.027762975009700576,0.9340803164836874,0.009069960989331126,5
locations,tabpfn,amia,AMIA,row_max,0.0684,0.6689547581903275,0.027762975009700576,0.9340803164836874,0.009069960989331126,5
locations,tabpfn,amia,AMIA,row_max,0.06860000000000001,0.6708268330733229,0.027556196150788893,0.9340803164836874,0.009069960989331126,5
locations,tabpfn,amia,AMIA,row_max,0.0688,0.6708268330733229,0.027556196150788893,0.9340803164836874,0.009069960989331126,5
locations,tabpfn,amia,AMIA,row_max,0.069,0.6708268330733229,0.027556196150788893,0.9340803164836874,0.009069960989331126,5
locations,tabpfn,amia,AMIA,row_max,0.0692,0.6708268330733229,0.027556196150788893,0.9340803164836874,0.009069960989331126,5
locations,tabpfn,amia,AMIA,row_max,0.0694,0.6708268330733229,0.027556196150788893,0.9340803164836874,0.009069960989331126,5
locations,tabpfn,amia,AMIA,row_max,0.06960000000000001,0.6708268330733229,0.027556196150788893,0.9340803164836874,0.009069960989331126,5
locations,tabpfn,amia,AMIA,row_max,0.0698,0.6708268330733229,0.027556196150788893,0.9340803164836874,0.009069960989331126,5
locations,tabpfn,amia,AMIA,row_max,0.07,0.6708268330733229,0.027556196150788893,0.9340803164836874,0.009069960989331126,5
locations,tabpfn,amia,AMIA,row_max,0.0702,0.6748829953198129,0.03018226890230316,0.9340803164836874,0.009069960989331126,5
locations,tabpfn,amia,AMIA,row_max,0.0704,0.6748829953198129,0.03018226890230316,0.9340803164836874,0.009069960989331126,5
locations,tabpfn,amia,AMIA,row_max,0.07060000000000001,0.6748829953198129,0.03018226890230316,0.9340803164836874,0.009069960989331126,5
locations,tabpfn,amia,AMIA,row_max,0.0708,0.6748829953198129,0.03018226890230316,0.9340803164836874,0.009069960989331126,5
locations,tabpfn,amia,AMIA,row_max,0.07100000000000001,0.6748829953198129,0.03018226890230316,0.9340803164836874,0.009069960989331126,5
locations,tabpfn,amia,AMIA,row_max,0.0712,0.6748829953198129,0.03018226890230316,0.9340803164836874,0.009069960989331126,5
locations,tabpfn,amia,AMIA,row_max,0.0714,0.6748829953198129,0.03018226890230316,0.9340803164836874,0.009069960989331126,5
locations,tabpfn,amia,AMIA,row_max,0.0716,0.6748829953198129,0.03018226890230316,0.9340803164836874,0.009069960989331126,5
locations,tabpfn,amia,AMIA,row_max,0.0718,0.678003120124805,0.03221066097543475,0.9340803164836874,0.009069960989331126,5
locations,tabpfn,amia,AMIA,row_max,0.07200000000000001,0.678003120124805,0.03221066097543475,0.9340803164836874,0.009069960989331126,5
locations,tabpfn,amia,AMIA,row_max,0.0722,0.678003120124805,0.03221066097543475,0.9340803164836874,0.009069960989331126,5
locations,tabpfn,amia,AMIA,row_max,0.0724,0.678003120124805,0.03221066097543475,0.9340803164836874,0.009069960989331126,5
locations,tabpfn,amia,AMIA,row_max,0.0726,0.678003120124805,0.03221066097543475,0.9340803164836874,0.009069960989331126,5
locations,tabpfn,amia,AMIA,row_max,0.0728,0.678003120124805,0.03221066097543475,0.9340803164836874,0.009069960989331126,5
locations,tabpfn,amia,AMIA,row_max,0.07300000000000001,0.678003120124805,0.03221066097543475,0.9340803164836874,0.009069960989331126,5
locations,tabpfn,amia,AMIA,row_max,0.0732,0.678003120124805,0.03221066097543475,0.9340803164836874,0.009069960989331126,5
locations,tabpfn,amia,AMIA,row_max,0.0734,0.6811232449297971,0.034278799293534515,0.9340803164836874,0.009069960989331126,5
locations,tabpfn,amia,AMIA,row_max,0.0736,0.6811232449297971,0.034278799293534515,0.9340803164836874,0.009069960989331126,5
locations,tabpfn,amia,AMIA,row_max,0.0738,0.6811232449297971,0.034278799293534515,0.9340803164836874,0.009069960989331126,5
locations,tabpfn,amia,AMIA,row_max,0.07400000000000001,0.6811232449297971,0.034278799293534515,0.9340803164836874,0.009069960989331126,5
locations,tabpfn,amia,AMIA,row_max,0.0742,0.6811232449297971,0.034278799293534515,0.9340803164836874,0.009069960989331126,5
locations,tabpfn,amia,AMIA,row_max,0.07440000000000001,0.6811232449297971,0.034278799293534515,0.9340803164836874,0.009069960989331126,5
locations,tabpfn,amia,AMIA,row_max,0.0746,0.6811232449297971,0.034278799293534515,0.9340803164836874,0.009069960989331126,5
locations,tabpfn,amia,AMIA,row_max,0.0748,0.6858034321372856,0.03582373438297953,0.9340803164836874,0.009069960989331126,5
locations,tabpfn,amia,AMIA,row_max,0.075,0.6858034321372856,0.03582373438297953,0.9340803164836874,0.009069960989331126,5
locations,tabpfn,amia,AMIA,row_max,0.0752,0.6858034321372856,0.03582373438297953,0.9340803164836874,0.009069960989331126,5
locations,tabpfn,amia,AMIA,row_max,0.07540000000000001,0.6858034321372856,0.03582373438297953,0.9340803164836874,0.009069960989331126,5
locations,tabpfn,amia,AMIA,row_max,0.0756,0.6858034321372856,0.03582373438297953,0.9340803164836874,0.009069960989331126,5
locations,tabpfn,amia,AMIA,row_max,0.0758,0.6858034321372856,0.03582373438297953,0.9340803164836874,0.009069960989331126,5
locations,tabpfn,amia,AMIA,row_max,0.076,0.6858034321372856,0.03582373438297953,0.9340803164836874,0.009069960989331126,5
locations,tabpfn,amia,AMIA,row_max,0.0762,0.6858034321372856,0.03582373438297953,0.9340803164836874,0.009069960989331126,5
locations,tabpfn,amia,AMIA,row_max,0.07640000000000001,0.6886115444617784,0.032976043907932226,0.9340803164836874,0.009069960989331126,5
locations,tabpfn,amia,AMIA,row_max,0.0766,0.6886115444617784,0.032976043907932226,0.9340803164836874,0.009069960989331126,5
locations,tabpfn,amia,AMIA,row_max,0.07680000000000001,0.6886115444617784,0.032976043907932226,0.9340803164836874,0.009069960989331126,5
locations,tabpfn,amia,AMIA,row_max,0.077,0.6886115444617784,0.032976043907932226,0.9340803164836874,0.009069960989331126,5
locations,tabpfn,amia,AMIA,row_max,0.0772,0.6886115444617784,0.032976043907932226,0.9340803164836874,0.009069960989331126,5
locations,tabpfn,amia,AMIA,row_max,0.07740000000000001,0.6886115444617784,0.032976043907932226,0.9340803164836874,0.009069960989331126,5
locations,tabpfn,amia,AMIA,row_max,0.0776,0.6886115444617784,0.032976043907932226,0.9340803164836874,0.009069960989331126,5
locations,tabpfn,amia,AMIA,row_max,0.07780000000000001,0.6886115444617784,0.032976043907932226,0.9340803164836874,0.009069960989331126,5
locations,tabpfn,amia,AMIA,row_max,0.078,0.6917316692667707,0.034789741363680925,0.9340803164836874,0.009069960989331126,5
locations,tabpfn,amia,AMIA,row_max,0.0782,0.6917316692667707,0.034789741363680925,0.9340803164836874,0.009069960989331126,5
locations,tabpfn,amia,AMIA,row_max,0.0784,0.6917316692667707,0.034789741363680925,0.9340803164836874,0.009069960989331126,5
locations,tabpfn,amia,AMIA,row_max,0.0786,0.6917316692667707,0.034789741363680925,0.9340803164836874,0.009069960989331126,5
locations,tabpfn,amia,AMIA,row_max,0.07880000000000001,0.6917316692667707,0.034789741363680925,0.9340803164836874,0.009069960989331126,5
locations,tabpfn,amia,AMIA,row_max,0.079,0.6917316692667707,0.034789741363680925,0.9340803164836874,0.009069960989331126,5
locations,tabpfn,amia,AMIA,row_max,0.0792,0.6917316692667707,0.034789741363680925,0.9340803164836874,0.009069960989331126,5
locations,tabpfn,amia,AMIA,row_max,0.0794,0.6917316692667707,0.034789741363680925,0.9340803164836874,0.009069960989331126,5
locations,tabpfn,amia,AMIA,row_max,0.0796,0.696411856474259,0.03442050638507735,0.9340803164836874,0.009069960989331126,5
locations,tabpfn,amia,AMIA,row_max,0.07980000000000001,0.696411856474259,0.03442050638507735,0.9340803164836874,0.009069960989331126,5
locations,tabpfn,amia,AMIA,row_max,0.08,0.696411856474259,0.03442050638507735,0.9340803164836874,0.009069960989331126,5
locations,tabpfn,amia,AMIA,row_max,0.08020000000000001,0.696411856474259,0.03442050638507735,0.9340803164836874,0.009069960989331126,5
locations,tabpfn,amia,AMIA,row_max,0.0804,0.696411856474259,0.03442050638507735,0.9340803164836874,0.009069960989331126,5
locations,tabpfn,amia,AMIA,row_max,0.0806,0.696411856474259,0.03442050638507735,0.9340803164836874,0.009069960989331126,5
locations,tabpfn,amia,AMIA,row_max,0.08080000000000001,0.696411856474259,0.03442050638507735,0.9340803164836874,0.009069960989331126,5
locations,tabpfn,amia,AMIA,row_max,0.081,0.7007800312012481,0.0375129323747968,0.9340803164836874,0.009069960989331126,5
locations,tabpfn,amia,AMIA,row_max,0.08120000000000001,0.7007800312012481,0.0375129323747968,0.9340803164836874,0.009069960989331126,5
locations,tabpfn,amia,AMIA,row_max,0.0814,0.7007800312012481,0.0375129323747968,0.9340803164836874,0.009069960989331126,5
locations,tabpfn,amia,AMIA,row_max,0.0816,0.7007800312012481,0.0375129323747968,0.9340803164836874,0.009069960989331126,5
locations,tabpfn,amia,AMIA,row_max,0.0818,0.7007800312012481,0.0375129323747968,0.9340803164836874,0.009069960989331126,5
locations,tabpfn,amia,AMIA,row_max,0.082,0.7007800312012481,0.0375129323747968,0.9340803164836874,0.009069960989331126,5
locations,tabpfn,amia,AMIA,row_max,0.08220000000000001,0.7007800312012481,0.0375129323747968,0.9340803164836874,0.009069960989331126,5
locations,tabpfn,amia,AMIA,row_max,0.0824,0.7007800312012481,0.0375129323747968,0.9340803164836874,0.009069960989331126,5
locations,tabpfn,amia,AMIA,row_max,0.0826,0.7057722308892356,0.03572168194588859,0.9340803164836874,0.009069960989331126,5
locations,tabpfn,amia,AMIA,row_max,0.0828,0.7057722308892356,0.03572168194588859,0.9340803164836874,0.009069960989331126,5
locations,tabpfn,amia,AMIA,row_max,0.083,0.7057722308892356,0.03572168194588859,0.9340803164836874,0.009069960989331126,5
locations,tabpfn,amia,AMIA,row_max,0.08320000000000001,0.7057722308892356,0.03572168194588859,0.9340803164836874,0.009069960989331126,5
locations,tabpfn,amia,AMIA,row_max,0.0834,0.7057722308892356,0.03572168194588859,0.9340803164836874,0.009069960989331126,5
locations,tabpfn,amia,AMIA,row_max,0.08360000000000001,0.7057722308892356,0.03572168194588859,0.9340803164836874,0.009069960989331126,5
locations,tabpfn,amia,AMIA,row_max,0.0838,0.7057722308892356,0.03572168194588859,0.9340803164836874,0.009069960989331126,5
locations,tabpfn,amia,AMIA,row_max,0.084,0.7057722308892356,0.03572168194588859,0.9340803164836874,0.009069960989331126,5
locations,tabpfn,amia,AMIA,row_max,0.08420000000000001,0.7113884555382215,0.03484915429592618,0.9340803164836874,0.009069960989331126,5
locations,tabpfn,amia,AMIA,row_max,0.0844,0.7113884555382215,0.03484915429592618,0.9340803164836874,0.009069960989331126,5
locations,tabpfn,amia,AMIA,row_max,0.08460000000000001,0.7113884555382215,0.03484915429592618,0.9340803164836874,0.009069960989331126,5
locations,tabpfn,amia,AMIA,row_max,0.0848,0.7113884555382215,0.03484915429592618,0.9340803164836874,0.009069960989331126,5
locations,tabpfn,amia,AMIA,row_max,0.085,0.7113884555382215,0.03484915429592618,0.9340803164836874,0.009069960989331126,5
locations,tabpfn,amia,AMIA,row_max,0.0852,0.7113884555382215,0.03484915429592618,0.9340803164836874,0.009069960989331126,5
locations,tabpfn,amia,AMIA,row_max,0.0854,0.7113884555382215,0.03484915429592618,0.9340803164836874,0.009069960989331126,5
locations,tabpfn,amia,AMIA,row_max,0.08560000000000001,0.7113884555382215,0.03484915429592618,0.9340803164836874,0.009069960989331126,5
locations,tabpfn,amia,AMIA,row_max,0.0858,0.7123244929797192,0.03443817877233046,0.9340803164836874,0.009069960989331126,5
locations,tabpfn,amia,AMIA,row_max,0.08600000000000001,0.7123244929797192,0.03443817877233046,0.9340803164836874,0.009069960989331126,5
locations,tabpfn,amia,AMIA,row_max,0.0862,0.7123244929797192,0.03443817877233046,0.9340803164836874,0.009069960989331126,5
locations,tabpfn,amia,AMIA,row_max,0.0864,0.7123244929797192,0.03443817877233046,0.9340803164836874,0.009069960989331126,5
locations,tabpfn,amia,AMIA,row_max,0.08660000000000001,0.7123244929797192,0.03443817877233046,0.9340803164836874,0.009069960989331126,5
locations,tabpfn,amia,AMIA,row_max,0.0868,0.7123244929797192,0.03443817877233046,0.9340803164836874,0.009069960989331126,5
locations,tabpfn,amia,AMIA,row_max,0.08700000000000001,0.7123244929797192,0.03443817877233046,0.9340803164836874,0.009069960989331126,5
locations,tabpfn,amia,AMIA,row_max,0.0872,0.7123244929797192,0.03443817877233046,0.9340803164836874,0.009069960989331126,5
locations,tabpfn,amia,AMIA,row_max,0.0874,0.7151326053042121,0.03546526611764823,0.9340803164836874,0.009069960989331126,5
locations,tabpfn,amia,AMIA,row_max,0.0876,0.7151326053042121,0.03546526611764823,0.9340803164836874,0.009069960989331126,5
locations,tabpfn,amia,AMIA,row_max,0.0878,0.7151326053042121,0.03546526611764823,0.9340803164836874,0.009069960989331126,5
locations,tabpfn,amia,AMIA,row_max,0.08800000000000001,0.7151326053042121,0.03546526611764823,0.9340803164836874,0.009069960989331126,5
locations,tabpfn,amia,AMIA,row_max,0.0882,0.7151326053042121,0.03546526611764823,0.9340803164836874,0.009069960989331126,5
locations,tabpfn,amia,AMIA,row_max,0.0884,0.7151326053042121,0.03546526611764823,0.9340803164836874,0.009069960989331126,5
locations,tabpfn,amia,AMIA,row_max,0.0886,0.7151326053042121,0.03546526611764823,0.9340803164836874,0.009069960989331126,5
locations,tabpfn,amia,AMIA,row_max,0.0888,0.7176287051482058,0.036302890103650835,0.9340803164836874,0.009069960989331126,5
locations,tabpfn,amia,AMIA,row_max,0.08900000000000001,0.7176287051482058,0.036302890103650835,0.9340803164836874,0.009069960989331126,5
locations,tabpfn,amia,AMIA,row_max,0.0892,0.7176287051482058,0.036302890103650835,0.9340803164836874,0.009069960989331126,5
locations,tabpfn,amia,AMIA,row_max,0.08940000000000001,0.7176287051482058,0.036302890103650835,0.9340803164836874,0.009069960989331126,5
locations,tabpfn,amia,AMIA,row_max,0.0896,0.7176287051482058,0.036302890103650835,0.9340803164836874,0.009069960989331126,5
locations,tabpfn,amia,AMIA,row_max,0.0898,0.7176287051482058,0.036302890103650835,0.9340803164836874,0.009069960989331126,5
locations,tabpfn,amia,AMIA,row_max,0.09000000000000001,0.7176287051482058,0.036302890103650835,0.9340803164836874,0.009069960989331126,5
locations,tabpfn,amia,AMIA,row_max,0.0902,0.7176287051482058,0.036302890103650835,0.9340803164836874,0.009069960989331126,5
locations,tabpfn,amia,AMIA,row_max,0.09040000000000001,0.7210608424336973,0.03739922210296881,0.9340803164836874,0.009069960989331126,5
locations,tabpfn,amia,AMIA,row_max,0.0906,0.7210608424336973,0.03739922210296881,0.9340803164836874,0.009069960989331126,5
locations,tabpfn,amia,AMIA,row_max,0.0908,0.7210608424336973,0.03739922210296881,0.9340803164836874,0.009069960989331126,5
locations,tabpfn,amia,AMIA,row_max,0.091,0.7210608424336973,0.03739922210296881,0.9340803164836874,0.009069960989331126,5
locations,tabpfn,amia,AMIA,row_max,0.0912,0.7210608424336973,0.03739922210296881,0.9340803164836874,0.009069960989331126,5
locations,tabpfn,amia,AMIA,row_max,0.09140000000000001,0.7210608424336973,0.03739922210296881,0.9340803164836874,0.009069960989331126,5
locations,tabpfn,amia,AMIA,row_max,0.0916,0.7210608424336973,0.03739922210296881,0.9340803164836874,0.009069960989331126,5
locations,tabpfn,amia,AMIA,row_max,0.0918,0.7210608424336973,0.03739922210296881,0.9340803164836874,0.009069960989331126,5
locations,tabpfn,amia,AMIA,row_max,0.092,0.7257410296411857,0.03889845967120344,0.9340803164836874,0.009069960989331126,5
locations,tabpfn,amia,AMIA,row_max,0.0922,0.7257410296411857,0.03889845967120344,0.9340803164836874,0.009069960989331126,5
locations,tabpfn,amia,AMIA,row_max,0.09240000000000001,0.7257410296411857,0.03889845967120344,0.9340803164836874,0.009069960989331126,5
locations,tabpfn,amia,AMIA,row_max,0.0926,0.7257410296411857,0.03889845967120344,0.9340803164836874,0.009069960989331126,5
locations,tabpfn,amia,AMIA,row_max,0.09280000000000001,0.7257410296411857,0.03889845967120344,0.9340803164836874,0.009069960989331126,5
locations,tabpfn,amia,AMIA,row_max,0.093,0.7257410296411857,0.03889845967120344,0.9340803164836874,0.009069960989331126,5
locations,tabpfn,amia,AMIA,row_max,0.0932,0.7257410296411857,0.03889845967120344,0.9340803164836874,0.009069960989331126,5
locations,tabpfn,amia,AMIA,row_max,0.09340000000000001,0.7257410296411857,0.03889845967120344,0.9340803164836874,0.009069960989331126,5
locations,tabpfn,amia,AMIA,row_max,0.0936,0.7313572542901716,0.04323934652947055,0.9340803164836874,0.009069960989331126,5
locations,tabpfn,amia,AMIA,row_max,0.09380000000000001,0.7313572542901716,0.04323934652947055,0.9340803164836874,0.009069960989331126,5
locations,tabpfn,amia,AMIA,row_max,0.094,0.7313572542901716,0.04323934652947055,0.9340803164836874,0.009069960989331126,5
locations,tabpfn,amia,AMIA,row_max,0.0942,0.7313572542901716,0.04323934652947055,0.9340803164836874,0.009069960989331126,5
locations,tabpfn,amia,AMIA,row_max,0.0944,0.7313572542901716,0.04323934652947055,0.9340803164836874,0.009069960989331126,5
locations,tabpfn,amia,AMIA,row_max,0.0946,0.7313572542901716,0.04323934652947055,0.9340803164836874,0.009069960989331126,5
locations,tabpfn,amia,AMIA,row_max,0.09480000000000001,0.7313572542901716,0.04323934652947055,0.9340803164836874,0.009069960989331126,5
locations,tabpfn,amia,AMIA,row_max,0.095,0.7313572542901716,0.04323934652947055,0.9340803164836874,0.009069960989331126,5
locations,tabpfn,amia,AMIA,row_max,0.0952,0.734789391575663,0.04321964173851818,0.9340803164836874,0.009069960989331126,5
locations,tabpfn,amia,AMIA,row_max,0.0954,0.734789391575663,0.04321964173851818,0.9340803164836874,0.009069960989331126,5
locations,tabpfn,amia,AMIA,row_max,0.0956,0.734789391575663,0.04321964173851818,0.9340803164836874,0.009069960989331126,5
locations,tabpfn,amia,AMIA,row_max,0.09580000000000001,0.734789391575663,0.04321964173851818,0.9340803164836874,0.009069960989331126,5
locations,tabpfn,amia,AMIA,row_max,0.096,0.734789391575663,0.04321964173851818,0.9340803164836874,0.009069960989331126,5
locations,tabpfn,amia,AMIA,row_max,0.09620000000000001,0.734789391575663,0.04321964173851818,0.9340803164836874,0.009069960989331126,5
locations,tabpfn,amia,AMIA,row_max,0.0964,0.734789391575663,0.04321964173851818,0.9340803164836874,0.009069960989331126,5
locations,tabpfn,amia,AMIA,row_max,0.0966,0.7391575663026522,0.0422572499242037,0.9340803164836874,0.009069960989331126,5
locations,tabpfn,amia,AMIA,row_max,0.09680000000000001,0.7391575663026522,0.0422572499242037,0.9340803164836874,0.009069960989331126,5
locations,tabpfn,amia,AMIA,row_max,0.097,0.7391575663026522,0.0422572499242037,0.9340803164836874,0.009069960989331126,5
locations,tabpfn,amia,AMIA,row_max,0.09720000000000001,0.7391575663026522,0.0422572499242037,0.9340803164836874,0.009069960989331126,5
locations,tabpfn,amia,AMIA,row_max,0.0974,0.7391575663026522,0.0422572499242037,0.9340803164836874,0.009069960989331126,5
locations,tabpfn,amia,AMIA,row_max,0.0976,0.7391575663026522,0.0422572499242037,0.9340803164836874,0.009069960989331126,5
locations,tabpfn,amia,AMIA,row_max,0.0978,0.7391575663026522,0.0422572499242037,0.9340803164836874,0.009069960989331126,5
locations,tabpfn,amia,AMIA,row_max,0.098,0.7391575663026522,0.0422572499242037,0.9340803164836874,0.009069960989331126,5
locations,tabpfn,amia,AMIA,row_max,0.09820000000000001,0.7422776911076443,0.04395114165909148,0.9340803164836874,0.009069960989331126,5
locations,tabpfn,amia,AMIA,row_max,0.0984,0.7422776911076443,0.04395114165909148,0.9340803164836874,0.009069960989331126,5
locations,tabpfn,amia,AMIA,row_max,0.09860000000000001,0.7422776911076443,0.04395114165909148,0.9340803164836874,0.009069960989331126,5
locations,tabpfn,amia,AMIA,row_max,0.0988,0.7422776911076443,0.04395114165909148,0.9340803164836874,0.009069960989331126,5
locations,tabpfn,amia,AMIA,row_max,0.099,0.7422776911076443,0.04395114165909148,0.9340803164836874,0.009069960989331126,5
locations,tabpfn,amia,AMIA,row_max,0.09920000000000001,0.7422776911076443,0.04395114165909148,0.9340803164836874,0.009069960989331126,5
locations,tabpfn,amia,AMIA,row_max,0.0994,0.7422776911076443,0.04395114165909148,0.9340803164836874,0.009069960989331126,5
locations,tabpfn,amia,AMIA,row_max,0.09960000000000001,0.7422776911076443,0.04395114165909148,0.9340803164836874,0.009069960989331126,5
locations,tabpfn,amia,AMIA,row_max,0.0998,0.7469578783151325,0.04602051876786254,0.9340803164836874,0.009069960989331126,5
locations,tabpfn,amia,AMIA,row_max,0.1,0.7469578783151325,0.04602051876786254,0.9340803164836874,0.009069960989331126,5
locations,tabpfn,amia,AMIA,row_max,0.105,0.7563182527301092,0.043070155793745964,0.9340803164836874,0.009069960989331126,5
locations,tabpfn,amia,AMIA,row_max,0.11,0.764742589703588,0.040762134898369023,0.9340803164836874,0.009069960989331126,5
locations,tabpfn,amia,AMIA,row_max,0.11499999999999999,0.7747269890795632,0.03879194842764824,0.9340803164836874,0.009069960989331126,5
locations,tabpfn,amia,AMIA,row_max,0.12,0.7859594383775351,0.03602359412760461,0.9340803164836874,0.009069960989331126,5
locations,tabpfn,amia,AMIA,row_max,0.125,0.7981279251170047,0.0305429780536881,0.9340803164836874,0.009069960989331126,5
locations,tabpfn,amia,AMIA,row_max,0.13,0.8093603744149765,0.033720452009001645,0.9340803164836874,0.009069960989331126,5
locations,tabpfn,amia,AMIA,row_max,0.135,0.8171606864274571,0.035358737777621406,0.9340803164836874,0.009069960989331126,5
locations,tabpfn,amia,AMIA,row_max,0.14,0.8240249609984399,0.03297235345479459,0.9340803164836874,0.009069960989331126,5
locations,tabpfn,amia,AMIA,row_max,0.145,0.8380655226209048,0.028985270920420834,0.9340803164836874,0.009069960989331126,5
locations,tabpfn,amia,AMIA,row_max,0.15,0.8436817472698908,0.03169269746422227,0.9340803164836874,0.009069960989331126,5
locations,tabpfn,amia,AMIA,row_max,0.155,0.8508580343213727,0.02983759543166372,0.9340803164836874,0.009069960989331126,5
locations,tabpfn,amia,AMIA,row_max,0.16,0.8564742589703588,0.030351133320349017,0.9340803164836874,0.009069960989331126,5
locations,tabpfn,amia,AMIA,row_max,0.16499999999999998,0.8667706708268332,0.030202421317516534,0.9340803164836874,0.009069960989331126,5
locations,tabpfn,amia,AMIA,row_max,0.16999999999999998,0.8730109204368175,0.028566612728906843,0.9340803164836874,0.009069960989331126,5
locations,tabpfn,amia,AMIA,row_max,0.175,0.8767550702028082,0.028102782425353832,0.9340803164836874,0.009069960989331126,5
locations,tabpfn,amia,AMIA,row_max,0.18,0.8845553822152885,0.02777612139588905,0.9340803164836874,0.009069960989331126,5
locations,tabpfn,amia,AMIA,row_max,0.185,0.8911076443057724,0.025019432382813685,0.9340803164836874,0.009069960989331126,5
locations,tabpfn,amia,AMIA,row_max,0.19,0.8948517940717629,0.02398136125274863,0.9340803164836874,0.009069960989331126,5
locations,tabpfn,amia,AMIA,row_max,0.195,0.9026521060842434,0.02367494285815158,0.9340803164836874,0.009069960989331126,5
locations,tabpfn,amia,AMIA,row_max,0.2,0.9098283931357255,0.026644660138519523,0.9340803164836874,0.009069960989331126,5
locations,tabpfn,amia,AMIA,row_max,0.20500000000000002,0.9132605304212168,0.02555361261983626,0.9340803164836874,0.009069960989331126,5
locations,tabpfn,amia,AMIA,row_max,0.21,0.9176287051482059,0.027959521768761125,0.9340803164836874,0.009069960989331126,5
locations,tabpfn,amia,AMIA,row_max,0.215,0.9238689547581902,0.02845564085702814,0.9340803164836874,0.009069960989331126,5
locations,tabpfn,amia,AMIA,row_max,0.22,0.9266770670826834,0.02931091143222457,0.9340803164836874,0.009069960989331126,5
locations,tabpfn,amia,AMIA,row_max,0.22499999999999998,0.9310452418096723,0.026484328053555065,0.9340803164836874,0.009069960989331126,5
locations,tabpfn,amia,AMIA,row_max,0.22999999999999998,0.9329173166926678,0.02713342766135112,0.9340803164836874,0.009069960989331126,5
locations,tabpfn,amia,AMIA,row_max,0.235,0.9351014040561623,0.025648678471297863,0.9340803164836874,0.009069960989331126,5
locations,tabpfn,amia,AMIA,row_max,0.24,0.9394695787831513,0.026090848539306398,0.9340803164836874,0.009069960989331126,5
locations,tabpfn,amia,AMIA,row_max,0.245,0.9463338533541341,0.027258714603093148,0.9340803164836874,0.009069960989331126,5
locations,tabpfn,amia,AMIA,row_max,0.25,0.9482059282371296,0.02718719276228046,0.9340803164836874,0.009069960989331126,5
locations,tabpfn,amia,AMIA,row_max,0.255,0.9528861154446178,0.024651947925277033,0.9340803164836874,0.009069960989331126,5
locations,tabpfn,amia,AMIA,row_max,0.26,0.9550702028081123,0.023281024024281248,0.9340803164836874,0.009069960989331126,5
locations,tabpfn,amia,AMIA,row_max,0.265,0.9597503900156006,0.019960265337362833,0.9340803164836874,0.009069960989331126,5
locations,tabpfn,amia,AMIA,row_max,0.27,0.9625585023400935,0.01907491304311622,0.9340803164836874,0.009069960989331126,5
locations,tabpfn,amia,AMIA,row_max,0.275,0.9638065522620906,0.01735109231001472,0.9340803164836874,0.009069960989331126,5
locations,tabpfn,amia,AMIA,row_max,0.28,0.9678627145085803,0.01358240178451104,0.9340803164836874,0.009069960989331126,5
locations,tabpfn,amia,AMIA,row_max,0.285,0.9691107644305772,0.012883508781318333,0.9340803164836874,0.009069960989331126,5
locations,tabpfn,amia,AMIA,row_max,0.29,0.9728549141965679,0.011442821105081,0.9340803164836874,0.009069960989331126,5
locations,tabpfn,amia,AMIA,row_max,0.295,0.9750390015600624,0.012431651677464323,0.9340803164836874,0.009069960989331126,5
locations,tabpfn,amia,AMIA,row_max,0.3,0.9762870514820593,0.012977618934842707,0.9340803164836874,0.009069960989331126,5
locations,tabpfn,amia,AMIA,row_max,0.305,0.9797191887675508,0.009229453639780994,0.9340803164836874,0.009069960989331126,5
locations,tabpfn,amia,AMIA,row_max,0.31,0.981591263650546,0.006835850951702553,0.9340803164836874,0.009069960989331126,5
locations,tabpfn,amia,AMIA,row_max,0.315,0.9825273010920437,0.006375293835164586,0.9340803164836874,0.009069960989331126,5
locations,tabpfn,amia,AMIA,row_max,0.32,0.9834633385335414,0.007367063309277748,0.9340803164836874,0.009069960989331126,5
locations,tabpfn,amia,AMIA,row_max,0.325,0.9840873634945397,0.007432841965411288,0.9340803164836874,0.009069960989331126,5
locations,tabpfn,amia,AMIA,row_max,0.33,0.9840873634945397,0.007432841965411288,0.9340803164836874,0.009069960989331126,5
locations,tabpfn,amia,AMIA,row_max,0.335,0.9868954758190327,0.0062984802615245845,0.9340803164836874,0.009069960989331126,5
locations,tabpfn,amia,AMIA,row_max,0.34,0.9868954758190327,0.0062984802615245845,0.9340803164836874,0.009069960989331126,5
locations,tabpfn,amia,AMIA,row_max,0.345,0.9875195007800313,0.005837219012127801,0.9340803164836874,0.009069960989331126,5
locations,tabpfn,amia,AMIA,row_max,0.35,0.9893915756630266,0.005336234438841521,0.9340803164836874,0.009069960989331126,5
locations,tabpfn,amia,AMIA,row_max,0.355,0.9909516380655227,0.005336234438841521,0.9340803164836874,0.009069960989331126,5
locations,tabpfn,amia,AMIA,row_max,0.36,0.9915756630265211,0.005244223498899101,0.9340803164836874,0.009069960989331126,5
locations,tabpfn,amia,AMIA,row_max,0.365,0.9931357254290172,0.004215056501125211,0.9340803164836874,0.009069960989331126,5
locations,tabpfn,amia,AMIA,row_max,0.37,0.9931357254290172,0.004215056501125211,0.9340803164836874,0.009069960989331126,5
locations,tabpfn,amia,AMIA,row_max,0.375,0.9931357254290172,0.004215056501125211,0.9340803164836874,0.009069960989331126,5
locations,tabpfn,amia,AMIA,row_max,0.38,0.9934477379095163,0.004186086697347499,0.9340803164836874,0.009069960989331126,5
locations,tabpfn,amia,AMIA,row_max,0.385,0.9946957878315132,0.0037571277936949486,0.9340803164836874,0.009069960989331126,5
locations,tabpfn,amia,AMIA,row_max,0.39,0.9950078003120124,0.003382134694021666,0.9340803164836874,0.009069960989331126,5
locations,tabpfn,amia,AMIA,row_max,0.39499999999999996,0.9953198127925116,0.003309392111637526,0.9340803164836874,0.009069960989331126,5
locations,tabpfn,amia,AMIA,row_max,0.39999999999999997,0.9953198127925116,0.003309392111637526,0.9340803164836874,0.009069960989331126,5
locations,tabpfn,amia,AMIA,row_max,0.40499999999999997,0.995631825273011,0.0030008399472186242,0.9340803164836874,0.009069960989331126,5
locations,tabpfn,amia,AMIA,row_max,0.41,0.9959438377535103,0.0030411214804396177,0.9340803164836874,0.009069960989331126,5
locations,tabpfn,amia,AMIA,row_max,0.415,0.9962558502340094,0.0032350142516892055,0.9340803164836874,0.009069960989331126,5
locations,tabpfn,amia,AMIA,row_max,0.42,0.9962558502340094,0.0032350142516892055,0.9340803164836874,0.009069960989331126,5
locations,tabpfn,amia,AMIA,row_max,0.425,0.9962558502340094,0.0032350142516892055,0.9340803164836874,0.009069960989331126,5
locations,tabpfn,amia,AMIA,row_max,0.43,0.997191887675507,0.00203407251332377,0.9340803164836874,0.009069960989331126,5
locations,tabpfn,amia,AMIA,row_max,0.435,0.997191887675507,0.00203407251332377,0.9340803164836874,0.009069960989331126,5
locations,tabpfn,amia,AMIA,row_max,0.44,0.997191887675507,0.00203407251332377,0.9340803164836874,0.009069960989331126,5
locations,tabpfn,amia,AMIA,row_max,0.445,0.997191887675507,0.00203407251332377,0.9340803164836874,0.009069960989331126,5
locations,tabpfn,amia,AMIA,row_max,0.45,0.9975039001560063,0.001778744812947187,0.9340803164836874,0.009069960989331126,5
locations,tabpfn,amia,AMIA,row_max,0.455,0.9981279251170048,0.001708962737925643,0.9340803164836874,0.009069960989331126,5
locations,tabpfn,amia,AMIA,row_max,0.45999999999999996,0.9984399375975039,0.001103130703879184,0.9340803164836874,0.009069960989331126,5
locations,tabpfn,amia,AMIA,row_max,0.46499999999999997,0.9984399375975039,0.001103130703879184,0.9340803164836874,0.009069960989331126,5
locations,tabpfn,amia,AMIA,row_max,0.47,0.9984399375975039,0.001103130703879184,0.9340803164836874,0.009069960989331126,5
locations,tabpfn,amia,AMIA,row_max,0.475,0.9984399375975039,0.001103130703879184,0.9340803164836874,0.009069960989331126,5
locations,tabpfn,amia,AMIA,row_max,0.48,0.9984399375975039,0.001103130703879184,0.9340803164836874,0.009069960989331126,5
locations,tabpfn,amia,AMIA,row_max,0.485,0.9987519500780031,0.0006976811162245679,0.9340803164836874,0.009069960989331126,5
locations,tabpfn,amia,AMIA,row_max,0.49,0.9987519500780031,0.0006976811162245679,0.9340803164836874,0.009069960989331126,5
locations,tabpfn,amia,AMIA,row_max,0.495,0.9987519500780031,0.0006976811162245679,0.9340803164836874,0.009069960989331126,5
locations,tabpfn,amia,AMIA,row_max,0.5,0.9987519500780031,0.0006976811162245679,0.9340803164836874,0.009069960989331126,5
locations,tabpfn,amia,AMIA,row_max,0.505,0.9987519500780031,0.0006976811162245679,0.9340803164836874,0.009069960989331126,5
locations,tabpfn,amia,AMIA,row_max,0.51,0.9990639625585024,0.0008544813689627987,0.9340803164836874,0.009069960989331126,5
locations,tabpfn,amia,AMIA,row_max,0.515,0.9993759750390016,0.0008544813689627986,0.9340803164836874,0.009069960989331126,5
locations,tabpfn,amia,AMIA,row_max,0.52,0.9996879875195008,0.0006976811162245679,0.9340803164836874,0.009069960989331126,5
locations,tabpfn,amia,AMIA,row_max,0.525,0.9996879875195008,0.0006976811162245679,0.9340803164836874,0.009069960989331126,5
locations,tabpfn,amia,AMIA,row_max,0.53,0.9996879875195008,0.0006976811162245679,0.9340803164836874,0.009069960989331126,5
locations,tabpfn,amia,AMIA,row_max,0.535,0.9996879875195008,0.0006976811162245679,0.9340803164836874,0.009069960989331126,5
locations,tabpfn,amia,AMIA,row_max,0.54,0.9996879875195008,0.0006976811162245679,0.9340803164836874,0.009069960989331126,5
locations,tabpfn,amia,AMIA,row_max,0.545,0.9996879875195008,0.0006976811162245679,0.9340803164836874,0.009069960989331126,5
locations,tabpfn,amia,AMIA,row_max,0.55,0.9996879875195008,0.0006976811162245679,0.9340803164836874,0.009069960989331126,5
locations,tabpfn,amia,AMIA,row_max,0.555,0.9996879875195008,0.0006976811162245679,0.9340803164836874,0.009069960989331126,5
locations,tabpfn,amia,AMIA,row_max,0.56,0.9996879875195008,0.0006976811162245679,0.9340803164836874,0.009069960989331126,5
locations,tabpfn,amia,AMIA,row_max,0.5650000000000001,0.9996879875195008,0.0006976811162245679,0.9340803164836874,0.009069960989331126,5
locations,tabpfn,amia,AMIA,row_max,0.5700000000000001,0.9996879875195008,0.0006976811162245679,0.9340803164836874,0.009069960989331126,5
locations,tabpfn,amia,AMIA,row_max,0.5750000000000001,0.9996879875195008,0.0006976811162245679,0.9340803164836874,0.009069960989331126,5
locations,tabpfn,amia,AMIA,row_max,0.5800000000000001,0.9996879875195008,0.0006976811162245679,0.9340803164836874,0.009069960989331126,5
locations,tabpfn,amia,AMIA,row_max,0.585,0.9996879875195008,0.0006976811162245679,0.9340803164836874,0.009069960989331126,5
locations,tabpfn,amia,AMIA,row_max,0.59,1.0,0.0,0.9340803164836874,0.009069960989331126,5
locations,tabpfn,amia,AMIA,row_max,0.595,1.0,0.0,0.9340803164836874,0.009069960989331126,5
locations,tabpfn,amia,AMIA,row_max,0.6,1.0,0.0,0.9340803164836874,0.009069960989331126,5
locations,tabpfn,amia,AMIA,row_max,0.605,1.0,0.0,0.9340803164836874,0.009069960989331126,5
locations,tabpfn,amia,AMIA,row_max,0.61,1.0,0.0,0.9340803164836874,0.009069960989331126,5
locations,tabpfn,amia,AMIA,row_max,0.615,1.0,0.0,0.9340803164836874,0.009069960989331126,5
locations,tabpfn,amia,AMIA,row_max,0.62,1.0,0.0,0.9340803164836874,0.009069960989331126,5
locations,tabpfn,amia,AMIA,row_max,0.625,1.0,0.0,0.9340803164836874,0.009069960989331126,5
locations,tabpfn,amia,AMIA,row_max,0.63,1.0,0.0,0.9340803164836874,0.009069960989331126,5
locations,tabpfn,amia,AMIA,row_max,0.635,1.0,0.0,0.9340803164836874,0.009069960989331126,5
locations,tabpfn,amia,AMIA,row_max,0.64,1.0,0.0,0.9340803164836874,0.009069960989331126,5
locations,tabpfn,amia,AMIA,row_max,0.645,1.0,0.0,0.9340803164836874,0.009069960989331126,5
locations,tabpfn,amia,AMIA,row_max,0.65,1.0,0.0,0.9340803164836874,0.009069960989331126,5
locations,tabpfn,amia,AMIA,row_max,0.655,1.0,0.0,0.9340803164836874,0.009069960989331126,5
locations,tabpfn,amia,AMIA,row_max,0.66,1.0,0.0,0.9340803164836874,0.009069960989331126,5
locations,tabpfn,amia,AMIA,row_max,0.665,1.0,0.0,0.9340803164836874,0.009069960989331126,5
locations,tabpfn,amia,AMIA,row_max,0.67,1.0,0.0,0.9340803164836874,0.009069960989331126,5
locations,tabpfn,amia,AMIA,row_max,0.675,1.0,0.0,0.9340803164836874,0.009069960989331126,5
locations,tabpfn,amia,AMIA,row_max,0.68,1.0,0.0,0.9340803164836874,0.009069960989331126,5
locations,tabpfn,amia,AMIA,row_max,0.6849999999999999,1.0,0.0,0.9340803164836874,0.009069960989331126,5
locations,tabpfn,amia,AMIA,row_max,0.69,1.0,0.0,0.9340803164836874,0.009069960989331126,5
locations,tabpfn,amia,AMIA,row_max,0.695,1.0,0.0,0.9340803164836874,0.009069960989331126,5
locations,tabpfn,amia,AMIA,row_max,0.7,1.0,0.0,0.9340803164836874,0.009069960989331126,5
locations,tabpfn,amia,AMIA,row_max,0.705,1.0,0.0,0.9340803164836874,0.009069960989331126,5
locations,tabpfn,amia,AMIA,row_max,0.71,1.0,0.0,0.9340803164836874,0.009069960989331126,5
locations,tabpfn,amia,AMIA,row_max,0.715,1.0,0.0,0.9340803164836874,0.009069960989331126,5
locations,tabpfn,amia,AMIA,row_max,0.72,1.0,0.0,0.9340803164836874,0.009069960989331126,5
locations,tabpfn,amia,AMIA,row_max,0.725,1.0,0.0,0.9340803164836874,0.009069960989331126,5
locations,tabpfn,amia,AMIA,row_max,0.73,1.0,0.0,0.9340803164836874,0.009069960989331126,5
locations,tabpfn,amia,AMIA,row_max,0.735,1.0,0.0,0.9340803164836874,0.009069960989331126,5
locations,tabpfn,amia,AMIA,row_max,0.74,1.0,0.0,0.9340803164836874,0.009069960989331126,5
locations,tabpfn,amia,AMIA,row_max,0.745,1.0,0.0,0.9340803164836874,0.009069960989331126,5
locations,tabpfn,amia,AMIA,row_max,0.75,1.0,0.0,0.9340803164836874,0.009069960989331126,5
locations,tabpfn,amia,AMIA,row_max,0.755,1.0,0.0,0.9340803164836874,0.009069960989331126,5
locations,tabpfn,amia,AMIA,row_max,0.76,1.0,0.0,0.9340803164836874,0.009069960989331126,5
locations,tabpfn,amia,AMIA,row_max,0.765,1.0,0.0,0.9340803164836874,0.009069960989331126,5
locations,tabpfn,amia,AMIA,row_max,0.77,1.0,0.0,0.9340803164836874,0.009069960989331126,5
locations,tabpfn,amia,AMIA,row_max,0.775,1.0,0.0,0.9340803164836874,0.009069960989331126,5
locations,tabpfn,amia,AMIA,row_max,0.78,1.0,0.0,0.9340803164836874,0.009069960989331126,5
locations,tabpfn,amia,AMIA,row_max,0.785,1.0,0.0,0.9340803164836874,0.009069960989331126,5
locations,tabpfn,amia,AMIA,row_max,0.79,1.0,0.0,0.9340803164836874,0.009069960989331126,5
locations,tabpfn,amia,AMIA,row_max,0.795,1.0,0.0,0.9340803164836874,0.009069960989331126,5
locations,tabpfn,amia,AMIA,row_max,0.8,1.0,0.0,0.9340803164836874,0.009069960989331126,5
locations,tabpfn,amia,AMIA,row_max,0.805,1.0,0.0,0.9340803164836874,0.009069960989331126,5
locations,tabpfn,amia,AMIA,row_max,0.8099999999999999,1.0,0.0,0.9340803164836874,0.009069960989331126,5
locations,tabpfn,amia,AMIA,row_max,0.815,1.0,0.0,0.9340803164836874,0.009069960989331126,5
locations,tabpfn,amia,AMIA,row_max,0.82,1.0,0.0,0.9340803164836874,0.009069960989331126,5
locations,tabpfn,amia,AMIA,row_max,0.825,1.0,0.0,0.9340803164836874,0.009069960989331126,5
locations,tabpfn,amia,AMIA,row_max,0.83,1.0,0.0,0.9340803164836874,0.009069960989331126,5
locations,tabpfn,amia,AMIA,row_max,0.835,1.0,0.0,0.9340803164836874,0.009069960989331126,5
locations,tabpfn,amia,AMIA,row_max,0.84,1.0,0.0,0.9340803164836874,0.009069960989331126,5
locations,tabpfn,amia,AMIA,row_max,0.845,1.0,0.0,0.9340803164836874,0.009069960989331126,5
locations,tabpfn,amia,AMIA,row_max,0.85,1.0,0.0,0.9340803164836874,0.009069960989331126,5
locations,tabpfn,amia,AMIA,row_max,0.855,1.0,0.0,0.9340803164836874,0.009069960989331126,5
locations,tabpfn,amia,AMIA,row_max,0.86,1.0,0.0,0.9340803164836874,0.009069960989331126,5
locations,tabpfn,amia,AMIA,row_max,0.865,1.0,0.0,0.9340803164836874,0.009069960989331126,5
locations,tabpfn,amia,AMIA,row_max,0.87,1.0,0.0,0.9340803164836874,0.009069960989331126,5
locations,tabpfn,amia,AMIA,row_max,0.875,1.0,0.0,0.9340803164836874,0.009069960989331126,5
locations,tabpfn,amia,AMIA,row_max,0.88,1.0,0.0,0.9340803164836874,0.009069960989331126,5
locations,tabpfn,amia,AMIA,row_max,0.885,1.0,0.0,0.9340803164836874,0.009069960989331126,5
locations,tabpfn,amia,AMIA,row_max,0.89,1.0,0.0,0.9340803164836874,0.009069960989331126,5
locations,tabpfn,amia,AMIA,row_max,0.895,1.0,0.0,0.9340803164836874,0.009069960989331126,5
locations,tabpfn,amia,AMIA,row_max,0.9,1.0,0.0,0.9340803164836874,0.009069960989331126,5
locations,tabpfn,amia,AMIA,row_max,0.905,1.0,0.0,0.9340803164836874,0.009069960989331126,5
locations,tabpfn,amia,AMIA,row_max,0.91,1.0,0.0,0.9340803164836874,0.009069960989331126,5
locations,tabpfn,amia,AMIA,row_max,0.915,1.0,0.0,0.9340803164836874,0.009069960989331126,5
locations,tabpfn,amia,AMIA,row_max,0.92,1.0,0.0,0.9340803164836874,0.009069960989331126,5
locations,tabpfn,amia,AMIA,row_max,0.925,1.0,0.0,0.9340803164836874,0.009069960989331126,5
locations,tabpfn,amia,AMIA,row_max,0.93,1.0,0.0,0.9340803164836874,0.009069960989331126,5
locations,tabpfn,amia,AMIA,row_max,0.935,1.0,0.0,0.9340803164836874,0.009069960989331126,5
locations,tabpfn,amia,AMIA,row_max,0.94,1.0,0.0,0.9340803164836874,0.009069960989331126,5
locations,tabpfn,amia,AMIA,row_max,0.945,1.0,0.0,0.9340803164836874,0.009069960989331126,5
locations,tabpfn,amia,AMIA,row_max,0.95,1.0,0.0,0.9340803164836874,0.009069960989331126,5
locations,tabpfn,amia,AMIA,row_max,0.955,1.0,0.0,0.9340803164836874,0.009069960989331126,5
locations,tabpfn,amia,AMIA,row_max,0.96,1.0,0.0,0.9340803164836874,0.009069960989331126,5
locations,tabpfn,amia,AMIA,row_max,0.965,1.0,0.0,0.9340803164836874,0.009069960989331126,5
locations,tabpfn,amia,AMIA,row_max,0.97,1.0,0.0,0.9340803164836874,0.009069960989331126,5
locations,tabpfn,amia,AMIA,row_max,0.975,1.0,0.0,0.9340803164836874,0.009069960989331126,5
locations,tabpfn,amia,AMIA,row_max,0.98,1.0,0.0,0.9340803164836874,0.009069960989331126,5
locations,tabpfn,amia,AMIA,row_max,0.985,1.0,0.0,0.9340803164836874,0.009069960989331126,5
locations,tabpfn,amia,AMIA,row_max,0.99,1.0,0.0,0.9340803164836874,0.009069960989331126,5
locations,tabpfn,amia,AMIA,row_max,0.995,1.0,0.0,0.9340803164836874,0.009069960989331126,5
locations,tabpfn,amia,AMIA,row_max,1.0,1.0,0.0,0.9340803164836874,0.009069960989331126,5
