dataset,model,attack,attack_label,score_col,fpr,mean_tpr,std_tpr_across_seeds,mean_auc,std_auc_across_seeds,n_seeds
dropout_success,tabpfn,rmia,RMIA,rmia_score,0.0,0.00048221820373719104,0.0010782726835442023,0.7158132836000394,0.013356387075550258,5
dropout_success,tabpfn,rmia,RMIA,rmia_score,0.0002,0.004782218203737192,0.004232011024157283,0.7158132836000394,0.013356387075550258,5
dropout_success,tabpfn,rmia,RMIA,rmia_score,0.0004,0.009082218203737193,0.008584705157260786,0.7158132836000394,0.013356387075550258,5
dropout_success,tabpfn,rmia,RMIA,rmia_score,0.0006000000000000001,0.01338221820373719,0.012981695111410186,0.7158132836000394,0.013356387075550258,5
dropout_success,tabpfn,rmia,RMIA,rmia_score,0.0008,0.015574704210798245,0.012839854205560733,0.7158132836000394,0.013356387075550258,5
dropout_success,tabpfn,rmia,RMIA,rmia_score,0.001,0.017737561353655385,0.012726089842575748,0.7158132836000394,0.013356387075550258,5
dropout_success,tabpfn,rmia,RMIA,rmia_score,0.0012000000000000001,0.019900418496512532,0.012707425595333265,0.7158132836000394,0.013356387075550258,5
dropout_success,tabpfn,rmia,RMIA,rmia_score,0.0014,0.021765112087028908,0.012994196247394159,0.7158132836000394,0.013356387075550258,5
dropout_success,tabpfn,rmia,RMIA,rmia_score,0.0016,0.02362130256321938,0.013404438425350579,0.7158132836000394,0.013356387075550258,5
dropout_success,tabpfn,rmia,RMIA,rmia_score,0.0018000000000000002,0.02547749303940986,0.013922143903296547,0.7158132836000394,0.013356387075550258,5
dropout_success,tabpfn,rmia,RMIA,rmia_score,0.002,0.026621722781939777,0.014033970297981018,0.7158132836000394,0.013356387075550258,5
dropout_success,tabpfn,rmia,RMIA,rmia_score,0.0022,0.027735056115273115,0.014130246959252095,0.7158132836000394,0.013356387075550258,5
dropout_success,tabpfn,rmia,RMIA,rmia_score,0.0024000000000000002,0.028848389448606453,0.014230844725568015,0.7158132836000394,0.013356387075550258,5
dropout_success,tabpfn,rmia,RMIA,rmia_score,0.0026000000000000003,0.03005239909297052,0.014220528825503698,0.7158132836000394,0.013356387075550258,5
dropout_success,tabpfn,rmia,RMIA,rmia_score,0.0028,0.031261732426303854,0.0142169347405388,0.7158132836000394,0.013356387075550258,5
dropout_success,tabpfn,rmia,RMIA,rmia_score,0.003,0.03247106575963719,0.014227097118717882,0.7158132836000394,0.013356387075550258,5
dropout_success,tabpfn,rmia,RMIA,rmia_score,0.0032,0.03355630827520882,0.014402771041053048,0.7158132836000394,0.013356387075550258,5
dropout_success,tabpfn,rmia,RMIA,rmia_score,0.0034000000000000002,0.034632308275208815,0.014618665866054193,0.7158132836000394,0.013356387075550258,5
dropout_success,tabpfn,rmia,RMIA,rmia_score,0.0036000000000000003,0.03570830827520882,0.014862765253147529,0.7158132836000394,0.013356387075550258,5
dropout_success,tabpfn,rmia,RMIA,rmia_score,0.0038,0.037262102126926724,0.014926897129582199,0.7158132836000394,0.013356387075550258,5
dropout_success,tabpfn,rmia,RMIA,rmia_score,0.004,0.03846476879359338,0.015140580506119534,0.7158132836000394,0.013356387075550258,5
dropout_success,tabpfn,rmia,RMIA,rmia_score,0.004200000000000001,0.03966743546026006,0.015377317620759216,0.7158132836000394,0.013356387075550258,5
dropout_success,tabpfn,rmia,RMIA,rmia_score,0.0044,0.041411874278825464,0.014757524975935826,0.7158132836000394,0.013356387075550258,5
dropout_success,tabpfn,rmia,RMIA,rmia_score,0.0046,0.04321454094549212,0.014057042204049457,0.7158132836000394,0.013356387075550258,5
dropout_success,tabpfn,rmia,RMIA,rmia_score,0.0048000000000000004,0.04501720761215879,0.013371915593502414,0.7158132836000394,0.013356387075550258,5
dropout_success,tabpfn,rmia,RMIA,rmia_score,0.005,0.04716796693360888,0.013337492582760319,0.7158132836000394,0.013356387075550258,5
dropout_success,tabpfn,rmia,RMIA,rmia_score,0.005200000000000001,0.04881977645741842,0.01242367898409399,0.7158132836000394,0.013356387075550258,5
dropout_success,tabpfn,rmia,RMIA,rmia_score,0.0054,0.05047158598122794,0.011523655980535825,0.7158132836000394,0.013356387075550258,5
dropout_success,tabpfn,rmia,RMIA,rmia_score,0.0056,0.052887113407388275,0.010269364328821808,0.7158132836000394,0.013356387075550258,5
dropout_success,tabpfn,rmia,RMIA,rmia_score,0.0058000000000000005,0.05430958959786447,0.009586068026796436,0.7158132836000394,0.013356387075550258,5
dropout_success,tabpfn,rmia,RMIA,rmia_score,0.006,0.05573206578834065,0.008913400234486196,0.7158132836000394,0.013356387075550258,5
dropout_success,tabpfn,rmia,RMIA,rmia_score,0.006200000000000001,0.0570845039180229,0.008965503039046351,0.7158132836000394,0.013356387075550258,5
dropout_success,tabpfn,rmia,RMIA,rmia_score,0.0064,0.05786583725135623,0.008832305844078217,0.7158132836000394,0.013356387075550258,5
dropout_success,tabpfn,rmia,RMIA,rmia_score,0.0066,0.058647170584689566,0.008721488371524571,0.7158132836000394,0.013356387075550258,5
dropout_success,tabpfn,rmia,RMIA,rmia_score,0.0068000000000000005,0.059326804098854734,0.008761861200573904,0.7158132836000394,0.013356387075550258,5
dropout_success,tabpfn,rmia,RMIA,rmia_score,0.007,0.05998813743218806,0.008849505677136294,0.7158132836000394,0.013356387075550258,5
dropout_success,tabpfn,rmia,RMIA,rmia_score,0.007200000000000001,0.06064947076552139,0.00896077233682029,0.7158132836000394,0.013356387075550258,5
dropout_success,tabpfn,rmia,RMIA,rmia_score,0.0074,0.06155246895720312,0.009257038669713467,0.7158132836000394,0.013356387075550258,5
dropout_success,tabpfn,rmia,RMIA,rmia_score,0.0076,0.06221446895720313,0.009421403419282577,0.7158132836000394,0.013356387075550258,5
dropout_success,tabpfn,rmia,RMIA,rmia_score,0.0078000000000000005,0.06287646895720314,0.009612999523830651,0.7158132836000394,0.013356387075550258,5
dropout_success,tabpfn,rmia,RMIA,rmia_score,0.008,0.06370774132437784,0.010085283574466508,0.7158132836000394,0.013356387075550258,5
dropout_success,tabpfn,rmia,RMIA,rmia_score,0.0082,0.06442916989580642,0.010407039858141575,0.7158132836000394,0.013356387075550258,5
dropout_success,tabpfn,rmia,RMIA,rmia_score,0.008400000000000001,0.065150598467235,0.01074624871385744,0.7158132836000394,0.013356387075550258,5
dropout_success,tabpfn,rmia,RMIA,rmia_score,0.0086,0.06587202703866357,0.011101310427639155,0.7158132836000394,0.013356387075550258,5
dropout_success,tabpfn,rmia,RMIA,rmia_score,0.0088,0.06659345561009214,0.01147075298230804,0.7158132836000394,0.013356387075550258,5
dropout_success,tabpfn,rmia,RMIA,rmia_score,0.009000000000000001,0.0673148841815207,0.011853231784245155,0.7158132836000394,0.013356387075550258,5
dropout_success,tabpfn,rmia,RMIA,rmia_score,0.0092,0.06811868526651167,0.012144571288898875,0.7158132836000394,0.013356387075550258,5
dropout_success,tabpfn,rmia,RMIA,rmia_score,0.0094,0.06894411383794023,0.012421588274805141,0.7158132836000394,0.013356387075550258,5
dropout_success,tabpfn,rmia,RMIA,rmia_score,0.009600000000000001,0.0697695424093688,0.012710687033707316,0.7158132836000394,0.013356387075550258,5
dropout_success,tabpfn,rmia,RMIA,rmia_score,0.0098,0.07167600774993542,0.01435266679491693,0.7158132836000394,0.013356387075550258,5
dropout_success,tabpfn,rmia,RMIA,rmia_score,0.01,0.07234143632136399,0.014484435882576491,0.7158132836000394,0.013356387075550258,5
dropout_success,tabpfn,rmia,RMIA,rmia_score,0.0102,0.07300686489279255,0.014618328581839294,0.7158132836000394,0.013356387075550258,5
dropout_success,tabpfn,rmia,RMIA,rmia_score,0.010400000000000001,0.07440784982347369,0.014894431126066247,0.7158132836000394,0.013356387075550258,5
dropout_success,tabpfn,rmia,RMIA,rmia_score,0.0106,0.07508927839490227,0.015429729786536926,0.7158132836000394,0.013356387075550258,5
dropout_success,tabpfn,rmia,RMIA,rmia_score,0.0108,0.07577070696633084,0.01596987096678731,0.7158132836000394,0.013356387075550258,5
dropout_success,tabpfn,rmia,RMIA,rmia_score,0.011000000000000001,0.07674231034185827,0.01630014246868352,0.7158132836000394,0.013356387075550258,5
dropout_success,tabpfn,rmia,RMIA,rmia_score,0.0112,0.07781040557995351,0.016568784269246392,0.7158132836000394,0.013356387075550258,5
dropout_success,tabpfn,rmia,RMIA,rmia_score,0.0114,0.07887850081804873,0.01684735380969863,0.7158132836000394,0.013356387075550258,5
dropout_success,tabpfn,rmia,RMIA,rmia_score,0.011600000000000001,0.07959303366916387,0.017022097932242648,0.7158132836000394,0.013356387075550258,5
dropout_success,tabpfn,rmia,RMIA,rmia_score,0.0118,0.08018112890725912,0.017164370808527847,0.7158132836000394,0.013356387075550258,5
dropout_success,tabpfn,rmia,RMIA,rmia_score,0.012,0.08076922414535434,0.017314318110417996,0.7158132836000394,0.013356387075550258,5
dropout_success,tabpfn,rmia,RMIA,rmia_score,0.0122,0.08150083182640144,0.017163607308006583,0.7158132836000394,0.013356387075550258,5
dropout_success,tabpfn,rmia,RMIA,rmia_score,0.012400000000000001,0.08228749849306811,0.01690873951784246,0.7158132836000394,0.013356387075550258,5
dropout_success,tabpfn,rmia,RMIA,rmia_score,0.0126,0.08307416515973479,0.016669632253056718,0.7158132836000394,0.013356387075550258,5
dropout_success,tabpfn,rmia,RMIA,rmia_score,0.0128,0.08405468354430379,0.016038919085264933,0.7158132836000394,0.013356387075550258,5
dropout_success,tabpfn,rmia,RMIA,rmia_score,0.013000000000000001,0.0847746835443038,0.01573602351206298,0.7158132836000394,0.013356387075550258,5
dropout_success,tabpfn,rmia,RMIA,rmia_score,0.0132,0.0854946835443038,0.015456453232249699,0.7158132836000394,0.013356387075550258,5
dropout_success,tabpfn,rmia,RMIA,rmia_score,0.0134,0.08655706363558081,0.014762239663779375,0.7158132836000394,0.013356387075550258,5
dropout_success,tabpfn,rmia,RMIA,rmia_score,0.013600000000000001,0.0874227779212951,0.014359191809989688,0.7158132836000394,0.013356387075550258,5
dropout_success,tabpfn,rmia,RMIA,rmia_score,0.013800000000000002,0.08828849220700938,0.013967951575882093,0.7158132836000394,0.013356387075550258,5
dropout_success,tabpfn,rmia,RMIA,rmia_score,0.014,0.09065535176095754,0.012894160255739912,0.7158132836000394,0.013356387075550258,5
dropout_success,tabpfn,rmia,RMIA,rmia_score,0.0142,0.09160106604667184,0.01297972146156555,0.7158132836000394,0.013356387075550258,5
dropout_success,tabpfn,rmia,RMIA,rmia_score,0.014400000000000001,0.09254678033238613,0.01313542143479075,0.7158132836000394,0.013356387075550258,5
dropout_success,tabpfn,rmia,RMIA,rmia_score,0.0146,0.09363662843365195,0.013568584344468088,0.7158132836000394,0.013356387075550258,5
dropout_success,tabpfn,rmia,RMIA,rmia_score,0.0148,0.09425634271936623,0.013573006599583829,0.7158132836000394,0.013356387075550258,5
dropout_success,tabpfn,rmia,RMIA,rmia_score,0.015000000000000001,0.09487605700508052,0.013588308798672271,0.7158132836000394,0.013356387075550258,5
dropout_success,tabpfn,rmia,RMIA,rmia_score,0.0152,0.09558724808404374,0.01371726017139645,0.7158132836000394,0.013356387075550258,5
dropout_success,tabpfn,rmia,RMIA,rmia_score,0.0154,0.09634696236975802,0.013914776833496425,0.7158132836000394,0.013356387075550258,5
dropout_success,tabpfn,rmia,RMIA,rmia_score,0.015600000000000001,0.09710667665547232,0.014126450469193056,0.7158132836000394,0.013356387075550258,5
dropout_success,tabpfn,rmia,RMIA,rmia_score,0.0158,0.09856925290622578,0.014758578706565065,0.7158132836000394,0.013356387075550258,5
dropout_success,tabpfn,rmia,RMIA,rmia_score,0.016,0.09929696719194007,0.014937250735374321,0.7158132836000394,0.013356387075550258,5
dropout_success,tabpfn,rmia,RMIA,rmia_score,0.0162,0.10002468147765435,0.015132906816836168,0.7158132836000394,0.013356387075550258,5
dropout_success,tabpfn,rmia,RMIA,rmia_score,0.0164,0.10061474657711186,0.015197218997433301,0.7158132836000394,0.013356387075550258,5
dropout_success,tabpfn,rmia,RMIA,rmia_score,0.0166,0.10112246086282614,0.015187723794131714,0.7158132836000394,0.013356387075550258,5
dropout_success,tabpfn,rmia,RMIA,rmia_score,0.016800000000000002,0.10163017514854045,0.015192449560687974,0.7158132836000394,0.013356387075550258,5
dropout_success,tabpfn,rmia,RMIA,rmia_score,0.017,0.10233797985016793,0.015419255350805334,0.7158132836000394,0.013356387075550258,5
dropout_success,tabpfn,rmia,RMIA,rmia_score,0.0172,0.10297569413588221,0.01559411368704456,0.7158132836000394,0.013356387075550258,5
dropout_success,tabpfn,rmia,RMIA,rmia_score,0.017400000000000002,0.1036134084215965,0.01578410258222539,0.7158132836000394,0.013356387075550258,5
dropout_success,tabpfn,rmia,RMIA,rmia_score,0.0176,0.10435693148483023,0.01576536919083587,0.7158132836000394,0.013356387075550258,5
dropout_success,tabpfn,rmia,RMIA,rmia_score,0.0178,0.1051715981514969,0.01561922438988314,0.7158132836000394,0.013356387075550258,5
dropout_success,tabpfn,rmia,RMIA,rmia_score,0.018000000000000002,0.10598626481816356,0.015498532684086058,0.7158132836000394,0.013356387075550258,5
dropout_success,tabpfn,rmia,RMIA,rmia_score,0.0182,0.10689438537271449,0.015520826676480167,0.7158132836000394,0.013356387075550258,5
dropout_success,tabpfn,rmia,RMIA,rmia_score,0.0184,0.10786905203938116,0.015674629139467884,0.7158132836000394,0.013356387075550258,5
dropout_success,tabpfn,rmia,RMIA,rmia_score,0.018600000000000002,0.10884371870604784,0.01588103407417287,0.7158132836000394,0.013356387075550258,5
dropout_success,tabpfn,rmia,RMIA,rmia_score,0.0188,0.10967697006228652,0.015618507530036086,0.7158132836000394,0.013356387075550258,5
dropout_success,tabpfn,rmia,RMIA,rmia_score,0.019,0.11040363672895319,0.014980337138833013,0.7158132836000394,0.013356387075550258,5
dropout_success,tabpfn,rmia,RMIA,rmia_score,0.019200000000000002,0.11113030339561984,0.014349653565634902,0.7158132836000394,0.013356387075550258,5
dropout_success,tabpfn,rmia,RMIA,rmia_score,0.0194,0.11337411693791441,0.013838289281872728,0.7158132836000394,0.013356387075550258,5
dropout_success,tabpfn,rmia,RMIA,rmia_score,0.0196,0.11379411693791441,0.013513230677860621,0.7158132836000394,0.013356387075550258,5
dropout_success,tabpfn,rmia,RMIA,rmia_score,0.0198,0.11421411693791442,0.013189031672467582,0.7158132836000394,0.013356387075550258,5
dropout_success,tabpfn,rmia,RMIA,rmia_score,0.02,0.11471223628691982,0.012970922898657696,0.7158132836000394,0.013356387075550258,5
dropout_success,tabpfn,rmia,RMIA,rmia_score,0.020200000000000003,0.11527623628691985,0.012844892884873546,0.7158132836000394,0.013356387075550258,5
dropout_success,tabpfn,rmia,RMIA,rmia_score,0.0204,0.11584023628691983,0.012723076106226337,0.7158132836000394,0.013356387075550258,5
dropout_success,tabpfn,rmia,RMIA,rmia_score,0.0206,0.11638661523005825,0.012718871696152578,0.7158132836000394,0.013356387075550258,5
dropout_success,tabpfn,rmia,RMIA,rmia_score,0.020800000000000003,0.11691728189672493,0.012816955881712734,0.7158132836000394,0.013356387075550258,5
dropout_success,tabpfn,rmia,RMIA,rmia_score,0.021,0.11744794856339161,0.01291535610692924,0.7158132836000394,0.013356387075550258,5
dropout_success,tabpfn,rmia,RMIA,rmia_score,0.0212,0.11805583041993169,0.012957850740942916,0.7158132836000394,0.013356387075550258,5
dropout_success,tabpfn,rmia,RMIA,rmia_score,0.021400000000000002,0.11873649708659836,0.012949746319648417,0.7158132836000394,0.013356387075550258,5
dropout_success,tabpfn,rmia,RMIA,rmia_score,0.0216,0.11941716375326501,0.012944704249475336,0.7158132836000394,0.013356387075550258,5
dropout_success,tabpfn,rmia,RMIA,rmia_score,0.0218,0.12007779425356639,0.012961252984574132,0.7158132836000394,0.013356387075550258,5
dropout_success,tabpfn,rmia,RMIA,rmia_score,0.022000000000000002,0.12071846092023308,0.01300074818644657,0.7158132836000394,0.013356387075550258,5
dropout_success,tabpfn,rmia,RMIA,rmia_score,0.0222,0.12135912758689975,0.013045166371588889,0.7158132836000394,0.013356387075550258,5
dropout_success,tabpfn,rmia,RMIA,rmia_score,0.0224,0.12305231585292345,0.013078247526285823,0.7158132836000394,0.013356387075550258,5
dropout_success,tabpfn,rmia,RMIA,rmia_score,0.022600000000000002,0.12362631585292345,0.013133919646420574,0.7158132836000394,0.013356387075550258,5
dropout_success,tabpfn,rmia,RMIA,rmia_score,0.0228,0.12420031585292346,0.013192834881042954,0.7158132836000394,0.013356387075550258,5
dropout_success,tabpfn,rmia,RMIA,rmia_score,0.023,0.1248008137432188,0.01331648540848427,0.7158132836000394,0.013356387075550258,5
dropout_success,tabpfn,rmia,RMIA,rmia_score,0.023200000000000002,0.1254308137432188,0.013514105105367925,0.7158132836000394,0.013356387075550258,5
dropout_success,tabpfn,rmia,RMIA,rmia_score,0.0234,0.1260608137432188,0.013717772777076037,0.7158132836000394,0.013356387075550258,5
dropout_success,tabpfn,rmia,RMIA,rmia_score,0.0236,0.1268067751657625,0.01369777079077804,0.7158132836000394,0.013356387075550258,5
dropout_success,tabpfn,rmia,RMIA,rmia_score,0.0238,0.1274267751657625,0.013738319757534423,0.7158132836000394,0.013356387075550258,5
dropout_success,tabpfn,rmia,RMIA,rmia_score,0.024,0.12804677516576252,0.01379050161828166,0.7158132836000394,0.013356387075550258,5
dropout_success,tabpfn,rmia,RMIA,rmia_score,0.024200000000000003,0.1301953924050633,0.015703290020427287,0.7158132836000394,0.013356387075550258,5
dropout_success,tabpfn,rmia,RMIA,rmia_score,0.0244,0.13099939240506328,0.016040888656248666,0.7158132836000394,0.013356387075550258,5
dropout_success,tabpfn,rmia,RMIA,rmia_score,0.0246,0.13180339240506328,0.016379959105525355,0.7158132836000394,0.013356387075550258,5
dropout_success,tabpfn,rmia,RMIA,rmia_score,0.024800000000000003,0.13273686799276674,0.01683839611051693,0.7158132836000394,0.013356387075550258,5
dropout_success,tabpfn,rmia,RMIA,rmia_score,0.025,0.13384086799276673,0.017473418707290835,0.7158132836000394,0.013356387075550258,5
dropout_success,tabpfn,rmia,RMIA,rmia_score,0.0252,0.13494486799276673,0.01813502961304258,0.7158132836000394,0.013356387075550258,5
dropout_success,tabpfn,rmia,RMIA,rmia_score,0.025400000000000002,0.13677219529837253,0.018740874963956204,0.7158132836000394,0.013356387075550258,5
dropout_success,tabpfn,rmia,RMIA,rmia_score,0.0256,0.13787619529837253,0.019301300257803508,0.7158132836000394,0.013356387075550258,5
dropout_success,tabpfn,rmia,RMIA,rmia_score,0.0258,0.13898019529837252,0.01988919678793316,0.7158132836000394,0.013356387075550258,5
dropout_success,tabpfn,rmia,RMIA,rmia_score,0.026000000000000002,0.13990919027526622,0.0202909914016149,0.7158132836000394,0.013356387075550258,5
dropout_success,tabpfn,rmia,RMIA,rmia_score,0.0262,0.1405798569419329,0.02039045569119911,0.7158132836000394,0.013356387075550258,5
dropout_success,tabpfn,rmia,RMIA,rmia_score,0.0264,0.14125052360859958,0.020493177050916477,0.7158132836000394,0.013356387075550258,5
dropout_success,tabpfn,rmia,RMIA,rmia_score,0.026600000000000002,0.1418977906369299,0.020595522945189557,0.7158132836000394,0.013356387075550258,5
dropout_success,tabpfn,rmia,RMIA,rmia_score,0.0268,0.14250845730359657,0.020693928588008295,0.7158132836000394,0.013356387075550258,5
dropout_success,tabpfn,rmia,RMIA,rmia_score,0.027,0.14311912397026322,0.02079332264301344,0.7158132836000394,0.013356387075550258,5
dropout_success,tabpfn,rmia,RMIA,rmia_score,0.027200000000000002,0.14415539642354833,0.02099608694815041,0.7158132836000394,0.013356387075550258,5
dropout_success,tabpfn,rmia,RMIA,rmia_score,0.0274,0.144936063090215,0.02116299177014421,0.7158132836000394,0.013356387075550258,5
dropout_success,tabpfn,rmia,RMIA,rmia_score,0.027600000000000003,0.14571672975688169,0.021339380933769744,0.7158132836000394,0.013356387075550258,5
dropout_success,tabpfn,rmia,RMIA,rmia_score,0.027800000000000002,0.14735990912483138,0.020838971392402886,0.7158132836000394,0.013356387075550258,5
dropout_success,tabpfn,rmia,RMIA,rmia_score,0.028,0.14819200436292662,0.020999329134258372,0.7158132836000394,0.013356387075550258,5
dropout_success,tabpfn,rmia,RMIA,rmia_score,0.028200000000000003,0.14902409960102186,0.021172587433347895,0.7158132836000394,0.013356387075550258,5
dropout_success,tabpfn,rmia,RMIA,rmia_score,0.0284,0.14975864209650105,0.021302935672839363,0.7158132836000394,0.013356387075550258,5
dropout_success,tabpfn,rmia,RMIA,rmia_score,0.0286,0.15031073733459627,0.02133392333842155,0.7158132836000394,0.013356387075550258,5
dropout_success,tabpfn,rmia,RMIA,rmia_score,0.028800000000000003,0.15086283257269154,0.021365485583291075,0.7158132836000394,0.013356387075550258,5
dropout_success,tabpfn,rmia,RMIA,rmia_score,0.029,0.15143165475472892,0.021406500210581242,0.7158132836000394,0.013356387075550258,5
dropout_success,tabpfn,rmia,RMIA,rmia_score,0.0292,0.15203374999282415,0.021465470687022505,0.7158132836000394,0.013356387075550258,5
dropout_success,tabpfn,rmia,RMIA,rmia_score,0.029400000000000003,0.1526358452309194,0.02152459200606047,0.7158132836000394,0.013356387075550258,5
dropout_success,tabpfn,rmia,RMIA,rmia_score,0.0296,0.15321164511036484,0.02155535422106576,0.7158132836000394,0.013356387075550258,5
dropout_success,tabpfn,rmia,RMIA,rmia_score,0.0298,0.15373174034846007,0.02152668307738433,0.7158132836000394,0.013356387075550258,5
dropout_success,tabpfn,rmia,RMIA,rmia_score,0.030000000000000002,0.15425183558655528,0.02149939349708318,0.7158132836000394,0.013356387075550258,5
dropout_success,tabpfn,rmia,RMIA,rmia_score,0.0302,0.1547584311260369,0.02149029784212645,0.7158132836000394,0.013356387075550258,5
dropout_success,tabpfn,rmia,RMIA,rmia_score,0.0304,0.15523452636413215,0.02152051751273702,0.7158132836000394,0.013356387075550258,5
dropout_success,tabpfn,rmia,RMIA,rmia_score,0.030600000000000002,0.1557106216022274,0.021552050374636488,0.7158132836000394,0.013356387075550258,5
dropout_success,tabpfn,rmia,RMIA,rmia_score,0.0308,0.15618671684032262,0.021584890672594285,0.7158132836000394,0.013356387075550258,5
dropout_success,tabpfn,rmia,RMIA,rmia_score,0.031,0.15666281207841787,0.02161903244844595,0.7158132836000394,0.013356387075550258,5
dropout_success,tabpfn,rmia,RMIA,rmia_score,0.031200000000000002,0.15713890731651312,0.021654469546220724,0.7158132836000394,0.013356387075550258,5
dropout_success,tabpfn,rmia,RMIA,rmia_score,0.031400000000000004,0.15757686110393526,0.021652147177993356,0.7158132836000394,0.013356387075550258,5
dropout_success,tabpfn,rmia,RMIA,rmia_score,0.0316,0.1579162896753638,0.021549926798062294,0.7158132836000394,0.013356387075550258,5
dropout_success,tabpfn,rmia,RMIA,rmia_score,0.0318,0.15825571824679235,0.021448507477080166,0.7158132836000394,0.013356387075550258,5
dropout_success,tabpfn,rmia,RMIA,rmia_score,0.032,0.15865576853526223,0.02126062457424503,0.7158132836000394,0.013356387075550258,5
dropout_success,tabpfn,rmia,RMIA,rmia_score,0.0322,0.15922376853526218,0.02083646354715624,0.7158132836000394,0.013356387075550258,5
dropout_success,tabpfn,rmia,RMIA,rmia_score,0.0324,0.1597917685352622,0.020420933108380494,0.7158132836000394,0.013356387075550258,5
dropout_success,tabpfn,rmia,RMIA,rmia_score,0.032600000000000004,0.16033898975286315,0.020116826285078528,0.7158132836000394,0.013356387075550258,5
dropout_success,tabpfn,rmia,RMIA,rmia_score,0.0328,0.16082432308619649,0.02012093834582862,0.7158132836000394,0.013356387075550258,5
dropout_success,tabpfn,rmia,RMIA,rmia_score,0.033,0.16130965641952982,0.020125218951033152,0.7158132836000394,0.013356387075550258,5
dropout_success,tabpfn,rmia,RMIA,rmia_score,0.0332,0.16179498975286316,0.020129667993168426,0.7158132836000394,0.013356387075550258,5
dropout_success,tabpfn,rmia,RMIA,rmia_score,0.0334,0.1622803230861965,0.0201342853605767,0.7158132836000394,0.013356387075550258,5
dropout_success,tabpfn,rmia,RMIA,rmia_score,0.033600000000000005,0.16276565641952984,0.020139070937480068,0.7158132836000394,0.013356387075550258,5
dropout_success,tabpfn,rmia,RMIA,rmia_score,0.033800000000000004,0.16467528149487645,0.02189983401368051,0.7158132836000394,0.013356387075550258,5
dropout_success,tabpfn,rmia,RMIA,rmia_score,0.034,0.16506061482820977,0.02184172118192208,0.7158132836000394,0.013356387075550258,5
dropout_success,tabpfn,rmia,RMIA,rmia_score,0.0342,0.1654459481615431,0.02178435959571301,0.7158132836000394,0.013356387075550258,5
dropout_success,tabpfn,rmia,RMIA,rmia_score,0.0344,0.1659909921639542,0.021922979802138483,0.7158132836000394,0.013356387075550258,5
dropout_success,tabpfn,rmia,RMIA,rmia_score,0.0346,0.16656299216395418,0.022038160047002403,0.7158132836000394,0.013356387075550258,5
dropout_success,tabpfn,rmia,RMIA,rmia_score,0.034800000000000005,0.1671349921639542,0.02215869565451932,0.7158132836000394,0.013356387075550258,5
dropout_success,tabpfn,rmia,RMIA,rmia_score,0.035,0.16770307414104885,0.022275110887846308,0.7158132836000394,0.013356387075550258,5
dropout_success,tabpfn,rmia,RMIA,rmia_score,0.0352,0.16825507414104882,0.022358859861368773,0.7158132836000394,0.013356387075550258,5
dropout_success,tabpfn,rmia,RMIA,rmia_score,0.0354,0.16880707414104884,0.022448868647101262,0.7158132836000394,0.013356387075550258,5
dropout_success,tabpfn,rmia,RMIA,rmia_score,0.0356,0.16934718103275065,0.022556906766222302,0.7158132836000394,0.013356387075550258,5
dropout_success,tabpfn,rmia,RMIA,rmia_score,0.0358,0.1698338476994173,0.0227219098903663,0.7158132836000394,0.013356387075550258,5
dropout_success,tabpfn,rmia,RMIA,rmia_score,0.036000000000000004,0.170320514366084,0.022888966331318917,0.7158132836000394,0.013356387075550258,5
dropout_success,tabpfn,rmia,RMIA,rmia_score,0.0362,0.17080718103275067,0.023058031460014543,0.7158132836000394,0.013356387075550258,5
dropout_success,tabpfn,rmia,RMIA,rmia_score,0.0364,0.1712938476994173,0.023229061417763614,0.7158132836000394,0.013356387075550258,5
dropout_success,tabpfn,rmia,RMIA,rmia_score,0.0366,0.171780514366084,0.02340201312566703,0.7158132836000394,0.013356387075550258,5
dropout_success,tabpfn,rmia,RMIA,rmia_score,0.0368,0.17226718103275065,0.02357684429184692,0.7158132836000394,0.013356387075550258,5
dropout_success,tabpfn,rmia,RMIA,rmia_score,0.037000000000000005,0.17275384769941732,0.02375351341664095,0.7158132836000394,0.013356387075550258,5
dropout_success,tabpfn,rmia,RMIA,rmia_score,0.037200000000000004,0.17324051436608398,0.023931979795903502,0.7158132836000394,0.013356387075550258,5
dropout_success,tabpfn,rmia,RMIA,rmia_score,0.0374,0.17370939119951778,0.0240922132959001,0.7158132836000394,0.013356387075550258,5
dropout_success,tabpfn,rmia,RMIA,rmia_score,0.0376,0.17406939119951778,0.024131119887826475,0.7158132836000394,0.013356387075550258,5
dropout_success,tabpfn,rmia,RMIA,rmia_score,0.0378,0.17442939119951778,0.024170501703236615,0.7158132836000394,0.013356387075550258,5
dropout_success,tabpfn,rmia,RMIA,rmia_score,0.038,0.17504113321277875,0.024303248401413305,0.7158132836000394,0.013356387075550258,5
dropout_success,tabpfn,rmia,RMIA,rmia_score,0.038200000000000005,0.17548513321277878,0.02419727957831204,0.7158132836000394,0.013356387075550258,5
dropout_success,tabpfn,rmia,RMIA,rmia_score,0.038400000000000004,0.17592913321277875,0.02409406887848534,0.7158132836000394,0.013356387075550258,5
dropout_success,tabpfn,rmia,RMIA,rmia_score,0.0386,0.17637388466947962,0.023998058488950078,0.7158132836000394,0.013356387075550258,5
dropout_success,tabpfn,rmia,RMIA,rmia_score,0.0388,0.17682455133614627,0.023940275158852522,0.7158132836000394,0.013356387075550258,5
dropout_success,tabpfn,rmia,RMIA,rmia_score,0.039,0.17727521800281293,0.02388662964718654,0.7158132836000394,0.013356387075550258,5
dropout_success,tabpfn,rmia,RMIA,rmia_score,0.0392,0.17773247498493067,0.023837772966907585,0.7158132836000394,0.013356387075550258,5
dropout_success,tabpfn,rmia,RMIA,rmia_score,0.039400000000000004,0.17824980831826398,0.02380265784107114,0.7158132836000394,0.013356387075550258,5
dropout_success,tabpfn,rmia,RMIA,rmia_score,0.0396,0.17876714165159735,0.023778817896951503,0.7158132836000394,0.013356387075550258,5
dropout_success,tabpfn,rmia,RMIA,rmia_score,0.0398,0.17965633755274263,0.024161487158387594,0.7158132836000394,0.013356387075550258,5
dropout_success,tabpfn,rmia,RMIA,rmia_score,0.04,0.18029367088607598,0.024279445937380996,0.7158132836000394,0.013356387075550258,5
dropout_success,tabpfn,rmia,RMIA,rmia_score,0.0402,0.18093100421940927,0.024404460419101357,0.7158132836000394,0.013356387075550258,5
dropout_success,tabpfn,rmia,RMIA,rmia_score,0.040400000000000005,0.18179901466747037,0.0248319096663781,0.7158132836000394,0.013356387075550258,5
dropout_success,tabpfn,rmia,RMIA,rmia_score,0.040600000000000004,0.18228968133413706,0.02481329349837825,0.7158132836000394,0.013356387075550258,5
dropout_success,tabpfn,rmia,RMIA,rmia_score,0.0408,0.18278034800080373,0.02479943954820893,0.7158132836000394,0.013356387075550258,5
dropout_success,tabpfn,rmia,RMIA,rmia_score,0.041,0.1836358850713281,0.024356119361349887,0.7158132836000394,0.013356387075550258,5
dropout_success,tabpfn,rmia,RMIA,rmia_score,0.0412,0.18418255173799478,0.024280427634417377,0.7158132836000394,0.013356387075550258,5
dropout_success,tabpfn,rmia,RMIA,rmia_score,0.0414,0.18472921840466144,0.024207014678679667,0.7158132836000394,0.013356387075550258,5
dropout_success,tabpfn,rmia,RMIA,rmia_score,0.041600000000000005,0.18610971267832027,0.022911359486666075,0.7158132836000394,0.013356387075550258,5
dropout_success,tabpfn,rmia,RMIA,rmia_score,0.041800000000000004,0.18642471267832028,0.02298515204639347,0.7158132836000394,0.013356387075550258,5
dropout_success,tabpfn,rmia,RMIA,rmia_score,0.042,0.1867397126783203,0.023060154598546212,0.7158132836000394,0.013356387075550258,5
dropout_success,tabpfn,rmia,RMIA,rmia_score,0.0422,0.1870594384167169,0.02313107626994717,0.7158132836000394,0.013356387075550258,5
dropout_success,tabpfn,rmia,RMIA,rmia_score,0.0424,0.18753443841671688,0.023031465134751558,0.7158132836000394,0.013356387075550258,5
dropout_success,tabpfn,rmia,RMIA,rmia_score,0.0426,0.1880094384167169,0.02293645084891917,0.7158132836000394,0.013356387075550258,5
dropout_success,tabpfn,rmia,RMIA,rmia_score,0.042800000000000005,0.18884568414707656,0.02247965382634815,0.7158132836000394,0.013356387075550258,5
dropout_success,tabpfn,rmia,RMIA,rmia_score,0.043000000000000003,0.1892940174804099,0.022398653225051506,0.7158132836000394,0.013356387075550258,5
dropout_success,tabpfn,rmia,RMIA,rmia_score,0.0432,0.18974235081374324,0.022321914289569384,0.7158132836000394,0.013356387075550258,5
dropout_success,tabpfn,rmia,RMIA,rmia_score,0.0434,0.19043155213984328,0.022255845498167358,0.7158132836000394,0.013356387075550258,5
dropout_success,tabpfn,rmia,RMIA,rmia_score,0.0436,0.1907465521398433,0.022210076564189992,0.7158132836000394,0.013356387075550258,5
dropout_success,tabpfn,rmia,RMIA,rmia_score,0.0438,0.19106155213984327,0.02217193255302897,0.7158132836000394,0.013356387075550258,5
dropout_success,tabpfn,rmia,RMIA,rmia_score,0.044000000000000004,0.19137655213984328,0.022141452872044116,0.7158132836000394,0.013356387075550258,5
dropout_success,tabpfn,rmia,RMIA,rmia_score,0.0442,0.1919088999397227,0.02178451129010144,0.7158132836000394,0.013356387075550258,5
dropout_success,tabpfn,rmia,RMIA,rmia_score,0.0444,0.19244389993972275,0.02143645430309192,0.7158132836000394,0.013356387075550258,5
dropout_success,tabpfn,rmia,RMIA,rmia_score,0.0446,0.19297889993972275,0.02110203169854306,0.7158132836000394,0.013356387075550258,5
dropout_success,tabpfn,rmia,RMIA,rmia_score,0.0448,0.1935138999397227,0.020781901700803573,0.7158132836000394,0.013356387075550258,5
dropout_success,tabpfn,rmia,RMIA,rmia_score,0.045000000000000005,0.1940488999397227,0.02047673466583933,0.7158132836000394,0.013356387075550258,5
dropout_success,tabpfn,rmia,RMIA,rmia_score,0.045200000000000004,0.19458389993972275,0.0201872091836957,0.7158132836000394,0.013356387075550258,5
dropout_success,tabpfn,rmia,RMIA,rmia_score,0.0454,0.1950996955997589,0.01991276354440089,0.7158132836000394,0.013356387075550258,5
dropout_success,tabpfn,rmia,RMIA,rmia_score,0.0456,0.19561469559975891,0.019655923216125,0.7158132836000394,0.013356387075550258,5
dropout_success,tabpfn,rmia,RMIA,rmia_score,0.0458,0.1961296955997589,0.019417453766108466,0.7158132836000394,0.013356387075550258,5
dropout_success,tabpfn,rmia,RMIA,rmia_score,0.046,0.19680936106088007,0.019788480373917134,0.7158132836000394,0.013356387075550258,5
dropout_success,tabpfn,rmia,RMIA,rmia_score,0.046200000000000005,0.1974983610608801,0.020197058481709784,0.7158132836000394,0.013356387075550258,5
dropout_success,tabpfn,rmia,RMIA,rmia_score,0.046400000000000004,0.19818736106088003,0.020609084092174174,0.7158132836000394,0.013356387075550258,5
dropout_success,tabpfn,rmia,RMIA,rmia_score,0.0466,0.20015398044337288,0.018054740959016546,0.7158132836000394,0.013356387075550258,5
dropout_success,tabpfn,rmia,RMIA,rmia_score,0.0468,0.2005324248878173,0.018080433836029485,0.7158132836000394,0.013356387075550258,5
dropout_success,tabpfn,rmia,RMIA,rmia_score,0.047,0.20091086933226174,0.018106269703406463,0.7158132836000394,0.013356387075550258,5
dropout_success,tabpfn,rmia,RMIA,rmia_score,0.0472,0.20128931377670617,0.018132247949924858,0.7158132836000394,0.013356387075550258,5
dropout_success,tabpfn,rmia,RMIA,rmia_score,0.047400000000000005,0.20166775822115063,0.01815836796450109,0.7158132836000394,0.013356387075550258,5
dropout_success,tabpfn,rmia,RMIA,rmia_score,0.0476,0.2020462026655951,0.018184629136237262,0.7158132836000394,0.013356387075550258,5
dropout_success,tabpfn,rmia,RMIA,rmia_score,0.0478,0.2024246471100395,0.018211030854467406,0.7158132836000394,0.013356387075550258,5
dropout_success,tabpfn,rmia,RMIA,rmia_score,0.048,0.20280309155448398,0.018237572508802903,0.7158132836000394,0.013356387075550258,5
dropout_success,tabpfn,rmia,RMIA,rmia_score,0.0482,0.2031815359989284,0.018264253489177373,0.7158132836000394,0.013356387075550258,5
dropout_success,tabpfn,rmia,RMIA,rmia_score,0.048400000000000006,0.20376248395954727,0.018345514966509227,0.7158132836000394,0.013356387075550258,5
dropout_success,tabpfn,rmia,RMIA,rmia_score,0.048600000000000004,0.20409759507065836,0.018472436771603776,0.7158132836000394,0.013356387075550258,5
dropout_success,tabpfn,rmia,RMIA,rmia_score,0.0488,0.2044327061817695,0.018601010252401677,0.7158132836000394,0.013356387075550258,5
dropout_success,tabpfn,rmia,RMIA,rmia_score,0.049,0.20520282633447193,0.018254044447177705,0.7158132836000394,0.013356387075550258,5
dropout_success,tabpfn,rmia,RMIA,rmia_score,0.0492,0.20603393744558302,0.017850110087164354,0.7158132836000394,0.013356387075550258,5
dropout_success,tabpfn,rmia,RMIA,rmia_score,0.0494,0.20686504855669413,0.01745734994915458,0.7158132836000394,0.013356387075550258,5
dropout_success,tabpfn,rmia,RMIA,rmia_score,0.049600000000000005,0.20727896055187198,0.017466703743454413,0.7158132836000394,0.013356387075550258,5
dropout_success,tabpfn,rmia,RMIA,rmia_score,0.049800000000000004,0.20762673832964973,0.017540088417412322,0.7158132836000394,0.013356387075550258,5
dropout_success,tabpfn,rmia,RMIA,rmia_score,0.05,0.2079745161074275,0.017614898212261153,0.7158132836000394,0.013356387075550258,5
dropout_success,tabpfn,rmia,RMIA,rmia_score,0.0502,0.20835626615765857,0.017690176626423033,0.7158132836000394,0.013356387075550258,5
dropout_success,tabpfn,rmia,RMIA,rmia_score,0.0504,0.20874404393543636,0.017768415273912288,0.7158132836000394,0.013356387075550258,5
dropout_success,tabpfn,rmia,RMIA,rmia_score,0.0506,0.20913182171321415,0.01784988048619491,0.7158132836000394,0.013356387075550258,5
dropout_success,tabpfn,rmia,RMIA,rmia_score,0.050800000000000005,0.2095530172125109,0.017936811898780106,0.7158132836000394,0.013356387075550258,5
dropout_success,tabpfn,rmia,RMIA,rmia_score,0.051000000000000004,0.20998079499028868,0.018029811649308378,0.7158132836000394,0.013356387075550258,5
dropout_success,tabpfn,rmia,RMIA,rmia_score,0.0512,0.21040857276806646,0.018128564734263535,0.7158132836000394,0.013356387075550258,5
dropout_success,tabpfn,rmia,RMIA,rmia_score,0.0514,0.2109458944477932,0.01815025546023806,0.7158132836000394,0.013356387075550258,5
dropout_success,tabpfn,rmia,RMIA,rmia_score,0.0516,0.21150700555890428,0.018159682653042897,0.7158132836000394,0.013356387075550258,5
dropout_success,tabpfn,rmia,RMIA,rmia_score,0.051800000000000006,0.21206811667001543,0.018174810054731382,0.7158132836000394,0.013356387075550258,5
dropout_success,tabpfn,rmia,RMIA,rmia_score,0.052000000000000005,0.2125011854530842,0.018234087791927825,0.7158132836000394,0.013356387075550258,5
dropout_success,tabpfn,rmia,RMIA,rmia_score,0.0522,0.2127545187864175,0.018190465378136542,0.7158132836000394,0.013356387075550258,5
dropout_success,tabpfn,rmia,RMIA,rmia_score,0.0524,0.21300785211975085,0.018147889175339785,0.7158132836000394,0.013356387075550258,5
dropout_success,tabpfn,rmia,RMIA,rmia_score,0.0526,0.213581679726743,0.017867737613645244,0.7158132836000394,0.013356387075550258,5
dropout_success,tabpfn,rmia,RMIA,rmia_score,0.0528,0.21393501306007634,0.017738509187723794,0.7158132836000394,0.013356387075550258,5
dropout_success,tabpfn,rmia,RMIA,rmia_score,0.053000000000000005,0.21428834639340968,0.017611032908008587,0.7158132836000394,0.013356387075550258,5
dropout_success,tabpfn,rmia,RMIA,rmia_score,0.053200000000000004,0.215311095037171,0.017132961269914943,0.7158132836000394,0.013356387075550258,5
dropout_success,tabpfn,rmia,RMIA,rmia_score,0.0534,0.21590442837050433,0.016926336055553454,0.7158132836000394,0.013356387075550258,5
dropout_success,tabpfn,rmia,RMIA,rmia_score,0.0536,0.21649776170383764,0.016746057857470915,0.7158132836000394,0.013356387075550258,5
dropout_success,tabpfn,rmia,RMIA,rmia_score,0.0538,0.2169327627084589,0.016757503748386617,0.7158132836000394,0.013356387075550258,5
dropout_success,tabpfn,rmia,RMIA,rmia_score,0.054,0.21731942937512555,0.016834112572868928,0.7158132836000394,0.013356387075550258,5
dropout_success,tabpfn,rmia,RMIA,rmia_score,0.054200000000000005,0.21770609604179225,0.016923825556474127,0.7158132836000394,0.013356387075550258,5
dropout_success,tabpfn,rmia,RMIA,rmia_score,0.054400000000000004,0.2185074703636729,0.01598829280399852,0.7158132836000394,0.013356387075550258,5
dropout_success,tabpfn,rmia,RMIA,rmia_score,0.0546,0.21864413703033952,0.015978553327951693,0.7158132836000394,0.013356387075550258,5
dropout_success,tabpfn,rmia,RMIA,rmia_score,0.0548,0.2187808036970062,0.015969228865741942,0.7158132836000394,0.013356387075550258,5
dropout_success,tabpfn,rmia,RMIA,rmia_score,0.055,0.21899131002612013,0.015937481494121955,0.7158132836000394,0.013356387075550258,5
dropout_success,tabpfn,rmia,RMIA,rmia_score,0.055200000000000006,0.21922797669278685,0.01590321680842661,0.7158132836000394,0.013356387075550258,5
dropout_success,tabpfn,rmia,RMIA,rmia_score,0.055400000000000005,0.2194646433594535,0.01587533950652007,0.7158132836000394,0.013356387075550258,5
dropout_success,tabpfn,rmia,RMIA,rmia_score,0.055600000000000004,0.21974478199718708,0.015903292903905752,0.7158132836000394,0.013356387075550258,5
dropout_success,tabpfn,rmia,RMIA,rmia_score,0.0558,0.22004144866385372,0.01595287041971382,0.7158132836000394,0.013356387075550258,5
dropout_success,tabpfn,rmia,RMIA,rmia_score,0.056,0.2203381153305204,0.01600469311941715,0.7158132836000394,0.013356387075550258,5
dropout_success,tabpfn,rmia,RMIA,rmia_score,0.0562,0.22067742214185251,0.01611311741589313,0.7158132836000394,0.013356387075550258,5
dropout_success,tabpfn,rmia,RMIA,rmia_score,0.056400000000000006,0.2210340888085192,0.016244514508163384,0.7158132836000394,0.013356387075550258,5
dropout_success,tabpfn,rmia,RMIA,rmia_score,0.056600000000000004,0.22139075547518586,0.01637649926361798,0.7158132836000394,0.013356387075550258,5
dropout_success,tabpfn,rmia,RMIA,rmia_score,0.0568,0.22229280289330924,0.01636549436798688,0.7158132836000394,0.013356387075550258,5
dropout_success,tabpfn,rmia,RMIA,rmia_score,0.057,0.22308613622664258,0.01627642160249817,0.7158132836000394,0.013356387075550258,5
dropout_success,tabpfn,rmia,RMIA,rmia_score,0.0572,0.22387946955997587,0.016212867146886592,0.7158132836000394,0.013356387075550258,5
dropout_success,tabpfn,rmia,RMIA,rmia_score,0.0574,0.22468844283705044,0.01578818617314802,0.7158132836000394,0.013356387075550258,5
dropout_success,tabpfn,rmia,RMIA,rmia_score,0.057600000000000005,0.22497510950371707,0.01559346144071766,0.7158132836000394,0.013356387075550258,5
dropout_success,tabpfn,rmia,RMIA,rmia_score,0.057800000000000004,0.22526177617038376,0.015399362580296177,0.7158132836000394,0.013356387075550258,5
dropout_success,tabpfn,rmia,RMIA,rmia_score,0.058,0.225584126984127,0.015209970165534952,0.7158132836000394,0.013356387075550258,5
dropout_success,tabpfn,rmia,RMIA,rmia_score,0.0582,0.22592412698412695,0.015022794357107818,0.7158132836000394,0.013356387075550258,5
dropout_success,tabpfn,rmia,RMIA,rmia_score,0.0584,0.226264126984127,0.014835743524785509,0.7158132836000394,0.013356387075550258,5
dropout_success,tabpfn,rmia,RMIA,rmia_score,0.058600000000000006,0.227554585493269,0.014862472761003526,0.7158132836000394,0.013356387075550258,5
dropout_success,tabpfn,rmia,RMIA,rmia_score,0.058800000000000005,0.22787325215993573,0.014730827100057235,0.7158132836000394,0.013356387075550258,5
dropout_success,tabpfn,rmia,RMIA,rmia_score,0.059000000000000004,0.2281919188266024,0.014599605389598362,0.7158132836000394,0.013356387075550258,5
dropout_success,tabpfn,rmia,RMIA,rmia_score,0.0592,0.22845927747639144,0.014489761380169903,0.7158132836000394,0.013356387075550258,5
dropout_success,tabpfn,rmia,RMIA,rmia_score,0.0594,0.22869794414305805,0.014393397553613279,0.7158132836000394,0.013356387075550258,5
dropout_success,tabpfn,rmia,RMIA,rmia_score,0.0596,0.22893661080972474,0.014299129626838304,0.7158132836000394,0.013356387075550258,5
dropout_success,tabpfn,rmia,RMIA,rmia_score,0.059800000000000006,0.22958371629495683,0.014233634501872679,0.7158132836000394,0.013356387075550258,5
dropout_success,tabpfn,rmia,RMIA,rmia_score,0.060000000000000005,0.23008904962829013,0.014354211976388172,0.7158132836000394,0.013356387075550258,5
dropout_success,tabpfn,rmia,RMIA,rmia_score,0.060200000000000004,0.2305943829616235,0.014479320986763007,0.7158132836000394,0.013356387075550258,5
dropout_success,tabpfn,rmia,RMIA,rmia_score,0.0604,0.2310792622061483,0.014291043154383502,0.7158132836000394,0.013356387075550258,5
dropout_success,tabpfn,rmia,RMIA,rmia_score,0.0606,0.23155126220614827,0.013904875716452821,0.7158132836000394,0.013356387075550258,5
dropout_success,tabpfn,rmia,RMIA,rmia_score,0.0608,0.2320232622061483,0.0135205422576,0.7158132836000394,0.013356387075550258,5
dropout_success,tabpfn,rmia,RMIA,rmia_score,0.061000000000000006,0.23247127185051236,0.013475881780155163,0.7158132836000394,0.013356387075550258,5
dropout_success,tabpfn,rmia,RMIA,rmia_score,0.061200000000000004,0.23290327185051235,0.01366730470466471,0.7158132836000394,0.013356387075550258,5
dropout_success,tabpfn,rmia,RMIA,rmia_score,0.0614,0.2333352718505124,0.013871167435640812,0.7158132836000394,0.013356387075550258,5
dropout_success,tabpfn,rmia,RMIA,rmia_score,0.0616,0.23388860759493674,0.01408306425429377,0.7158132836000394,0.013356387075550258,5
dropout_success,tabpfn,rmia,RMIA,rmia_score,0.0618,0.23432194092827005,0.014386699592047811,0.7158132836000394,0.013356387075550258,5
dropout_success,tabpfn,rmia,RMIA,rmia_score,0.062,0.2347552742616034,0.014693966878423316,0.7158132836000394,0.013356387075550258,5
dropout_success,tabpfn,rmia,RMIA,rmia_score,0.062200000000000005,0.23637127185051235,0.016049375885031934,0.7158132836000394,0.013356387075550258,5
dropout_success,tabpfn,rmia,RMIA,rmia_score,0.062400000000000004,0.23676460518384573,0.01610453359039073,0.7158132836000394,0.013356387075550258,5
dropout_success,tabpfn,rmia,RMIA,rmia_score,0.0626,0.237157938517179,0.016160548128290077,0.7158132836000394,0.013356387075550258,5
dropout_success,tabpfn,rmia,RMIA,rmia_score,0.06280000000000001,0.23764057866184451,0.01608622636236191,0.7158132836000394,0.013356387075550258,5
dropout_success,tabpfn,rmia,RMIA,rmia_score,0.063,0.23819391199517784,0.01591269865108151,0.7158132836000394,0.013356387075550258,5
dropout_success,tabpfn,rmia,RMIA,rmia_score,0.0632,0.23874724532851116,0.015745043323224794,0.7158132836000394,0.013356387075550258,5
dropout_success,tabpfn,rmia,RMIA,rmia_score,0.0634,0.23988440024110907,0.015342726357854141,0.7158132836000394,0.013356387075550258,5
dropout_success,tabpfn,rmia,RMIA,rmia_score,0.0636,0.2406244002411091,0.0152116860121585,0.7158132836000394,0.013356387075550258,5
dropout_success,tabpfn,rmia,RMIA,rmia_score,0.06380000000000001,0.24136440024110914,0.0150850101283693,0.7158132836000394,0.013356387075550258,5
dropout_success,tabpfn,rmia,RMIA,rmia_score,0.064,0.24204870403857748,0.014992190893783681,0.7158132836000394,0.013356387075550258,5
dropout_success,tabpfn,rmia,RMIA,rmia_score,0.06420000000000001,0.24268370403857747,0.014932815400499769,0.7158132836000394,0.013356387075550258,5
dropout_success,tabpfn,rmia,RMIA,rmia_score,0.0644,0.24331870403857744,0.014881848466341673,0.7158132836000394,0.013356387075550258,5
dropout_success,tabpfn,rmia,RMIA,rmia_score,0.0646,0.2441190084388186,0.014843068984828305,0.7158132836000394,0.013356387075550258,5
dropout_success,tabpfn,rmia,RMIA,rmia_score,0.0648,0.24507400843881855,0.01482779500395151,0.7158132836000394,0.013356387075550258,5
dropout_success,tabpfn,rmia,RMIA,rmia_score,0.065,0.24602900843881853,0.014836292072820877,0.7158132836000394,0.013356387075550258,5
dropout_success,tabpfn,rmia,RMIA,rmia_score,0.06520000000000001,0.24667735382760703,0.014808575611198038,0.7158132836000394,0.013356387075550258,5
dropout_success,tabpfn,rmia,RMIA,rmia_score,0.0654,0.247022353827607,0.014728617911833636,0.7158132836000394,0.013356387075550258,5
dropout_success,tabpfn,rmia,RMIA,rmia_score,0.0656,0.24736735382760697,0.014650237525480732,0.7158132836000394,0.013356387075550258,5
dropout_success,tabpfn,rmia,RMIA,rmia_score,0.0658,0.2488690144665461,0.014695950918107954,0.7158132836000394,0.013356387075550258,5
dropout_success,tabpfn,rmia,RMIA,rmia_score,0.066,0.2491140144665461,0.014614186766706363,0.7158132836000394,0.013356387075550258,5
dropout_success,tabpfn,rmia,RMIA,rmia_score,0.06620000000000001,0.24935901446654613,0.01453304635363533,0.7158132836000394,0.013356387075550258,5
dropout_success,tabpfn,rmia,RMIA,rmia_score,0.0664,0.2496008479003416,0.014483482115711876,0.7158132836000394,0.013356387075550258,5
dropout_success,tabpfn,rmia,RMIA,rmia_score,0.0666,0.24983918123367488,0.014468787613660617,0.7158132836000394,0.013356387075550258,5
dropout_success,tabpfn,rmia,RMIA,rmia_score,0.0668,0.2500775145670082,0.014454773845806238,0.7158132836000394,0.013356387075550258,5
dropout_success,tabpfn,rmia,RMIA,rmia_score,0.067,0.25031584790034156,0.014441442793872774,0.7158132836000394,0.013356387075550258,5
dropout_success,tabpfn,rmia,RMIA,rmia_score,0.06720000000000001,0.2505541812336749,0.014428796350184802,0.7158132836000394,0.013356387075550258,5
dropout_success,tabpfn,rmia,RMIA,rmia_score,0.0674,0.25079251456700824,0.014416836316356799,0.7158132836000394,0.013356387075550258,5
dropout_success,tabpfn,rmia,RMIA,rmia_score,0.06760000000000001,0.25102190275266223,0.0144052042145299,0.7158132836000394,0.013356387075550258,5
dropout_success,tabpfn,rmia,RMIA,rmia_score,0.0678,0.2512402360859956,0.01439363567369585,0.7158132836000394,0.013356387075550258,5
dropout_success,tabpfn,rmia,RMIA,rmia_score,0.068,0.25145856941932887,0.014382507840996076,0.7158132836000394,0.013356387075550258,5
dropout_success,tabpfn,rmia,RMIA,rmia_score,0.0682,0.25209172935503316,0.013812625831343583,0.7158132836000394,0.013356387075550258,5
dropout_success,tabpfn,rmia,RMIA,rmia_score,0.0684,0.25243272935503314,0.01372419616120034,0.7158132836000394,0.013356387075550258,5
dropout_success,tabpfn,rmia,RMIA,rmia_score,0.06860000000000001,0.25277372935503317,0.013638311779157732,0.7158132836000394,0.013356387075550258,5
dropout_success,tabpfn,rmia,RMIA,rmia_score,0.0688,0.2531168270042194,0.01355259691390821,0.7158132836000394,0.013356387075550258,5
dropout_success,tabpfn,rmia,RMIA,rmia_score,0.069,0.25346282700421946,0.013466016044169585,0.7158132836000394,0.013356387075550258,5
dropout_success,tabpfn,rmia,RMIA,rmia_score,0.0692,0.2538088270042194,0.013381907677636652,0.7158132836000394,0.013356387075550258,5
dropout_success,tabpfn,rmia,RMIA,rmia_score,0.0694,0.2543494689024056,0.013060806288538984,0.7158132836000394,0.013356387075550258,5
dropout_success,tabpfn,rmia,RMIA,rmia_score,0.06960000000000001,0.2545809234478602,0.01312362362266665,0.7158132836000394,0.013356387075550258,5
dropout_success,tabpfn,rmia,RMIA,rmia_score,0.0698,0.2548123779933147,0.01318650652102796,0.7158132836000394,0.013356387075550258,5
dropout_success,tabpfn,rmia,RMIA,rmia_score,0.07,0.25512219299687655,0.013273678116329228,0.7158132836000394,0.013356387075550258,5
dropout_success,tabpfn,rmia,RMIA,rmia_score,0.0702,0.2555536475423311,0.013404236894320376,0.7158132836000394,0.013356387075550258,5
dropout_success,tabpfn,rmia,RMIA,rmia_score,0.0704,0.25598510208778563,0.013542886299226323,0.7158132836000394,0.013356387075550258,5
dropout_success,tabpfn,rmia,RMIA,rmia_score,0.07060000000000001,0.2563560864704916,0.013682618103719565,0.7158132836000394,0.013356387075550258,5
dropout_success,tabpfn,rmia,RMIA,rmia_score,0.0708,0.2566275410159461,0.013814116646633071,0.7158132836000394,0.013356387075550258,5
dropout_success,tabpfn,rmia,RMIA,rmia_score,0.07100000000000001,0.2568989955614006,0.013946323154483038,0.7158132836000394,0.013356387075550258,5
dropout_success,tabpfn,rmia,RMIA,rmia_score,0.0712,0.25719011014302157,0.014074621834703678,0.7158132836000394,0.013356387075550258,5
dropout_success,tabpfn,rmia,RMIA,rmia_score,0.0714,0.2575155646884761,0.014195751322052618,0.7158132836000394,0.013356387075550258,5
dropout_success,tabpfn,rmia,RMIA,rmia_score,0.0716,0.2578410192339306,0.014317804612644354,0.7158132836000394,0.013356387075550258,5
dropout_success,tabpfn,rmia,RMIA,rmia_score,0.0718,0.2581664737793852,0.01444075828254263,0.7158132836000394,0.013356387075550258,5
dropout_success,tabpfn,rmia,RMIA,rmia_score,0.07200000000000001,0.25849192832483975,0.014564589528869248,0.7158132836000394,0.013356387075550258,5
dropout_success,tabpfn,rmia,RMIA,rmia_score,0.0722,0.25881738287029427,0.01468927615761692,0.7158132836000394,0.013356387075550258,5
dropout_success,tabpfn,rmia,RMIA,rmia_score,0.0724,0.2591731086634884,0.014839249526014881,0.7158132836000394,0.013356387075550258,5
dropout_success,tabpfn,rmia,RMIA,rmia_score,0.0726,0.25958856320894297,0.01503861160460465,0.7158132836000394,0.013356387075550258,5
dropout_success,tabpfn,rmia,RMIA,rmia_score,0.0728,0.2600040177543975,0.015239232082627166,0.7158132836000394,0.013356387075550258,5
dropout_success,tabpfn,rmia,RMIA,rmia_score,0.07300000000000001,0.2604323716368021,0.01544120094994246,0.7158132836000394,0.013356387075550258,5
dropout_success,tabpfn,rmia,RMIA,rmia_score,0.0732,0.2608878261822566,0.015644889875178883,0.7158132836000394,0.013356387075550258,5
dropout_success,tabpfn,rmia,RMIA,rmia_score,0.0734,0.2613432807277111,0.015850085920983577,0.7158132836000394,0.013356387075550258,5
dropout_success,tabpfn,rmia,RMIA,rmia_score,0.0736,0.2617524423256069,0.016000616786846278,0.7158132836000394,0.013356387075550258,5
dropout_success,tabpfn,rmia,RMIA,rmia_score,0.0738,0.2620578968710614,0.016028246165290964,0.7158132836000394,0.013356387075550258,5
dropout_success,tabpfn,rmia,RMIA,rmia_score,0.07400000000000001,0.262363351416516,0.016059403964220755,0.7158132836000394,0.013356387075550258,5
dropout_success,tabpfn,rmia,RMIA,rmia_score,0.0742,0.2635539536412954,0.016223866860115475,0.7158132836000394,0.013356387075550258,5
dropout_success,tabpfn,rmia,RMIA,rmia_score,0.07440000000000001,0.26399940818674994,0.016414758242130133,0.7158132836000394,0.013356387075550258,5
dropout_success,tabpfn,rmia,RMIA,rmia_score,0.0746,0.2644448627322045,0.01661540686212028,0.7158132836000394,0.013356387075550258,5
dropout_success,tabpfn,rmia,RMIA,rmia_score,0.0748,0.26496592909200506,0.016857116774043175,0.7158132836000394,0.013356387075550258,5
dropout_success,tabpfn,rmia,RMIA,rmia_score,0.075,0.2652513836374596,0.017006944108897887,0.7158132836000394,0.013356387075550258,5
dropout_success,tabpfn,rmia,RMIA,rmia_score,0.0752,0.2655368381829141,0.01715690235276688,0.7158132836000394,0.013356387075550258,5
dropout_success,tabpfn,rmia,RMIA,rmia_score,0.07540000000000001,0.26583475405045026,0.01726721353890817,0.7158132836000394,0.013356387075550258,5
dropout_success,tabpfn,rmia,RMIA,rmia_score,0.0756,0.26616687526257143,0.017271349821895748,0.7158132836000394,0.013356387075550258,5
dropout_success,tabpfn,rmia,RMIA,rmia_score,0.0758,0.26649899647469266,0.017280150831399946,0.7158132836000394,0.013356387075550258,5
dropout_success,tabpfn,rmia,RMIA,rmia_score,0.076,0.26734064697609006,0.01773867992986562,0.7158132836000394,0.013356387075550258,5
dropout_success,tabpfn,rmia,RMIA,rmia_score,0.0762,0.26778064697609005,0.017786433345959456,0.7158132836000394,0.013356387075550258,5
dropout_success,tabpfn,rmia,RMIA,rmia_score,0.07640000000000001,0.26822064697609005,0.017836376407582486,0.7158132836000394,0.013356387075550258,5
dropout_success,tabpfn,rmia,RMIA,rmia_score,0.0766,0.26866064697609,0.017888490774862452,0.7158132836000394,0.013356387075550258,5
dropout_success,tabpfn,rmia,RMIA,rmia_score,0.07680000000000001,0.26910064697609004,0.01794275752827249,0.7158132836000394,0.013356387075550258,5
dropout_success,tabpfn,rmia,RMIA,rmia_score,0.077,0.26954064697609,0.017999157199743727,0.7158132836000394,0.013356387075550258,5
dropout_success,tabpfn,rmia,RMIA,rmia_score,0.0772,0.26995118987341776,0.0180401112063609,0.7158132836000394,0.013356387075550258,5
dropout_success,tabpfn,rmia,RMIA,rmia_score,0.07740000000000001,0.2702605232067511,0.01802258867222954,0.7158132836000394,0.013356387075550258,5
dropout_success,tabpfn,rmia,RMIA,rmia_score,0.0776,0.27056985654008436,0.018006764077948184,0.7158132836000394,0.013356387075550258,5
dropout_success,tabpfn,rmia,RMIA,rmia_score,0.07780000000000001,0.27091586256781197,0.018040064280327894,0.7158132836000394,0.013356387075550258,5
dropout_success,tabpfn,rmia,RMIA,rmia_score,0.078,0.2713985292344786,0.018258513865298157,0.7158132836000394,0.013356387075550258,5
dropout_success,tabpfn,rmia,RMIA,rmia_score,0.0782,0.27188119590114523,0.01848943145902504,0.7158132836000394,0.013356387075550258,5
dropout_success,tabpfn,rmia,RMIA,rmia_score,0.0784,0.2724646461723931,0.018796985235045364,0.7158132836000394,0.013356387075550258,5
dropout_success,tabpfn,rmia,RMIA,rmia_score,0.0786,0.27284731283905966,0.01891658898950449,0.7158132836000394,0.013356387075550258,5
dropout_success,tabpfn,rmia,RMIA,rmia_score,0.07880000000000001,0.27322997950572636,0.01904273339571506,0.7158132836000394,0.013356387075550258,5
dropout_success,tabpfn,rmia,RMIA,rmia_score,0.079,0.2737258468957203,0.01936614716653302,0.7158132836000394,0.013356387075550258,5
dropout_success,tabpfn,rmia,RMIA,rmia_score,0.0792,0.274068513562387,0.01955183231221526,0.7158132836000394,0.013356387075550258,5
dropout_success,tabpfn,rmia,RMIA,rmia_score,0.0794,0.27441118022905364,0.019743121381853457,0.7158132836000394,0.013356387075550258,5
dropout_success,tabpfn,rmia,RMIA,rmia_score,0.0796,0.27586558167570824,0.020169696496915974,0.7158132836000394,0.013356387075550258,5
dropout_success,tabpfn,rmia,RMIA,rmia_score,0.07980000000000001,0.2763655816757083,0.019786622589787178,0.7158132836000394,0.013356387075550258,5
dropout_success,tabpfn,rmia,RMIA,rmia_score,0.08,0.2768655816757083,0.01941645205086781,0.7158132836000394,0.013356387075550258,5
dropout_success,tabpfn,rmia,RMIA,rmia_score,0.08020000000000001,0.27736724693590514,0.019068825766102974,0.7158132836000394,0.013356387075550258,5
dropout_success,tabpfn,rmia,RMIA,rmia_score,0.0804,0.2778779136025718,0.018784250663317074,0.7158132836000394,0.013356387075550258,5
dropout_success,tabpfn,rmia,RMIA,rmia_score,0.0806,0.2783885802692385,0.018515826590004215,0.7158132836000394,0.013356387075550258,5
dropout_success,tabpfn,rmia,RMIA,rmia_score,0.08080000000000001,0.27884993208760295,0.01831586548300864,0.7158132836000394,0.013356387075550258,5
dropout_success,tabpfn,rmia,RMIA,rmia_score,0.081,0.27901393208760294,0.018434742499197524,0.7158132836000394,0.013356387075550258,5
dropout_success,tabpfn,rmia,RMIA,rmia_score,0.08120000000000001,0.279177932087603,0.018554117370803442,0.7158132836000394,0.013356387075550258,5
dropout_success,tabpfn,rmia,RMIA,rmia_score,0.0814,0.279341932087603,0.018673980550090483,0.7158132836000394,0.013356387075550258,5
dropout_success,tabpfn,rmia,RMIA,rmia_score,0.0816,0.279505932087603,0.018794322694328285,0.7158132836000394,0.013356387075550258,5
dropout_success,tabpfn,rmia,RMIA,rmia_score,0.0818,0.27966993208760293,0.01891513466168577,0.7158132836000394,0.013356387075550258,5
dropout_success,tabpfn,rmia,RMIA,rmia_score,0.082,0.2798377496483826,0.01903849216667561,0.7158132836000394,0.013356387075550258,5
dropout_success,tabpfn,rmia,RMIA,rmia_score,0.08220000000000001,0.2800350829817159,0.019178416717011322,0.7158132836000394,0.013356387075550258,5
dropout_success,tabpfn,rmia,RMIA,rmia_score,0.0824,0.28023241631504925,0.019318779016108165,0.7158132836000394,0.013356387075550258,5
dropout_success,tabpfn,rmia,RMIA,rmia_score,0.0826,0.2804394133011855,0.019460371912518287,0.7158132836000394,0.013356387075550258,5
dropout_success,tabpfn,rmia,RMIA,rmia_score,0.0828,0.28073274663451875,0.019613289882271484,0.7158132836000394,0.013356387075550258,5
dropout_success,tabpfn,rmia,RMIA,rmia_score,0.083,0.2810260799678521,0.019773298059494442,0.7158132836000394,0.013356387075550258,5
dropout_success,tabpfn,rmia,RMIA,rmia_score,0.08320000000000001,0.28157649346996183,0.019776122243370147,0.7158132836000394,0.013356387075550258,5
dropout_success,tabpfn,rmia,RMIA,rmia_score,0.0834,0.28205382680329516,0.019732336468727983,0.7158132836000394,0.013356387075550258,5
dropout_success,tabpfn,rmia,RMIA,rmia_score,0.08360000000000001,0.2825311601366285,0.019696065558631497,0.7158132836000394,0.013356387075550258,5
dropout_success,tabpfn,rmia,RMIA,rmia_score,0.0838,0.28347174844283707,0.019076381422419332,0.7158132836000394,0.013356387075550258,5
dropout_success,tabpfn,rmia,RMIA,rmia_score,0.084,0.28368908177617036,0.01914165855377825,0.7158132836000394,0.013356387075550258,5
dropout_success,tabpfn,rmia,RMIA,rmia_score,0.08420000000000001,0.28390641510950376,0.01920922158711843,0.7158132836000394,0.013356387075550258,5
dropout_success,tabpfn,rmia,RMIA,rmia_score,0.0844,0.2847334128993369,0.019636400107333064,0.7158132836000394,0.013356387075550258,5
dropout_success,tabpfn,rmia,RMIA,rmia_score,0.08460000000000001,0.285067412899337,0.01980479585280827,0.7158132836000394,0.013356387075550258,5
dropout_success,tabpfn,rmia,RMIA,rmia_score,0.0848,0.28540141289933696,0.019974889946318953,0.7158132836000394,0.013356387075550258,5
dropout_success,tabpfn,rmia,RMIA,rmia_score,0.085,0.2857342073538276,0.020133582556602348,0.7158132836000394,0.013356387075550258,5
dropout_success,tabpfn,rmia,RMIA,rmia_score,0.0852,0.2860415406871609,0.020018282116311,0.7158132836000394,0.013356387075550258,5
dropout_success,tabpfn,rmia,RMIA,rmia_score,0.0854,0.28634887402049425,0.019904897948093594,0.7158132836000394,0.013356387075550258,5
dropout_success,tabpfn,rmia,RMIA,rmia_score,0.08560000000000001,0.2866562073538276,0.019793462983291647,0.7158132836000394,0.013356387075550258,5
dropout_success,tabpfn,rmia,RMIA,rmia_score,0.0858,0.28696354068716096,0.01968401032637819,0.7158132836000394,0.013356387075550258,5
dropout_success,tabpfn,rmia,RMIA,rmia_score,0.08600000000000001,0.2872708740204943,0.01957657322664266,0.7158132836000394,0.013356387075550258,5
dropout_success,tabpfn,rmia,RMIA,rmia_score,0.0862,0.2875767389993972,0.019472739742528507,0.7158132836000394,0.013356387075550258,5
dropout_success,tabpfn,rmia,RMIA,rmia_score,0.0864,0.2878000723327306,0.01945746031621501,0.7158132836000394,0.013356387075550258,5
dropout_success,tabpfn,rmia,RMIA,rmia_score,0.08660000000000001,0.28802340566606394,0.019442480344468042,0.7158132836000394,0.013356387075550258,5
dropout_success,tabpfn,rmia,RMIA,rmia_score,0.0868,0.288246582278481,0.019427399178719305,0.7158132836000394,0.013356387075550258,5
dropout_success,tabpfn,rmia,RMIA,rmia_score,0.08700000000000001,0.28842658227848106,0.019301930738391242,0.7158132836000394,0.013356387075550258,5
dropout_success,tabpfn,rmia,RMIA,rmia_score,0.0872,0.288606582278481,0.01917652788202293,0.7158132836000394,0.013356387075550258,5
dropout_success,tabpfn,rmia,RMIA,rmia_score,0.0874,0.28878658227848103,0.019051191904716935,0.7158132836000394,0.013356387075550258,5
dropout_success,tabpfn,rmia,RMIA,rmia_score,0.0876,0.28907921880651,0.01899178732533183,0.7158132836000394,0.013356387075550258,5
dropout_success,tabpfn,rmia,RMIA,rmia_score,0.0878,0.28925121880651,0.01890294823807987,0.7158132836000394,0.013356387075550258,5
dropout_success,tabpfn,rmia,RMIA,rmia_score,0.08800000000000001,0.28942321880650995,0.018814323223874378,0.7158132836000394,0.013356387075550258,5
dropout_success,tabpfn,rmia,RMIA,rmia_score,0.0882,0.2897352911392405,0.018558976041570096,0.7158132836000394,0.013356387075550258,5
dropout_success,tabpfn,rmia,RMIA,rmia_score,0.0884,0.28992729113924054,0.018447739156374012,0.7158132836000394,0.013356387075550258,5
dropout_success,tabpfn,rmia,RMIA,rmia_score,0.0886,0.2901192911392405,0.018336935628715544,0.7158132836000394,0.013356387075550258,5
dropout_success,tabpfn,rmia,RMIA,rmia_score,0.0888,0.2903112911392405,0.018226573362036536,0.7158132836000394,0.013356387075550258,5
dropout_success,tabpfn,rmia,RMIA,rmia_score,0.08900000000000001,0.29050329113924056,0.018116660420500846,0.7158132836000394,0.013356387075550258,5
dropout_success,tabpfn,rmia,RMIA,rmia_score,0.0892,0.29069529113924053,0.018007205031924975,0.7158132836000394,0.013356387075550258,5
dropout_success,tabpfn,rmia,RMIA,rmia_score,0.08940000000000001,0.2909915889089813,0.01813406180465621,0.7158132836000394,0.013356387075550258,5
dropout_success,tabpfn,rmia,RMIA,rmia_score,0.0896,0.2912935889089813,0.018276276175202055,0.7158132836000394,0.013356387075550258,5
dropout_success,tabpfn,rmia,RMIA,rmia_score,0.0898,0.2915955889089813,0.01842094959901432,0.7158132836000394,0.013356387075550258,5
dropout_success,tabpfn,rmia,RMIA,rmia_score,0.09000000000000001,0.29233399638336344,0.018160503478550055,0.7158132836000394,0.013356387075550258,5
dropout_success,tabpfn,rmia,RMIA,rmia_score,0.0902,0.2927159963833635,0.018284000620379836,0.7158132836000394,0.013356387075550258,5
dropout_success,tabpfn,rmia,RMIA,rmia_score,0.09040000000000001,0.2930979963833635,0.018410858501918696,0.7158132836000394,0.013356387075550258,5
dropout_success,tabpfn,rmia,RMIA,rmia_score,0.0906,0.2935794032549729,0.018238029141000485,0.7158132836000394,0.013356387075550258,5
dropout_success,tabpfn,rmia,RMIA,rmia_score,0.0908,0.2940694032549729,0.018043447068499557,0.7158132836000394,0.013356387075550258,5
dropout_success,tabpfn,rmia,RMIA,rmia_score,0.091,0.2945594032549729,0.01785349425965428,0.7158132836000394,0.013356387075550258,5
dropout_success,tabpfn,rmia,RMIA,rmia_score,0.0912,0.29513369499698616,0.017597896698149536,0.7158132836000394,0.013356387075550258,5
dropout_success,tabpfn,rmia,RMIA,rmia_score,0.09140000000000001,0.2955836949969862,0.017464434086210887,0.7158132836000394,0.013356387075550258,5
dropout_success,tabpfn,rmia,RMIA,rmia_score,0.0916,0.2960336949969862,0.017334415124383853,0.7158132836000394,0.013356387075550258,5
dropout_success,tabpfn,rmia,RMIA,rmia_score,0.0918,0.2965670142656219,0.01771690069672947,0.7158132836000394,0.013356387075550258,5
dropout_success,tabpfn,rmia,RMIA,rmia_score,0.092,0.2971103475989552,0.01816443570387368,0.7158132836000394,0.013356387075550258,5
dropout_success,tabpfn,rmia,RMIA,rmia_score,0.0922,0.29765368093228856,0.018615593544848194,0.7158132836000394,0.013356387075550258,5
dropout_success,tabpfn,rmia,RMIA,rmia_score,0.09240000000000001,0.29798023307213184,0.018675922372993984,0.7158132836000394,0.013356387075550258,5
dropout_success,tabpfn,rmia,RMIA,rmia_score,0.0926,0.29827689973879845,0.018683964342145313,0.7158132836000394,0.013356387075550258,5
dropout_success,tabpfn,rmia,RMIA,rmia_score,0.09280000000000001,0.2985735664054652,0.018693982202704063,0.7158132836000394,0.013356387075550258,5
dropout_success,tabpfn,rmia,RMIA,rmia_score,0.093,0.2987664356037774,0.01878652886877808,0.7158132836000394,0.013356387075550258,5
dropout_success,tabpfn,rmia,RMIA,rmia_score,0.0932,0.29894310227044407,0.018892124873284302,0.7158132836000394,0.013356387075550258,5
dropout_success,tabpfn,rmia,RMIA,rmia_score,0.09340000000000001,0.29911976893711073,0.01899808141676689,0.7158132836000394,0.013356387075550258,5
dropout_success,tabpfn,rmia,RMIA,rmia_score,0.0936,0.2994822423146474,0.019323491330948604,0.7158132836000394,0.013356387075550258,5
dropout_success,tabpfn,rmia,RMIA,rmia_score,0.09380000000000001,0.29973557564798076,0.019403000540792196,0.7158132836000394,0.013356387075550258,5
dropout_success,tabpfn,rmia,RMIA,rmia_score,0.094,0.2999889089813141,0.01948340714212558,0.7158132836000394,0.013356387075550258,5
dropout_success,tabpfn,rmia,RMIA,rmia_score,0.0942,0.30059108740204943,0.019295025418085497,0.7158132836000394,0.013356387075550258,5
dropout_success,tabpfn,rmia,RMIA,rmia_score,0.0944,0.3011170874020494,0.019072219299782207,0.7158132836000394,0.013356387075550258,5
dropout_success,tabpfn,rmia,RMIA,rmia_score,0.0946,0.30164308740204937,0.01885486282510173,0.7158132836000394,0.013356387075550258,5
dropout_success,tabpfn,rmia,RMIA,rmia_score,0.09480000000000001,0.3022619867389994,0.01852288237558457,0.7158132836000394,0.013356387075550258,5
dropout_success,tabpfn,rmia,RMIA,rmia_score,0.095,0.30260798673899936,0.018507600540224625,0.7158132836000394,0.013356387075550258,5
dropout_success,tabpfn,rmia,RMIA,rmia_score,0.0952,0.3029539867389994,0.01849452740713597,0.7158132836000394,0.013356387075550258,5
dropout_success,tabpfn,rmia,RMIA,rmia_score,0.0954,0.3034655402853124,0.01830859244652587,0.7158132836000394,0.013356387075550258,5
dropout_success,tabpfn,rmia,RMIA,rmia_score,0.0956,0.30371820695197915,0.018399150668738054,0.7158132836000394,0.013356387075550258,5
dropout_success,tabpfn,rmia,RMIA,rmia_score,0.09580000000000001,0.3039708736186458,0.018490637389409863,0.7158132836000394,0.013356387075550258,5
dropout_success,tabpfn,rmia,RMIA,rmia_score,0.096,0.3047657946554149,0.018567847900471966,0.7158132836000394,0.013356387075550258,5
dropout_success,tabpfn,rmia,RMIA,rmia_score,0.09620000000000001,0.3055484613220816,0.01871575744084838,0.7158132836000394,0.013356387075550258,5
dropout_success,tabpfn,rmia,RMIA,rmia_score,0.0964,0.3063311279887483,0.01894496895287483,0.7158132836000394,0.013356387075550258,5
dropout_success,tabpfn,rmia,RMIA,rmia_score,0.0966,0.3067281084990959,0.01903904315536546,0.7158132836000394,0.013356387075550258,5
dropout_success,tabpfn,rmia,RMIA,rmia_score,0.09680000000000001,0.30701744183242924,0.019084373597054238,0.7158132836000394,0.013356387075550258,5
dropout_success,tabpfn,rmia,RMIA,rmia_score,0.097,0.3073067751657625,0.019132437383808314,0.7158132836000394,0.013356387075550258,5
dropout_success,tabpfn,rmia,RMIA,rmia_score,0.09720000000000001,0.3077729780992566,0.01906707645318307,0.7158132836000394,0.013356387075550258,5
dropout_success,tabpfn,rmia,RMIA,rmia_score,0.0974,0.30813564476592326,0.018978337592724753,0.7158132836000394,0.013356387075550258,5
dropout_success,tabpfn,rmia,RMIA,rmia_score,0.0976,0.30849831143258993,0.018891809394720294,0.7158132836000394,0.013356387075550258,5
dropout_success,tabpfn,rmia,RMIA,rmia_score,0.0978,0.3100815085392806,0.018823345799893323,0.7158132836000394,0.013356387075550258,5
dropout_success,tabpfn,rmia,RMIA,rmia_score,0.098,0.31030417520594733,0.01881219647587951,0.7158132836000394,0.013356387075550258,5
dropout_success,tabpfn,rmia,RMIA,rmia_score,0.09820000000000001,0.31052684187261403,0.018801815422176772,0.7158132836000394,0.013356387075550258,5
dropout_success,tabpfn,rmia,RMIA,rmia_score,0.0984,0.3109264665461121,0.018872447277831845,0.7158132836000394,0.013356387075550258,5
dropout_success,tabpfn,rmia,RMIA,rmia_score,0.09860000000000001,0.31106246654611214,0.018808956783513502,0.7158132836000394,0.013356387075550258,5
dropout_success,tabpfn,rmia,RMIA,rmia_score,0.0988,0.31119846654611216,0.018746397102206436,0.7158132836000394,0.013356387075550258,5
dropout_success,tabpfn,rmia,RMIA,rmia_score,0.099,0.31140710066305005,0.01859922428082203,0.7158132836000394,0.013356387075550258,5
dropout_success,tabpfn,rmia,RMIA,rmia_score,0.09920000000000001,0.31164310066305,0.018421368969168104,0.7158132836000394,0.013356387075550258,5
dropout_success,tabpfn,rmia,RMIA,rmia_score,0.0994,0.31187910066305,0.018245204453448557,0.7158132836000394,0.013356387075550258,5
dropout_success,tabpfn,rmia,RMIA,rmia_score,0.09960000000000001,0.31226596262808926,0.018045877704627872,0.7158132836000394,0.013356387075550258,5
dropout_success,tabpfn,rmia,RMIA,rmia_score,0.0998,0.3123752959614225,0.01799502239138845,0.7158132836000394,0.013356387075550258,5
dropout_success,tabpfn,rmia,RMIA,rmia_score,0.1,0.3124846292947559,0.017944808832840844,0.7158132836000394,0.013356387075550258,5
dropout_success,tabpfn,rmia,RMIA,rmia_score,0.105,0.31976547116736986,0.017063672215279574,0.7158132836000394,0.013356387075550258,5
dropout_success,tabpfn,rmia,RMIA,rmia_score,0.11,0.32870313441832427,0.01709451522182185,0.7158132836000394,0.013356387075550258,5
dropout_success,tabpfn,rmia,RMIA,rmia_score,0.11499999999999999,0.33518152070954965,0.015461070032490198,0.7158132836000394,0.013356387075550258,5
dropout_success,tabpfn,rmia,RMIA,rmia_score,0.12,0.34285087402049425,0.01578236049517097,0.7158132836000394,0.013356387075550258,5
dropout_success,tabpfn,rmia,RMIA,rmia_score,0.125,0.3473741711874624,0.015807380594007738,0.7158132836000394,0.013356387075550258,5
dropout_success,tabpfn,rmia,RMIA,rmia_score,0.13,0.3551795760498292,0.01905340524554358,0.7158132836000394,0.013356387075550258,5
dropout_success,tabpfn,rmia,RMIA,rmia_score,0.135,0.3637625568524303,0.017821819580066678,0.7158132836000394,0.013356387075550258,5
dropout_success,tabpfn,rmia,RMIA,rmia_score,0.14,0.3697769740807716,0.017320672745577807,0.7158132836000394,0.013356387075550258,5
dropout_success,tabpfn,rmia,RMIA,rmia_score,0.145,0.37892832027325696,0.017251268031722736,0.7158132836000394,0.013356387075550258,5
dropout_success,tabpfn,rmia,RMIA,rmia_score,0.15,0.3841621458710066,0.015817983427204002,0.7158132836000394,0.013356387075550258,5
dropout_success,tabpfn,rmia,RMIA,rmia_score,0.155,0.3923343446520661,0.022721361252037407,0.7158132836000394,0.013356387075550258,5
dropout_success,tabpfn,rmia,RMIA,rmia_score,0.16,0.39672622061482826,0.023788351633664336,0.7158132836000394,0.013356387075550258,5
dropout_success,tabpfn,rmia,RMIA,rmia_score,0.16499999999999998,0.40458230709749693,0.02512213636342602,0.7158132836000394,0.013356387075550258,5
dropout_success,tabpfn,rmia,RMIA,rmia_score,0.16999999999999998,0.41080393902862256,0.026132974751096823,0.7158132836000394,0.013356387075550258,5
dropout_success,tabpfn,rmia,RMIA,rmia_score,0.175,0.41821805304400234,0.0285099232534361,0.7158132836000394,0.013356387075550258,5
dropout_success,tabpfn,rmia,RMIA,rmia_score,0.18,0.4261555153707053,0.028772249470283562,0.7158132836000394,0.013356387075550258,5
dropout_success,tabpfn,rmia,RMIA,rmia_score,0.185,0.43507479548781536,0.0324979307791037,0.7158132836000394,0.013356387075550258,5
dropout_success,tabpfn,rmia,RMIA,rmia_score,0.19,0.44134759895519393,0.031107372117440416,0.7158132836000394,0.013356387075550258,5
dropout_success,tabpfn,rmia,RMIA,rmia_score,0.195,0.4495240004018485,0.03074592490919942,0.7158132836000394,0.013356387075550258,5
dropout_success,tabpfn,rmia,RMIA,rmia_score,0.2,0.4565995579666466,0.03120729064634235,0.7158132836000394,0.013356387075550258,5
dropout_success,tabpfn,rmia,RMIA,rmia_score,0.20500000000000002,0.4635252734004995,0.03159029933456744,0.7158132836000394,0.013356387075550258,5
dropout_success,tabpfn,rmia,RMIA,rmia_score,0.21,0.4695672091621458,0.030694771068330143,0.7158132836000394,0.013356387075550258,5
dropout_success,tabpfn,rmia,RMIA,rmia_score,0.215,0.4756250179396653,0.030221470222405847,0.7158132836000394,0.013356387075550258,5
dropout_success,tabpfn,rmia,RMIA,rmia_score,0.22,0.48190793650793645,0.028630007132262,0.7158132836000394,0.013356387075550258,5
dropout_success,tabpfn,rmia,RMIA,rmia_score,0.22499999999999998,0.4866536974846197,0.02837459781975771,0.7158132836000394,0.013356387075550258,5
dropout_success,tabpfn,rmia,RMIA,rmia_score,0.22999999999999998,0.49301735985533457,0.027056284963888656,0.7158132836000394,0.013356387075550258,5
dropout_success,tabpfn,rmia,RMIA,rmia_score,0.235,0.49755615832831024,0.024972913282234437,0.7158132836000394,0.013356387075550258,5
dropout_success,tabpfn,rmia,RMIA,rmia_score,0.24,0.5055864978902953,0.02311236310163899,0.7158132836000394,0.013356387075550258,5
dropout_success,tabpfn,rmia,RMIA,rmia_score,0.245,0.5117939528976148,0.023124998994868706,0.7158132836000394,0.013356387075550258,5
dropout_success,tabpfn,rmia,RMIA,rmia_score,0.25,0.5173417721518987,0.022675039997013487,0.7158132836000394,0.013356387075550258,5
dropout_success,tabpfn,rmia,RMIA,rmia_score,0.255,0.5255082127787825,0.020408722746856983,0.7158132836000394,0.013356387075550258,5
dropout_success,tabpfn,rmia,RMIA,rmia_score,0.26,0.5323585809007148,0.020977817619417135,0.7158132836000394,0.013356387075550258,5
dropout_success,tabpfn,rmia,RMIA,rmia_score,0.265,0.5373161241711875,0.021351288487959186,0.7158132836000394,0.013356387075550258,5
dropout_success,tabpfn,rmia,RMIA,rmia_score,0.27,0.5433616636528028,0.01898265386984597,0.7158132836000394,0.013356387075550258,5
dropout_success,tabpfn,rmia,RMIA,rmia_score,0.275,0.5489376130198915,0.01694776056434425,0.7158132836000394,0.013356387075550258,5
dropout_success,tabpfn,rmia,RMIA,rmia_score,0.28,0.5544400241109102,0.016192703109855995,0.7158132836000394,0.013356387075550258,5
dropout_success,tabpfn,rmia,RMIA,rmia_score,0.285,0.5618530289330922,0.018180568911393906,0.7158132836000394,0.013356387075550258,5
dropout_success,tabpfn,rmia,RMIA,rmia_score,0.29,0.5678654477262071,0.016977785860071915,0.7158132836000394,0.013356387075550258,5
dropout_success,tabpfn,rmia,RMIA,rmia_score,0.295,0.574416063893912,0.0172225993887507,0.7158132836000394,0.013356387075550258,5
dropout_success,tabpfn,rmia,RMIA,rmia_score,0.3,0.5810206951979104,0.017336180593092096,0.7158132836000394,0.013356387075550258,5
dropout_success,tabpfn,rmia,RMIA,rmia_score,0.305,0.5871494122965641,0.015665509211288665,0.7158132836000394,0.013356387075550258,5
dropout_success,tabpfn,rmia,RMIA,rmia_score,0.31,0.5931267832027325,0.016195966104588823,0.7158132836000394,0.013356387075550258,5
dropout_success,tabpfn,rmia,RMIA,rmia_score,0.315,0.6007076861254077,0.016432430453308656,0.7158132836000394,0.013356387075550258,5
dropout_success,tabpfn,rmia,RMIA,rmia_score,0.32,0.6061697964482774,0.015066670519965346,0.7158132836000394,0.013356387075550258,5
dropout_success,tabpfn,rmia,RMIA,rmia_score,0.325,0.6114688818565401,0.01788545861505573,0.7158132836000394,0.013356387075550258,5
dropout_success,tabpfn,rmia,RMIA,rmia_score,0.33,0.6213198714084791,0.017224926341590625,0.7158132836000394,0.013356387075550258,5
dropout_success,tabpfn,rmia,RMIA,rmia_score,0.335,0.6295738396624473,0.015334518050411687,0.7158132836000394,0.013356387075550258,5
dropout_success,tabpfn,rmia,RMIA,rmia_score,0.34,0.6354920634920636,0.015400496985440541,0.7158132836000394,0.013356387075550258,5
dropout_success,tabpfn,rmia,RMIA,rmia_score,0.345,0.6412733273056058,0.01680767983588629,0.7158132836000394,0.013356387075550258,5
dropout_success,tabpfn,rmia,RMIA,rmia_score,0.35,0.6477045317551646,0.016936650009772375,0.7158132836000394,0.013356387075550258,5
dropout_success,tabpfn,rmia,RMIA,rmia_score,0.355,0.6528178521197509,0.016958322472853365,0.7158132836000394,0.013356387075550258,5
dropout_success,tabpfn,rmia,RMIA,rmia_score,0.36,0.6589018628548466,0.01725046150975729,0.7158132836000394,0.013356387075550258,5
dropout_success,tabpfn,rmia,RMIA,rmia_score,0.365,0.6644649889491662,0.01751662856605655,0.7158132836000394,0.013356387075550258,5
dropout_success,tabpfn,rmia,RMIA,rmia_score,0.37,0.6687575552302496,0.016458471888259035,0.7158132836000394,0.013356387075550258,5
dropout_success,tabpfn,rmia,RMIA,rmia_score,0.375,0.673480510347599,0.015600525042979737,0.7158132836000394,0.013356387075550258,5
dropout_success,tabpfn,rmia,RMIA,rmia_score,0.38,0.6793475702517295,0.015776716093602244,0.7158132836000394,0.013356387075550258,5
dropout_success,tabpfn,rmia,RMIA,rmia_score,0.385,0.6845112618042998,0.015622161696558142,0.7158132836000394,0.013356387075550258,5
dropout_success,tabpfn,rmia,RMIA,rmia_score,0.39,0.6894567008237893,0.01512634609022608,0.7158132836000394,0.013356387075550258,5
dropout_success,tabpfn,rmia,RMIA,rmia_score,0.39499999999999996,0.6945787623066104,0.014298746100226885,0.7158132836000394,0.013356387075550258,5
dropout_success,tabpfn,rmia,RMIA,rmia_score,0.39999999999999997,0.6989041017250781,0.014028664101007072,0.7158132836000394,0.013356387075550258,5
dropout_success,tabpfn,rmia,RMIA,rmia_score,0.40499999999999997,0.7034211372312636,0.013639341930039734,0.7158132836000394,0.013356387075550258,5
dropout_success,tabpfn,rmia,RMIA,rmia_score,0.41,0.7074608800482218,0.013124999995285309,0.7158132836000394,0.013356387075550258,5
dropout_success,tabpfn,rmia,RMIA,rmia_score,0.415,0.7122393266167226,0.010978084118622966,0.7158132836000394,0.013356387075550258,5
dropout_success,tabpfn,rmia,RMIA,rmia_score,0.42,0.7172999799075748,0.012103770942419103,0.7158132836000394,0.013356387075550258,5
dropout_success,tabpfn,rmia,RMIA,rmia_score,0.425,0.7225987757972387,0.014905855013102173,0.7158132836000394,0.013356387075550258,5
dropout_success,tabpfn,rmia,RMIA,rmia_score,0.43,0.7277192887281496,0.016891078349214564,0.7158132836000394,0.013356387075550258,5
dropout_success,tabpfn,rmia,RMIA,rmia_score,0.435,0.7323287097923173,0.017702615019541464,0.7158132836000394,0.013356387075550258,5
dropout_success,tabpfn,rmia,RMIA,rmia_score,0.44,0.7373299578059072,0.018360398946022056,0.7158132836000394,0.013356387075550258,5
dropout_success,tabpfn,rmia,RMIA,rmia_score,0.445,0.7431779485633916,0.016609615670185277,0.7158132836000394,0.013356387075550258,5
dropout_success,tabpfn,rmia,RMIA,rmia_score,0.45,0.7474050632911393,0.016333704164389784,0.7158132836000394,0.013356387075550258,5
dropout_success,tabpfn,rmia,RMIA,rmia_score,0.455,0.7529406268836648,0.01708424649050956,0.7158132836000394,0.013356387075550258,5
dropout_success,tabpfn,rmia,RMIA,rmia_score,0.45999999999999996,0.7567120755475186,0.014825944386017299,0.7158132836000394,0.013356387075550258,5
dropout_success,tabpfn,rmia,RMIA,rmia_score,0.46499999999999997,0.7625972875226039,0.013816659601059331,0.7158132836000394,0.013356387075550258,5
dropout_success,tabpfn,rmia,RMIA,rmia_score,0.47,0.7690403857745629,0.01382390511982579,0.7158132836000394,0.013356387075550258,5
dropout_success,tabpfn,rmia,RMIA,rmia_score,0.475,0.7739907323688969,0.014590084594770562,0.7158132836000394,0.013356387075550258,5
dropout_success,tabpfn,rmia,RMIA,rmia_score,0.48,0.7778779299061397,0.014610638041994271,0.7158132836000394,0.013356387075550258,5
dropout_success,tabpfn,rmia,RMIA,rmia_score,0.485,0.7815219610206953,0.016508986378178797,0.7158132836000394,0.013356387075550258,5
dropout_success,tabpfn,rmia,RMIA,rmia_score,0.49,0.7870525416917822,0.016208910558664098,0.7158132836000394,0.013356387075550258,5
dropout_success,tabpfn,rmia,RMIA,rmia_score,0.495,0.7915084302075261,0.016706567479942203,0.7158132836000394,0.013356387075550258,5
dropout_success,tabpfn,rmia,RMIA,rmia_score,0.5,0.7958171876345475,0.01646655062621696,0.7158132836000394,0.013356387075550258,5
dropout_success,tabpfn,rmia,RMIA,rmia_score,0.505,0.7991625125577657,0.01570103310207263,0.7158132836000394,0.013356387075550258,5
dropout_success,tabpfn,rmia,RMIA,rmia_score,0.51,0.803653285111513,0.016929367578233233,0.7158132836000394,0.013356387075550258,5
dropout_success,tabpfn,rmia,RMIA,rmia_score,0.515,0.8087857142857142,0.0171319721836892,0.7158132836000394,0.013356387075550258,5
dropout_success,tabpfn,rmia,RMIA,rmia_score,0.52,0.8132100232498063,0.017009116147274465,0.7158132836000394,0.013356387075550258,5
dropout_success,tabpfn,rmia,RMIA,rmia_score,0.525,0.8179485633916013,0.01629529697270934,0.7158132836000394,0.013356387075550258,5
dropout_success,tabpfn,rmia,RMIA,rmia_score,0.53,0.8232978702029335,0.014873613358432137,0.7158132836000394,0.013356387075550258,5
dropout_success,tabpfn,rmia,RMIA,rmia_score,0.535,0.8275156921840466,0.015055205143768697,0.7158132836000394,0.013356387075550258,5
dropout_success,tabpfn,rmia,RMIA,rmia_score,0.54,0.8299606992163955,0.015728364974019433,0.7158132836000394,0.013356387075550258,5
dropout_success,tabpfn,rmia,RMIA,rmia_score,0.545,0.834113784949228,0.016967178217810085,0.7158132836000394,0.013356387075550258,5
dropout_success,tabpfn,rmia,RMIA,rmia_score,0.55,0.8380535209215138,0.017230780723109327,0.7158132836000394,0.013356387075550258,5
dropout_success,tabpfn,rmia,RMIA,rmia_score,0.555,0.8436185826229228,0.019273028627356355,0.7158132836000394,0.013356387075550258,5
dropout_success,tabpfn,rmia,RMIA,rmia_score,0.56,0.8482513964235483,0.02115031099471419,0.7158132836000394,0.013356387075550258,5
dropout_success,tabpfn,rmia,RMIA,rmia_score,0.5650000000000001,0.8516446654611212,0.021753959069223727,0.7158132836000394,0.013356387075550258,5
dropout_success,tabpfn,rmia,RMIA,rmia_score,0.5700000000000001,0.8542016877637133,0.021886352566467416,0.7158132836000394,0.013356387075550258,5
dropout_success,tabpfn,rmia,RMIA,rmia_score,0.5750000000000001,0.8572498493068114,0.021087637023786767,0.7158132836000394,0.013356387075550258,5
dropout_success,tabpfn,rmia,RMIA,rmia_score,0.5800000000000001,0.8609666322225094,0.022447421805269083,0.7158132836000394,0.013356387075550258,5
dropout_success,tabpfn,rmia,RMIA,rmia_score,0.585,0.8635519891500903,0.023279877405932795,0.7158132836000394,0.013356387075550258,5
dropout_success,tabpfn,rmia,RMIA,rmia_score,0.59,0.8654305806710869,0.023562477333311255,0.7158132836000394,0.013356387075550258,5
dropout_success,tabpfn,rmia,RMIA,rmia_score,0.595,0.8670722992431854,0.02399955653630309,0.7158132836000394,0.013356387075550258,5
dropout_success,tabpfn,rmia,RMIA,rmia_score,0.6,0.8721719911593329,0.024406086139960936,0.7158132836000394,0.013356387075550258,5
dropout_success,tabpfn,rmia,RMIA,rmia_score,0.605,0.8753368444846293,0.023608520080083635,0.7158132836000394,0.013356387075550258,5
dropout_success,tabpfn,rmia,RMIA,rmia_score,0.61,0.8780204942736589,0.023620805553657295,0.7158132836000394,0.013356387075550258,5
dropout_success,tabpfn,rmia,RMIA,rmia_score,0.615,0.8831795258187662,0.02485271024401692,0.7158132836000394,0.013356387075550258,5
dropout_success,tabpfn,rmia,RMIA,rmia_score,0.62,0.8867826669345655,0.025523788971071427,0.7158132836000394,0.013356387075550258,5
dropout_success,tabpfn,rmia,RMIA,rmia_score,0.625,0.889933694996986,0.026124382153597622,0.7158132836000394,0.013356387075550258,5
dropout_success,tabpfn,rmia,RMIA,rmia_score,0.63,0.8936024378809189,0.02469008051115352,0.7158132836000394,0.013356387075550258,5
dropout_success,tabpfn,rmia,RMIA,rmia_score,0.635,0.8965020092425157,0.024323440301425744,0.7158132836000394,0.013356387075550258,5
dropout_success,tabpfn,rmia,RMIA,rmia_score,0.64,0.8999383832295227,0.023987332457245148,0.7158132836000394,0.013356387075550258,5
dropout_success,tabpfn,rmia,RMIA,rmia_score,0.645,0.9017178018886879,0.024222528683350727,0.7158132836000394,0.013356387075550258,5
dropout_success,tabpfn,rmia,RMIA,rmia_score,0.65,0.9048613622664256,0.02359787396529523,0.7158132836000394,0.013356387075550258,5
dropout_success,tabpfn,rmia,RMIA,rmia_score,0.655,0.9096068515169782,0.020007654211250656,0.7158132836000394,0.013356387075550258,5
dropout_success,tabpfn,rmia,RMIA,rmia_score,0.66,0.9119616417337937,0.01925833134188917,0.7158132836000394,0.013356387075550258,5
dropout_success,tabpfn,rmia,RMIA,rmia_score,0.665,0.9151819770946353,0.01799649033684476,0.7158132836000394,0.013356387075550258,5
dropout_success,tabpfn,rmia,RMIA,rmia_score,0.67,0.9187924452481415,0.018062272422619985,0.7158132836000394,0.013356387075550258,5
dropout_success,tabpfn,rmia,RMIA,rmia_score,0.675,0.9209880450070322,0.018087975924304,0.7158132836000394,0.013356387075550258,5
dropout_success,tabpfn,rmia,RMIA,rmia_score,0.68,0.9229022302591924,0.017932671145512787,0.7158132836000394,0.013356387075550258,5
dropout_success,tabpfn,rmia,RMIA,rmia_score,0.6849999999999999,0.9245649789029535,0.018437830222142265,0.7158132836000394,0.013356387075550258,5
dropout_success,tabpfn,rmia,RMIA,rmia_score,0.69,0.9271494876431585,0.017498500679337545,0.7158132836000394,0.013356387075550258,5
dropout_success,tabpfn,rmia,RMIA,rmia_score,0.695,0.9296573236889693,0.017302447344975193,0.7158132836000394,0.013356387075550258,5
dropout_success,tabpfn,rmia,RMIA,rmia_score,0.7,0.9321604380148685,0.016941309169015147,0.7158132836000394,0.013356387075550258,5
dropout_success,tabpfn,rmia,RMIA,rmia_score,0.705,0.9342228536984415,0.0171361994096673,0.7158132836000394,0.013356387075550258,5
dropout_success,tabpfn,rmia,RMIA,rmia_score,0.71,0.9373937311633513,0.017539574815228037,0.7158132836000394,0.013356387075550258,5
dropout_success,tabpfn,rmia,RMIA,rmia_score,0.715,0.9401746835443037,0.016758778573795777,0.7158132836000394,0.013356387075550258,5
dropout_success,tabpfn,rmia,RMIA,rmia_score,0.72,0.9424676854188607,0.01672335385570383,0.7158132836000394,0.013356387075550258,5
dropout_success,tabpfn,rmia,RMIA,rmia_score,0.725,0.9443152070954965,0.01719593848299162,0.7158132836000394,0.013356387075550258,5
dropout_success,tabpfn,rmia,RMIA,rmia_score,0.73,0.9460446939036451,0.01690786042121823,0.7158132836000394,0.013356387075550258,5
dropout_success,tabpfn,rmia,RMIA,rmia_score,0.735,0.9479582260215172,0.01662997751296486,0.7158132836000394,0.013356387075550258,5
dropout_success,tabpfn,rmia,RMIA,rmia_score,0.74,0.9501716275821158,0.015264043072302424,0.7158132836000394,0.013356387075550258,5
dropout_success,tabpfn,rmia,RMIA,rmia_score,0.745,0.9518546313039984,0.015377690553123942,0.7158132836000394,0.013356387075550258,5
dropout_success,tabpfn,rmia,RMIA,rmia_score,0.75,0.9525798673899939,0.015005525004953484,0.7158132836000394,0.013356387075550258,5
dropout_success,tabpfn,rmia,RMIA,rmia_score,0.755,0.9541520142656218,0.014961126769578842,0.7158132836000394,0.013356387075550258,5
dropout_success,tabpfn,rmia,RMIA,rmia_score,0.76,0.9563939722724534,0.013836530642940308,0.7158132836000394,0.013356387075550258,5
dropout_success,tabpfn,rmia,RMIA,rmia_score,0.765,0.9578971267832028,0.01292011680467231,0.7158132836000394,0.013356387075550258,5
dropout_success,tabpfn,rmia,RMIA,rmia_score,0.77,0.9590209248256265,0.012617256758483707,0.7158132836000394,0.013356387075550258,5
dropout_success,tabpfn,rmia,RMIA,rmia_score,0.775,0.9600682424868682,0.012531711139276756,0.7158132836000394,0.013356387075550258,5
dropout_success,tabpfn,rmia,RMIA,rmia_score,0.78,0.9618853526220615,0.012220396125645794,0.7158132836000394,0.013356387075550258,5
dropout_success,tabpfn,rmia,RMIA,rmia_score,0.785,0.9653438990786188,0.011129126936535,0.7158132836000394,0.013356387075550258,5
dropout_success,tabpfn,rmia,RMIA,rmia_score,0.79,0.9667518987341772,0.010697490030432012,0.7158132836000394,0.013356387075550258,5
dropout_success,tabpfn,rmia,RMIA,rmia_score,0.795,0.9680253164556962,0.009841915010589007,0.7158132836000394,0.013356387075550258,5
dropout_success,tabpfn,rmia,RMIA,rmia_score,0.8,0.9687965002648546,0.009442923799431588,0.7158132836000394,0.013356387075550258,5
dropout_success,tabpfn,rmia,RMIA,rmia_score,0.805,0.969720514366084,0.00894741321728927,0.7158132836000394,0.013356387075550258,5
dropout_success,tabpfn,rmia,RMIA,rmia_score,0.8099999999999999,0.9703863371508941,0.008274970568091922,0.7158132836000394,0.013356387075550258,5
dropout_success,tabpfn,rmia,RMIA,rmia_score,0.815,0.9709512328138006,0.008418962411435447,0.7158132836000394,0.013356387075550258,5
dropout_success,tabpfn,rmia,RMIA,rmia_score,0.82,0.9718484457073968,0.007903512369500869,0.7158132836000394,0.013356387075550258,5
dropout_success,tabpfn,rmia,RMIA,rmia_score,0.825,0.9729362567811934,0.00770532970155663,0.7158132836000394,0.013356387075550258,5
dropout_success,tabpfn,rmia,RMIA,rmia_score,0.83,0.9748130543356582,0.0070902094469807745,0.7158132836000394,0.013356387075550258,5
dropout_success,tabpfn,rmia,RMIA,rmia_score,0.835,0.9761621458710066,0.00727811709354947,0.7158132836000394,0.013356387075550258,5
dropout_success,tabpfn,rmia,RMIA,rmia_score,0.84,0.9773974683544304,0.007386217781735622,0.7158132836000394,0.013356387075550258,5
dropout_success,tabpfn,rmia,RMIA,rmia_score,0.845,0.9784038778380552,0.00677861440041612,0.7158132836000394,0.013356387075550258,5
dropout_success,tabpfn,rmia,RMIA,rmia_score,0.85,0.9797060047647751,0.0063800662276662775,0.7158132836000394,0.013356387075550258,5
dropout_success,tabpfn,rmia,RMIA,rmia_score,0.855,0.9809412296564195,0.006322335163992025,0.7158132836000394,0.013356387075550258,5
dropout_success,tabpfn,rmia,RMIA,rmia_score,0.86,0.9822628089210369,0.005184030286044204,0.7158132836000394,0.013356387075550258,5
dropout_success,tabpfn,rmia,RMIA,rmia_score,0.865,0.9830623389570045,0.004964747192550881,0.7158132836000394,0.013356387075550258,5
dropout_success,tabpfn,rmia,RMIA,rmia_score,0.87,0.9839125979505727,0.004754024235888076,0.7158132836000394,0.013356387075550258,5
dropout_success,tabpfn,rmia,RMIA,rmia_score,0.875,0.9844635322483424,0.004701817660293527,0.7158132836000394,0.013356387075550258,5
dropout_success,tabpfn,rmia,RMIA,rmia_score,0.88,0.9861217600964437,0.0051943932953203015,0.7158132836000394,0.013356387075550258,5
dropout_success,tabpfn,rmia,RMIA,rmia_score,0.885,0.9867519590114526,0.005686101477309793,0.7158132836000394,0.013356387075550258,5
dropout_success,tabpfn,rmia,RMIA,rmia_score,0.89,0.9875131682663328,0.005675959898605262,0.7158132836000394,0.013356387075550258,5
dropout_success,tabpfn,rmia,RMIA,rmia_score,0.895,0.9881606157555524,0.005560566702745171,0.7158132836000394,0.013356387075550258,5
dropout_success,tabpfn,rmia,RMIA,rmia_score,0.9,0.9894635322483424,0.005442949527242885,0.7158132836000394,0.013356387075550258,5
dropout_success,tabpfn,rmia,RMIA,rmia_score,0.905,0.9899939722724532,0.004852227075948924,0.7158132836000394,0.013356387075550258,5
dropout_success,tabpfn,rmia,RMIA,rmia_score,0.91,0.9905344183242917,0.004781514578112513,0.7158132836000394,0.013356387075550258,5
dropout_success,tabpfn,rmia,RMIA,rmia_score,0.915,0.991005997588909,0.004597415813829294,0.7158132836000394,0.013356387075550258,5
dropout_success,tabpfn,rmia,RMIA,rmia_score,0.92,0.9914406268836649,0.003845482316512764,0.7158132836000394,0.013356387075550258,5
dropout_success,tabpfn,rmia,RMIA,rmia_score,0.925,0.9923806007635122,0.0038285245203222777,0.7158132836000394,0.013356387075550258,5
dropout_success,tabpfn,rmia,RMIA,rmia_score,0.93,0.99316515973478,0.0034498080799333446,0.7158132836000394,0.013356387075550258,5
dropout_success,tabpfn,rmia,RMIA,rmia_score,0.935,0.9936858047016276,0.00306141578120728,0.7158132836000394,0.013356387075550258,5
dropout_success,tabpfn,rmia,RMIA,rmia_score,0.94,0.9946305003013863,0.0018920075649590219,0.7158132836000394,0.013356387075550258,5
dropout_success,tabpfn,rmia,RMIA,rmia_score,0.945,0.995014064697609,0.00147404951930123,0.7158132836000394,0.013356387075550258,5
dropout_success,tabpfn,rmia,RMIA,rmia_score,0.95,0.9954189270644968,0.0011750204152874007,0.7158132836000394,0.013356387075550258,5
dropout_success,tabpfn,rmia,RMIA,rmia_score,0.955,0.995755650994575,0.0011779345556155998,0.7158132836000394,0.013356387075550258,5
dropout_success,tabpfn,rmia,RMIA,rmia_score,0.96,0.9960474181233675,0.001383286062168727,0.7158132836000394,0.013356387075550258,5
dropout_success,tabpfn,rmia,RMIA,rmia_score,0.965,0.9969029368428103,0.001086232943772753,0.7158132836000394,0.013356387075550258,5
dropout_success,tabpfn,rmia,RMIA,rmia_score,0.97,0.9978068113321278,0.0009818743096747776,0.7158132836000394,0.013356387075550258,5
dropout_success,tabpfn,rmia,RMIA,rmia_score,0.975,0.9981779686558168,0.0010284868637324522,0.7158132836000394,0.013356387075550258,5
dropout_success,tabpfn,rmia,RMIA,rmia_score,0.98,0.9987944544906571,0.0006027727546715211,0.7158132836000394,0.013356387075550258,5
dropout_success,tabpfn,rmia,RMIA,rmia_score,0.985,0.9994482218203737,0.0005472585093090696,0.7158132836000394,0.013356387075550258,5
dropout_success,tabpfn,rmia,RMIA,rmia_score,0.99,0.999638336347197,0.0005391363417720804,0.7158132836000394,0.013356387075550258,5
dropout_success,tabpfn,rmia,RMIA,rmia_score,0.995,0.9999424686893041,0.00012864392155059807,0.7158132836000394,0.013356387075550258,5
dropout_success,tabpfn,rmia,RMIA,rmia_score,1.0,1.0,0.0,0.7158132836000394,0.013356387075550258,5
dropout_success,tabpfn,amia,AMIA,row_max,0.0,0.04183242917420133,0.05351725972920976,0.8789872836385528,0.028512012361178014,5
dropout_success,tabpfn,amia,AMIA,row_max,0.0002,0.04183242917420133,0.05351725972920976,0.8789872836385528,0.028512012361178014,5
dropout_success,tabpfn,amia,AMIA,row_max,0.0004,0.04183242917420133,0.05351725972920976,0.8789872836385528,0.028512012361178014,5
dropout_success,tabpfn,amia,AMIA,row_max,0.0006000000000000001,0.04183242917420133,0.05351725972920976,0.8789872836385528,0.028512012361178014,5
dropout_success,tabpfn,amia,AMIA,row_max,0.0008,0.06654611211573237,0.060897353098924294,0.8789872836385528,0.028512012361178014,5
dropout_success,tabpfn,amia,AMIA,row_max,0.001,0.06654611211573237,0.060897353098924294,0.8789872836385528,0.028512012361178014,5
dropout_success,tabpfn,amia,AMIA,row_max,0.0012000000000000001,0.06654611211573237,0.060897353098924294,0.8789872836385528,0.028512012361178014,5
dropout_success,tabpfn,amia,AMIA,row_max,0.0014,0.08631705846895721,0.06066391968411945,0.8789872836385528,0.028512012361178014,5
dropout_success,tabpfn,amia,AMIA,row_max,0.0016,0.08631705846895721,0.06066391968411945,0.8789872836385528,0.028512012361178014,5
dropout_success,tabpfn,amia,AMIA,row_max,0.0018000000000000002,0.08631705846895721,0.06066391968411945,0.8789872836385528,0.028512012361178014,5
dropout_success,tabpfn,amia,AMIA,row_max,0.002,0.10524412296564196,0.05183775599845768,0.8789872836385528,0.028512012361178014,5
dropout_success,tabpfn,amia,AMIA,row_max,0.0022,0.10524412296564196,0.05183775599845768,0.8789872836385528,0.028512012361178014,5
dropout_success,tabpfn,amia,AMIA,row_max,0.0024000000000000002,0.10524412296564196,0.05183775599845768,0.8789872836385528,0.028512012361178014,5
dropout_success,tabpfn,amia,AMIA,row_max,0.0026000000000000003,0.1179023508137432,0.05668083463967423,0.8789872836385528,0.028512012361178014,5
dropout_success,tabpfn,amia,AMIA,row_max,0.0028,0.1179023508137432,0.05668083463967423,0.8789872836385528,0.028512012361178014,5
dropout_success,tabpfn,amia,AMIA,row_max,0.003,0.1179023508137432,0.05668083463967423,0.8789872836385528,0.028512012361178014,5
dropout_success,tabpfn,amia,AMIA,row_max,0.0032,0.13815551537070525,0.06955877451187321,0.8789872836385528,0.028512012361178014,5
dropout_success,tabpfn,amia,AMIA,row_max,0.0034000000000000002,0.13815551537070525,0.06955877451187321,0.8789872836385528,0.028512012361178014,5
dropout_success,tabpfn,amia,AMIA,row_max,0.0036000000000000003,0.13815551537070525,0.06955877451187321,0.8789872836385528,0.028512012361178014,5
dropout_success,tabpfn,amia,AMIA,row_max,0.0038,0.1456298975286317,0.06806609659818648,0.8789872836385528,0.028512012361178014,5
dropout_success,tabpfn,amia,AMIA,row_max,0.004,0.1456298975286317,0.06806609659818648,0.8789872836385528,0.028512012361178014,5
dropout_success,tabpfn,amia,AMIA,row_max,0.004200000000000001,0.1456298975286317,0.06806609659818648,0.8789872836385528,0.028512012361178014,5
dropout_success,tabpfn,amia,AMIA,row_max,0.0044,0.161543098251959,0.07119483710668732,0.8789872836385528,0.028512012361178014,5
dropout_success,tabpfn,amia,AMIA,row_max,0.0046,0.161543098251959,0.07119483710668732,0.8789872836385528,0.028512012361178014,5
dropout_success,tabpfn,amia,AMIA,row_max,0.0048000000000000004,0.161543098251959,0.07119483710668732,0.8789872836385528,0.028512012361178014,5
dropout_success,tabpfn,amia,AMIA,row_max,0.005,0.16600361663652802,0.06987303708758333,0.8789872836385528,0.028512012361178014,5
dropout_success,tabpfn,amia,AMIA,row_max,0.005200000000000001,0.16600361663652802,0.06987303708758333,0.8789872836385528,0.028512012361178014,5
dropout_success,tabpfn,amia,AMIA,row_max,0.0054,0.16600361663652802,0.06987303708758333,0.8789872836385528,0.028512012361178014,5
dropout_success,tabpfn,amia,AMIA,row_max,0.0056,0.18541289933695,0.06592113110405662,0.8789872836385528,0.028512012361178014,5
dropout_success,tabpfn,amia,AMIA,row_max,0.0058000000000000005,0.18541289933695,0.06592113110405662,0.8789872836385528,0.028512012361178014,5
dropout_success,tabpfn,amia,AMIA,row_max,0.006,0.18541289933695,0.06592113110405662,0.8789872836385528,0.028512012361178014,5
dropout_success,tabpfn,amia,AMIA,row_max,0.006200000000000001,0.19168173598553348,0.06382136748539853,0.8789872836385528,0.028512012361178014,5
dropout_success,tabpfn,amia,AMIA,row_max,0.0064,0.19168173598553348,0.06382136748539853,0.8789872836385528,0.028512012361178014,5
dropout_success,tabpfn,amia,AMIA,row_max,0.0066,0.19168173598553348,0.06382136748539853,0.8789872836385528,0.028512012361178014,5
dropout_success,tabpfn,amia,AMIA,row_max,0.0068000000000000005,0.21663652802893307,0.06581356593652274,0.8789872836385528,0.028512012361178014,5
dropout_success,tabpfn,amia,AMIA,row_max,0.007,0.21663652802893307,0.06581356593652274,0.8789872836385528,0.028512012361178014,5
dropout_success,tabpfn,amia,AMIA,row_max,0.007200000000000001,0.21663652802893307,0.06581356593652274,0.8789872836385528,0.028512012361178014,5
dropout_success,tabpfn,amia,AMIA,row_max,0.0074,0.23134418324291742,0.08098875009597624,0.8789872836385528,0.028512012361178014,5
dropout_success,tabpfn,amia,AMIA,row_max,0.0076,0.23134418324291742,0.08098875009597624,0.8789872836385528,0.028512012361178014,5
dropout_success,tabpfn,amia,AMIA,row_max,0.0078000000000000005,0.23134418324291742,0.08098875009597624,0.8789872836385528,0.028512012361178014,5
dropout_success,tabpfn,amia,AMIA,row_max,0.008,0.23857745629897525,0.08081696922729013,0.8789872836385528,0.028512012361178014,5
dropout_success,tabpfn,amia,AMIA,row_max,0.0082,0.23857745629897525,0.08081696922729013,0.8789872836385528,0.028512012361178014,5
dropout_success,tabpfn,amia,AMIA,row_max,0.008400000000000001,0.23857745629897525,0.08081696922729013,0.8789872836385528,0.028512012361178014,5
dropout_success,tabpfn,amia,AMIA,row_max,0.0086,0.24918625678119347,0.07418342682973735,0.8789872836385528,0.028512012361178014,5
dropout_success,tabpfn,amia,AMIA,row_max,0.0088,0.24918625678119347,0.07418342682973735,0.8789872836385528,0.028512012361178014,5
dropout_success,tabpfn,amia,AMIA,row_max,0.009000000000000001,0.24918625678119347,0.07418342682973735,0.8789872836385528,0.028512012361178014,5
dropout_success,tabpfn,amia,AMIA,row_max,0.0092,0.2590717299578059,0.07196940093364435,0.8789872836385528,0.028512012361178014,5
dropout_success,tabpfn,amia,AMIA,row_max,0.0094,0.2590717299578059,0.07196940093364435,0.8789872836385528,0.028512012361178014,5
dropout_success,tabpfn,amia,AMIA,row_max,0.009600000000000001,0.2590717299578059,0.07196940093364435,0.8789872836385528,0.028512012361178014,5
dropout_success,tabpfn,amia,AMIA,row_max,0.0098,0.2661844484629295,0.07085926389304761,0.8789872836385528,0.028512012361178014,5
dropout_success,tabpfn,amia,AMIA,row_max,0.01,0.2661844484629295,0.07085926389304761,0.8789872836385528,0.028512012361178014,5
dropout_success,tabpfn,amia,AMIA,row_max,0.0102,0.2661844484629295,0.07085926389304761,0.8789872836385528,0.028512012361178014,5
dropout_success,tabpfn,amia,AMIA,row_max,0.010400000000000001,0.27836045810729354,0.06810852026372813,0.8789872836385528,0.028512012361178014,5
dropout_success,tabpfn,amia,AMIA,row_max,0.0106,0.27836045810729354,0.06810852026372813,0.8789872836385528,0.028512012361178014,5
dropout_success,tabpfn,amia,AMIA,row_max,0.0108,0.27836045810729354,0.06810852026372813,0.8789872836385528,0.028512012361178014,5
dropout_success,tabpfn,amia,AMIA,row_max,0.011000000000000001,0.28969258589511754,0.06711597861772156,0.8789872836385528,0.028512012361178014,5
dropout_success,tabpfn,amia,AMIA,row_max,0.0112,0.28969258589511754,0.06711597861772156,0.8789872836385528,0.028512012361178014,5
dropout_success,tabpfn,amia,AMIA,row_max,0.0114,0.28969258589511754,0.06711597861772156,0.8789872836385528,0.028512012361178014,5
dropout_success,tabpfn,amia,AMIA,row_max,0.011600000000000001,0.29584086799276677,0.06700734924293088,0.8789872836385528,0.028512012361178014,5
dropout_success,tabpfn,amia,AMIA,row_max,0.0118,0.29584086799276677,0.06700734924293088,0.8789872836385528,0.028512012361178014,5
dropout_success,tabpfn,amia,AMIA,row_max,0.012,0.29584086799276677,0.06700734924293088,0.8789872836385528,0.028512012361178014,5
dropout_success,tabpfn,amia,AMIA,row_max,0.0122,0.30114526823387583,0.06566987164297462,0.8789872836385528,0.028512012361178014,5
dropout_success,tabpfn,amia,AMIA,row_max,0.012400000000000001,0.30114526823387583,0.06566987164297462,0.8789872836385528,0.028512012361178014,5
dropout_success,tabpfn,amia,AMIA,row_max,0.0126,0.30114526823387583,0.06566987164297462,0.8789872836385528,0.028512012361178014,5
dropout_success,tabpfn,amia,AMIA,row_max,0.0128,0.3116335141651597,0.07054630449019181,0.8789872836385528,0.028512012361178014,5
dropout_success,tabpfn,amia,AMIA,row_max,0.013000000000000001,0.3116335141651597,0.07054630449019181,0.8789872836385528,0.028512012361178014,5
dropout_success,tabpfn,amia,AMIA,row_max,0.0132,0.3116335141651597,0.07054630449019181,0.8789872836385528,0.028512012361178014,5
dropout_success,tabpfn,amia,AMIA,row_max,0.0134,0.3128390596745027,0.07007865183741561,0.8789872836385528,0.028512012361178014,5
dropout_success,tabpfn,amia,AMIA,row_max,0.013600000000000001,0.3128390596745027,0.07007865183741561,0.8789872836385528,0.028512012361178014,5
dropout_success,tabpfn,amia,AMIA,row_max,0.013800000000000002,0.3128390596745027,0.07007865183741561,0.8789872836385528,0.028512012361178014,5
dropout_success,tabpfn,amia,AMIA,row_max,0.014,0.32176009644364073,0.06943199092922203,0.8789872836385528,0.028512012361178014,5
dropout_success,tabpfn,amia,AMIA,row_max,0.0142,0.32176009644364073,0.06943199092922203,0.8789872836385528,0.028512012361178014,5
dropout_success,tabpfn,amia,AMIA,row_max,0.014400000000000001,0.32176009644364073,0.06943199092922203,0.8789872836385528,0.028512012361178014,5
dropout_success,tabpfn,amia,AMIA,row_max,0.0146,0.32573839662447257,0.06798063537738434,0.8789872836385528,0.028512012361178014,5
dropout_success,tabpfn,amia,AMIA,row_max,0.0148,0.32573839662447257,0.06798063537738434,0.8789872836385528,0.028512012361178014,5
dropout_success,tabpfn,amia,AMIA,row_max,0.015000000000000001,0.32573839662447257,0.06798063537738434,0.8789872836385528,0.028512012361178014,5
dropout_success,tabpfn,amia,AMIA,row_max,0.0152,0.33297166968053044,0.07397129402167793,0.8789872836385528,0.028512012361178014,5
dropout_success,tabpfn,amia,AMIA,row_max,0.0154,0.33297166968053044,0.07397129402167793,0.8789872836385528,0.028512012361178014,5
dropout_success,tabpfn,amia,AMIA,row_max,0.015600000000000001,0.33297166968053044,0.07397129402167793,0.8789872836385528,0.028512012361178014,5
dropout_success,tabpfn,amia,AMIA,row_max,0.0158,0.336829415310428,0.07604307393126623,0.8789872836385528,0.028512012361178014,5
dropout_success,tabpfn,amia,AMIA,row_max,0.016,0.336829415310428,0.07604307393126623,0.8789872836385528,0.028512012361178014,5
dropout_success,tabpfn,amia,AMIA,row_max,0.0162,0.336829415310428,0.07604307393126623,0.8789872836385528,0.028512012361178014,5
dropout_success,tabpfn,amia,AMIA,row_max,0.0164,0.3456298975286317,0.07500537565136121,0.8789872836385528,0.028512012361178014,5
dropout_success,tabpfn,amia,AMIA,row_max,0.0166,0.3456298975286317,0.07500537565136121,0.8789872836385528,0.028512012361178014,5
dropout_success,tabpfn,amia,AMIA,row_max,0.016800000000000002,0.3456298975286317,0.07500537565136121,0.8789872836385528,0.028512012361178014,5
dropout_success,tabpfn,amia,AMIA,row_max,0.017,0.34876431585292345,0.07295492894109558,0.8789872836385528,0.028512012361178014,5
dropout_success,tabpfn,amia,AMIA,row_max,0.0172,0.34876431585292345,0.07295492894109558,0.8789872836385528,0.028512012361178014,5
dropout_success,tabpfn,amia,AMIA,row_max,0.017400000000000002,0.34876431585292345,0.07295492894109558,0.8789872836385528,0.028512012361178014,5
dropout_success,tabpfn,amia,AMIA,row_max,0.0176,0.3531042796865581,0.07292230089884617,0.8789872836385528,0.028512012361178014,5
dropout_success,tabpfn,amia,AMIA,row_max,0.0178,0.3531042796865581,0.07292230089884617,0.8789872836385528,0.028512012361178014,5
dropout_success,tabpfn,amia,AMIA,row_max,0.018000000000000002,0.3531042796865581,0.07292230089884617,0.8789872836385528,0.028512012361178014,5
dropout_success,tabpfn,amia,AMIA,row_max,0.0182,0.3575647980711272,0.07286747284295529,0.8789872836385528,0.028512012361178014,5
dropout_success,tabpfn,amia,AMIA,row_max,0.0184,0.3575647980711272,0.07286747284295529,0.8789872836385528,0.028512012361178014,5
dropout_success,tabpfn,amia,AMIA,row_max,0.018600000000000002,0.3575647980711272,0.07286747284295529,0.8789872836385528,0.028512012361178014,5
dropout_success,tabpfn,amia,AMIA,row_max,0.0188,0.36094032549728755,0.07647426185841326,0.8789872836385528,0.028512012361178014,5
dropout_success,tabpfn,amia,AMIA,row_max,0.019,0.36094032549728755,0.07647426185841326,0.8789872836385528,0.028512012361178014,5
dropout_success,tabpfn,amia,AMIA,row_max,0.019200000000000002,0.36094032549728755,0.07647426185841326,0.8789872836385528,0.028512012361178014,5
dropout_success,tabpfn,amia,AMIA,row_max,0.0194,0.36588306208559374,0.07561735557742243,0.8789872836385528,0.028512012361178014,5
dropout_success,tabpfn,amia,AMIA,row_max,0.0196,0.36588306208559374,0.07561735557742243,0.8789872836385528,0.028512012361178014,5
dropout_success,tabpfn,amia,AMIA,row_max,0.0198,0.36588306208559374,0.07561735557742243,0.8789872836385528,0.028512012361178014,5
dropout_success,tabpfn,amia,AMIA,row_max,0.02,0.3691380349608198,0.07331139221435444,0.8789872836385528,0.028512012361178014,5
dropout_success,tabpfn,amia,AMIA,row_max,0.020200000000000003,0.3691380349608198,0.07331139221435444,0.8789872836385528,0.028512012361178014,5
dropout_success,tabpfn,amia,AMIA,row_max,0.0204,0.3691380349608198,0.07331139221435444,0.8789872836385528,0.028512012361178014,5
dropout_success,tabpfn,amia,AMIA,row_max,0.0206,0.3744424352019289,0.0783307775198523,0.8789872836385528,0.028512012361178014,5
dropout_success,tabpfn,amia,AMIA,row_max,0.020800000000000003,0.3744424352019289,0.0783307775198523,0.8789872836385528,0.028512012361178014,5
dropout_success,tabpfn,amia,AMIA,row_max,0.021,0.3744424352019289,0.0783307775198523,0.8789872836385528,0.028512012361178014,5
dropout_success,tabpfn,amia,AMIA,row_max,0.0212,0.3804701627486437,0.0759115647859958,0.8789872836385528,0.028512012361178014,5
dropout_success,tabpfn,amia,AMIA,row_max,0.021400000000000002,0.3804701627486437,0.0759115647859958,0.8789872836385528,0.028512012361178014,5
dropout_success,tabpfn,amia,AMIA,row_max,0.0216,0.3804701627486437,0.0759115647859958,0.8789872836385528,0.028512012361178014,5
dropout_success,tabpfn,amia,AMIA,row_max,0.0218,0.3848101265822785,0.07545333006532537,0.8789872836385528,0.028512012361178014,5
dropout_success,tabpfn,amia,AMIA,row_max,0.022000000000000002,0.3848101265822785,0.07545333006532537,0.8789872836385528,0.028512012361178014,5
dropout_success,tabpfn,amia,AMIA,row_max,0.0222,0.3848101265822785,0.07545333006532537,0.8789872836385528,0.028512012361178014,5
dropout_success,tabpfn,amia,AMIA,row_max,0.0224,0.38722121760096445,0.07667378430575587,0.8789872836385528,0.028512012361178014,5
dropout_success,tabpfn,amia,AMIA,row_max,0.022600000000000002,0.38722121760096445,0.07667378430575587,0.8789872836385528,0.028512012361178014,5
dropout_success,tabpfn,amia,AMIA,row_max,0.0228,0.38722121760096445,0.07667378430575587,0.8789872836385528,0.028512012361178014,5
dropout_success,tabpfn,amia,AMIA,row_max,0.023,0.3907172995780591,0.07649445126436455,0.8789872836385528,0.028512012361178014,5
dropout_success,tabpfn,amia,AMIA,row_max,0.023200000000000002,0.3907172995780591,0.07649445126436455,0.8789872836385528,0.028512012361178014,5
dropout_success,tabpfn,amia,AMIA,row_max,0.0234,0.3907172995780591,0.07649445126436455,0.8789872836385528,0.028512012361178014,5
dropout_success,tabpfn,amia,AMIA,row_max,0.0236,0.3957805907172996,0.07631041177793572,0.8789872836385528,0.028512012361178014,5
dropout_success,tabpfn,amia,AMIA,row_max,0.0238,0.3957805907172996,0.07631041177793572,0.8789872836385528,0.028512012361178014,5
dropout_success,tabpfn,amia,AMIA,row_max,0.024,0.3957805907172996,0.07631041177793572,0.8789872836385528,0.028512012361178014,5
dropout_success,tabpfn,amia,AMIA,row_max,0.024200000000000003,0.4002411091018686,0.07666833459310232,0.8789872836385528,0.028512012361178014,5
dropout_success,tabpfn,amia,AMIA,row_max,0.0244,0.4002411091018686,0.07666833459310232,0.8789872836385528,0.028512012361178014,5
dropout_success,tabpfn,amia,AMIA,row_max,0.0246,0.4002411091018686,0.07666833459310232,0.8789872836385528,0.028512012361178014,5
dropout_success,tabpfn,amia,AMIA,row_max,0.024800000000000003,0.40385774562989757,0.07949176400247356,0.8789872836385528,0.028512012361178014,5
dropout_success,tabpfn,amia,AMIA,row_max,0.025,0.40385774562989757,0.07949176400247356,0.8789872836385528,0.028512012361178014,5
dropout_success,tabpfn,amia,AMIA,row_max,0.0252,0.40385774562989757,0.07949176400247356,0.8789872836385528,0.028512012361178014,5
dropout_success,tabpfn,amia,AMIA,row_max,0.025400000000000002,0.4088004822182037,0.07779785982461401,0.8789872836385528,0.028512012361178014,5
dropout_success,tabpfn,amia,AMIA,row_max,0.0256,0.4088004822182037,0.07779785982461401,0.8789872836385528,0.028512012361178014,5
dropout_success,tabpfn,amia,AMIA,row_max,0.0258,0.4088004822182037,0.07779785982461401,0.8789872836385528,0.028512012361178014,5
dropout_success,tabpfn,amia,AMIA,row_max,0.026000000000000002,0.4112115732368897,0.07767166087851142,0.8789872836385528,0.028512012361178014,5
dropout_success,tabpfn,amia,AMIA,row_max,0.0262,0.4112115732368897,0.07767166087851142,0.8789872836385528,0.028512012361178014,5
dropout_success,tabpfn,amia,AMIA,row_max,0.0264,0.4112115732368897,0.07767166087851142,0.8789872836385528,0.028512012361178014,5
dropout_success,tabpfn,amia,AMIA,row_max,0.026600000000000002,0.41543098251959015,0.07978876337188313,0.8789872836385528,0.028512012361178014,5
dropout_success,tabpfn,amia,AMIA,row_max,0.0268,0.41543098251959015,0.07978876337188313,0.8789872836385528,0.028512012361178014,5
dropout_success,tabpfn,amia,AMIA,row_max,0.027,0.41543098251959015,0.07978876337188313,0.8789872836385528,0.028512012361178014,5
dropout_success,tabpfn,amia,AMIA,row_max,0.027200000000000002,0.41772151898734167,0.08210884530291596,0.8789872836385528,0.028512012361178014,5
dropout_success,tabpfn,amia,AMIA,row_max,0.0274,0.41772151898734167,0.08210884530291596,0.8789872836385528,0.028512012361178014,5
dropout_success,tabpfn,amia,AMIA,row_max,0.027600000000000003,0.41772151898734167,0.08210884530291596,0.8789872836385528,0.028512012361178014,5
dropout_success,tabpfn,amia,AMIA,row_max,0.027800000000000002,0.4243520192887281,0.08046959835269944,0.8789872836385528,0.028512012361178014,5
dropout_success,tabpfn,amia,AMIA,row_max,0.028,0.4243520192887281,0.08046959835269944,0.8789872836385528,0.028512012361178014,5
dropout_success,tabpfn,amia,AMIA,row_max,0.028200000000000003,0.4243520192887281,0.08046959835269944,0.8789872836385528,0.028512012361178014,5
dropout_success,tabpfn,amia,AMIA,row_max,0.0284,0.4267631103074141,0.08008035114880305,0.8789872836385528,0.028512012361178014,5
dropout_success,tabpfn,amia,AMIA,row_max,0.0286,0.4267631103074141,0.08008035114880305,0.8789872836385528,0.028512012361178014,5
dropout_success,tabpfn,amia,AMIA,row_max,0.028800000000000003,0.4267631103074141,0.08008035114880305,0.8789872836385528,0.028512012361178014,5
dropout_success,tabpfn,amia,AMIA,row_max,0.029,0.42736588306208556,0.07984634704078108,0.8789872836385528,0.028512012361178014,5
dropout_success,tabpfn,amia,AMIA,row_max,0.0292,0.42736588306208556,0.07984634704078108,0.8789872836385528,0.028512012361178014,5
dropout_success,tabpfn,amia,AMIA,row_max,0.029400000000000003,0.42736588306208556,0.07984634704078108,0.8789872836385528,0.028512012361178014,5
dropout_success,tabpfn,amia,AMIA,row_max,0.0296,0.42857142857142855,0.07932819229107704,0.8789872836385528,0.028512012361178014,5
dropout_success,tabpfn,amia,AMIA,row_max,0.0298,0.42857142857142855,0.07932819229107704,0.8789872836385528,0.028512012361178014,5
dropout_success,tabpfn,amia,AMIA,row_max,0.030000000000000002,0.42857142857142855,0.07932819229107704,0.8789872836385528,0.028512012361178014,5
dropout_success,tabpfn,amia,AMIA,row_max,0.0302,0.4319469559975889,0.07999364501854771,0.8789872836385528,0.028512012361178014,5
dropout_success,tabpfn,amia,AMIA,row_max,0.0304,0.4319469559975889,0.07999364501854771,0.8789872836385528,0.028512012361178014,5
dropout_success,tabpfn,amia,AMIA,row_max,0.030600000000000002,0.4319469559975889,0.07999364501854771,0.8789872836385528,0.028512012361178014,5
dropout_success,tabpfn,amia,AMIA,row_max,0.0308,0.4338758288125376,0.08060989824864889,0.8789872836385528,0.028512012361178014,5
dropout_success,tabpfn,amia,AMIA,row_max,0.031,0.4338758288125376,0.08060989824864889,0.8789872836385528,0.028512012361178014,5
dropout_success,tabpfn,amia,AMIA,row_max,0.031200000000000002,0.4338758288125376,0.08060989824864889,0.8789872836385528,0.028512012361178014,5
dropout_success,tabpfn,amia,AMIA,row_max,0.031400000000000004,0.4345991561181434,0.07989865981738153,0.8789872836385528,0.028512012361178014,5
dropout_success,tabpfn,amia,AMIA,row_max,0.0316,0.4345991561181434,0.07989865981738153,0.8789872836385528,0.028512012361178014,5
dropout_success,tabpfn,amia,AMIA,row_max,0.0318,0.4345991561181434,0.07989865981738153,0.8789872836385528,0.028512012361178014,5
dropout_success,tabpfn,amia,AMIA,row_max,0.032,0.43520192887281495,0.07981221153965247,0.8789872836385528,0.028512012361178014,5
dropout_success,tabpfn,amia,AMIA,row_max,0.0322,0.43520192887281495,0.07981221153965247,0.8789872836385528,0.028512012361178014,5
dropout_success,tabpfn,amia,AMIA,row_max,0.0324,0.43520192887281495,0.07981221153965247,0.8789872836385528,0.028512012361178014,5
dropout_success,tabpfn,amia,AMIA,row_max,0.032600000000000004,0.4383363471971067,0.07962237942858048,0.8789872836385528,0.028512012361178014,5
dropout_success,tabpfn,amia,AMIA,row_max,0.0328,0.4383363471971067,0.07962237942858048,0.8789872836385528,0.028512012361178014,5
dropout_success,tabpfn,amia,AMIA,row_max,0.033,0.4383363471971067,0.07962237942858048,0.8789872836385528,0.028512012361178014,5
dropout_success,tabpfn,amia,AMIA,row_max,0.0332,0.4446051838456902,0.08089470876311594,0.8789872836385528,0.028512012361178014,5
dropout_success,tabpfn,amia,AMIA,row_max,0.0334,0.4446051838456902,0.08089470876311594,0.8789872836385528,0.028512012361178014,5
dropout_success,tabpfn,amia,AMIA,row_max,0.033600000000000005,0.4446051838456902,0.08089470876311594,0.8789872836385528,0.028512012361178014,5
dropout_success,tabpfn,amia,AMIA,row_max,0.033800000000000004,0.4481012658227848,0.08337961844104784,0.8789872836385528,0.028512012361178014,5
dropout_success,tabpfn,amia,AMIA,row_max,0.034,0.4481012658227848,0.08337961844104784,0.8789872836385528,0.028512012361178014,5
dropout_success,tabpfn,amia,AMIA,row_max,0.0342,0.4481012658227848,0.08337961844104784,0.8789872836385528,0.028512012361178014,5
dropout_success,tabpfn,amia,AMIA,row_max,0.0344,0.45027124773960214,0.08363023952289937,0.8789872836385528,0.028512012361178014,5
dropout_success,tabpfn,amia,AMIA,row_max,0.0346,0.45027124773960214,0.08363023952289937,0.8789872836385528,0.028512012361178014,5
dropout_success,tabpfn,amia,AMIA,row_max,0.034800000000000005,0.45027124773960214,0.08363023952289937,0.8789872836385528,0.028512012361178014,5
dropout_success,tabpfn,amia,AMIA,row_max,0.035,0.45388788426763105,0.08432573250886079,0.8789872836385528,0.028512012361178014,5
dropout_success,tabpfn,amia,AMIA,row_max,0.0352,0.45388788426763105,0.08432573250886079,0.8789872836385528,0.028512012361178014,5
dropout_success,tabpfn,amia,AMIA,row_max,0.0354,0.45388788426763105,0.08432573250886079,0.8789872836385528,0.028512012361178014,5
dropout_success,tabpfn,amia,AMIA,row_max,0.0356,0.4550934297769741,0.08463002460578044,0.8789872836385528,0.028512012361178014,5
dropout_success,tabpfn,amia,AMIA,row_max,0.0358,0.4550934297769741,0.08463002460578044,0.8789872836385528,0.028512012361178014,5
dropout_success,tabpfn,amia,AMIA,row_max,0.036000000000000004,0.4550934297769741,0.08463002460578044,0.8789872836385528,0.028512012361178014,5
dropout_success,tabpfn,amia,AMIA,row_max,0.0362,0.4569017480409886,0.08353677967174235,0.8789872836385528,0.028512012361178014,5
dropout_success,tabpfn,amia,AMIA,row_max,0.0364,0.4569017480409886,0.08353677967174235,0.8789872836385528,0.028512012361178014,5
dropout_success,tabpfn,amia,AMIA,row_max,0.0366,0.4569017480409886,0.08353677967174235,0.8789872836385528,0.028512012361178014,5
dropout_success,tabpfn,amia,AMIA,row_max,0.0368,0.45871006630500305,0.08431496004972706,0.8789872836385528,0.028512012361178014,5
dropout_success,tabpfn,amia,AMIA,row_max,0.037000000000000005,0.45871006630500305,0.08431496004972706,0.8789872836385528,0.028512012361178014,5
dropout_success,tabpfn,amia,AMIA,row_max,0.037200000000000004,0.45871006630500305,0.08431496004972706,0.8789872836385528,0.028512012361178014,5
dropout_success,tabpfn,amia,AMIA,row_max,0.0374,0.46015672091621457,0.08399719981703854,0.8789872836385528,0.028512012361178014,5
dropout_success,tabpfn,amia,AMIA,row_max,0.0376,0.46015672091621457,0.08399719981703854,0.8789872836385528,0.028512012361178014,5
dropout_success,tabpfn,amia,AMIA,row_max,0.0378,0.46015672091621457,0.08399719981703854,0.8789872836385528,0.028512012361178014,5
dropout_success,tabpfn,amia,AMIA,row_max,0.038,0.4620855937311633,0.08365803996375859,0.8789872836385528,0.028512012361178014,5
dropout_success,tabpfn,amia,AMIA,row_max,0.038200000000000005,0.4620855937311633,0.08365803996375859,0.8789872836385528,0.028512012361178014,5
dropout_success,tabpfn,amia,AMIA,row_max,0.038400000000000004,0.4620855937311633,0.08365803996375859,0.8789872836385528,0.028512012361178014,5
dropout_success,tabpfn,amia,AMIA,row_max,0.0386,0.4644966847498493,0.08246385113476747,0.8789872836385528,0.028512012361178014,5
dropout_success,tabpfn,amia,AMIA,row_max,0.0388,0.4644966847498493,0.08246385113476747,0.8789872836385528,0.028512012361178014,5
dropout_success,tabpfn,amia,AMIA,row_max,0.039,0.4644966847498493,0.08246385113476747,0.8789872836385528,0.028512012361178014,5
dropout_success,tabpfn,amia,AMIA,row_max,0.0392,0.4659433393610609,0.0827842053327203,0.8789872836385528,0.028512012361178014,5
dropout_success,tabpfn,amia,AMIA,row_max,0.039400000000000004,0.4659433393610609,0.0827842053327203,0.8789872836385528,0.028512012361178014,5
dropout_success,tabpfn,amia,AMIA,row_max,0.0396,0.4659433393610609,0.0827842053327203,0.8789872836385528,0.028512012361178014,5
dropout_success,tabpfn,amia,AMIA,row_max,0.0398,0.46859553948161536,0.08217917333351685,0.8789872836385528,0.028512012361178014,5
dropout_success,tabpfn,amia,AMIA,row_max,0.04,0.46859553948161536,0.08217917333351685,0.8789872836385528,0.028512012361178014,5
dropout_success,tabpfn,amia,AMIA,row_max,0.0402,0.46859553948161536,0.08217917333351685,0.8789872836385528,0.028512012361178014,5
dropout_success,tabpfn,amia,AMIA,row_max,0.040400000000000005,0.4717299578059072,0.08128005613186128,0.8789872836385528,0.028512012361178014,5
dropout_success,tabpfn,amia,AMIA,row_max,0.040600000000000004,0.4717299578059072,0.08128005613186128,0.8789872836385528,0.028512012361178014,5
dropout_success,tabpfn,amia,AMIA,row_max,0.0408,0.4717299578059072,0.08128005613186128,0.8789872836385528,0.028512012361178014,5
dropout_success,tabpfn,amia,AMIA,row_max,0.041,0.4719710669077758,0.08122572550891624,0.8789872836385528,0.028512012361178014,5
dropout_success,tabpfn,amia,AMIA,row_max,0.0412,0.4719710669077758,0.08122572550891624,0.8789872836385528,0.028512012361178014,5
dropout_success,tabpfn,amia,AMIA,row_max,0.0414,0.4719710669077758,0.08122572550891624,0.8789872836385528,0.028512012361178014,5
dropout_success,tabpfn,amia,AMIA,row_max,0.041600000000000005,0.4743821579264617,0.08113845216475732,0.8789872836385528,0.028512012361178014,5
dropout_success,tabpfn,amia,AMIA,row_max,0.041800000000000004,0.4743821579264617,0.08113845216475732,0.8789872836385528,0.028512012361178014,5
dropout_success,tabpfn,amia,AMIA,row_max,0.042,0.4743821579264617,0.08113845216475732,0.8789872836385528,0.028512012361178014,5
dropout_success,tabpfn,amia,AMIA,row_max,0.0422,0.47619047619047616,0.08026276289235518,0.8789872836385528,0.028512012361178014,5
dropout_success,tabpfn,amia,AMIA,row_max,0.0424,0.47619047619047616,0.08026276289235518,0.8789872836385528,0.028512012361178014,5
dropout_success,tabpfn,amia,AMIA,row_max,0.0426,0.47619047619047616,0.08026276289235518,0.8789872836385528,0.028512012361178014,5
dropout_success,tabpfn,amia,AMIA,row_max,0.042800000000000005,0.4767932489451477,0.07980993532046284,0.8789872836385528,0.028512012361178014,5
dropout_success,tabpfn,amia,AMIA,row_max,0.043000000000000003,0.4767932489451477,0.07980993532046284,0.8789872836385528,0.028512012361178014,5
dropout_success,tabpfn,amia,AMIA,row_max,0.0432,0.4767932489451477,0.07980993532046284,0.8789872836385528,0.028512012361178014,5
dropout_success,tabpfn,amia,AMIA,row_max,0.0434,0.478963230861965,0.08182692873235618,0.8789872836385528,0.028512012361178014,5
dropout_success,tabpfn,amia,AMIA,row_max,0.0436,0.478963230861965,0.08182692873235618,0.8789872836385528,0.028512012361178014,5
dropout_success,tabpfn,amia,AMIA,row_max,0.0438,0.478963230861965,0.08182692873235618,0.8789872836385528,0.028512012361178014,5
dropout_success,tabpfn,amia,AMIA,row_max,0.044000000000000004,0.478963230861965,0.08182692873235618,0.8789872836385528,0.028512012361178014,5
dropout_success,tabpfn,amia,AMIA,row_max,0.0442,0.48004822182037366,0.0813292130458764,0.8789872836385528,0.028512012361178014,5
dropout_success,tabpfn,amia,AMIA,row_max,0.0444,0.48004822182037366,0.0813292130458764,0.8789872836385528,0.028512012361178014,5
dropout_success,tabpfn,amia,AMIA,row_max,0.0446,0.48004822182037366,0.0813292130458764,0.8789872836385528,0.028512012361178014,5
dropout_success,tabpfn,amia,AMIA,row_max,0.0448,0.4831826401446654,0.07985044232028801,0.8789872836385528,0.028512012361178014,5
dropout_success,tabpfn,amia,AMIA,row_max,0.045000000000000005,0.4831826401446654,0.07985044232028801,0.8789872836385528,0.028512012361178014,5
dropout_success,tabpfn,amia,AMIA,row_max,0.045200000000000004,0.4831826401446654,0.07985044232028801,0.8789872836385528,0.028512012361178014,5
dropout_success,tabpfn,amia,AMIA,row_max,0.0454,0.48571428571428565,0.07794832968312233,0.8789872836385528,0.028512012361178014,5
dropout_success,tabpfn,amia,AMIA,row_max,0.0456,0.48571428571428565,0.07794832968312233,0.8789872836385528,0.028512012361178014,5
dropout_success,tabpfn,amia,AMIA,row_max,0.0458,0.48571428571428565,0.07794832968312233,0.8789872836385528,0.028512012361178014,5
dropout_success,tabpfn,amia,AMIA,row_max,0.046,0.4871609403254973,0.077562825028592,0.8789872836385528,0.028512012361178014,5
dropout_success,tabpfn,amia,AMIA,row_max,0.046200000000000005,0.4871609403254973,0.077562825028592,0.8789872836385528,0.028512012361178014,5
dropout_success,tabpfn,amia,AMIA,row_max,0.046400000000000004,0.4871609403254973,0.077562825028592,0.8789872836385528,0.028512012361178014,5
dropout_success,tabpfn,amia,AMIA,row_max,0.0466,0.4907775768535262,0.07749604363510058,0.8789872836385528,0.028512012361178014,5
dropout_success,tabpfn,amia,AMIA,row_max,0.0468,0.4907775768535262,0.07749604363510058,0.8789872836385528,0.028512012361178014,5
dropout_success,tabpfn,amia,AMIA,row_max,0.047,0.4907775768535262,0.07749604363510058,0.8789872836385528,0.028512012361178014,5
dropout_success,tabpfn,amia,AMIA,row_max,0.0472,0.4934297769740808,0.07609704635381928,0.8789872836385528,0.028512012361178014,5
dropout_success,tabpfn,amia,AMIA,row_max,0.047400000000000005,0.4934297769740808,0.07609704635381928,0.8789872836385528,0.028512012361178014,5
dropout_success,tabpfn,amia,AMIA,row_max,0.0476,0.4934297769740808,0.07609704635381928,0.8789872836385528,0.028512012361178014,5
dropout_success,tabpfn,amia,AMIA,row_max,0.0478,0.4957203134418324,0.07618771025263027,0.8789872836385528,0.028512012361178014,5
dropout_success,tabpfn,amia,AMIA,row_max,0.048,0.4957203134418324,0.07618771025263027,0.8789872836385528,0.028512012361178014,5
dropout_success,tabpfn,amia,AMIA,row_max,0.0482,0.4957203134418324,0.07618771025263027,0.8789872836385528,0.028512012361178014,5
dropout_success,tabpfn,amia,AMIA,row_max,0.048400000000000006,0.49837251356238693,0.07577383391459361,0.8789872836385528,0.028512012361178014,5
dropout_success,tabpfn,amia,AMIA,row_max,0.048600000000000004,0.49837251356238693,0.07577383391459361,0.8789872836385528,0.028512012361178014,5
dropout_success,tabpfn,amia,AMIA,row_max,0.0488,0.49837251356238693,0.07577383391459361,0.8789872836385528,0.028512012361178014,5
dropout_success,tabpfn,amia,AMIA,row_max,0.049,0.5000602772754672,0.07521217666421777,0.8789872836385528,0.028512012361178014,5
dropout_success,tabpfn,amia,AMIA,row_max,0.0492,0.5000602772754672,0.07521217666421777,0.8789872836385528,0.028512012361178014,5
dropout_success,tabpfn,amia,AMIA,row_max,0.0494,0.5000602772754672,0.07521217666421777,0.8789872836385528,0.028512012361178014,5
dropout_success,tabpfn,amia,AMIA,row_max,0.049600000000000005,0.5018685955394816,0.07644955227373086,0.8789872836385528,0.028512012361178014,5
dropout_success,tabpfn,amia,AMIA,row_max,0.049800000000000004,0.5018685955394816,0.07644955227373086,0.8789872836385528,0.028512012361178014,5
dropout_success,tabpfn,amia,AMIA,row_max,0.05,0.5018685955394816,0.07644955227373086,0.8789872836385528,0.028512012361178014,5
dropout_success,tabpfn,amia,AMIA,row_max,0.0502,0.5030741410488245,0.07652793018008822,0.8789872836385528,0.028512012361178014,5
dropout_success,tabpfn,amia,AMIA,row_max,0.0504,0.5030741410488245,0.07652793018008822,0.8789872836385528,0.028512012361178014,5
dropout_success,tabpfn,amia,AMIA,row_max,0.0506,0.5030741410488245,0.07652793018008822,0.8789872836385528,0.028512012361178014,5
dropout_success,tabpfn,amia,AMIA,row_max,0.050800000000000005,0.5034358047016274,0.07605382370655668,0.8789872836385528,0.028512012361178014,5
dropout_success,tabpfn,amia,AMIA,row_max,0.051000000000000004,0.5034358047016274,0.07605382370655668,0.8789872836385528,0.028512012361178014,5
dropout_success,tabpfn,amia,AMIA,row_max,0.0512,0.5034358047016274,0.07605382370655668,0.8789872836385528,0.028512012361178014,5
dropout_success,tabpfn,amia,AMIA,row_max,0.0514,0.5057263411693792,0.07745453989085217,0.8789872836385528,0.028512012361178014,5
dropout_success,tabpfn,amia,AMIA,row_max,0.0516,0.5057263411693792,0.07745453989085217,0.8789872836385528,0.028512012361178014,5
dropout_success,tabpfn,amia,AMIA,row_max,0.051800000000000006,0.5057263411693792,0.07745453989085217,0.8789872836385528,0.028512012361178014,5
dropout_success,tabpfn,amia,AMIA,row_max,0.052000000000000005,0.5063291139240507,0.07752838707213956,0.8789872836385528,0.028512012361178014,5
dropout_success,tabpfn,amia,AMIA,row_max,0.0522,0.5063291139240507,0.07752838707213956,0.8789872836385528,0.028512012361178014,5
dropout_success,tabpfn,amia,AMIA,row_max,0.0524,0.5063291139240507,0.07752838707213956,0.8789872836385528,0.028512012361178014,5
dropout_success,tabpfn,amia,AMIA,row_max,0.0526,0.509342977697408,0.07774717116349246,0.8789872836385528,0.028512012361178014,5
dropout_success,tabpfn,amia,AMIA,row_max,0.0528,0.509342977697408,0.07774717116349246,0.8789872836385528,0.028512012361178014,5
dropout_success,tabpfn,amia,AMIA,row_max,0.053000000000000005,0.509342977697408,0.07774717116349246,0.8789872836385528,0.028512012361178014,5
dropout_success,tabpfn,amia,AMIA,row_max,0.053200000000000004,0.5116335141651597,0.077643588812607,0.8789872836385528,0.028512012361178014,5
dropout_success,tabpfn,amia,AMIA,row_max,0.0534,0.5116335141651597,0.077643588812607,0.8789872836385528,0.028512012361178014,5
dropout_success,tabpfn,amia,AMIA,row_max,0.0536,0.5116335141651597,0.077643588812607,0.8789872836385528,0.028512012361178014,5
dropout_success,tabpfn,amia,AMIA,row_max,0.0538,0.5135623869801085,0.07835466200106075,0.8789872836385528,0.028512012361178014,5
dropout_success,tabpfn,amia,AMIA,row_max,0.054,0.5135623869801085,0.07835466200106075,0.8789872836385528,0.028512012361178014,5
dropout_success,tabpfn,amia,AMIA,row_max,0.054200000000000005,0.5135623869801085,0.07835466200106075,0.8789872836385528,0.028512012361178014,5
dropout_success,tabpfn,amia,AMIA,row_max,0.054400000000000004,0.5147679324894515,0.0780014495906761,0.8789872836385528,0.028512012361178014,5
dropout_success,tabpfn,amia,AMIA,row_max,0.0546,0.5147679324894515,0.0780014495906761,0.8789872836385528,0.028512012361178014,5
dropout_success,tabpfn,amia,AMIA,row_max,0.0548,0.5147679324894515,0.0780014495906761,0.8789872836385528,0.028512012361178014,5
dropout_success,tabpfn,amia,AMIA,row_max,0.055,0.5169379144062689,0.07807896767721426,0.8789872836385528,0.028512012361178014,5
dropout_success,tabpfn,amia,AMIA,row_max,0.055200000000000006,0.5169379144062689,0.07807896767721426,0.8789872836385528,0.028512012361178014,5
dropout_success,tabpfn,amia,AMIA,row_max,0.055400000000000005,0.5169379144062689,0.07807896767721426,0.8789872836385528,0.028512012361178014,5
dropout_success,tabpfn,amia,AMIA,row_max,0.055600000000000004,0.5189873417721519,0.07987933082573101,0.8789872836385528,0.028512012361178014,5
dropout_success,tabpfn,amia,AMIA,row_max,0.0558,0.5189873417721519,0.07987933082573101,0.8789872836385528,0.028512012361178014,5
dropout_success,tabpfn,amia,AMIA,row_max,0.056,0.5189873417721519,0.07987933082573101,0.8789872836385528,0.028512012361178014,5
dropout_success,tabpfn,amia,AMIA,row_max,0.0562,0.5224834237492466,0.07899244383218514,0.8789872836385528,0.028512012361178014,5
dropout_success,tabpfn,amia,AMIA,row_max,0.056400000000000006,0.5224834237492466,0.07899244383218514,0.8789872836385528,0.028512012361178014,5
dropout_success,tabpfn,amia,AMIA,row_max,0.056600000000000004,0.5224834237492466,0.07899244383218514,0.8789872836385528,0.028512012361178014,5
dropout_success,tabpfn,amia,AMIA,row_max,0.0568,0.5253767329716698,0.08124652300186089,0.8789872836385528,0.028512012361178014,5
dropout_success,tabpfn,amia,AMIA,row_max,0.057,0.5253767329716698,0.08124652300186089,0.8789872836385528,0.028512012361178014,5
dropout_success,tabpfn,amia,AMIA,row_max,0.0572,0.5253767329716698,0.08124652300186089,0.8789872836385528,0.028512012361178014,5
dropout_success,tabpfn,amia,AMIA,row_max,0.0574,0.5264617239300784,0.08186577201835422,0.8789872836385528,0.028512012361178014,5
dropout_success,tabpfn,amia,AMIA,row_max,0.057600000000000005,0.5264617239300784,0.08186577201835422,0.8789872836385528,0.028512012361178014,5
dropout_success,tabpfn,amia,AMIA,row_max,0.057800000000000004,0.5264617239300784,0.08186577201835422,0.8789872836385528,0.028512012361178014,5
dropout_success,tabpfn,amia,AMIA,row_max,0.058,0.5276672694394213,0.08179139872792075,0.8789872836385528,0.028512012361178014,5
dropout_success,tabpfn,amia,AMIA,row_max,0.0582,0.5276672694394213,0.08179139872792075,0.8789872836385528,0.028512012361178014,5
dropout_success,tabpfn,amia,AMIA,row_max,0.0584,0.5276672694394213,0.08179139872792075,0.8789872836385528,0.028512012361178014,5
dropout_success,tabpfn,amia,AMIA,row_max,0.058600000000000006,0.5295961422543701,0.0817225153862919,0.8789872836385528,0.028512012361178014,5
dropout_success,tabpfn,amia,AMIA,row_max,0.058800000000000005,0.5295961422543701,0.0817225153862919,0.8789872836385528,0.028512012361178014,5
dropout_success,tabpfn,amia,AMIA,row_max,0.059000000000000004,0.5295961422543701,0.0817225153862919,0.8789872836385528,0.028512012361178014,5
dropout_success,tabpfn,amia,AMIA,row_max,0.0592,0.5301989150090416,0.08227969538104123,0.8789872836385528,0.028512012361178014,5
dropout_success,tabpfn,amia,AMIA,row_max,0.0594,0.5301989150090416,0.08227969538104123,0.8789872836385528,0.028512012361178014,5
dropout_success,tabpfn,amia,AMIA,row_max,0.0596,0.5301989150090416,0.08227969538104123,0.8789872836385528,0.028512012361178014,5
dropout_success,tabpfn,amia,AMIA,row_max,0.059800000000000006,0.5315250150693188,0.08378801475572094,0.8789872836385528,0.028512012361178014,5
dropout_success,tabpfn,amia,AMIA,row_max,0.060000000000000005,0.5315250150693188,0.08378801475572094,0.8789872836385528,0.028512012361178014,5
dropout_success,tabpfn,amia,AMIA,row_max,0.060200000000000004,0.5315250150693188,0.08378801475572094,0.8789872836385528,0.028512012361178014,5
dropout_success,tabpfn,amia,AMIA,row_max,0.0604,0.5324894514767932,0.08332295038905305,0.8789872836385528,0.028512012361178014,5
dropout_success,tabpfn,amia,AMIA,row_max,0.0606,0.5324894514767932,0.08332295038905305,0.8789872836385528,0.028512012361178014,5
dropout_success,tabpfn,amia,AMIA,row_max,0.0608,0.5324894514767932,0.08332295038905305,0.8789872836385528,0.028512012361178014,5
dropout_success,tabpfn,amia,AMIA,row_max,0.061000000000000006,0.5336949969861362,0.08366238294816482,0.8789872836385528,0.028512012361178014,5
dropout_success,tabpfn,amia,AMIA,row_max,0.061200000000000004,0.5336949969861362,0.08366238294816482,0.8789872836385528,0.028512012361178014,5
dropout_success,tabpfn,amia,AMIA,row_max,0.0614,0.5336949969861362,0.08366238294816482,0.8789872836385528,0.028512012361178014,5
dropout_success,tabpfn,amia,AMIA,row_max,0.0616,0.5352622061482821,0.08436127186424598,0.8789872836385528,0.028512012361178014,5
dropout_success,tabpfn,amia,AMIA,row_max,0.0618,0.5352622061482821,0.08436127186424598,0.8789872836385528,0.028512012361178014,5
dropout_success,tabpfn,amia,AMIA,row_max,0.062,0.5352622061482821,0.08436127186424598,0.8789872836385528,0.028512012361178014,5
dropout_success,tabpfn,amia,AMIA,row_max,0.062200000000000005,0.5377938517179024,0.0860123139017504,0.8789872836385528,0.028512012361178014,5
dropout_success,tabpfn,amia,AMIA,row_max,0.062400000000000004,0.5377938517179024,0.0860123139017504,0.8789872836385528,0.028512012361178014,5
dropout_success,tabpfn,amia,AMIA,row_max,0.0626,0.5377938517179024,0.0860123139017504,0.8789872836385528,0.028512012361178014,5
dropout_success,tabpfn,amia,AMIA,row_max,0.06280000000000001,0.5391199517781795,0.0850770557287631,0.8789872836385528,0.028512012361178014,5
dropout_success,tabpfn,amia,AMIA,row_max,0.063,0.5391199517781795,0.0850770557287631,0.8789872836385528,0.028512012361178014,5
dropout_success,tabpfn,amia,AMIA,row_max,0.0632,0.5391199517781795,0.0850770557287631,0.8789872836385528,0.028512012361178014,5
dropout_success,tabpfn,amia,AMIA,row_max,0.0634,0.542133815551537,0.0857428088210691,0.8789872836385528,0.028512012361178014,5
dropout_success,tabpfn,amia,AMIA,row_max,0.0636,0.542133815551537,0.0857428088210691,0.8789872836385528,0.028512012361178014,5
dropout_success,tabpfn,amia,AMIA,row_max,0.06380000000000001,0.542133815551537,0.0857428088210691,0.8789872836385528,0.028512012361178014,5
dropout_success,tabpfn,amia,AMIA,row_max,0.064,0.5438215792646173,0.0867274584005348,0.8789872836385528,0.028512012361178014,5
dropout_success,tabpfn,amia,AMIA,row_max,0.06420000000000001,0.5438215792646173,0.0867274584005348,0.8789872836385528,0.028512012361178014,5
dropout_success,tabpfn,amia,AMIA,row_max,0.0644,0.5438215792646173,0.0867274584005348,0.8789872836385528,0.028512012361178014,5
dropout_success,tabpfn,amia,AMIA,row_max,0.0646,0.5452682338758288,0.08702356161255942,0.8789872836385528,0.028512012361178014,5
dropout_success,tabpfn,amia,AMIA,row_max,0.0648,0.5452682338758288,0.08702356161255942,0.8789872836385528,0.028512012361178014,5
dropout_success,tabpfn,amia,AMIA,row_max,0.065,0.5452682338758288,0.08702356161255942,0.8789872836385528,0.028512012361178014,5
dropout_success,tabpfn,amia,AMIA,row_max,0.06520000000000001,0.5476793248945148,0.0855253613126805,0.8789872836385528,0.028512012361178014,5
dropout_success,tabpfn,amia,AMIA,row_max,0.0654,0.5476793248945148,0.0855253613126805,0.8789872836385528,0.028512012361178014,5
dropout_success,tabpfn,amia,AMIA,row_max,0.0656,0.5476793248945148,0.0855253613126805,0.8789872836385528,0.028512012361178014,5
dropout_success,tabpfn,amia,AMIA,row_max,0.0658,0.5482820976491863,0.08586455046565158,0.8789872836385528,0.028512012361178014,5
dropout_success,tabpfn,amia,AMIA,row_max,0.066,0.5482820976491863,0.08586455046565158,0.8789872836385528,0.028512012361178014,5
dropout_success,tabpfn,amia,AMIA,row_max,0.06620000000000001,0.5482820976491863,0.08586455046565158,0.8789872836385528,0.028512012361178014,5
dropout_success,tabpfn,amia,AMIA,row_max,0.0664,0.549367088607595,0.08613283096983258,0.8789872836385528,0.028512012361178014,5
dropout_success,tabpfn,amia,AMIA,row_max,0.0666,0.549367088607595,0.08613283096983258,0.8789872836385528,0.028512012361178014,5
dropout_success,tabpfn,amia,AMIA,row_max,0.0668,0.549367088607595,0.08613283096983258,0.8789872836385528,0.028512012361178014,5
dropout_success,tabpfn,amia,AMIA,row_max,0.067,0.551416515973478,0.08476129521423079,0.8789872836385528,0.028512012361178014,5
dropout_success,tabpfn,amia,AMIA,row_max,0.06720000000000001,0.551416515973478,0.08476129521423079,0.8789872836385528,0.028512012361178014,5
dropout_success,tabpfn,amia,AMIA,row_max,0.0674,0.551416515973478,0.08476129521423079,0.8789872836385528,0.028512012361178014,5
dropout_success,tabpfn,amia,AMIA,row_max,0.06760000000000001,0.5547920433996383,0.08416033132737451,0.8789872836385528,0.028512012361178014,5
dropout_success,tabpfn,amia,AMIA,row_max,0.0678,0.5547920433996383,0.08416033132737451,0.8789872836385528,0.028512012361178014,5
dropout_success,tabpfn,amia,AMIA,row_max,0.068,0.5547920433996383,0.08416033132737451,0.8789872836385528,0.028512012361178014,5
dropout_success,tabpfn,amia,AMIA,row_max,0.0682,0.5564798071127186,0.08329765528277981,0.8789872836385528,0.028512012361178014,5
dropout_success,tabpfn,amia,AMIA,row_max,0.0684,0.5564798071127186,0.08329765528277981,0.8789872836385528,0.028512012361178014,5
dropout_success,tabpfn,amia,AMIA,row_max,0.06860000000000001,0.5564798071127186,0.08329765528277981,0.8789872836385528,0.028512012361178014,5
dropout_success,tabpfn,amia,AMIA,row_max,0.0688,0.55708257986739,0.08287566423148825,0.8789872836385528,0.028512012361178014,5
dropout_success,tabpfn,amia,AMIA,row_max,0.069,0.55708257986739,0.08287566423148825,0.8789872836385528,0.028512012361178014,5
dropout_success,tabpfn,amia,AMIA,row_max,0.0692,0.55708257986739,0.08287566423148825,0.8789872836385528,0.028512012361178014,5
dropout_success,tabpfn,amia,AMIA,row_max,0.0694,0.5579264617239301,0.08280351442128052,0.8789872836385528,0.028512012361178014,5
dropout_success,tabpfn,amia,AMIA,row_max,0.06960000000000001,0.5579264617239301,0.08280351442128052,0.8789872836385528,0.028512012361178014,5
dropout_success,tabpfn,amia,AMIA,row_max,0.0698,0.5579264617239301,0.08280351442128052,0.8789872836385528,0.028512012361178014,5
dropout_success,tabpfn,amia,AMIA,row_max,0.07,0.5588908981314045,0.08250657817929616,0.8789872836385528,0.028512012361178014,5
dropout_success,tabpfn,amia,AMIA,row_max,0.0702,0.5588908981314045,0.08250657817929616,0.8789872836385528,0.028512012361178014,5
dropout_success,tabpfn,amia,AMIA,row_max,0.0704,0.5588908981314045,0.08250657817929616,0.8789872836385528,0.028512012361178014,5
dropout_success,tabpfn,amia,AMIA,row_max,0.07060000000000001,0.5598553345388788,0.08240082137427478,0.8789872836385528,0.028512012361178014,5
dropout_success,tabpfn,amia,AMIA,row_max,0.0708,0.5598553345388788,0.08240082137427478,0.8789872836385528,0.028512012361178014,5
dropout_success,tabpfn,amia,AMIA,row_max,0.07100000000000001,0.5598553345388788,0.08240082137427478,0.8789872836385528,0.028512012361178014,5
dropout_success,tabpfn,amia,AMIA,row_max,0.0712,0.5640747438215793,0.07818685271355147,0.8789872836385528,0.028512012361178014,5
dropout_success,tabpfn,amia,AMIA,row_max,0.0714,0.5640747438215793,0.07818685271355147,0.8789872836385528,0.028512012361178014,5
dropout_success,tabpfn,amia,AMIA,row_max,0.0716,0.5640747438215793,0.07818685271355147,0.8789872836385528,0.028512012361178014,5
dropout_success,tabpfn,amia,AMIA,row_max,0.0718,0.5647980711271849,0.07803172107012538,0.8789872836385528,0.028512012361178014,5
dropout_success,tabpfn,amia,AMIA,row_max,0.07200000000000001,0.5647980711271849,0.07803172107012538,0.8789872836385528,0.028512012361178014,5
dropout_success,tabpfn,amia,AMIA,row_max,0.0722,0.5647980711271849,0.07803172107012538,0.8789872836385528,0.028512012361178014,5
dropout_success,tabpfn,amia,AMIA,row_max,0.0724,0.5666063893911996,0.07722904628636353,0.8789872836385528,0.028512012361178014,5
dropout_success,tabpfn,amia,AMIA,row_max,0.0726,0.5666063893911996,0.07722904628636353,0.8789872836385528,0.028512012361178014,5
dropout_success,tabpfn,amia,AMIA,row_max,0.0728,0.5666063893911996,0.07722904628636353,0.8789872836385528,0.028512012361178014,5
dropout_success,tabpfn,amia,AMIA,row_max,0.07300000000000001,0.5699819168173599,0.07755603235683238,0.8789872836385528,0.028512012361178014,5
dropout_success,tabpfn,amia,AMIA,row_max,0.0732,0.5699819168173599,0.07755603235683238,0.8789872836385528,0.028512012361178014,5
dropout_success,tabpfn,amia,AMIA,row_max,0.0734,0.5699819168173599,0.07755603235683238,0.8789872836385528,0.028512012361178014,5
dropout_success,tabpfn,amia,AMIA,row_max,0.0736,0.5703435804701626,0.07767049141166542,0.8789872836385528,0.028512012361178014,5
dropout_success,tabpfn,amia,AMIA,row_max,0.0738,0.5703435804701626,0.07767049141166542,0.8789872836385528,0.028512012361178014,5
dropout_success,tabpfn,amia,AMIA,row_max,0.07400000000000001,0.5703435804701626,0.07767049141166542,0.8789872836385528,0.028512012361178014,5
dropout_success,tabpfn,amia,AMIA,row_max,0.0742,0.5715491259795057,0.07712005692483331,0.8789872836385528,0.028512012361178014,5
dropout_success,tabpfn,amia,AMIA,row_max,0.07440000000000001,0.5715491259795057,0.07712005692483331,0.8789872836385528,0.028512012361178014,5
dropout_success,tabpfn,amia,AMIA,row_max,0.0746,0.5715491259795057,0.07712005692483331,0.8789872836385528,0.028512012361178014,5
dropout_success,tabpfn,amia,AMIA,row_max,0.0748,0.5729957805907173,0.07675074974919295,0.8789872836385528,0.028512012361178014,5
dropout_success,tabpfn,amia,AMIA,row_max,0.075,0.5729957805907173,0.07675074974919295,0.8789872836385528,0.028512012361178014,5
dropout_success,tabpfn,amia,AMIA,row_max,0.0752,0.5729957805907173,0.07675074974919295,0.8789872836385528,0.028512012361178014,5
dropout_success,tabpfn,amia,AMIA,row_max,0.07540000000000001,0.5734779987944545,0.07644004646047002,0.8789872836385528,0.028512012361178014,5
dropout_success,tabpfn,amia,AMIA,row_max,0.0756,0.5734779987944545,0.07644004646047002,0.8789872836385528,0.028512012361178014,5
dropout_success,tabpfn,amia,AMIA,row_max,0.0758,0.5734779987944545,0.07644004646047002,0.8789872836385528,0.028512012361178014,5
dropout_success,tabpfn,amia,AMIA,row_max,0.076,0.5739602169981917,0.07621965548633315,0.8789872836385528,0.028512012361178014,5
dropout_success,tabpfn,amia,AMIA,row_max,0.0762,0.5739602169981917,0.07621965548633315,0.8789872836385528,0.028512012361178014,5
dropout_success,tabpfn,amia,AMIA,row_max,0.07640000000000001,0.5739602169981917,0.07621965548633315,0.8789872836385528,0.028512012361178014,5
dropout_success,tabpfn,amia,AMIA,row_max,0.0766,0.5745629897528632,0.07603471194420225,0.8789872836385528,0.028512012361178014,5
dropout_success,tabpfn,amia,AMIA,row_max,0.07680000000000001,0.5745629897528632,0.07603471194420225,0.8789872836385528,0.028512012361178014,5
dropout_success,tabpfn,amia,AMIA,row_max,0.077,0.5745629897528632,0.07603471194420225,0.8789872836385528,0.028512012361178014,5
dropout_success,tabpfn,amia,AMIA,row_max,0.0772,0.5758890898131405,0.07541961500852475,0.8789872836385528,0.028512012361178014,5
dropout_success,tabpfn,amia,AMIA,row_max,0.07740000000000001,0.5758890898131405,0.07541961500852475,0.8789872836385528,0.028512012361178014,5
dropout_success,tabpfn,amia,AMIA,row_max,0.0776,0.5758890898131405,0.07541961500852475,0.8789872836385528,0.028512012361178014,5
dropout_success,tabpfn,amia,AMIA,row_max,0.07780000000000001,0.5762507534659433,0.07561375180502335,0.8789872836385528,0.028512012361178014,5
dropout_success,tabpfn,amia,AMIA,row_max,0.078,0.5762507534659433,0.07561375180502335,0.8789872836385528,0.028512012361178014,5
dropout_success,tabpfn,amia,AMIA,row_max,0.0782,0.5762507534659433,0.07561375180502335,0.8789872836385528,0.028512012361178014,5
dropout_success,tabpfn,amia,AMIA,row_max,0.0784,0.5768535262206148,0.07607484109962516,0.8789872836385528,0.028512012361178014,5
dropout_success,tabpfn,amia,AMIA,row_max,0.0786,0.5768535262206148,0.07607484109962516,0.8789872836385528,0.028512012361178014,5
dropout_success,tabpfn,amia,AMIA,row_max,0.07880000000000001,0.5768535262206148,0.07607484109962516,0.8789872836385528,0.028512012361178014,5
dropout_success,tabpfn,amia,AMIA,row_max,0.079,0.5781796262808921,0.07591036820330638,0.8789872836385528,0.028512012361178014,5
dropout_success,tabpfn,amia,AMIA,row_max,0.0792,0.5781796262808921,0.07591036820330638,0.8789872836385528,0.028512012361178014,5
dropout_success,tabpfn,amia,AMIA,row_max,0.0794,0.5781796262808921,0.07591036820330638,0.8789872836385528,0.028512012361178014,5
dropout_success,tabpfn,amia,AMIA,row_max,0.0796,0.5795057263411694,0.07557001234051097,0.8789872836385528,0.028512012361178014,5
dropout_success,tabpfn,amia,AMIA,row_max,0.07980000000000001,0.5795057263411694,0.07557001234051097,0.8789872836385528,0.028512012361178014,5
dropout_success,tabpfn,amia,AMIA,row_max,0.08,0.5795057263411694,0.07557001234051097,0.8789872836385528,0.028512012361178014,5
dropout_success,tabpfn,amia,AMIA,row_max,0.08020000000000001,0.5819168173598552,0.07536419324305993,0.8789872836385528,0.028512012361178014,5
dropout_success,tabpfn,amia,AMIA,row_max,0.0804,0.5819168173598552,0.07536419324305993,0.8789872836385528,0.028512012361178014,5
dropout_success,tabpfn,amia,AMIA,row_max,0.0806,0.5819168173598552,0.07536419324305993,0.8789872836385528,0.028512012361178014,5
dropout_success,tabpfn,amia,AMIA,row_max,0.08080000000000001,0.5844484629294755,0.07473482805757957,0.8789872836385528,0.028512012361178014,5
dropout_success,tabpfn,amia,AMIA,row_max,0.081,0.5844484629294755,0.07473482805757957,0.8789872836385528,0.028512012361178014,5
dropout_success,tabpfn,amia,AMIA,row_max,0.08120000000000001,0.5844484629294755,0.07473482805757957,0.8789872836385528,0.028512012361178014,5
dropout_success,tabpfn,amia,AMIA,row_max,0.0814,0.5863773357444243,0.07432386053513125,0.8789872836385528,0.028512012361178014,5
dropout_success,tabpfn,amia,AMIA,row_max,0.0816,0.5863773357444243,0.07432386053513125,0.8789872836385528,0.028512012361178014,5
dropout_success,tabpfn,amia,AMIA,row_max,0.0818,0.5863773357444243,0.07432386053513125,0.8789872836385528,0.028512012361178014,5
dropout_success,tabpfn,amia,AMIA,row_max,0.082,0.5869801084990958,0.07432386053513125,0.8789872836385528,0.028512012361178014,5
dropout_success,tabpfn,amia,AMIA,row_max,0.08220000000000001,0.5869801084990958,0.07432386053513125,0.8789872836385528,0.028512012361178014,5
dropout_success,tabpfn,amia,AMIA,row_max,0.0824,0.5869801084990958,0.07432386053513125,0.8789872836385528,0.028512012361178014,5
dropout_success,tabpfn,amia,AMIA,row_max,0.0826,0.5881896805304401,0.07480521444499653,0.8789872836385528,0.028512012361178014,5
dropout_success,tabpfn,amia,AMIA,row_max,0.0828,0.58822968053044,0.07479488328130252,0.8789872836385528,0.028512012361178014,5
dropout_success,tabpfn,amia,AMIA,row_max,0.083,0.58826968053044,0.07478465766429244,0.8789872836385528,0.028512012361178014,5
dropout_success,tabpfn,amia,AMIA,row_max,0.08320000000000001,0.5898734177215189,0.07281659539312335,0.8789872836385528,0.028512012361178014,5
dropout_success,tabpfn,amia,AMIA,row_max,0.0834,0.5898734177215189,0.07281659539312335,0.8789872836385528,0.028512012361178014,5
dropout_success,tabpfn,amia,AMIA,row_max,0.08360000000000001,0.5898734177215189,0.07281659539312335,0.8789872836385528,0.028512012361178014,5
dropout_success,tabpfn,amia,AMIA,row_max,0.0838,0.5905967450271248,0.07291980960883049,0.8789872836385528,0.028512012361178014,5
dropout_success,tabpfn,amia,AMIA,row_max,0.084,0.5905967450271248,0.07291980960883049,0.8789872836385528,0.028512012361178014,5
dropout_success,tabpfn,amia,AMIA,row_max,0.08420000000000001,0.5905967450271248,0.07291980960883049,0.8789872836385528,0.028512012361178014,5
dropout_success,tabpfn,amia,AMIA,row_max,0.0844,0.5916817359855334,0.07339312149787243,0.8789872836385528,0.028512012361178014,5
dropout_success,tabpfn,amia,AMIA,row_max,0.08460000000000001,0.5916817359855334,0.07339312149787243,0.8789872836385528,0.028512012361178014,5
dropout_success,tabpfn,amia,AMIA,row_max,0.0848,0.5916817359855334,0.07339312149787243,0.8789872836385528,0.028512012361178014,5
dropout_success,tabpfn,amia,AMIA,row_max,0.085,0.5937311633514165,0.07202566932079707,0.8789872836385528,0.028512012361178014,5
dropout_success,tabpfn,amia,AMIA,row_max,0.0852,0.5937311633514165,0.07202566932079707,0.8789872836385528,0.028512012361178014,5
dropout_success,tabpfn,amia,AMIA,row_max,0.0854,0.5937311633514165,0.07202566932079707,0.8789872836385528,0.028512012361178014,5
dropout_success,tabpfn,amia,AMIA,row_max,0.08560000000000001,0.5954189270644966,0.0716557124835113,0.8789872836385528,0.028512012361178014,5
dropout_success,tabpfn,amia,AMIA,row_max,0.0858,0.5954189270644966,0.0716557124835113,0.8789872836385528,0.028512012361178014,5
dropout_success,tabpfn,amia,AMIA,row_max,0.08600000000000001,0.5954189270644966,0.0716557124835113,0.8789872836385528,0.028512012361178014,5
dropout_success,tabpfn,amia,AMIA,row_max,0.0862,0.5968655816757082,0.07175198855281335,0.8789872836385528,0.028512012361178014,5
dropout_success,tabpfn,amia,AMIA,row_max,0.0864,0.5968655816757082,0.07175198855281335,0.8789872836385528,0.028512012361178014,5
dropout_success,tabpfn,amia,AMIA,row_max,0.08660000000000001,0.5968655816757082,0.07175198855281335,0.8789872836385528,0.028512012361178014,5
dropout_success,tabpfn,amia,AMIA,row_max,0.0868,0.5985533453887885,0.06888904137221268,0.8789872836385528,0.028512012361178014,5
dropout_success,tabpfn,amia,AMIA,row_max,0.08700000000000001,0.5985533453887885,0.06888904137221268,0.8789872836385528,0.028512012361178014,5
dropout_success,tabpfn,amia,AMIA,row_max,0.0872,0.5985533453887885,0.06888904137221268,0.8789872836385528,0.028512012361178014,5
dropout_success,tabpfn,amia,AMIA,row_max,0.0874,0.5985533453887885,0.06888904137221268,0.8789872836385528,0.028512012361178014,5
dropout_success,tabpfn,amia,AMIA,row_max,0.0876,0.6,0.06779063358425637,0.8789872836385528,0.028512012361178014,5
dropout_success,tabpfn,amia,AMIA,row_max,0.0878,0.6,0.06779063358425637,0.8789872836385528,0.028512012361178014,5
dropout_success,tabpfn,amia,AMIA,row_max,0.08800000000000001,0.6,0.06779063358425637,0.8789872836385528,0.028512012361178014,5
dropout_success,tabpfn,amia,AMIA,row_max,0.0882,0.6014466546112115,0.06833087885059592,0.8789872836385528,0.028512012361178014,5
dropout_success,tabpfn,amia,AMIA,row_max,0.0884,0.6014466546112115,0.06833087885059592,0.8789872836385528,0.028512012361178014,5
dropout_success,tabpfn,amia,AMIA,row_max,0.0886,0.6014466546112115,0.06833087885059592,0.8789872836385528,0.028512012361178014,5
dropout_success,tabpfn,amia,AMIA,row_max,0.0888,0.602411091018686,0.06888851394959597,0.8789872836385528,0.028512012361178014,5
dropout_success,tabpfn,amia,AMIA,row_max,0.08900000000000001,0.602411091018686,0.06888851394959597,0.8789872836385528,0.028512012361178014,5
dropout_success,tabpfn,amia,AMIA,row_max,0.0892,0.602411091018686,0.06888851394959597,0.8789872836385528,0.028512012361178014,5
dropout_success,tabpfn,amia,AMIA,row_max,0.08940000000000001,0.6034960819770946,0.06908838165864897,0.8789872836385528,0.028512012361178014,5
dropout_success,tabpfn,amia,AMIA,row_max,0.0896,0.6034960819770946,0.06908838165864897,0.8789872836385528,0.028512012361178014,5
dropout_success,tabpfn,amia,AMIA,row_max,0.0898,0.6034960819770946,0.06908838165864897,0.8789872836385528,0.028512012361178014,5
dropout_success,tabpfn,amia,AMIA,row_max,0.09000000000000001,0.6044605183845689,0.0690449813731155,0.8789872836385528,0.028512012361178014,5
dropout_success,tabpfn,amia,AMIA,row_max,0.0902,0.6044605183845689,0.0690449813731155,0.8789872836385528,0.028512012361178014,5
dropout_success,tabpfn,amia,AMIA,row_max,0.09040000000000001,0.6044605183845689,0.0690449813731155,0.8789872836385528,0.028512012361178014,5
dropout_success,tabpfn,amia,AMIA,row_max,0.0906,0.6062688366485834,0.06846898877719079,0.8789872836385528,0.028512012361178014,5
dropout_success,tabpfn,amia,AMIA,row_max,0.0908,0.6062688366485834,0.06846898877719079,0.8789872836385528,0.028512012361178014,5
dropout_success,tabpfn,amia,AMIA,row_max,0.091,0.6062688366485834,0.06846898877719079,0.8789872836385528,0.028512012361178014,5
dropout_success,tabpfn,amia,AMIA,row_max,0.0912,0.6073538276069922,0.067916468889823,0.8789872836385528,0.028512012361178014,5
dropout_success,tabpfn,amia,AMIA,row_max,0.09140000000000001,0.6073538276069922,0.067916468889823,0.8789872836385528,0.028512012361178014,5
dropout_success,tabpfn,amia,AMIA,row_max,0.0916,0.6073538276069922,0.067916468889823,0.8789872836385528,0.028512012361178014,5
dropout_success,tabpfn,amia,AMIA,row_max,0.0918,0.6088004822182038,0.06809865044945972,0.8789872836385528,0.028512012361178014,5
dropout_success,tabpfn,amia,AMIA,row_max,0.092,0.6088004822182038,0.06809865044945972,0.8789872836385528,0.028512012361178014,5
dropout_success,tabpfn,amia,AMIA,row_max,0.0922,0.6088004822182038,0.06809865044945972,0.8789872836385528,0.028512012361178014,5
dropout_success,tabpfn,amia,AMIA,row_max,0.09240000000000001,0.6095238095238095,0.06903314019615418,0.8789872836385528,0.028512012361178014,5
dropout_success,tabpfn,amia,AMIA,row_max,0.0926,0.6095238095238095,0.06903314019615418,0.8789872836385528,0.028512012361178014,5
dropout_success,tabpfn,amia,AMIA,row_max,0.09280000000000001,0.6095238095238095,0.06903314019615418,0.8789872836385528,0.028512012361178014,5
dropout_success,tabpfn,amia,AMIA,row_max,0.093,0.6098854731766125,0.06853793937673651,0.8789872836385528,0.028512012361178014,5
dropout_success,tabpfn,amia,AMIA,row_max,0.0932,0.6098854731766125,0.06853793937673651,0.8789872836385528,0.028512012361178014,5
dropout_success,tabpfn,amia,AMIA,row_max,0.09340000000000001,0.6098854731766125,0.06853793937673651,0.8789872836385528,0.028512012361178014,5
dropout_success,tabpfn,amia,AMIA,row_max,0.0936,0.6107293550331525,0.06834151260010211,0.8789872836385528,0.028512012361178014,5
dropout_success,tabpfn,amia,AMIA,row_max,0.09380000000000001,0.6107293550331525,0.06834151260010211,0.8789872836385528,0.028512012361178014,5
dropout_success,tabpfn,amia,AMIA,row_max,0.094,0.6107293550331525,0.06834151260010211,0.8789872836385528,0.028512012361178014,5
dropout_success,tabpfn,amia,AMIA,row_max,0.0942,0.6118143459915611,0.06773218805627523,0.8789872836385528,0.028512012361178014,5
dropout_success,tabpfn,amia,AMIA,row_max,0.0944,0.6118143459915611,0.06773218805627523,0.8789872836385528,0.028512012361178014,5
dropout_success,tabpfn,amia,AMIA,row_max,0.0946,0.6118143459915611,0.06773218805627523,0.8789872836385528,0.028512012361178014,5
dropout_success,tabpfn,amia,AMIA,row_max,0.09480000000000001,0.6141048824593128,0.06759848530995845,0.8789872836385528,0.028512012361178014,5
dropout_success,tabpfn,amia,AMIA,row_max,0.095,0.6141048824593128,0.06759848530995845,0.8789872836385528,0.028512012361178014,5
dropout_success,tabpfn,amia,AMIA,row_max,0.0952,0.6141048824593128,0.06759848530995845,0.8789872836385528,0.028512012361178014,5
dropout_success,tabpfn,amia,AMIA,row_max,0.0954,0.61458710066305,0.06687600047001492,0.8789872836385528,0.028512012361178014,5
dropout_success,tabpfn,amia,AMIA,row_max,0.0956,0.61458710066305,0.06687600047001492,0.8789872836385528,0.028512012361178014,5
dropout_success,tabpfn,amia,AMIA,row_max,0.09580000000000001,0.61458710066305,0.06687600047001492,0.8789872836385528,0.028512012361178014,5
dropout_success,tabpfn,amia,AMIA,row_max,0.096,0.6156720916214586,0.0670238852650765,0.8789872836385528,0.028512012361178014,5
dropout_success,tabpfn,amia,AMIA,row_max,0.09620000000000001,0.6156720916214586,0.0670238852650765,0.8789872836385528,0.028512012361178014,5
dropout_success,tabpfn,amia,AMIA,row_max,0.0964,0.6156720916214586,0.0670238852650765,0.8789872836385528,0.028512012361178014,5
dropout_success,tabpfn,amia,AMIA,row_max,0.0966,0.6168776371308018,0.06665151387537316,0.8789872836385528,0.028512012361178014,5
dropout_success,tabpfn,amia,AMIA,row_max,0.09680000000000001,0.6168776371308018,0.06665151387537316,0.8789872836385528,0.028512012361178014,5
dropout_success,tabpfn,amia,AMIA,row_max,0.097,0.6168776371308018,0.06665151387537316,0.8789872836385528,0.028512012361178014,5
dropout_success,tabpfn,amia,AMIA,row_max,0.09720000000000001,0.617480409885473,0.06667740235132077,0.8789872836385528,0.028512012361178014,5
dropout_success,tabpfn,amia,AMIA,row_max,0.0974,0.617480409885473,0.06667740235132077,0.8789872836385528,0.028512012361178014,5
dropout_success,tabpfn,amia,AMIA,row_max,0.0976,0.617480409885473,0.06667740235132077,0.8789872836385528,0.028512012361178014,5
dropout_success,tabpfn,amia,AMIA,row_max,0.0978,0.6182037371910789,0.06624689217465576,0.8789872836385528,0.028512012361178014,5
dropout_success,tabpfn,amia,AMIA,row_max,0.098,0.6182037371910789,0.06624689217465576,0.8789872836385528,0.028512012361178014,5
dropout_success,tabpfn,amia,AMIA,row_max,0.09820000000000001,0.6182037371910789,0.06624689217465576,0.8789872836385528,0.028512012361178014,5
dropout_success,tabpfn,amia,AMIA,row_max,0.0984,0.619409282700422,0.06679581616051333,0.8789872836385528,0.028512012361178014,5
dropout_success,tabpfn,amia,AMIA,row_max,0.09860000000000001,0.619409282700422,0.06679581616051333,0.8789872836385528,0.028512012361178014,5
dropout_success,tabpfn,amia,AMIA,row_max,0.0988,0.619409282700422,0.06679581616051333,0.8789872836385528,0.028512012361178014,5
dropout_success,tabpfn,amia,AMIA,row_max,0.099,0.6208559373116336,0.06743111877751928,0.8789872836385528,0.028512012361178014,5
dropout_success,tabpfn,amia,AMIA,row_max,0.09920000000000001,0.6208559373116336,0.06743111877751928,0.8789872836385528,0.028512012361178014,5
dropout_success,tabpfn,amia,AMIA,row_max,0.0994,0.6208559373116336,0.06743111877751928,0.8789872836385528,0.028512012361178014,5
dropout_success,tabpfn,amia,AMIA,row_max,0.09960000000000001,0.6212176009644365,0.06722551340869266,0.8789872836385528,0.028512012361178014,5
dropout_success,tabpfn,amia,AMIA,row_max,0.0998,0.6212176009644365,0.06722551340869266,0.8789872836385528,0.028512012361178014,5
dropout_success,tabpfn,amia,AMIA,row_max,0.1,0.6212176009644365,0.06722551340869266,0.8789872836385528,0.028512012361178014,5
dropout_success,tabpfn,amia,AMIA,row_max,0.105,0.6288125376732971,0.07063431980284042,0.8789872836385528,0.028512012361178014,5
dropout_success,tabpfn,amia,AMIA,row_max,0.11,0.6391802290536469,0.0681141214140034,0.8789872836385528,0.028512012361178014,5
dropout_success,tabpfn,amia,AMIA,row_max,0.11499999999999999,0.6452079566003617,0.06635923038692668,0.8789872836385528,0.028512012361178014,5
dropout_success,tabpfn,amia,AMIA,row_max,0.12,0.6553345388788426,0.06176494502654029,0.8789872836385528,0.028512012361178014,5
dropout_success,tabpfn,amia,AMIA,row_max,0.125,0.6608800482218206,0.060551816014667484,0.8789872836385528,0.028512012361178014,5
dropout_success,tabpfn,amia,AMIA,row_max,0.13,0.6673899939722724,0.056107103409986314,0.8789872836385528,0.028512012361178014,5
dropout_success,tabpfn,amia,AMIA,row_max,0.135,0.6748643761301989,0.05746545998611208,0.8789872836385528,0.028512012361178014,5
dropout_success,tabpfn,amia,AMIA,row_max,0.14,0.687040385774563,0.051788318408145045,0.8789872836385528,0.028512012361178014,5
dropout_success,tabpfn,amia,AMIA,row_max,0.145,0.6940325497287523,0.05052803513152806,0.8789872836385528,0.028512012361178014,5
dropout_success,tabpfn,amia,AMIA,row_max,0.15,0.7000602772754672,0.05206854190914833,0.8789872836385528,0.028512012361178014,5
dropout_success,tabpfn,amia,AMIA,row_max,0.155,0.7086196503918022,0.05459271276398944,0.8789872836385528,0.028512012361178014,5
dropout_success,tabpfn,amia,AMIA,row_max,0.16,0.7134418324291741,0.0548831130575399,0.8789872836385528,0.028512012361178014,5
dropout_success,tabpfn,amia,AMIA,row_max,0.16499999999999998,0.7180229053646776,0.05490098457999715,0.8789872836385528,0.028512012361178014,5
dropout_success,tabpfn,amia,AMIA,row_max,0.16999999999999998,0.7250150693188667,0.05723866093700318,0.8789872836385528,0.028512012361178014,5
dropout_success,tabpfn,amia,AMIA,row_max,0.175,0.7304400241109101,0.05572861496829255,0.8789872836385528,0.028512012361178014,5
dropout_success,tabpfn,amia,AMIA,row_max,0.18,0.7365883062085594,0.055323900689975974,0.8789872836385528,0.028512012361178014,5
dropout_success,tabpfn,amia,AMIA,row_max,0.185,0.7447860156720917,0.05420700227046807,0.8789872836385528,0.028512012361178014,5
dropout_success,tabpfn,amia,AMIA,row_max,0.19,0.7522603978300182,0.05656115822879087,0.8789872836385528,0.028512012361178014,5
dropout_success,tabpfn,amia,AMIA,row_max,0.195,0.7574442435201929,0.05921701635014606,0.8789872836385528,0.028512012361178014,5
dropout_success,tabpfn,amia,AMIA,row_max,0.2,0.7634719710669078,0.06069116492443229,0.8789872836385528,0.028512012361178014,5
dropout_success,tabpfn,amia,AMIA,row_max,0.20500000000000002,0.7708257986738999,0.06248140129355483,0.8789872836385528,0.028512012361178014,5
dropout_success,tabpfn,amia,AMIA,row_max,0.21,0.7744424352019288,0.06354808773915001,0.8789872836385528,0.028512012361178014,5
dropout_success,tabpfn,amia,AMIA,row_max,0.215,0.7775768535262206,0.06278247908421587,0.8789872836385528,0.028512012361178014,5
dropout_success,tabpfn,amia,AMIA,row_max,0.22,0.7807112718505123,0.06280330956179919,0.8789872836385528,0.028512012361178014,5
dropout_success,tabpfn,amia,AMIA,row_max,0.22499999999999998,0.7867389993972272,0.060503493529501066,0.8789872836385528,0.028512012361178014,5
dropout_success,tabpfn,amia,AMIA,row_max,0.22999999999999998,0.7902350813743219,0.06137487717262323,0.8789872836385528,0.028512012361178014,5
dropout_success,tabpfn,amia,AMIA,row_max,0.235,0.795901145268234,0.06303170226102674,0.8789872836385528,0.028512012361178014,5
dropout_success,tabpfn,amia,AMIA,row_max,0.24,0.8013261000602772,0.060226922911157575,0.8789872836385528,0.028512012361178014,5
dropout_success,tabpfn,amia,AMIA,row_max,0.245,0.804098854731766,0.06122373284333538,0.8789872836385528,0.028512012361178014,5
dropout_success,tabpfn,amia,AMIA,row_max,0.25,0.8088004822182038,0.05989541491657655,0.8789872836385528,0.028512012361178014,5
dropout_success,tabpfn,amia,AMIA,row_max,0.255,0.81289933694997,0.0585056092126943,0.8789872836385528,0.028512012361178014,5
dropout_success,tabpfn,amia,AMIA,row_max,0.26,0.8167570825798673,0.05851864930363954,0.8789872836385528,0.028512012361178014,5
dropout_success,tabpfn,amia,AMIA,row_max,0.265,0.8204942736588305,0.05879336808067839,0.8789872836385528,0.028512012361178014,5
dropout_success,tabpfn,amia,AMIA,row_max,0.27,0.8243520192887281,0.05939009557629717,0.8789872836385528,0.028512012361178014,5
dropout_success,tabpfn,amia,AMIA,row_max,0.275,0.8305003013863773,0.05824388239439475,0.8789872836385528,0.028512012361178014,5
dropout_success,tabpfn,amia,AMIA,row_max,0.28,0.8335141651597349,0.057449334921713405,0.8789872836385528,0.028512012361178014,5
dropout_success,tabpfn,amia,AMIA,row_max,0.285,0.8372513562386981,0.05717133550996682,0.8789872836385528,0.028512012361178014,5
dropout_success,tabpfn,amia,AMIA,row_max,0.29,0.8435201928872814,0.055823396301219685,0.8789872836385528,0.028512012361178014,5
dropout_success,tabpfn,amia,AMIA,row_max,0.295,0.8465340566606387,0.05527232244217778,0.8789872836385528,0.028512012361178014,5
dropout_success,tabpfn,amia,AMIA,row_max,0.3,0.8501506931886679,0.05409797323239445,0.8789872836385528,0.028512012361178014,5
dropout_success,tabpfn,amia,AMIA,row_max,0.305,0.8534056660638939,0.052988148027547734,0.8789872836385528,0.028512012361178014,5
dropout_success,tabpfn,amia,AMIA,row_max,0.31,0.8571428571428571,0.053074817067341816,0.8789872836385528,0.028512012361178014,5
dropout_success,tabpfn,amia,AMIA,row_max,0.315,0.861121157323689,0.05356645822091865,0.8789872836385528,0.028512012361178014,5
dropout_success,tabpfn,amia,AMIA,row_max,0.32,0.8660638939119952,0.053353731600733936,0.8789872836385528,0.028512012361178014,5
dropout_success,tabpfn,amia,AMIA,row_max,0.325,0.8698010849909584,0.05285358171054595,0.8789872836385528,0.028512012361178014,5
dropout_success,tabpfn,amia,AMIA,row_max,0.33,0.8731766124171187,0.05303817985468971,0.8789872836385528,0.028512012361178014,5
dropout_success,tabpfn,amia,AMIA,row_max,0.335,0.8766726943942134,0.05224791678836685,0.8789872836385528,0.028512012361178014,5
dropout_success,tabpfn,amia,AMIA,row_max,0.34,0.8806509945750453,0.052758974471691214,0.8789872836385528,0.028512012361178014,5
dropout_success,tabpfn,amia,AMIA,row_max,0.345,0.8847498493068112,0.053068655567509955,0.8789872836385528,0.028512012361178014,5
dropout_success,tabpfn,amia,AMIA,row_max,0.35,0.8881253767329718,0.05329956518886572,0.8789872836385528,0.028512012361178014,5
dropout_success,tabpfn,amia,AMIA,row_max,0.355,0.8906570223025918,0.05397189681293713,0.8789872836385528,0.028512012361178014,5
dropout_success,tabpfn,amia,AMIA,row_max,0.36,0.894755877034358,0.05130052982577335,0.8789872836385528,0.028512012361178014,5
dropout_success,tabpfn,amia,AMIA,row_max,0.365,0.8976491862567813,0.051521029337704166,0.8789872836385528,0.028512012361178014,5
dropout_success,tabpfn,amia,AMIA,row_max,0.37,0.9023508137432188,0.050041030935544954,0.8789872836385528,0.028512012361178014,5
dropout_success,tabpfn,amia,AMIA,row_max,0.375,0.906931886678722,0.04946153569775395,0.8789872836385528,0.028512012361178014,5
dropout_success,tabpfn,amia,AMIA,row_max,0.38,0.9092224231464738,0.04987666824652154,0.8789872836385528,0.028512012361178014,5
dropout_success,tabpfn,amia,AMIA,row_max,0.385,0.9121157323688969,0.048337339029616656,0.8789872836385528,0.028512012361178014,5
dropout_success,tabpfn,amia,AMIA,row_max,0.39,0.9138034960819772,0.0477847127057839,0.8789872836385528,0.028512012361178014,5
dropout_success,tabpfn,amia,AMIA,row_max,0.39499999999999996,0.916576250753466,0.04719676026838283,0.8789872836385528,0.028512012361178014,5
dropout_success,tabpfn,amia,AMIA,row_max,0.39999999999999997,0.920192887281495,0.04550355439436269,0.8789872836385528,0.028512012361178014,5
dropout_success,tabpfn,amia,AMIA,row_max,0.40499999999999997,0.9229656419529837,0.044888159630061555,0.8789872836385528,0.028512012361178014,5
dropout_success,tabpfn,amia,AMIA,row_max,0.41,0.9268233875828813,0.04483186945199164,0.8789872836385528,0.028512012361178014,5
dropout_success,tabpfn,amia,AMIA,row_max,0.415,0.9301989150090415,0.04335440680937726,0.8789872836385528,0.028512012361178014,5
dropout_success,tabpfn,amia,AMIA,row_max,0.42,0.9330922242314648,0.04249654793691991,0.8789872836385528,0.028512012361178014,5
dropout_success,tabpfn,amia,AMIA,row_max,0.425,0.9367088607594936,0.041127923160743776,0.8789872836385528,0.028512012361178014,5
dropout_success,tabpfn,amia,AMIA,row_max,0.43,0.9406871609403256,0.04045903048085989,0.8789872836385528,0.028512012361178014,5
dropout_success,tabpfn,amia,AMIA,row_max,0.435,0.9426160337552743,0.04017696326056613,0.8789872836385528,0.028512012361178014,5
dropout_success,tabpfn,amia,AMIA,row_max,0.44,0.9473176612417118,0.03620050628851734,0.8789872836385528,0.028512012361178014,5
dropout_success,tabpfn,amia,AMIA,row_max,0.445,0.9494876431585292,0.03440665744758236,0.8789872836385528,0.028512012361178014,5
dropout_success,tabpfn,amia,AMIA,row_max,0.45,0.9511754068716094,0.03387615057582524,0.8789872836385528,0.028512012361178014,5
dropout_success,tabpfn,amia,AMIA,row_max,0.455,0.9533453887884267,0.03207917865012789,0.8789872836385528,0.028512012361178014,5
dropout_success,tabpfn,amia,AMIA,row_max,0.45999999999999996,0.9549125979505726,0.0311330814872473,0.8789872836385528,0.028512012361178014,5
dropout_success,tabpfn,amia,AMIA,row_max,0.46499999999999997,0.9578059071729956,0.029477375012221325,0.8789872836385528,0.028512012361178014,5
dropout_success,tabpfn,amia,AMIA,row_max,0.47,0.9606992163954189,0.029367469668358365,0.8789872836385528,0.028512012361178014,5
dropout_success,tabpfn,amia,AMIA,row_max,0.475,0.9635925256178421,0.027824345540087402,0.8789872836385528,0.028512012361178014,5
dropout_success,tabpfn,amia,AMIA,row_max,0.48,0.9652802893309221,0.02668452586797793,0.8789872836385528,0.028512012361178014,5
dropout_success,tabpfn,amia,AMIA,row_max,0.485,0.9664858348402652,0.02638671727535664,0.8789872836385528,0.028512012361178014,5
dropout_success,tabpfn,amia,AMIA,row_max,0.49,0.969258589511754,0.025016884833570983,0.8789872836385528,0.028512012361178014,5
dropout_success,tabpfn,amia,AMIA,row_max,0.495,0.9710669077757685,0.02286567418733049,0.8789872836385528,0.028512012361178014,5
dropout_success,tabpfn,amia,AMIA,row_max,0.5,0.9729957805907172,0.02062857107771661,0.8789872836385528,0.028512012361178014,5
dropout_success,tabpfn,amia,AMIA,row_max,0.505,0.9743218806509946,0.019319783619499795,0.8789872836385528,0.028512012361178014,5
dropout_success,tabpfn,amia,AMIA,row_max,0.51,0.9757685352622062,0.01802985909345456,0.8789872836385528,0.028512012361178014,5
dropout_success,tabpfn,amia,AMIA,row_max,0.515,0.9778179626280892,0.016498805330558686,0.8789872836385528,0.028512012361178014,5
dropout_success,tabpfn,amia,AMIA,row_max,0.52,0.9789029535864978,0.016067031868911227,0.8789872836385528,0.028512012361178014,5
dropout_success,tabpfn,amia,AMIA,row_max,0.525,0.9804701627486437,0.014576635563777538,0.8789872836385528,0.028512012361178014,5
dropout_success,tabpfn,amia,AMIA,row_max,0.53,0.9810729355033152,0.014268027088974667,0.8789872836385528,0.028512012361178014,5
dropout_success,tabpfn,amia,AMIA,row_max,0.535,0.9826401446654611,0.01298692050141254,0.8789872836385528,0.028512012361178014,5
dropout_success,tabpfn,amia,AMIA,row_max,0.54,0.9836045810729356,0.012193304697760381,0.8789872836385528,0.028512012361178014,5
dropout_success,tabpfn,amia,AMIA,row_max,0.545,0.9855334538878843,0.010229392856224923,0.8789872836385528,0.028512012361178014,5
dropout_success,tabpfn,amia,AMIA,row_max,0.55,0.9860156720916216,0.009806873755282348,0.8789872836385528,0.028512012361178014,5
dropout_success,tabpfn,amia,AMIA,row_max,0.555,0.9867389993972273,0.00997766447091435,0.8789872836385528,0.028512012361178014,5
dropout_success,tabpfn,amia,AMIA,row_max,0.56,0.9873417721518987,0.009367251517733608,0.8789872836385528,0.028512012361178014,5
dropout_success,tabpfn,amia,AMIA,row_max,0.5650000000000001,0.9887884267631103,0.008594533392471416,0.8789872836385528,0.028512012361178014,5
dropout_success,tabpfn,amia,AMIA,row_max,0.5700000000000001,0.9893911995177819,0.00783140772461085,0.8789872836385528,0.028512012361178014,5
dropout_success,tabpfn,amia,AMIA,row_max,0.5750000000000001,0.9902350813743219,0.007387348378470662,0.8789872836385528,0.028512012361178014,5
dropout_success,tabpfn,amia,AMIA,row_max,0.5800000000000001,0.9908378541289935,0.007047545221489581,0.8789872836385528,0.028512012361178014,5
dropout_success,tabpfn,amia,AMIA,row_max,0.585,0.9921639541892706,0.006102609020891078,0.8789872836385528,0.028512012361178014,5
dropout_success,tabpfn,amia,AMIA,row_max,0.59,0.9932489451476794,0.004941266192144477,0.8789872836385528,0.028512012361178014,5
dropout_success,tabpfn,amia,AMIA,row_max,0.595,0.9938517179023508,0.004538842820257223,0.8789872836385528,0.028512012361178014,5
dropout_success,tabpfn,amia,AMIA,row_max,0.6,0.9943339361060879,0.0043799643458915264,0.8789872836385528,0.028512012361178014,5
dropout_success,tabpfn,amia,AMIA,row_max,0.605,0.9948161543098252,0.004542843563934126,0.8789872836385528,0.028512012361178014,5
dropout_success,tabpfn,amia,AMIA,row_max,0.61,0.9949367088607595,0.00460243741261509,0.8789872836385528,0.028512012361178014,5
dropout_success,tabpfn,amia,AMIA,row_max,0.615,0.9954189270644968,0.004011949678672382,0.8789872836385528,0.028512012361178014,5
dropout_success,tabpfn,amia,AMIA,row_max,0.62,0.9956600361663652,0.0037010443479225477,0.8789872836385528,0.028512012361178014,5
dropout_success,tabpfn,amia,AMIA,row_max,0.625,0.9959011452682338,0.0034991983782278377,0.8789872836385528,0.028512012361178014,5
dropout_success,tabpfn,amia,AMIA,row_max,0.63,0.9961422543701024,0.003478369631405298,0.8789872836385528,0.028512012361178014,5
dropout_success,tabpfn,amia,AMIA,row_max,0.635,0.9966244725738396,0.0027490667271829936,0.8789872836385528,0.028512012361178014,5
dropout_success,tabpfn,amia,AMIA,row_max,0.64,0.9967450271247739,0.002543101037942003,0.8789872836385528,0.028512012361178014,5
dropout_success,tabpfn,amia,AMIA,row_max,0.645,0.9968655816757082,0.002606600157979452,0.8789872836385528,0.028512012361178014,5
dropout_success,tabpfn,amia,AMIA,row_max,0.65,0.9971066907775767,0.002311065643481697,0.8789872836385528,0.028512012361178014,5
dropout_success,tabpfn,amia,AMIA,row_max,0.655,0.9972272453285111,0.00211400577658229,0.8789872836385528,0.028512012361178014,5
dropout_success,tabpfn,amia,AMIA,row_max,0.66,0.997588908981314,0.002131123511713529,0.8789872836385528,0.028512012361178014,5
dropout_success,tabpfn,amia,AMIA,row_max,0.665,0.9978300180831827,0.0018382098471340618,0.8789872836385528,0.028512012361178014,5
dropout_success,tabpfn,amia,AMIA,row_max,0.67,0.9978300180831827,0.0018382098471340618,0.8789872836385528,0.028512012361178014,5
dropout_success,tabpfn,amia,AMIA,row_max,0.675,0.9981916817359855,0.001757369468006409,0.8789872836385528,0.028512012361178014,5
dropout_success,tabpfn,amia,AMIA,row_max,0.68,0.9981916817359855,0.001757369468006409,0.8789872836385528,0.028512012361178014,5
dropout_success,tabpfn,amia,AMIA,row_max,0.6849999999999999,0.9983122362869198,0.0015602385901802007,0.8789872836385528,0.028512012361178014,5
dropout_success,tabpfn,amia,AMIA,row_max,0.69,0.9984327908378541,0.001683452687615296,0.8789872836385528,0.028512012361178014,5
dropout_success,tabpfn,amia,AMIA,row_max,0.695,0.9985533453887884,0.0015129476067523963,0.8789872836385528,0.028512012361178014,5
dropout_success,tabpfn,amia,AMIA,row_max,0.7,0.9986738999397227,0.0013745333635914894,0.8789872836385528,0.028512012361178014,5
dropout_success,tabpfn,amia,AMIA,row_max,0.705,0.9987944544906571,0.001278674107028118,0.8789872836385528,0.028512012361178014,5
dropout_success,tabpfn,amia,AMIA,row_max,0.71,0.99915611814346,0.0010086317378349356,0.8789872836385528,0.028512012361178014,5
dropout_success,tabpfn,amia,AMIA,row_max,0.715,0.99915611814346,0.0010086317378349356,0.8789872836385528,0.028512012361178014,5
dropout_success,tabpfn,amia,AMIA,row_max,0.72,0.99915611814346,0.0010086317378349356,0.8789872836385528,0.028512012361178014,5
dropout_success,tabpfn,amia,AMIA,row_max,0.725,0.9993972272453284,0.0007382428398985034,0.8789872836385528,0.028512012361178014,5
dropout_success,tabpfn,amia,AMIA,row_max,0.73,0.9993972272453284,0.0007382428398985034,0.8789872836385528,0.028512012361178014,5
dropout_success,tabpfn,amia,AMIA,row_max,0.735,0.9995177817962627,0.0005043158689174462,0.8789872836385528,0.028512012361178014,5
dropout_success,tabpfn,amia,AMIA,row_max,0.74,0.9995177817962627,0.0005043158689174462,0.8789872836385528,0.028512012361178014,5
dropout_success,tabpfn,amia,AMIA,row_max,0.745,0.9995177817962627,0.0005043158689174462,0.8789872836385528,0.028512012361178014,5
dropout_success,tabpfn,amia,AMIA,row_max,0.75,0.9995177817962627,0.0005043158689174462,0.8789872836385528,0.028512012361178014,5
dropout_success,tabpfn,amia,AMIA,row_max,0.755,0.9995177817962627,0.0005043158689174462,0.8789872836385528,0.028512012361178014,5
dropout_success,tabpfn,amia,AMIA,row_max,0.76,0.9995177817962627,0.0005043158689174462,0.8789872836385528,0.028512012361178014,5
dropout_success,tabpfn,amia,AMIA,row_max,0.765,0.9995177817962627,0.0005043158689174462,0.8789872836385528,0.028512012361178014,5
dropout_success,tabpfn,amia,AMIA,row_max,0.77,0.999638336347197,0.0005391363417720804,0.8789872836385528,0.028512012361178014,5
dropout_success,tabpfn,amia,AMIA,row_max,0.775,0.999638336347197,0.0005391363417720804,0.8789872836385528,0.028512012361178014,5
dropout_success,tabpfn,amia,AMIA,row_max,0.78,0.999638336347197,0.0005391363417720804,0.8789872836385528,0.028512012361178014,5
dropout_success,tabpfn,amia,AMIA,row_max,0.785,0.999638336347197,0.0005391363417720804,0.8789872836385528,0.028512012361178014,5
dropout_success,tabpfn,amia,AMIA,row_max,0.79,0.999638336347197,0.0005391363417720804,0.8789872836385528,0.028512012361178014,5
dropout_success,tabpfn,amia,AMIA,row_max,0.795,0.999638336347197,0.0005391363417720804,0.8789872836385528,0.028512012361178014,5
dropout_success,tabpfn,amia,AMIA,row_max,0.8,0.999638336347197,0.0005391363417720804,0.8789872836385528,0.028512012361178014,5
dropout_success,tabpfn,amia,AMIA,row_max,0.805,0.9997588908981314,0.0005391363417720804,0.8789872836385528,0.028512012361178014,5
dropout_success,tabpfn,amia,AMIA,row_max,0.8099999999999999,0.9997588908981314,0.0005391363417720804,0.8789872836385528,0.028512012361178014,5
dropout_success,tabpfn,amia,AMIA,row_max,0.815,0.9997588908981314,0.0005391363417720804,0.8789872836385528,0.028512012361178014,5
dropout_success,tabpfn,amia,AMIA,row_max,0.82,1.0,0.0,0.8789872836385528,0.028512012361178014,5
dropout_success,tabpfn,amia,AMIA,row_max,0.825,1.0,0.0,0.8789872836385528,0.028512012361178014,5
dropout_success,tabpfn,amia,AMIA,row_max,0.83,1.0,0.0,0.8789872836385528,0.028512012361178014,5
dropout_success,tabpfn,amia,AMIA,row_max,0.835,1.0,0.0,0.8789872836385528,0.028512012361178014,5
dropout_success,tabpfn,amia,AMIA,row_max,0.84,1.0,0.0,0.8789872836385528,0.028512012361178014,5
dropout_success,tabpfn,amia,AMIA,row_max,0.845,1.0,0.0,0.8789872836385528,0.028512012361178014,5
dropout_success,tabpfn,amia,AMIA,row_max,0.85,1.0,0.0,0.8789872836385528,0.028512012361178014,5
dropout_success,tabpfn,amia,AMIA,row_max,0.855,1.0,0.0,0.8789872836385528,0.028512012361178014,5
dropout_success,tabpfn,amia,AMIA,row_max,0.86,1.0,0.0,0.8789872836385528,0.028512012361178014,5
dropout_success,tabpfn,amia,AMIA,row_max,0.865,1.0,0.0,0.8789872836385528,0.028512012361178014,5
dropout_success,tabpfn,amia,AMIA,row_max,0.87,1.0,0.0,0.8789872836385528,0.028512012361178014,5
dropout_success,tabpfn,amia,AMIA,row_max,0.875,1.0,0.0,0.8789872836385528,0.028512012361178014,5
dropout_success,tabpfn,amia,AMIA,row_max,0.88,1.0,0.0,0.8789872836385528,0.028512012361178014,5
dropout_success,tabpfn,amia,AMIA,row_max,0.885,1.0,0.0,0.8789872836385528,0.028512012361178014,5
dropout_success,tabpfn,amia,AMIA,row_max,0.89,1.0,0.0,0.8789872836385528,0.028512012361178014,5
dropout_success,tabpfn,amia,AMIA,row_max,0.895,1.0,0.0,0.8789872836385528,0.028512012361178014,5
dropout_success,tabpfn,amia,AMIA,row_max,0.9,1.0,0.0,0.8789872836385528,0.028512012361178014,5
dropout_success,tabpfn,amia,AMIA,row_max,0.905,1.0,0.0,0.8789872836385528,0.028512012361178014,5
dropout_success,tabpfn,amia,AMIA,row_max,0.91,1.0,0.0,0.8789872836385528,0.028512012361178014,5
dropout_success,tabpfn,amia,AMIA,row_max,0.915,1.0,0.0,0.8789872836385528,0.028512012361178014,5
dropout_success,tabpfn,amia,AMIA,row_max,0.92,1.0,0.0,0.8789872836385528,0.028512012361178014,5
dropout_success,tabpfn,amia,AMIA,row_max,0.925,1.0,0.0,0.8789872836385528,0.028512012361178014,5
dropout_success,tabpfn,amia,AMIA,row_max,0.93,1.0,0.0,0.8789872836385528,0.028512012361178014,5
dropout_success,tabpfn,amia,AMIA,row_max,0.935,1.0,0.0,0.8789872836385528,0.028512012361178014,5
dropout_success,tabpfn,amia,AMIA,row_max,0.94,1.0,0.0,0.8789872836385528,0.028512012361178014,5
dropout_success,tabpfn,amia,AMIA,row_max,0.945,1.0,0.0,0.8789872836385528,0.028512012361178014,5
dropout_success,tabpfn,amia,AMIA,row_max,0.95,1.0,0.0,0.8789872836385528,0.028512012361178014,5
dropout_success,tabpfn,amia,AMIA,row_max,0.955,1.0,0.0,0.8789872836385528,0.028512012361178014,5
dropout_success,tabpfn,amia,AMIA,row_max,0.96,1.0,0.0,0.8789872836385528,0.028512012361178014,5
dropout_success,tabpfn,amia,AMIA,row_max,0.965,1.0,0.0,0.8789872836385528,0.028512012361178014,5
dropout_success,tabpfn,amia,AMIA,row_max,0.97,1.0,0.0,0.8789872836385528,0.028512012361178014,5
dropout_success,tabpfn,amia,AMIA,row_max,0.975,1.0,0.0,0.8789872836385528,0.028512012361178014,5
dropout_success,tabpfn,amia,AMIA,row_max,0.98,1.0,0.0,0.8789872836385528,0.028512012361178014,5
dropout_success,tabpfn,amia,AMIA,row_max,0.985,1.0,0.0,0.8789872836385528,0.028512012361178014,5
dropout_success,tabpfn,amia,AMIA,row_max,0.99,1.0,0.0,0.8789872836385528,0.028512012361178014,5
dropout_success,tabpfn,amia,AMIA,row_max,0.995,1.0,0.0,0.8789872836385528,0.028512012361178014,5
dropout_success,tabpfn,amia,AMIA,row_max,1.0,1.0,0.0,0.8789872836385528,0.028512012361178014,5
